{"type": "FeatureCollection", "features": [{"type": "Feature", "properties": {"geo_block": "10100US060730054004017", "block_name": "Block 4017", "neighborhood": "east_village", "zip": "92101"}, "geometry": {"type": "Polygon", "coordinates": [[[-117.15738506207396, 32.71043619468479], [-117.15738606135034, 32.71064919462454], [-117.15738905976556, 32.711115194494546], [-117.15701606048985, 32.711122193657864], [-117.15647506154093, 32.711132192444396], [-117.15647106315916, 32.71065619257491], [-117.15646906388706, 32.71044219263314], [-117.15665206352755, 32.710440193043254], [-117.15720106243883, 32.71043719427273], [-117.15738506207396, 32.71043619468479]]]}}, {"type": "Feature", "properties": {"geo_block": "10100US060730056001016", "block_name": "Block 1016", "neighborhood": "cortez", "zip": "92101"}, "geometry": {"type": "Polygon", "coordinates": [[[-117.16204601130399, 32.72257520153197], [-117.16186501170924, 32.722566201130434], [-117.16132201291462, 32.72254219992495], [-117.16114201331433, 32.722534199525356], [-117.16114101369136, 32.72242419955556], [-117.16113901481017, 32.722097199647514], [-117.16113901518175, 32.72198819967965], [-117.16131801482216, 32.7219852000803], [-117.16185701371886, 32.72198220128493], [-117.16203701335041, 32.72198120168723], [-117.16203801294553, 32.722099201654615], [-117.16204401171778, 32.72245520156293], [-117.16204601130399, 32.72257520153197]]]}}, {"type": "Feature", "properties": {"geo_block": "10100US060730056002060", "block_name": "Block 2060", "neighborhood": "cortez", "zip": "92101"}, "geometry": {"type": "Polygon", "coordinates": [[[-117.15837002801487, 32.71989219411134], [-117.15855502763826, 32.71989119452495], [-117.15911102648586, 32.719894195766244], [-117.159297026097, 32.71989619618121], [-117.1592970253901, 32.720104196120026], [-117.15930002326662, 32.720727195943496], [-117.15930102255086, 32.72093719588397], [-117.15911602293201, 32.72093719547073], [-117.15856202406991, 32.72093819423294], [-117.15837802444558, 32.72093919382164], [-117.15837602516231, 32.720729193878874], [-117.15837102730364, 32.720101194052184], [-117.15837002801487, 32.71989219411134]]]}}, {"type": "Feature", "properties": {"geo_block": "10100US060730056001017", "block_name": "Block 1017", "neighborhood": "cortez", "zip": "92101"}, "geometry": {"type": "Polygon", "coordinates": [[[-117.16295800878434, 32.72276020351384], [-117.16277500929307, 32.72272220311644], [-117.16248001010531, 32.722663202475125], [-117.16222801080444, 32.72261120192775], [-117.16204601130399, 32.72257520153197], [-117.16204401171778, 32.72245520156293], [-117.16203801294553, 32.722099201654615], [-117.16203701335041, 32.72198120168723], [-117.16221901298464, 32.72197820209456], [-117.16276701186965, 32.72197320331989], [-117.1629500114984, 32.721971203729176], [-117.16295101095956, 32.72212820368502], [-117.16295600933208, 32.72260120355637], [-117.16295800897238, 32.722705203530104], [-117.16295800892452, 32.72271920352597], [-117.16295800878434, 32.72276020351384]]]}}, {"type": "Feature", "properties": {"geo_block": "10100US060730054004023", "block_name": "Block 4023", "neighborhood": "east_village", "zip": "92101"}, "geometry": {"type": "Polygon", "coordinates": [[[-117.15644807102247, 32.70834519320055], [-117.1573560692055, 32.70834819523241], [-117.15737506561389, 32.70939719496721], [-117.15719006598648, 32.70939619455342], [-117.15663506709751, 32.709395193311465], [-117.15645106746473, 32.70939519289963], [-117.15644807102247, 32.70834519320055]]]}}, {"type": "Feature", "properties": {"geo_block": "10100US060730054003001", "block_name": "Block 3001", "neighborhood": "marina", "zip": "92101"}, "geometry": {"type": "Polygon", "coordinates": [[[-117.167381034835, 32.71253621643019], [-117.16738203556646, 32.71232321649576], [-117.16738803774457, 32.71168721669827], [-117.16739003847061, 32.711475216765784], [-117.16749503826674, 32.71147321700131], [-117.16750403824868, 32.71147321702145], [-117.16763203805716, 32.711454217313495], [-117.16773903794578, 32.71142421756183], [-117.16780003791638, 32.71139721770634], [-117.16785503788527, 32.71137421783626], [-117.16789503788428, 32.711351217932595], [-117.16790703783263, 32.71135921795706], [-117.16796503756801, 32.711402218074035], [-117.16814103675621, 32.71153521842826], [-117.16817303659886, 32.71156221849182], [-117.16824103626925, 32.711618218627294], [-117.16835603571066, 32.71171321885632], [-117.16836103568335, 32.71171821886602], [-117.16851703488356, 32.71185921917306], [-117.1686790339852, 32.712025219486065], [-117.16870603383774, 32.71205221953842], [-117.16878103339702, 32.71213621968119], [-117.16884803300339, 32.71221121980875], [-117.16887503284207, 32.71224221985992], [-117.16903603180349, 32.712449220158426], [-117.16907003158309, 32.71249322022137], [-117.16909603139953, 32.712531220268204], [-117.16893403172567, 32.712531219905806], [-117.16844903269174, 32.71253421881995], [-117.16828803301244, 32.712535218459486], [-117.16810603338229, 32.712534218052646], [-117.16756203447751, 32.71253421683569], [-117.167381034835, 32.71253621643019]]]}}, {"type": "Feature", "properties": {"geo_block": "10100US060730054002021", "block_name": "Block 2021", "neighborhood": "columbia", "zip": "92101"}, "geometry": {"type": "Polygon", "coordinates": [[[-117.1691670168379, 32.716706219182775], [-117.16898901719351, 32.716708218784284], [-117.16873501770043, 32.7167112182156], [-117.16863601790203, 32.716711217994295], [-117.16845701826658, 32.71671121759416], [-117.1682800186236, 32.7167122171982], [-117.16828001874778, 32.71667621720891], [-117.16828001912367, 32.71656721724136], [-117.16828001924091, 32.71653321725148], [-117.16827901980852, 32.71636921729806], [-117.16827902149491, 32.71588021744363], [-117.16827902205702, 32.71571721749215], [-117.16845602170099, 32.71571621788818], [-117.16898902061845, 32.71571621907985], [-117.16916702025695, 32.71571621947782], [-117.16916702010154, 32.71576121946441], [-117.16916701963532, 32.71589621942418], [-117.16916701809848, 32.71634121929155], [-117.1691670168379, 32.716706219182775]]]}}, {"type": "Feature", "properties": {"geo_block": "10100US060730054001014", "block_name": "Block 1014", "neighborhood": "gaslamp", "zip": "92101"}, "geometry": {"type": "Polygon", "coordinates": [[[-117.16099806204353, 32.70832320339312], [-117.16081606240567, 32.70832320298567], [-117.16027206348468, 32.708324201767525], [-117.16009106383461, 32.708327201361435], [-117.16009006456481, 32.70811320142221], [-117.16009006645686, 32.707557201585914], [-117.16009506659329, 32.70751420160977], [-117.16010606670756, 32.70747420164618], [-117.16011906681788, 32.707434201687065], [-117.1601570669977, 32.70735920179423], [-117.16021106712542, 32.70729020193546], [-117.16036006654721, 32.70737320224464], [-117.16081006478203, 32.70762920317678], [-117.16096006418766, 32.70771620348698], [-117.16096706376142, 32.70783720346699], [-117.16099006247862, 32.70820020341148], [-117.16099806204353, 32.70832320339312]]]}}, {"type": "Feature", "properties": {"geo_block": "10100US060730054004019", "block_name": "Block 4019", "neighborhood": "marina", "zip": "92101"}, "geometry": {"type": "Polygon", "coordinates": [[[-117.16285005120048, 32.710417206920376], [-117.16284905192379, 32.7102062069805], [-117.16284905408074, 32.70957520716697], [-117.1628490547986, 32.70936520722903], [-117.16302705445021, 32.70936320762804], [-117.16346005359642, 32.70936020859811], [-117.16356105339828, 32.70935920882447], [-117.16374005304449, 32.70935820922542], [-117.16374405231761, 32.70956820917224], [-117.16375505014237, 32.71019720901075], [-117.16376004941002, 32.7104082089595], [-117.16357804977086, 32.710409208551916], [-117.1630310508451, 32.71041520732603], [-117.16285005120048, 32.710417206920376]]]}}, {"type": "Feature", "properties": {"geo_block": "10100US060730054001009", "block_name": "Block 1009", "neighborhood": "marina", "zip": "92101"}, "geometry": {"type": "Polygon", "coordinates": [[[-117.16119406551604, 32.707190204166], [-117.16173306341993, 32.707491205284086], [-117.16309705812351, 32.70824820811435], [-117.16373205564845, 32.708602209431206], [-117.16373305530757, 32.70870120940415], [-117.16373605428146, 32.7089992093227], [-117.16373705393713, 32.70909920929534], [-117.16321305597735, 32.70880820820847], [-117.16164506206621, 32.70793920495486], [-117.16112206409085, 32.70765020386915], [-117.16099406458704, 32.70757920360349], [-117.16095406474481, 32.70755620352072], [-117.16045106667306, 32.707283202474905], [-117.16028306731273, 32.70719320212525], [-117.1603000673437, 32.70717420216891], [-117.16033906743998, 32.707123202271255], [-117.16050406783808, 32.70691020270347], [-117.16056006796893, 32.706839202849785], [-117.16119406551604, 32.707190204166]]]}}, {"type": "Feature", "properties": {"geo_block": "10100US060730053003015", "block_name": "Block 3015", "neighborhood": "core", "zip": "92101"}, "geometry": {"type": "Polygon", "coordinates": [[[-117.16383302756715, 32.716745207247655], [-117.16401002721348, 32.71674320764391], [-117.1645440261396, 32.71673920883879], [-117.164723025775, 32.71673920923892], [-117.16472402505981, 32.71694720917953], [-117.16472702290382, 32.717574209000475], [-117.16472802218516, 32.71778320894079], [-117.16455002255213, 32.71778220854326], [-117.16401702365108, 32.71777920735291], [-117.16384002401261, 32.717779206957324], [-117.16383802472542, 32.71757220701411], [-117.1638340268632, 32.71695020718923], [-117.16383302756715, 32.716745207247655]]]}}, {"type": "Feature", "properties": {"geo_block": "10100US060730052001037", "block_name": "Block 1037", "neighborhood": "east_village", "zip": "92101"}, "geometry": {"type": "Polygon", "coordinates": [[[-117.15192206929508, 32.711542182137215], [-117.15210306893505, 32.71154118254249], [-117.15265006783682, 32.71154118376637], [-117.15283206747144, 32.71154118417358], [-117.15283606674384, 32.711755184120136], [-117.15284806454753, 32.712401183958626], [-117.15285306381449, 32.71261618390712], [-117.15267006418303, 32.712616183497744], [-117.15212406527576, 32.71261818227576], [-117.15194306563689, 32.712619181870565], [-117.15193806637552, 32.71240218192258], [-117.1519260685652, 32.711757182083566], [-117.15192206929508, 32.711542182137215]]]}}, {"type": "Feature", "properties": {"geo_block": "10100US060730054004029", "block_name": "Block 4029", "neighborhood": "east_village", "zip": "92101"}, "geometry": {"type": "Polygon", "coordinates": [[[-117.15734907631318, 32.70625419583102], [-117.15723507812721, 32.705785195713275], [-117.157205078576, 32.705670195679815], [-117.1571520793749, 32.70546519562122], [-117.15718107941245, 32.705437195694394], [-117.15727107951258, 32.705355195920035], [-117.1573020795429, 32.70532819599739], [-117.15744907896148, 32.70541419630142], [-117.15788507731779, 32.705645197210195], [-117.15900807306532, 32.70624419954933], [-117.15918907229612, 32.706365199919105], [-117.15919007154659, 32.70658519985665], [-117.15919007136988, 32.70663719984135], [-117.15919007126458, 32.70666819983224], [-117.15919007083983, 32.706793199795484], [-117.15919107066117, 32.70684519978243], [-117.15919107036893, 32.706931199757136], [-117.1591920694665, 32.70719619968145], [-117.1591930691655, 32.7072841996578], [-117.1590070695311, 32.707285199241035], [-117.15845207061524, 32.70729019799685], [-117.1582670709721, 32.70729319758173], [-117.15826507135606, 32.70718119761016], [-117.15826207249859, 32.706846197701836], [-117.15826107287715, 32.70673519773219], [-117.15825907318985, 32.70664419775445], [-117.15825607412201, 32.706371197827906], [-117.15825607443074, 32.706280197854625], [-117.15734907631318, 32.70625419583102]]]}}, {"type": "Feature", "properties": {"geo_block": "10100US060730053002016", "block_name": "Block 2016", "neighborhood": "gaslamp", "zip": "92101"}, "geometry": {"type": "Polygon", "coordinates": [[[-117.15921005479883, 32.711502198455406], [-117.15939205444367, 32.71149919886351], [-117.1599380533714, 32.71149220008721], [-117.16012105301087, 32.71149020049726], [-117.16012405227656, 32.711704200440956], [-117.16013405005802, 32.71235020027311], [-117.16013804931826, 32.712565200218755], [-117.15995604968471, 32.712565199811614], [-117.15941205076983, 32.71256819859379], [-117.15923105112407, 32.712571198188], [-117.15922605186132, 32.71235719823976], [-117.159214054067, 32.71171519840173], [-117.15921005479883, 32.711502198455406]]]}}, {"type": "Feature", "properties": {"geo_block": "10100US060730052002015", "block_name": "Block 2015", "neighborhood": "core", "zip": "92101"}, "geometry": {"type": "Polygon", "coordinates": [[[-117.15468805310053, 32.71469718740376], [-117.15486905274068, 32.71469518780909], [-117.15541305165581, 32.71469018902704], [-117.15559505128724, 32.71469018943403], [-117.15559705058735, 32.71489618937821], [-117.15560304848087, 32.71551618921018], [-117.15560604777556, 32.715723189156314], [-117.15542404814519, 32.7157231887494], [-117.1548800492332, 32.715728187531674], [-117.15469904959409, 32.715730187126404], [-117.15469605029837, 32.71552318718021], [-117.15469005240169, 32.714903187348014], [-117.15468805310053, 32.71469718740376]]]}}, {"type": "Feature", "properties": {"geo_block": "10100US060730052002014", "block_name": "Block 2014", "neighborhood": "core", "zip": "92101"}, "geometry": {"type": "Polygon", "coordinates": [[[-117.15377805493344, 32.714700185367946], [-117.15378705491523, 32.714700185388075], [-117.1538150548585, 32.71470018545069], [-117.15382505483826, 32.71470018547305], [-117.15399705449327, 32.71469918585797], [-117.15451505345091, 32.714697187016895], [-117.15468805310053, 32.71469718740376], [-117.15469005240169, 32.714903187348014], [-117.15469605029837, 32.71552318718021], [-117.15469904959409, 32.715730187126404], [-117.15452004995764, 32.7157301867262], [-117.15398405104291, 32.71573118552753], [-117.15380605139435, 32.71573418512869], [-117.15380205140248, 32.71573418511975], [-117.15379005142687, 32.71573418509291], [-117.15378605143496, 32.715734185083974], [-117.15378405213954, 32.71552618514023], [-117.15378005390224, 32.715005185283395], [-117.15377905423766, 32.714906185310056], [-117.15377805493344, 32.714700185367946]]]}}, {"type": "Feature", "properties": {"geo_block": "10100US060730052002013", "block_name": "Block 2013", "neighborhood": "east_village", "zip": "92101"}, "geometry": {"type": "Polygon", "coordinates": [[[-117.15286505676913, 32.71470418332515], [-117.1530470564106, 32.71470118373302], [-117.15359505530411, 32.71470018495872], [-117.1537610549679, 32.71470018532993], [-117.15377805493344, 32.714700185367946], [-117.15377905423766, 32.714906185310056], [-117.15378005390224, 32.715005185283395], [-117.15378405213954, 32.71552618514023], [-117.15378605143496, 32.715734185083974], [-117.1536020518087, 32.71573418467259], [-117.15305205290896, 32.715739183441464], [-117.15286905327392, 32.715741183031724], [-117.15286805397542, 32.71553318309014], [-117.15286505607305, 32.71491118326479], [-117.15286505676913, 32.71470418332515]]]}}, {"type": "Feature", "properties": {"geo_block": "10100US060730052002010", "block_name": "Block 2010", "neighborhood": "core", "zip": "92101"}, "geometry": {"type": "Polygon", "coordinates": [[[-117.15561404423943, 32.71676518886924], [-117.1554320446135, 32.7167641884627], [-117.1548870457236, 32.716764187244415], [-117.15470604608552, 32.71676618683923], [-117.15470604610574, 32.71676018684098], [-117.15470604615633, 32.71674518684537], [-117.1547060461732, 32.71674018684683], [-117.1547040468586, 32.7165381869014], [-117.15470004891408, 32.71593118706989], [-117.15469904959409, 32.715730187126404], [-117.1548800492332, 32.715728187531674], [-117.15542404814519, 32.7157231887494], [-117.15560604777556, 32.715723189156314], [-117.15560704709117, 32.71592518909943], [-117.15561204502383, 32.71653418893238], [-117.15561404433403, 32.71673718887744], [-117.15561404431713, 32.716742188875976], [-117.1556140442597, 32.716759188870995], [-117.15561404423943, 32.71676518886924]]]}}, {"type": "Feature", "properties": {"geo_block": "10100US060730052001049", "block_name": "Block 1049", "neighborhood": "east_village", "zip": "92101"}, "geometry": {"type": "Polygon", "coordinates": [[[-117.14774407363237, 32.712757172437406], [-117.14774207436989, 32.71253717249664], [-117.14773607657243, 32.711880172673446], [-117.14773507730459, 32.71166117273462], [-117.14773407739665, 32.711634172740204], [-117.14773407765003, 32.7115581727622], [-117.14773407773005, 32.711534172769156], [-117.14789707740279, 32.711534173133856], [-117.14838607642103, 32.71153417422796], [-117.14855007609178, 32.7115341745949], [-117.14854907536596, 32.71175217452947], [-117.14854507316724, 32.71241317432892], [-117.14854507243277, 32.71263317426515], [-117.14841607265582, 32.712644173973395], [-117.14841607265248, 32.7126451739731], [-117.14803607321424, 32.712706173105374], [-117.14790907339335, 32.71272917281461], [-117.14787607344314, 32.71273417273935], [-117.1477760735879, 32.712751172510735], [-117.14774407363237, 32.712757172437406]]]}}, {"type": "Feature", "properties": {"geo_block": "10100US060730056001023", "block_name": "Block 1023", "neighborhood": "cortez", "zip": "92101"}, "geometry": {"type": "Polygon", "coordinates": [[[-117.16385700965203, 32.721963205757156], [-117.1638560103697, 32.72175420581677], [-117.16385601250283, 32.72113120600114], [-117.16385601321502, 32.72092320606269], [-117.16403601285106, 32.720921206465356], [-117.16457901174276, 32.720918207679155], [-117.16476001136647, 32.72091920808316], [-117.16476101065462, 32.72112620802407], [-117.16476600851489, 32.72174720785124], [-117.16476800779749, 32.72195520779408], [-117.16460500812393, 32.72195820742916], [-117.16452200828512, 32.721961207242906], [-117.16411900902516, 32.72198820633489], [-117.1639580093167, 32.722000205971774], [-117.16393700935667, 32.722001205924585], [-117.16387800946141, 32.72200620579133], [-117.1638580094959, 32.72200820574608], [-117.16385700952878, 32.72199920574651], [-117.16385700962464, 32.72197120575479], [-117.16385700965203, 32.721963205757156]]]}}, {"type": "Feature", "properties": {"geo_block": "10100US060730054004021", "block_name": "Block 4021", "neighborhood": "east_village", "zip": "92101"}, "geometry": {"type": "Polygon", "coordinates": [[[-117.15827406739577, 32.70834319728901], [-117.15845706703838, 32.708341197699276], [-117.15901006595838, 32.70833519893905], [-117.15919406559567, 32.70833419935126], [-117.15919406488548, 32.70854319928979], [-117.1591940627448, 32.70917319910453], [-117.1591950620292, 32.70938319904501], [-117.15901606237962, 32.709385198643766], [-117.15848206341816, 32.70939319744617], [-117.15830406376325, 32.70939619704687], [-117.15829806449115, 32.70918519709542], [-117.15828006667469, 32.708552197241055], [-117.15827406739577, 32.70834319728901]]]}}, {"type": "Feature", "properties": {"geo_block": "10100US060730054004000", "block_name": "Block 4000", "neighborhood": "east_village", "zip": "92101"}, "geometry": {"type": "Polygon", "coordinates": [[[-117.15738905976556, 32.711115194494546], [-117.15739105915176, 32.71129519444621], [-117.15739305841934, 32.711510194387614], [-117.1572100587867, 32.711510193978164], [-117.15666205988008, 32.71151219275146], [-117.15648006023868, 32.71151419234365], [-117.156477060972, 32.711299192399935], [-117.15647506154093, 32.711132192444396], [-117.15701606048985, 32.711122193657864], [-117.15738905976556, 32.711115194494546]]]}}, {"type": "Feature", "properties": {"geo_block": "10100US060730054003002", "block_name": "Block 3002", "neighborhood": "marina", "zip": "92101"}, "geometry": {"type": "Polygon", "coordinates": [[[-117.16789503788428, 32.711351217932595], [-117.16793803788758, 32.71132521803654], [-117.16796503790927, 32.711303218103495], [-117.16804403796793, 32.71124021829902], [-117.16813803810346, 32.71114621853733], [-117.1681510381429, 32.71112721857207], [-117.16820503825873, 32.71106221871224], [-117.16838903755867, 32.71115821909538], [-117.16839803751992, 32.71116421911373], [-117.1686000368112, 32.71125221953952], [-117.16880903612956, 32.71132821998453], [-117.16897403563969, 32.71137422034002], [-117.16904003544164, 32.71139322048202], [-117.16917703506309, 32.71142322077963], [-117.16917603430184, 32.71164422071152], [-117.16917603200517, 32.712309220513326], [-117.16917603123845, 32.71253122044717], [-117.16915903127274, 32.71253122040914], [-117.1691120313673, 32.712531220304], [-117.16909603139953, 32.712531220268204], [-117.16907003158309, 32.71249322022137], [-117.16903603180349, 32.712449220158426], [-117.16887503284207, 32.71224221985992], [-117.16884803300339, 32.71221121980875], [-117.16878103339702, 32.71213621968119], [-117.16870603383774, 32.71205221953842], [-117.1686790339852, 32.712025219486065], [-117.16851703488356, 32.71185921917306], [-117.16836103568335, 32.71171821886602], [-117.16835603571066, 32.71171321885632], [-117.16824103626925, 32.711618218627294], [-117.16817303659886, 32.71156221849182], [-117.16814103675621, 32.71153521842826], [-117.16796503756801, 32.711402218074035], [-117.16790703783263, 32.71135921795706], [-117.16789503788428, 32.711351217932595]]]}}, {"type": "Feature", "properties": {"geo_block": "10100US060730054002017", "block_name": "Block 2017", "neighborhood": "columbia", "zip": "92101"}, "geometry": {"type": "Polygon", "coordinates": [[[-117.16827801498593, 32.717768216879385], [-117.16845501463132, 32.71776621727557], [-117.16898801354273, 32.71776621846681], [-117.16916601317571, 32.71776721886434], [-117.1691660124539, 32.71797621880205], [-117.16916601028507, 32.71860421861489], [-117.16916700955777, 32.718814218554535], [-117.16898800992787, 32.71881321815485], [-117.16845401102165, 32.7188132169616], [-117.16827601137933, 32.71881521656325], [-117.16827601210353, 32.71860521662577], [-117.16827701426723, 32.71797721681494], [-117.16827801498593, 32.717768216879385]]]}}, {"type": "Feature", "properties": {"geo_block": "10100US060730054004011", "block_name": "Block 4011", "neighborhood": "marina", "zip": "92101"}, "geometry": {"type": "Polygon", "coordinates": [[[-117.16102205840018, 32.709378203135834], [-117.16120005805176, 32.70937620353484], [-117.16173405699294, 32.709374204730686], [-117.16191305663573, 32.70937420513134], [-117.16191705591783, 32.709582205078895], [-117.1619320537546, 32.71020720492799], [-117.16193705303121, 32.71041620487749], [-117.16175605339687, 32.710415204472724], [-117.16121605448106, 32.71041420326456], [-117.1610360548413, 32.71041420286175], [-117.16103305555623, 32.71020620291635], [-117.1610240576907, 32.709585203079286], [-117.16102205840018, 32.709378203135834]]]}}, {"type": "Feature", "properties": {"geo_block": "10100US060730054004010", "block_name": "Block 4010", "neighborhood": "marina", "zip": "92101"}, "geometry": {"type": "Polygon", "coordinates": [[[-117.16191305663573, 32.70937420513134], [-117.16210005627282, 32.70937120555078], [-117.16266105517033, 32.709366206807935], [-117.1628490547986, 32.70936520722903], [-117.16284905408074, 32.70957520716697], [-117.16284905192379, 32.7102062069805], [-117.16285005120048, 32.710417206920376], [-117.16266705157359, 32.710415206511435], [-117.16211905267036, 32.71041520528508], [-117.16193705303121, 32.71041620487749], [-117.1619320537546, 32.71020720492799], [-117.16191705591783, 32.709582205078895], [-117.16191305663573, 32.70937420513134]]]}}, {"type": "Feature", "properties": {"geo_block": "10100US060730054001007", "block_name": "Block 1007", "neighborhood": "marina", "zip": "92101"}, "geometry": {"type": "Polygon", "coordinates": [[[-117.16758504067997, 32.710720217426626], [-117.16688604150897, 32.710886215813105], [-117.1668380416843, 32.71086321571253], [-117.16580704540593, 32.71038121354847], [-117.16524004716175, 32.71020021233324], [-117.16469004886189, 32.7100252111542], [-117.16470504910617, 32.70994521121148], [-117.1647070491159, 32.70994121121714], [-117.16474804946257, 32.70981621134594], [-117.16479104970587, 32.709720211470625], [-117.16480904979677, 32.70968321152187], [-117.16482904986657, 32.70965121157611], [-117.16494504942567, 32.70971221181767], [-117.1653450479162, 32.709919212651556], [-117.16581704613128, 32.71016421363524], [-117.16623604451989, 32.71038921450616], [-117.16675304247727, 32.7106822155761], [-117.16688004198204, 32.7107522158395], [-117.16758504067997, 32.710720217426626]]]}}, {"type": "Feature", "properties": {"geo_block": "10100US060730053003018", "block_name": "Block 3018", "neighborhood": "core", "zip": "92101"}, "geometry": {"type": "Polygon", "coordinates": [[[-117.16561002746403, 32.71572121152366], [-117.16578602710997, 32.71572021191745], [-117.16631402603761, 32.715720213097946], [-117.16649102567813, 32.71572021349368], [-117.16649002500274, 32.715917213432945], [-117.16648902296222, 32.71651121325431], [-117.16648902227449, 32.71671121319491], [-117.16648902226419, 32.716714213194024], [-117.16648902223668, 32.716722213191645], [-117.16648902222292, 32.716726213190455], [-117.16631202258687, 32.71672521279509], [-117.16578402364502, 32.716730211613324], [-117.16560802399657, 32.7167322112193], [-117.16560802400689, 32.71672921122019], [-117.16560802404123, 32.71671921122316], [-117.16560802404466, 32.71671821122345], [-117.16560802473141, 32.716518211282775], [-117.16560902678275, 32.7159202114624], [-117.16561002746403, 32.71572121152366]]]}}, {"type": "Feature", "properties": {"geo_block": "10100US060730053003016", "block_name": "Block 3016", "neighborhood": "core", "zip": "92101"}, "geometry": {"type": "Polygon", "coordinates": [[[-117.164723025775, 32.71673920923892], [-117.16490002542481, 32.71673620963548], [-117.16543002435569, 32.71673321082111], [-117.16560802399657, 32.7167322112193], [-117.16560602328987, 32.71693921115343], [-117.1656020211554, 32.717563210959405], [-117.1656020204412, 32.7177712108977], [-117.16542702079518, 32.71777221050629], [-117.16490202184006, 32.71778020933057], [-117.16472802218516, 32.71778320894079], [-117.16472702290382, 32.717574209000475], [-117.16472402505981, 32.71694720917953], [-117.164723025775, 32.71673920923892]]]}}, {"type": "Feature", "properties": {"geo_block": "10100US060730054004034", "block_name": "Block 4034", "neighborhood": "east_village", "zip": "92101"}, "geometry": {"type": "Polygon", "coordinates": [[[-117.16098806854536, 32.70642120393143], [-117.16089406847927, 32.706495203699106], [-117.16085806844828, 32.706525203609644], [-117.16074706830352, 32.70663220332954], [-117.16064006811351, 32.70675020305516], [-117.16041306884583, 32.706667202571275], [-117.15991307086345, 32.70636520154049], [-117.15973807157704, 32.706257201180364], [-117.1592130737132, 32.70593420009961], [-117.15912707406324, 32.70588119992259], [-117.15910307413105, 32.7058751998706], [-117.15904907404071, 32.70593319973259], [-117.15876607522482, 32.70574919915286], [-117.15792007874741, 32.70520319741834], [-117.15763807991705, 32.70502219683979], [-117.15766107998357, 32.704989196900996], [-117.15771908013026, 32.70491219705352], [-117.15773408014816, 32.704898197091225], [-117.15776408017379, 32.704873197165774], [-117.15781808017587, 32.704841197296126], [-117.15789508012246, 32.704812197477125], [-117.15795808003907, 32.70480019762178], [-117.15798308001693, 32.70479219768013], [-117.15865707940883, 32.704580199252256], [-117.15888207920356, 32.70451019977688], [-117.1591030789758, 32.7044492002899], [-117.15976807827919, 32.70426920183264], [-117.15999007804324, 32.704210202347355], [-117.1605000758381, 32.70456320338593], [-117.16203006920045, 32.70562520649993], [-117.16254106697507, 32.70598120753928], [-117.16098806854536, 32.70642120393143]]]}}, {"type": "Feature", "properties": {"geo_block": "10100US060730052002017", "block_name": "Block 2017", "neighborhood": "east_village", "zip": "92101"}, "geometry": {"type": "Polygon", "coordinates": [[[-117.15382505483826, 32.71470018547305], [-117.1538150548585, 32.71470018545069], [-117.15378705491523, 32.714700185388075], [-117.15377805493344, 32.714700185367946], [-117.1537760556447, 32.71449018542479], [-117.15377205776775, 32.71386218559918], [-117.15377105847362, 32.713653185657954], [-117.15377905845745, 32.713653185675845], [-117.15380405840699, 32.71365318573176], [-117.1538130583888, 32.713653185751895], [-117.15398605804617, 32.71365118613941], [-117.15450705700076, 32.713649187305265], [-117.15468105664937, 32.71364918769443], [-117.15468205594584, 32.713857187635874], [-117.15468605381287, 32.714487187460676], [-117.15468805310053, 32.71469718740376], [-117.15451505345091, 32.714697187016895], [-117.15399705449327, 32.71469918585797], [-117.15382505483826, 32.71470018547305]]]}}, {"type": "Feature", "properties": {"geo_block": "10100US060730053003020", "block_name": "Block 3020", "neighborhood": "core", "zip": "92101"}, "geometry": {"type": "Polygon", "coordinates": [[[-117.164702033018, 32.71463920981412], [-117.16488303266863, 32.71463421022035], [-117.16542603161713, 32.71462021143877], [-117.16560803126234, 32.71461621184695], [-117.16560803050348, 32.7148372117814], [-117.1656090282249, 32.71550021158698], [-117.16561002746403, 32.71572121152366], [-117.16543102783099, 32.715720211123745], [-117.16489402892165, 32.715720209923134], [-117.16471602927633, 32.71572220952457], [-117.16471303002645, 32.71550520958215], [-117.16470403227336, 32.714855209754596], [-117.164702033018, 32.71463920981412]]]}}, {"type": "Feature", "properties": {"geo_block": "10100US060730054004008", "block_name": "Block 4008", "neighborhood": "marina", "zip": "92101"}, "geometry": {"type": "Polygon", "coordinates": [[[-117.16467404757731, 32.71040921100464], [-117.1646760468499, 32.7106202109466], [-117.16468204466761, 32.71125321077251], [-117.16468504393472, 32.71146521071641], [-117.16450104430406, 32.711465210304716], [-117.16395104539778, 32.711468209073225], [-117.1637680457617, 32.71146920866347], [-117.1637660464949, 32.71125620872203], [-117.16376104868223, 32.710620208899016], [-117.16376004941002, 32.7104082089595], [-117.1639420490492, 32.7104072093671], [-117.16449104795043, 32.7104072105957], [-117.16467404757731, 32.71040921100464]]]}}, {"type": "Feature", "properties": {"geo_block": "10100US060730054004007", "block_name": "Block 4007", "neighborhood": "marina", "zip": "92101"}, "geometry": {"type": "Polygon", "coordinates": [[[-117.16285005120048, 32.710417206920376], [-117.1630310508451, 32.71041520732603], [-117.16357804977086, 32.710409208551916], [-117.16376004941002, 32.7104082089595], [-117.16376104868223, 32.710620208899016], [-117.1637660464949, 32.71125620872203], [-117.1637680457617, 32.71146920866347], [-117.16358604612702, 32.711469208256254], [-117.16303904721477, 32.71147220703147], [-117.16285804757466, 32.7114732066262], [-117.1628560483034, 32.71126120668437], [-117.16285105047726, 32.71062820686025], [-117.16285005120048, 32.710417206920376]]]}}, {"type": "Feature", "properties": {"geo_block": "10100US060730053004005", "block_name": "Block 4005", "neighborhood": "marina", "zip": "92101"}, "geometry": {"type": "Polygon", "coordinates": [[[-117.16560403484839, 32.71357421214707], [-117.16560303556115, 32.71336721220624], [-117.16560303768662, 32.71274821238985], [-117.16560303838709, 32.712544212450354], [-117.16577903803616, 32.71254321284437], [-117.16631003697744, 32.71254021403313], [-117.1664870366211, 32.71254021442909], [-117.16648703591275, 32.71274621436791], [-117.16648703378769, 32.713364214184395], [-117.16648803307729, 32.71357021412545], [-117.16631103343467, 32.71357021372956], [-117.16578003449645, 32.71357321254102], [-117.16560403484839, 32.71357421214707]]]}}, {"type": "Feature", "properties": {"geo_block": "10100US060730053003028", "block_name": "Block 3028", "neighborhood": "core", "zip": "92101"}, "geometry": {"type": "Polygon", "coordinates": [[[-117.16467704024797, 32.712545210378565], [-117.16467903953767, 32.71275121032201], [-117.16468803740065, 32.71336921015905], [-117.16469103655461, 32.713614210093176], [-117.16468803656409, 32.71361321008677], [-117.16451403691886, 32.7136122096979], [-117.16398603798504, 32.71361220851696], [-117.1638100383404, 32.713612208123315], [-117.16380803907714, 32.71339820818216], [-117.1638030412681, 32.712761208359474], [-117.16380204199592, 32.71254920841997], [-117.16397704164702, 32.71254820881175], [-117.1645010406023, 32.712545209984846], [-117.16467704024797, 32.712545210378565]]]}}, {"type": "Feature", "properties": {"geo_block": "10100US060730053003024", "block_name": "Block 3024", "neighborhood": "core", "zip": "92101"}, "geometry": {"type": "Polygon", "coordinates": [[[-117.16381003707707, 32.713981208014125], [-117.16381003733042, 32.71390720803603], [-117.16381003809046, 32.71368520810172], [-117.1638100383404, 32.713612208123315], [-117.16398603798504, 32.71361220851696], [-117.16451403691886, 32.7136122096979], [-117.16468803656409, 32.71361321008677], [-117.16469303584769, 32.713819210036924], [-117.16469903372695, 32.714434209868145], [-117.164702033018, 32.71463920981412], [-117.16452403337844, 32.71463920941608], [-117.16399103445774, 32.71463920822418], [-117.16381403481276, 32.71464020782807], [-117.16381303527014, 32.71450720786519], [-117.16381003662856, 32.71411220797536], [-117.16381003707707, 32.713981208014125]]]}}, {"type": "Feature", "properties": {"geo_block": "10100US060730053003027", "block_name": "Block 3027", "neighborhood": "core", "zip": "92101"}, "geometry": {"type": "Polygon", "coordinates": [[[-117.16560803126234, 32.71461621184695], [-117.16578403091627, 32.71461321224141], [-117.16631202987122, 32.71460621342421], [-117.16648902951972, 32.71460421382062], [-117.1664890287529, 32.71482721375439], [-117.16649002645384, 32.71549521355826], [-117.16649102567813, 32.71572021349368], [-117.16631402603761, 32.715720213097946], [-117.16578602710997, 32.71572021191745], [-117.16561002746403, 32.71572121152366], [-117.1656090282249, 32.71550021158698], [-117.16560803050348, 32.7148372117814], [-117.16560803126234, 32.71461621184695]]]}}, {"type": "Feature", "properties": {"geo_block": "10100US060730054002007", "block_name": "Block 2007", "neighborhood": "columbia", "zip": "92101"}, "geometry": {"type": "Polygon", "coordinates": [[[-117.17106500887105, 32.7178902230718], [-117.17104900670404, 32.718525222846324], [-117.17104300574638, 32.71880522274926], [-117.1700670077593, 32.71880122056952], [-117.16994700799819, 32.71880322030077], [-117.16994000801597, 32.71880222028543], [-117.16992000805693, 32.71880222024074], [-117.16991400806576, 32.71880322022703], [-117.16992100875682, 32.71859922030354], [-117.16994101080786, 32.71799422052872], [-117.16994901149006, 32.71779222060687], [-117.16996101264473, 32.71745122073541], [-117.16996801330474, 32.71725622080924], [-117.16983801623203, 32.71648622074835], [-117.16983201639292, 32.71644322074776], [-117.16979901729668, 32.71620122074617], [-117.16978601754784, 32.7161362207365], [-117.16977501766354, 32.716109220719964], [-117.16978501784024, 32.71605222075932], [-117.16981701836984, 32.71588022088217], [-117.16982801854108, 32.71582422092346], [-117.16983901859479, 32.71580222095462], [-117.16987301875047, 32.71573722105002], [-117.16987901877285, 32.715727221066416], [-117.17006701843253, 32.71571522149033], [-117.17027001802371, 32.715714221944495], [-117.17089101676592, 32.71571322333321], [-117.17109801634551, 32.715713223796016], [-117.17110001516704, 32.71605222369921], [-117.1711060116731, 32.71705722341233], [-117.17110501163707, 32.717068223406805], [-117.17109301048019, 32.717409223278096], [-117.17109001008791, 32.717524223237035], [-117.17107800954773, 32.717687223161505], [-117.17106500887105, 32.7178902230718]]]}}, {"type": "Feature", "properties": {"geo_block": "10100US060730054002001", "block_name": "Block 2001", "neighborhood": "core", "zip": "92101"}, "geometry": {"type": "Polygon", "coordinates": [[[-117.1673880131948, 32.718816214578666], [-117.16756501283565, 32.718815214974484], [-117.16809801174394, 32.7188152161655], [-117.16827601137933, 32.71881521656325], [-117.16827501065026, 32.719027216497906], [-117.16827400844868, 32.71966621630546], [-117.16827400770723, 32.71988121624146], [-117.16809800806877, 32.71988121584825], [-117.16757100914792, 32.71988221467057], [-117.16739600950395, 32.71988321427929], [-117.16739401024502, 32.71966921433845], [-117.16738901245922, 32.71902921451757], [-117.1673880131948, 32.718816214578666]]]}}, {"type": "Feature", "properties": {"geo_block": "10100US060730054001006", "block_name": "Block 1006", "neighborhood": "marina", "zip": "92101"}, "geometry": {"type": "Polygon", "coordinates": [[[-117.16650604025195, 32.71147321478846], [-117.16632404062074, 32.71147221438154], [-117.16577904171471, 32.71147221316212], [-117.16559804207806, 32.71147221275714], [-117.16559404281743, 32.71125921281137], [-117.16558404502126, 32.71062321297764], [-117.16558104575518, 32.7104112130338], [-117.16539904612289, 32.710410212626805], [-117.16485504721506, 32.7104092114097], [-117.16467404757731, 32.71040921100464], [-117.16467204784874, 32.710331211023274], [-117.16467104825531, 32.71021321105599], [-117.16467804862872, 32.710100211105136], [-117.16468004870701, 32.710076211116714], [-117.16469004886189, 32.7100252111542], [-117.16524004716175, 32.71020021233324], [-117.16580704540593, 32.71038121354847], [-117.1668380416843, 32.71086321571253], [-117.16688604150897, 32.710886215813105], [-117.16758504067997, 32.710720217426626], [-117.16739003969656, 32.71111921687164], [-117.1673900387771, 32.71138621679225], [-117.16739003847061, 32.711475216765784], [-117.1672130388328, 32.71147321637035], [-117.16668203989869, 32.71147321518226], [-117.16650604025195, 32.71147321478846]]]}}, {"type": "Feature", "properties": {"geo_block": "10100US060730054004006", "block_name": "Block 4006", "neighborhood": "marina", "zip": "92101"}, "geometry": {"type": "Polygon", "coordinates": [[[-117.16193705303121, 32.71041620487749], [-117.16211905267036, 32.71041520528508], [-117.16266705157359, 32.710415206511435], [-117.16285005120048, 32.710417206920376], [-117.16285105047726, 32.71062820686025], [-117.1628560483034, 32.71126120668437], [-117.16285804757466, 32.7114732066262], [-117.162675047942, 32.711473206216745], [-117.16212904902093, 32.711478204993604], [-117.16194804937746, 32.71148020458804], [-117.1619450501105, 32.7112672046442], [-117.16193905230361, 32.71062820481938], [-117.16193705303121, 32.71041620487749]]]}}, {"type": "Feature", "properties": {"geo_block": "10100US060730053003003", "block_name": "Block 3003", "neighborhood": "cortez", "zip": "92101"}, "geometry": {"type": "Polygon", "coordinates": [[[-117.16384802039431, 32.71883120666389], [-117.1640250200386, 32.718829207060004], [-117.16455701896602, 32.71882420825027], [-117.16473501859798, 32.718825208647715], [-117.16473701786697, 32.71903720858937], [-117.16474301567045, 32.719674208414055], [-117.16474601493051, 32.719888208357354], [-117.16456701529825, 32.71988820795744], [-117.1640300163911, 32.71989120675683], [-117.16385201675334, 32.71989220635885], [-117.16385101748467, 32.71967920641965], [-117.16384801966846, 32.719043206601164], [-117.16384802039431, 32.71883120666389]]]}}, {"type": "Feature", "properties": {"geo_block": "10100US060730053004002", "block_name": "Block 4002", "neighborhood": "marina", "zip": "92101"}, "geometry": {"type": "Polygon", "coordinates": [[[-117.1637680457617, 32.71146920866347], [-117.16395104539778, 32.711468209073225], [-117.16450104430406, 32.711465210304716], [-117.16468504393472, 32.71146521071641], [-117.16468304319818, 32.71168121064795], [-117.16467804098994, 32.712328210445094], [-117.16467704024797, 32.712545210378565], [-117.1645010406023, 32.712545209984846], [-117.16397704164702, 32.71254820881175], [-117.16380204199592, 32.71254920841997], [-117.16379504274948, 32.71233320846822], [-117.1637740450102, 32.711685208612984], [-117.1637680457617, 32.71146920866347]]]}}, {"type": "Feature", "properties": {"geo_block": "10100US060730056002057", "block_name": "Block 2057", "neighborhood": "cortez", "zip": "92101"}, "geometry": {"type": "Polygon", "coordinates": [[[-117.15656702814262, 32.72094918977346], [-117.156746027784, 32.720946190174175], [-117.15728402668242, 32.720944191376496], [-117.15746402631498, 32.72094319177886], [-117.1574660256027, 32.721152191722005], [-117.15747202345567, 32.72178219155057], [-117.15747502273453, 32.72199319149536], [-117.15729402310849, 32.72199319109114], [-117.15675102422352, 32.72199518987786], [-117.15657102459204, 32.721996189475576], [-117.156570025308, 32.721785189535176], [-117.1565670274389, 32.72115718971251], [-117.15656702814262, 32.72094918977346]]]}}, {"type": "Feature", "properties": {"geo_block": "10100US060730056001021", "block_name": "Block 1021", "neighborhood": "cortez", "zip": "92101"}, "geometry": {"type": "Polygon", "coordinates": [[[-117.16385201675334, 32.71989220635885], [-117.16385201604801, 32.72009820629789], [-117.16385501392584, 32.720716206121715], [-117.16385601321502, 32.72092320606269], [-117.16367301359202, 32.72092320565392], [-117.16312501471748, 32.720924204429544], [-117.16294301508213, 32.72092720402212], [-117.16294201579191, 32.72072020408106], [-117.16293901791093, 32.720102204257024], [-117.1629390186152, 32.719896204317905], [-117.16312101824818, 32.71989420472511], [-117.16366901713268, 32.7198912059503], [-117.16385201675334, 32.71989220635885]]]}}, {"type": "Feature", "properties": {"geo_block": "10100US060730056001014", "block_name": "Block 1014", "neighborhood": "cortez", "zip": "92101"}, "geometry": {"type": "Polygon", "coordinates": [[[-117.16111802232882, 32.7199042002472], [-117.16130002196176, 32.7199022006544], [-117.16184802084621, 32.71989920187959], [-117.16203102046687, 32.719900202288144], [-117.16203101976706, 32.72010520222762], [-117.16203101765392, 32.7207242020449], [-117.16203201694522, 32.72093120198601], [-117.16185101731807, 32.720931201581706], [-117.16130901843124, 32.72093220037074], [-117.16112901879181, 32.72093519996778], [-117.161126019507, 32.72072720002242], [-117.16112002162252, 32.72011020019093], [-117.16111802232882, 32.7199042002472]]]}}, {"type": "Feature", "properties": {"geo_block": "10100US060730054004031", "block_name": "Block 4031", "neighborhood": "east_village", "zip": "92101"}, "geometry": {"type": "Polygon", "coordinates": [[[-117.15644807603553, 32.70686319363478], [-117.15594607826392, 32.706498192617524], [-117.15644807757802, 32.70640719376838], [-117.15734907631318, 32.70625419583102], [-117.15735207471167, 32.70672519569957], [-117.15735607277274, 32.70729519554131], [-117.15644807450657, 32.70731519350234], [-117.15644807603553, 32.70686319363478]]]}}, {"type": "Feature", "properties": {"geo_block": "10100US060730054004025", "block_name": "Block 4025", "neighborhood": "east_village", "zip": "92101"}, "geometry": {"type": "Polygon", "coordinates": [[[-117.15735607277274, 32.70729519554131], [-117.15825707099194, 32.70729319755934], [-117.1582670709721, 32.70729319758173], [-117.158268070261, 32.70750219752259], [-117.15827206811221, 32.70813319734621], [-117.15827406739577, 32.70834319728901], [-117.15827206739634, 32.70834419728424], [-117.1573560692055, 32.70834819523241], [-117.15735607277274, 32.70729519554131]]]}}, {"type": "Feature", "properties": {"geo_block": "10100US060730054004026", "block_name": "Block 4026", "neighborhood": "east_village", "zip": "92101"}, "geometry": {"type": "Polygon", "coordinates": [[[-117.15827406739577, 32.70834319728901], [-117.15827206811221, 32.70813319734621], [-117.158268070261, 32.70750219752259], [-117.1582670709721, 32.70729319758173], [-117.15845207061524, 32.70729019799685], [-117.1590070695311, 32.707285199241035], [-117.1591930691655, 32.7072841996578], [-117.15919306845531, 32.70749319959634], [-117.15919306631122, 32.708124199410776], [-117.15919406559567, 32.70833419935126], [-117.15901006595838, 32.70833519893905], [-117.15845706703838, 32.708341197699276], [-117.15827406739577, 32.70834319728901]]]}}, {"type": "Feature", "properties": {"geo_block": "10100US060730054004014", "block_name": "Block 4014", "neighborhood": "east_village", "zip": "92101"}, "geometry": {"type": "Polygon", "coordinates": [[[-117.15830406376325, 32.70939619704687], [-117.15848206341816, 32.70939319744617], [-117.15901606237962, 32.709385198643766], [-117.1591950620292, 32.70938319904501], [-117.15919706130826, 32.70959419898743], [-117.15920305913514, 32.71023019881382], [-117.15920605840878, 32.71044219875819], [-117.15902205879402, 32.71043719834789], [-117.1584700599396, 32.71042519711611], [-117.15828606032146, 32.71042119670552], [-117.15828906101439, 32.71021519677274], [-117.15830006307567, 32.70960119697771], [-117.15830406376325, 32.70939619704687]]]}}, {"type": "Feature", "properties": {"geo_block": "10100US060730054003003", "block_name": "Block 3003", "neighborhood": "marina", "zip": "92101"}, "geometry": {"type": "Polygon", "coordinates": [[[-117.171057031082, 32.711483224968156], [-117.17106003035892, 32.71169022491303], [-117.17107102817167, 32.7123152247509], [-117.17107502743617, 32.71252522469711], [-117.17088302782267, 32.712525224267594], [-117.17031002897625, 32.71252522298577], [-117.17011902935731, 32.71252622255819], [-117.1699300297378, 32.712526222135395], [-117.16936403086343, 32.712530220868025], [-117.16917603123845, 32.71253122044717], [-117.16917603200517, 32.712309220513326], [-117.16917603430184, 32.71164422071152], [-117.16917703506309, 32.71142322077963], [-117.1693520346013, 32.71145522116164], [-117.16950003424202, 32.711473221487424], [-117.1695490341437, 32.71147322159706], [-117.17009403303587, 32.71147722281528], [-117.17068003185263, 32.71147922412584], [-117.171057031082, 32.711483224968156]]]}}, {"type": "Feature", "properties": {"geo_block": "10100US060730054001005", "block_name": "Block 1005", "neighborhood": "marina", "zip": "92101"}, "geometry": {"type": "Polygon", "coordinates": [[[-117.16505605049045, 32.70933721217725], [-117.16535104934921, 32.70949821278981], [-117.16623604591884, 32.709982214626976], [-117.16759704063526, 32.71072621745169], [-117.16820503825873, 32.71106221871224], [-117.1681510381429, 32.71112721857207], [-117.16813803810346, 32.71114621853733], [-117.16804403796793, 32.71124021829902], [-117.16796503790927, 32.711303218103495], [-117.16793803788758, 32.71132521803654], [-117.16789503788428, 32.711351217932595], [-117.16785503788527, 32.71137421783626], [-117.16780003791638, 32.71139721770634], [-117.16773903794578, 32.71142421756183], [-117.16763203805716, 32.711454217313495], [-117.16750403824868, 32.71147321702145], [-117.16749503826674, 32.71147321700131], [-117.16739003847061, 32.711475216765784], [-117.1673900387771, 32.71138621679225], [-117.16739003969656, 32.71111921687164], [-117.16758504067997, 32.710720217426626], [-117.16688004198204, 32.7107522158395], [-117.16675304247727, 32.7106822155761], [-117.16623604451989, 32.71038921450616], [-117.16581704613128, 32.71016421363524], [-117.1653450479162, 32.709919212651556], [-117.16494504942567, 32.70971221181767], [-117.16482904986657, 32.70965121157611], [-117.16486905001646, 32.70958421168549], [-117.1648820500591, 32.70956421172052], [-117.16500805037695, 32.70939821205173], [-117.16505605049045, 32.70933721217725]]]}}, {"type": "Feature", "properties": {"geo_block": "10100US060730054001010", "block_name": "Block 1010", "neighborhood": "marina", "zip": "92101"}, "geometry": {"type": "Polygon", "coordinates": [[[-117.16112206409085, 32.70765020386915], [-117.16164506206621, 32.70793920495486], [-117.16321305597735, 32.70880820820847], [-117.16373705393713, 32.70909920929534], [-117.16373705376596, 32.70914920928055], [-117.16373905339567, 32.70925620925337], [-117.16373905322452, 32.70930620923858], [-117.16374005304449, 32.70935820922542], [-117.16356105339828, 32.70935920882447], [-117.16346005359642, 32.70936020859811], [-117.16302705445021, 32.70936320762804], [-117.1628490547986, 32.70936520722903], [-117.16290805490308, 32.70930020738031], [-117.16308905520192, 32.70910720784249], [-117.16314905530116, 32.70904320799571], [-117.1627110570835, 32.70877720709389], [-117.16139706241592, 32.70798120438724], [-117.16096006418766, 32.70771620348698], [-117.16081006478203, 32.70762920317678], [-117.16036006654721, 32.70737320224464], [-117.16021106712542, 32.70729020193546], [-117.16022506716908, 32.70726920197299], [-117.16026806727783, 32.70721220208606], [-117.16028306731273, 32.70719320212525], [-117.16045106667306, 32.707283202474905], [-117.16095406474481, 32.70755620352072], [-117.16099406458704, 32.70757920360349], [-117.16112206409085, 32.70765020386915]]]}}, {"type": "Feature", "properties": {"geo_block": "10100US060730053003008", "block_name": "Block 3008", "neighborhood": "core", "zip": "92101"}, "geometry": {"type": "Polygon", "coordinates": [[[-117.16293102225897, 32.718835204613626], [-117.16275002262631, 32.71883620420888], [-117.16220702372495, 32.71884020299433], [-117.16202702408681, 32.718842202591524], [-117.16202602480236, 32.718633202650985], [-117.16202602692913, 32.7180102028349], [-117.16202602763578, 32.717803202896], [-117.1620250283547, 32.71759320295576], [-117.16202203050806, 32.71696420313474], [-117.1620220312181, 32.71675620319614], [-117.16220003086579, 32.716753203594926], [-117.16273402978157, 32.716752204788904], [-117.16291302941701, 32.71675220518903], [-117.1630960290511, 32.71675020559871], [-117.16364902793846, 32.71674620683605], [-117.16383302756715, 32.716745207247655], [-117.1638340268632, 32.71695020718923], [-117.16383802472542, 32.71757220701411], [-117.16384002401261, 32.717779206957324], [-117.16401702365108, 32.71777920735291], [-117.16455002255213, 32.71778220854326], [-117.16472802218516, 32.71778320894079], [-117.1647290214699, 32.7179912088814], [-117.16473301931872, 32.71861620870517], [-117.16473501859798, 32.718825208647715], [-117.16455701896602, 32.71882420825027], [-117.1640250200386, 32.718829207060004], [-117.16384802039431, 32.71883120666389], [-117.16366402077465, 32.71883020625303], [-117.16311402189098, 32.71883320502314], [-117.16293102225897, 32.718835204613626]]]}}, {"type": "Feature", "properties": {"geo_block": "10100US060730051002068", "block_name": "Block 2068", "neighborhood": "east_village", "zip": "92101"}, "geometry": {"type": "Polygon", "coordinates": [[[-117.15280208561745, 32.706162185674714], [-117.15267708616383, 32.706073185420706], [-117.15190108993075, 32.705408183876436], [-117.15208008956739, 32.70541118427649], [-117.15261808845861, 32.70542518547746], [-117.15279808808657, 32.705430185879166], [-117.15279808807982, 32.70543218587859], [-117.15280508718845, 32.70569318581818], [-117.15280408668944, 32.7058421857725], [-117.15280208561745, 32.706162185674714]]]}}, {"type": "Feature", "properties": {"geo_block": "10100US060730054004028", "block_name": "Block 4028", "neighborhood": "gaslamp", "zip": "92101"}, "geometry": {"type": "Polygon", "coordinates": [[[-117.15919007154659, 32.70658519985665], [-117.15918907229612, 32.706365199919105], [-117.1596080705183, 32.70664420077536], [-117.15990806924043, 32.706845201388], [-117.16009306805371, 32.70708620173131], [-117.1601310679069, 32.70710720181022], [-117.16024506746642, 32.70717020204693], [-117.16028306731273, 32.70719320212525], [-117.16026806727783, 32.70721220208606], [-117.16022506716908, 32.70726920197299], [-117.16021106712542, 32.70729020193546], [-117.16000706753695, 32.707288201479265], [-117.15939606875934, 32.70728520011205], [-117.1591930691655, 32.7072841996578], [-117.1591920694665, 32.70719619968145], [-117.15919107036893, 32.706931199757136], [-117.15919107066117, 32.70684519978243], [-117.15919007083983, 32.706793199795484], [-117.15919007126458, 32.70666819983224], [-117.15919007136988, 32.70663719984135], [-117.15919007154659, 32.70658519985665]]]}}, {"type": "Feature", "properties": {"geo_block": "10100US060730053002012", "block_name": "Block 2012", "neighborhood": "east_village", "zip": "92101"}, "geometry": {"type": "Polygon", "coordinates": [[[-117.15832405291631, 32.71258119615608], [-117.15850505256203, 32.71257819656186], [-117.1590490514837, 32.71257319778028], [-117.15923105112407, 32.712571198188], [-117.15923305040302, 32.71278219813043], [-117.15923904822968, 32.7134181979568], [-117.15924204750321, 32.71363019790116], [-117.15905904787614, 32.71362919749216], [-117.15851104897256, 32.713632196265614], [-117.1583290493333, 32.71363419585796], [-117.15832805005127, 32.713423195917706], [-117.15832505220173, 32.71279119609663], [-117.15832405291631, 32.71258119615608]]]}}, {"type": "Feature", "properties": {"geo_block": "10100US060730053002000", "block_name": "Block 2000", "neighborhood": "core", "zip": "92101"}, "geometry": {"type": "Polygon", "coordinates": [[[-117.15651604944564, 32.71468319149561], [-117.15669704908584, 32.71468119190095], [-117.15724404799835, 32.7146751931259], [-117.1574260476332, 32.714674193533185], [-117.15742604692846, 32.714882193472164], [-117.1574290448082, 32.7155061932958], [-117.15743004409806, 32.71571519323672], [-117.15724804446769, 32.715715192829805], [-117.15670404556576, 32.71571719161295], [-117.15652304592663, 32.71571919120769], [-117.15652104663437, 32.71551119126417], [-117.15651704874334, 32.7148901914372], [-117.15651604944564, 32.71468319149561]]]}}, {"type": "Feature", "properties": {"geo_block": "10100US060730053001015", "block_name": "Block 1015", "neighborhood": "core", "zip": "92101"}, "geometry": {"type": "Polygon", "coordinates": [[[-117.16015803860519, 32.71570119934007], [-117.1603420382383, 32.71569919975204], [-117.16089603712, 32.715697200991265], [-117.16108103674428, 32.71569720140488], [-117.16108203603329, 32.71590520134579], [-117.161087033886, 32.71653220117211], [-117.16108903316955, 32.716741201114964], [-117.1610890331559, 32.71674520111378], [-117.16108903311161, 32.716758201109954], [-117.16108903309456, 32.71676320110847], [-117.16090403347137, 32.71676320069493], [-117.16034903460181, 32.71676319945429], [-117.16016503497318, 32.7167641990427], [-117.16016503498679, 32.71676019904387], [-117.16016503503104, 32.7167471990477], [-117.16016503504127, 32.71674419904859], [-117.16016303575664, 32.71653519910566], [-117.16015903789527, 32.71590919928104], [-117.16015803860519, 32.71570119934007]]]}}, {"type": "Feature", "properties": {"geo_block": "10100US060730053001012", "block_name": "Block 1012", "neighborhood": "core", "zip": "92101"}, "geometry": {"type": "Polygon", "coordinates": [[[-117.15834803867412, 32.71676419498103], [-117.15853203829931, 32.71676419539234], [-117.15908603717095, 32.716764196630734], [-117.15927103679073, 32.71676519704398], [-117.15927303607636, 32.71697419698698], [-117.15927903392654, 32.7176031968154], [-117.15928203320675, 32.71781319676033], [-117.15909603358669, 32.717813196344636], [-117.15853703472855, 32.71781319509529], [-117.15835203510305, 32.71781419468154], [-117.15835103582107, 32.71760319474129], [-117.15834803796152, 32.71697419491934], [-117.15834803867412, 32.71676419498103]]]}}, {"type": "Feature", "properties": {"geo_block": "10100US060730053001005", "block_name": "Block 1005", "neighborhood": "core", "zip": "92101"}, "geometry": {"type": "Polygon", "coordinates": [[[-117.16017303139354, 32.71781119875227], [-117.16035803101904, 32.717810199166024], [-117.16091302988535, 32.71781020040643], [-117.16109902950544, 32.71781020082213], [-117.16110102879574, 32.71801720076557], [-117.16110702665652, 32.71864120059501], [-117.16111002594137, 32.71884920054038], [-117.160924026319, 32.71885020012446], [-117.16036902744226, 32.7188541988831], [-117.16018402781444, 32.71885619846913], [-117.16018102853188, 32.718647198523975], [-117.16017503067812, 32.71802019869519], [-117.16017303139354, 32.71781119875227]]]}}, {"type": "Feature", "properties": {"geo_block": "10100US060730052002007", "block_name": "Block 2007", "neighborhood": "core", "zip": "92101"}, "geometry": {"type": "Polygon", "coordinates": [[[-117.15471704248439, 32.71782718655368], [-117.15471404320895, 32.71761418660924], [-117.15470804536639, 32.71697818678174], [-117.15470604608552, 32.71676618683923], [-117.1548870457236, 32.716764187244415], [-117.1554320446135, 32.7167641884627], [-117.15561404423943, 32.71676518886924], [-117.15561504352127, 32.71697718880942], [-117.15561904136469, 32.71761318863223], [-117.15562104064111, 32.717826188574364], [-117.15544004101422, 32.71782518817013], [-117.15489704212347, 32.71782518695656], [-117.15471704248439, 32.71782718655368]]]}}, {"type": "Feature", "properties": {"geo_block": "10100US060730052002003", "block_name": "Block 2003", "neighborhood": "core", "zip": "92101"}, "geometry": {"type": "Polygon", "coordinates": [[[-117.15472503891964, 32.71887918626404], [-117.15472303963546, 32.71866818632125], [-117.15471804177737, 32.71803618649483], [-117.15471704248439, 32.71782718655368], [-117.15489704212347, 32.71782518695656], [-117.15544004101422, 32.71782518817013], [-117.15562104064111, 32.717826188574364], [-117.15562203992968, 32.71803618851514], [-117.15562703778792, 32.718667188341634], [-117.15562903707105, 32.71887818828436], [-117.15544803744186, 32.7188781878799], [-117.15530003773492, 32.71888118754832], [-117.15490503855425, 32.71887818666656], [-117.15472503891964, 32.71887918626404]]]}}, {"type": "Feature", "properties": {"geo_block": "10100US060730052001044", "block_name": "Block 1044", "neighborhood": "core", "zip": "92101"}, "geometry": {"type": "Polygon", "coordinates": [[[-117.15559505128724, 32.71469018943403], [-117.15577905092472, 32.71468718984637], [-117.15633104981691, 32.71468419108162], [-117.15651604944564, 32.71468319149561], [-117.15651704874334, 32.7148901914372], [-117.15652104663437, 32.71551119126417], [-117.15652304592663, 32.71571919120769], [-117.15633904630035, 32.71571919079631], [-117.155789047414, 32.71572018956633], [-117.15560604777556, 32.715723189156314], [-117.15560304848087, 32.71551618921018], [-117.15559705058735, 32.71489618937821], [-117.15559505128724, 32.71469018943403]]]}}, {"type": "Feature", "properties": {"geo_block": "10100US060730052001042", "block_name": "Block 1042", "neighborhood": "east_village", "zip": "92101"}, "geometry": {"type": "Polygon", "coordinates": [[[-117.15559505128724, 32.71469018943403], [-117.15541305165581, 32.71469018902704], [-117.15486905274068, 32.71469518780909], [-117.15468805310053, 32.71469718740376], [-117.15468605381287, 32.714487187460676], [-117.15468205594584, 32.713857187635874], [-117.15468105664937, 32.71364918769443], [-117.154862056294, 32.713646188100135], [-117.15540605519877, 32.713645189317134], [-117.15558805483124, 32.7136451897242], [-117.15558905412325, 32.71385418966528], [-117.15559305199726, 32.714481189490726], [-117.15559505128724, 32.71469018943403]]]}}, {"type": "Feature", "properties": {"geo_block": "10100US060730052001028", "block_name": "Block 1028", "neighborhood": "east_village", "zip": "92101"}, "geometry": {"type": "Polygon", "coordinates": [[[-117.15286505676913, 32.71470418332515], [-117.15268305713774, 32.71470418291817], [-117.1521390582328, 32.7147061817011], [-117.15195805859268, 32.71470818129577], [-117.15195605929846, 32.71449918135216], [-117.15195106141712, 32.713871181523864], [-117.15195006211417, 32.71366418158191], [-117.15213106175196, 32.71366318198702], [-117.15267806065737, 32.71366018321132], [-117.15286006028984, 32.71366018361838], [-117.15286105958839, 32.71386818355997], [-117.15286405747393, 32.71449518338386], [-117.15286505676913, 32.71470418332515]]]}}, {"type": "Feature", "properties": {"geo_block": "10100US060730051002042", "block_name": "Block 2042", "neighborhood": "east_village", "zip": "92101"}, "geometry": {"type": "Polygon", "coordinates": [[[-117.1557670876634, 32.70382119300029], [-117.15614108611723, 32.70406119376794], [-117.15726308147264, 32.704781196070485], [-117.15763807991705, 32.70502219683979], [-117.1575700798478, 32.70508219666987], [-117.1573680796261, 32.70526519616371], [-117.1573020795429, 32.70532819599739], [-117.15697808115722, 32.70504019535611], [-117.1561410853058, 32.70430119369766], [-117.1560320859935, 32.704161193494464], [-117.1557670876634, 32.70382119300029]]]}}, {"type": "Feature", "properties": {"geo_block": "10100US060730051002023", "block_name": "Block 2023", "neighborhood": "east_village", "zip": "92101"}, "geometry": {"type": "Polygon", "coordinates": [[[-117.15463708163765, 32.706266189753926], [-117.15468508154267, 32.70626618986142], [-117.1548290812578, 32.70626619018391], [-117.15487808115749, 32.706267190293346], [-117.15553307791963, 32.706842191591974], [-117.15487807732138, 32.70740418996092], [-117.15461007815342, 32.70731518938686], [-117.15420607894491, 32.70731818848138], [-117.15460707947457, 32.70692518949413], [-117.15463708163765, 32.706266189753926]]]}}, {"type": "Feature", "properties": {"geo_block": "10100US060730051002021", "block_name": "Block 2021", "neighborhood": "east_village", "zip": "92101"}, "geometry": {"type": "Polygon", "coordinates": [[[-117.15279408527013, 32.706270185625314], [-117.1528800850933, 32.706272185817326], [-117.15313808455596, 32.70628018639279], [-117.15322108437495, 32.70628518657721], [-117.15331908419789, 32.70628018679813], [-117.15351208382954, 32.70627618723153], [-117.15360608365367, 32.706273187442925], [-117.15370208347048, 32.7062711876585], [-117.15370308315535, 32.70636418763359], [-117.15370808220597, 32.706643187563344], [-117.15370908189419, 32.70673518753873], [-117.15370908150021, 32.70685218750458], [-117.15370908032499, 32.7072011874027], [-117.15370907993103, 32.70731818736854], [-117.15352708028203, 32.70732118696015], [-117.1529810813351, 32.70733018573498], [-117.15279908168617, 32.70733318532659], [-117.15279808240432, 32.70712018538645], [-117.15279508455873, 32.706481185566034], [-117.15279408527013, 32.706270185625314]]]}}, {"type": "Feature", "properties": {"geo_block": "10100US060730051002001", "block_name": "Block 2001", "neighborhood": "east_village", "zip": "92101"}, "geometry": {"type": "Polygon", "coordinates": [[[-117.15282107114508, 32.7104551844656], [-117.15300407078885, 32.710452184876004], [-117.15355606968735, 32.7104511861116], [-117.15372406935109, 32.71045118648756], [-117.15374106931704, 32.7104511865256], [-117.15374106859639, 32.71066518646313], [-117.15374306642029, 32.71131018627931], [-117.1537440656943, 32.711525186218786], [-117.15356106605495, 32.71152718580875], [-117.15301406711947, 32.71153718458195], [-117.15283206747144, 32.71154118417358], [-117.15282906821047, 32.71132318423043], [-117.15282307041481, 32.7106711844071], [-117.15282107114508, 32.7104551844656]]]}}, {"type": "Feature", "properties": {"geo_block": "10100US060730053002011", "block_name": "Block 2011", "neighborhood": "east_village", "zip": "92101"}, "geometry": {"type": "Polygon", "coordinates": [[[-117.15741405472487, 32.71258819411834], [-117.15759505437062, 32.712585194524124], [-117.15814205327938, 32.71258219574866], [-117.15832405291631, 32.71258119615608], [-117.15832505220173, 32.71279119609663], [-117.15832805005127, 32.713423195917706], [-117.1583290493333, 32.71363419585796], [-117.15814604970285, 32.71363419544867], [-117.15760005080205, 32.71363519422719], [-117.15741805115941, 32.71363819381924], [-117.1574170518729, 32.71342819387861], [-117.1574140540134, 32.71279819405674], [-117.15741405472487, 32.71258819411834]]]}}, {"type": "Feature", "properties": {"geo_block": "10100US060730053002003", "block_name": "Block 2003", "neighborhood": "gaslamp", "zip": "92101"}, "geometry": {"type": "Polygon", "coordinates": [[[-117.15925304398077, 32.714660197622834], [-117.15943204362509, 32.7146581980237], [-117.15997304254991, 32.714652199235246], [-117.16015304218877, 32.71465119963806], [-117.16015304148091, 32.71485919957682], [-117.16015603932394, 32.71549119939743], [-117.16015803860519, 32.71570119934007], [-117.15997803896735, 32.71570219893732], [-117.1594390400518, 32.71570519773135], [-117.15926004040855, 32.71570719733056], [-117.15925804112626, 32.71549719738785], [-117.15925404326852, 32.7148691975636], [-117.15925304398077, 32.714660197622834]]]}}, {"type": "Feature", "properties": {"geo_block": "10100US060730053001019", "block_name": "Block 1019", "neighborhood": "core", "zip": "92101"}, "geometry": {"type": "Polygon", "coordinates": [[[-117.15652304592663, 32.71571919120769], [-117.15670404556576, 32.71571719161295], [-117.15724804446769, 32.715715192829805], [-117.15743004409806, 32.71571519323672], [-117.15743004339672, 32.715922193176], [-117.15743304128998, 32.7165421930008], [-117.15743404057983, 32.71675119294172], [-117.15743404057304, 32.716753192941134], [-117.15743404054255, 32.71676219293849], [-117.1574340405324, 32.71676519293761], [-117.15725404090242, 32.716764192535535], [-117.1567140420023, 32.71676419132844], [-117.15653404236217, 32.716766190925476], [-117.15653404238924, 32.716758190927834], [-117.15653404246366, 32.71673619093428], [-117.15653404248397, 32.71673019093603], [-117.15653104317686, 32.71652719098882], [-117.15652504524259, 32.71592019115327], [-117.15652304592663, 32.71571919120769]]]}}, {"type": "Feature", "properties": {"geo_block": "10100US060730053001016", "block_name": "Block 1016", "neighborhood": "core", "zip": "92101"}, "geometry": {"type": "Polygon", "coordinates": [[[-117.15926004040855, 32.71570719733056], [-117.1594390400518, 32.71570519773135], [-117.15997803896735, 32.71570219893732], [-117.16015803860519, 32.71570119934007], [-117.16015903789527, 32.71590919928104], [-117.16016303575664, 32.71653519910566], [-117.16016503504127, 32.71674419904859], [-117.16016503503104, 32.7167471990477], [-117.16016503498679, 32.71676019904387], [-117.16016503497318, 32.7167641990427], [-117.15998603533778, 32.716764198642565], [-117.15944903643155, 32.716764197442174], [-117.15927103679073, 32.71676519704398], [-117.15927103680431, 32.71676119704516], [-117.1592710368417, 32.7167501970484], [-117.1592710368485, 32.716748197048986], [-117.15926803756487, 32.71653919710375], [-117.15926203970103, 32.71591419727415], [-117.15926004040855, 32.71570719733056]]]}}, {"type": "Feature", "properties": {"geo_block": "10100US060730053001011", "block_name": "Block 1011", "neighborhood": "core", "zip": "92101"}, "geometry": {"type": "Polygon", "coordinates": [[[-117.1574340405324, 32.71676519293761], [-117.1576160401651, 32.71676419334474], [-117.15816503904686, 32.71676419457196], [-117.15834803867412, 32.71676419498103], [-117.15834803796152, 32.71697419491934], [-117.15835103582107, 32.71760319474129], [-117.15835203510305, 32.71781419468154], [-117.15817003547482, 32.71781419427477], [-117.15762303658201, 32.71781719305137], [-117.15744203694835, 32.717818192646554], [-117.15744003766733, 32.717607192703994], [-117.15743503981884, 32.71697519287824], [-117.1574340405324, 32.71676519293761]]]}}, {"type": "Feature", "properties": {"geo_block": "10100US060730053001008", "block_name": "Block 1008", "neighborhood": "core", "zip": "92101"}, "geometry": {"type": "Polygon", "coordinates": [[[-117.15744203694835, 32.717818192646554], [-117.15762303658201, 32.71781719305137], [-117.15817003547482, 32.71781419427477], [-117.15835203510305, 32.71781419468154], [-117.15835303439522, 32.71802219462268], [-117.15835803224043, 32.71865419444819], [-117.15836003152374, 32.71886419439098], [-117.15817703189525, 32.71886519398176], [-117.15762803300973, 32.71886819275412], [-117.15744603337579, 32.71887019234685], [-117.15744503409611, 32.718658192406814], [-117.15744203623683, 32.71802819258494], [-117.15744203694835, 32.717818192646554]]]}}, {"type": "Feature", "properties": {"geo_block": "10100US060730053001002", "block_name": "Block 1002", "neighborhood": "cortez", "zip": "92101"}, "geometry": {"type": "Polygon", "coordinates": [[[-117.15836003152374, 32.71886419439098], [-117.1585460311529, 32.71886119480749], [-117.15910603000911, 32.718860196059126], [-117.15929302962604, 32.71886019647698], [-117.15929302892594, 32.71906619641639], [-117.15929602680592, 32.719688196240156], [-117.159297026097, 32.71989619618121], [-117.15911102648586, 32.719894195766244], [-117.15855502763826, 32.71989119452495], [-117.15837002801487, 32.71989219411134], [-117.15836802871804, 32.719686194167394], [-117.15836203082402, 32.719069194335226], [-117.15836003152374, 32.71886419439098]]]}}, {"type": "Feature", "properties": {"geo_block": "10100US060730052002004", "block_name": "Block 2004", "neighborhood": "core", "zip": "92101"}, "geometry": {"type": "Polygon", "coordinates": [[[-117.15379504082823, 32.71887818418622], [-117.15379704153136, 32.718668184251996], [-117.15380404363545, 32.718039184451285], [-117.15380704432984, 32.71783118451871], [-117.15398804396347, 32.71783018492353], [-117.15453504285618, 32.71782718614691], [-117.15471704248439, 32.71782718655368], [-117.15471804177737, 32.71803618649483], [-117.15472303963546, 32.71866818632125], [-117.15472503891964, 32.71887918626404], [-117.15453903930404, 32.718878185848716], [-117.15398104044718, 32.71887818460185], [-117.15379504082823, 32.71887818418622]]]}}, {"type": "Feature", "properties": {"geo_block": "10100US060730052002000", "block_name": "Block 2000", "neighborhood": "cortez", "zip": "92101"}, "geometry": {"type": "Polygon", "coordinates": [[[-117.15472503891964, 32.71887918626404], [-117.15490503855425, 32.71887818666656], [-117.15530003773492, 32.71888118754832], [-117.15544803744186, 32.7188781878799], [-117.15562903707105, 32.71887818828436], [-117.15563303637033, 32.7190831882333], [-117.15564703424043, 32.71970518808253], [-117.15565203353086, 32.71991218803311], [-117.15546803390889, 32.719912187622036], [-117.15503803478887, 32.719913186661074], [-117.15491903503336, 32.71991318639522], [-117.15473603540931, 32.71991318598637], [-117.15473403578108, 32.71980418601376], [-117.15473103689023, 32.71947718610265], [-117.15473003725657, 32.71936918613198], [-117.15472903759596, 32.71926918615898], [-117.15472603859038, 32.718976186237924], [-117.15472503891964, 32.71887918626404]]]}}, {"type": "Feature", "properties": {"geo_block": "10100US060730052001019", "block_name": "Block 1019", "neighborhood": "east_village", "zip": "92101"}, "geometry": {"type": "Polygon", "coordinates": [[[-117.14857006547132, 32.71470317372103], [-117.14875206509267, 32.714706174127144], [-117.14929806395676, 32.714715175345496], [-117.14948006357808, 32.71471817575161], [-117.14948106288392, 32.714925175693764], [-117.14948606078724, 32.71554917552383], [-117.14948806008768, 32.71575717546793], [-117.14930506045604, 32.7157581750585], [-117.14875906155174, 32.71576217383661], [-117.14857706191475, 32.715764173429115], [-117.14857506262996, 32.715551173486396], [-117.1485710647615, 32.71491517366181], [-117.14857006547132, 32.71470317372103]]]}}, {"type": "Feature", "properties": {"geo_block": "10100US060730052001017", "block_name": "Block 1017", "neighborhood": "east_village", "zip": "92101"}, "geometry": {"type": "Polygon", "coordinates": [[[-117.15040006172809, 32.71471417781005], [-117.15071106110491, 32.71471217850609], [-117.15164605922125, 32.714709180597794], [-117.15195805859268, 32.71470818129577], [-117.15195905789564, 32.71491518123772], [-117.15196305580244, 32.715536181065815], [-117.1519650551, 32.71574418100972], [-117.15165305573035, 32.71574518031187], [-117.15071905761071, 32.715750178222194], [-117.15040805823234, 32.715753177526004], [-117.15040605893303, 32.71554517758197], [-117.15040106103285, 32.71492117775214], [-117.15040006172809, 32.71471417781005]]]}}, {"type": "Feature", "properties": {"geo_block": "10100US060730052001016", "block_name": "Block 1016", "neighborhood": "east_village", "zip": "92101"}, "geometry": {"type": "Polygon", "coordinates": [[[-117.15195805859268, 32.71470818129577], [-117.1521390582328, 32.7147061817011], [-117.15268305713774, 32.71470418291817], [-117.15286505676913, 32.71470418332515], [-117.15286505607305, 32.71491118326479], [-117.15286805397542, 32.71553318309014], [-117.15286905327392, 32.715741183031724], [-117.15268805364495, 32.71574018262735], [-117.15214505474111, 32.71574218141274], [-117.1519650551, 32.71574418100972], [-117.15196305580244, 32.715536181065815], [-117.15195905789564, 32.71491518123772], [-117.15195805859268, 32.71470818129577]]]}}, {"type": "Feature", "properties": {"geo_block": "10100US060730054004004", "block_name": "Block 4004", "neighborhood": "gaslamp", "zip": "92101"}, "geometry": {"type": "Polygon", "coordinates": [[[-117.16011905663237, 32.71042720080578], [-117.16030205627972, 32.71042320121649], [-117.16085205520619, 32.71041520244969], [-117.1610360548413, 32.71041420286175], [-117.16103605411196, 32.71062820279865], [-117.16103605192046, 32.7112712026091], [-117.1610370511857, 32.711486202547945], [-117.16085305155507, 32.71148620213625], [-117.16030405265032, 32.7114882009073], [-117.16012105301087, 32.71149020049726], [-117.16012005374112, 32.71127620055804], [-117.16011905591093, 32.71063920074336], [-117.16011905663237, 32.71042720080578]]]}}, {"type": "Feature", "properties": {"geo_block": "10100US060730053003001", "block_name": "Block 3001", "neighborhood": "cortez", "zip": "92101"}, "geometry": {"type": "Polygon", "coordinates": [[[-117.16202702408681, 32.718842202591524], [-117.16220702372495, 32.71884020299433], [-117.16275002262631, 32.71883620420888], [-117.16293102225897, 32.718835204613626], [-117.16293202153216, 32.7190472045532], [-117.16293701934752, 32.7196832043764], [-117.1629390186152, 32.719896204317905], [-117.16275701898908, 32.7198962039113], [-117.16221202010188, 32.7198982026931], [-117.16203102046687, 32.719900202288144], [-117.16203002119265, 32.71968820234849], [-117.16202702336994, 32.71905220252953], [-117.16202702408681, 32.718842202591524]]]}}, {"type": "Feature", "properties": {"geo_block": "10100US060730053004003", "block_name": "Block 4003", "neighborhood": "marina", "zip": "92101"}, "geometry": {"type": "Polygon", "coordinates": [[[-117.16559804207806, 32.71147221275714], [-117.16559904134122, 32.7116862126959], [-117.16560203912734, 32.7123292125119], [-117.16560303838709, 32.712544212450354], [-117.16541703876497, 32.71254321203457], [-117.16486203988238, 32.71254321079301], [-117.16467704024797, 32.712545210378565], [-117.16467804098994, 32.712328210445094], [-117.16468304319818, 32.71168121064795], [-117.16468504393472, 32.71146521071641], [-117.1648670435694, 32.71146521112363], [-117.16541504245224, 32.71147021234828], [-117.16559804207806, 32.71147221275714]]]}}, {"type": "Feature", "properties": {"geo_block": "10100US060730053003025", "block_name": "Block 3025", "neighborhood": "core", "zip": "92101"}, "geometry": {"type": "Polygon", "coordinates": [[[-117.16469103655461, 32.713614210093176], [-117.16487303632084, 32.713575210511806], [-117.16542103522129, 32.713573211738066], [-117.16560403484839, 32.71357421214707], [-117.16560403413759, 32.71378121208568], [-117.16560703198543, 32.714406211907004], [-117.16560803126234, 32.71461621184695], [-117.16542603161713, 32.71462021143877], [-117.16488303266863, 32.71463421022035], [-117.164702033018, 32.71463920981412], [-117.16469903372695, 32.714434209868145], [-117.16469303584769, 32.713819210036924], [-117.16468803656409, 32.71361321008677], [-117.16469103655461, 32.713614210093176]]]}}, {"type": "Feature", "properties": {"geo_block": "10100US060730052001011", "block_name": "Block 1011", "neighborhood": "east_village", "zip": "92101"}, "geometry": {"type": "Polygon", "coordinates": [[[-117.14857706191475, 32.715764173429115], [-117.14875906155174, 32.71576217383661], [-117.14930506045604, 32.7157581750585], [-117.14948806008768, 32.71575717546793], [-117.14948805938212, 32.715968175406694], [-117.14949105724936, 32.7166041752288], [-117.14949205653173, 32.716818175168925], [-117.1493110569038, 32.71681717476462], [-117.14876805801666, 32.7168151735514], [-117.14858805838, 32.71681617314875], [-117.1485850590939, 32.7166041732035], [-117.14857906120955, 32.715974173372715], [-117.14857706191475, 32.715764173429115]]]}}, {"type": "Feature", "properties": {"geo_block": "10100US060730051002036", "block_name": "Block 2036", "neighborhood": "east_village", "zip": "92101"}, "geometry": {"type": "Polygon", "coordinates": [[[-117.14853209715034, 32.7052371763799], [-117.14853009768842, 32.7050771764218], [-117.14852709861907, 32.704800176495375], [-117.14852509930074, 32.70459717654973], [-117.14852409983685, 32.704437176593885], [-117.14870409908853, 32.704555176962906], [-117.14921109697407, 32.70488917800178], [-117.14924109686483, 32.70490417806464], [-117.14924609684495, 32.70490717807497], [-117.14930409659695, 32.70494717819327], [-117.14935709632195, 32.70499817829721], [-117.14939809604054, 32.70505817837163], [-117.14941009591993, 32.7050871783901], [-117.14941009591324, 32.705089178389514], [-117.14942809566041, 32.70515417841097], [-117.1494300955428, 32.705188178405585], [-117.1494320954252, 32.7052221784002], [-117.1492520957702, 32.705225177996134], [-117.14871209680528, 32.70523417678396], [-117.14853209715034, 32.7052371763799]]]}}, {"type": "Feature", "properties": {"geo_block": "10100US060730051002031", "block_name": "Block 2031", "neighborhood": "east_village", "zip": "92101"}, "geometry": {"type": "Polygon", "coordinates": [[[-117.15034109192443, 32.7057321802881], [-117.15034109287545, 32.70544818037063], [-117.15034209356662, 32.70524118043301], [-117.15034209358001, 32.705237180434175], [-117.15034209361349, 32.70522718043708], [-117.15034209362354, 32.70522418043795], [-117.15057309317126, 32.70522318095567], [-117.151269091785, 32.7052271825135], [-117.15150109132402, 32.70522818303287], [-117.15153209126291, 32.705228183102314], [-117.15162509107947, 32.70522818331062], [-117.15165609101831, 32.705228183380065], [-117.15167409093581, 32.70524218341631], [-117.15170409080278, 32.7052641834771], [-117.15185109015026, 32.70537218377492], [-117.15190108993075, 32.705408183876436], [-117.15189408936041, 32.70558218381008], [-117.15187408763738, 32.70610718361241], [-117.15186808706179, 32.70628218354802], [-117.15156408766656, 32.7062811828675], [-117.15065308947888, 32.70627818082818], [-117.150350090075, 32.70627918014931], [-117.15034609078276, 32.70607018020108], [-117.15034109192443, 32.7057321802881]]]}}, {"type": "Feature", "properties": {"geo_block": "10100US060730051001009", "block_name": "Block 1009", "neighborhood": "east_village", "zip": "92101"}, "geometry": {"type": "Polygon", "coordinates": [[[-117.14854408667367, 32.7083681754992], [-117.14872108632811, 32.70836617589603], [-117.14925408526743, 32.70836617708925], [-117.14943208490988, 32.70836717748745], [-117.14943608420646, 32.708575177436046], [-117.14944808208617, 32.709202177280936], [-117.14945208137934, 32.70941117722923], [-117.14927208173859, 32.709411176826336], [-117.14873108281834, 32.70941117561543], [-117.14855208317223, 32.70941217521448], [-117.14855108341463, 32.70934017523312], [-117.14854808413506, 32.70912617528844], [-117.14854808436543, 32.70905717530843], [-117.14854708483149, 32.7089181753465], [-117.14854408621963, 32.708504175459794], [-117.14854408667367, 32.7083681754992]]]}}, {"type": "Feature", "properties": {"geo_block": "10100US060730051001014", "block_name": "Block 1014", "neighborhood": "east_village", "zip": "92101"}, "geometry": {"type": "Polygon", "coordinates": [[[-117.1485330923576, 32.70667217596619], [-117.14854009121532, 32.70701017588389], [-117.14854709016653, 32.707320175809706], [-117.14854408780876, 32.70802817559777], [-117.14854408667367, 32.7083681754992], [-117.14854408621963, 32.708504175459794], [-117.14854708483149, 32.7089181753465], [-117.14854808436543, 32.70905717530843], [-117.14845308524248, 32.708851175155495], [-117.14827508689193, 32.70846317486947], [-117.14818208785114, 32.708231174728496], [-117.1480990887135, 32.70802217460322], [-117.14811808913278, 32.70788517468545], [-117.14815508950296, 32.70775217480682], [-117.14815908953172, 32.70774117481896], [-117.14820808983146, 32.70762217496315], [-117.14827809010623, 32.707498175155806], [-117.14836309040811, 32.70735717538699], [-117.14843409077793, 32.707204175590306], [-117.1484830911681, 32.70705817574234], [-117.14850409146365, 32.706957175818644], [-117.14851709164151, 32.70689617586543], [-117.14853209206916, 32.706759175938735], [-117.1485330923576, 32.70667217596619]]]}}, {"type": "Feature", "properties": {"geo_block": "10100US060730051001002", "block_name": "Block 1002", "neighborhood": "east_village", "zip": "92101"}, "geometry": {"type": "Polygon", "coordinates": [[[-117.15035707610727, 32.710446178954115], [-117.15035707539064, 32.71066017889193], [-117.15035907436865, 32.71096417880806], [-117.1503590743653, 32.710965178807776], [-117.15036007321137, 32.711309178710046], [-117.15036107248272, 32.71152617864924], [-117.15018007284273, 32.71152717824396], [-117.14963807391747, 32.7115311770301], [-117.14945807427218, 32.71153317662679], [-117.14945507500376, 32.711316176683056], [-117.14944807719114, 32.710666176856044], [-117.14944607791735, 32.71045017691425], [-117.14962807755975, 32.71044817732213], [-117.15017407647355, 32.71044617854458], [-117.15035707610727, 32.710446178954115]]]}}, {"type": "Feature", "properties": {"geo_block": "10100US060730051002026", "block_name": "Block 2026", "neighborhood": "east_village", "zip": "92101"}, "geometry": {"type": "Polygon", "coordinates": [[[-117.157205078576, 32.705670195679815], [-117.15723507812721, 32.705785195713275], [-117.15734907631318, 32.70625419583102], [-117.15644807757802, 32.70640719376838], [-117.15594607826392, 32.706498192617524], [-117.15598207843944, 32.706425192719514], [-117.15699907946698, 32.70552719526035], [-117.157205078576, 32.705670195679815]]]}}, {"type": "Feature", "properties": {"geo_block": "10100US060730051002016", "block_name": "Block 2016", "neighborhood": "east_village", "zip": "92101"}, "geometry": {"type": "Polygon", "coordinates": [[[-117.15424007678112, 32.70794018837581], [-117.15421807813246, 32.70755218843989], [-117.15420607894491, 32.70731818848138], [-117.15461007815342, 32.70731518938686], [-117.15487807732138, 32.70740418996092], [-117.15506507642043, 32.70756119033372], [-117.15528507535902, 32.70774619077217], [-117.1553750748797, 32.707835190947634], [-117.1554440744353, 32.707926191075494], [-117.155499073995, 32.708024191169955], [-117.15553307362677, 32.70811319122003], [-117.15553907355746, 32.7081301912285], [-117.15556207313678, 32.708241191247495], [-117.15556707273839, 32.708356191225036], [-117.15537207312308, 32.708357190788206], [-117.15478707427708, 32.70836018947769], [-117.15465207454234, 32.70836118917517], [-117.15459307467323, 32.708357189044264], [-117.1545590749938, 32.70828218899006], [-117.15449607545294, 32.70818318887795], [-117.15447207559505, 32.7081551888324], [-117.15441807590811, 32.70809418872933], [-117.15424007678112, 32.70794018837581]]]}}, {"type": "Feature", "properties": {"geo_block": "10100US060730051002006", "block_name": "Block 2006", "neighborhood": "east_village", "zip": "92101"}, "geometry": {"type": "Polygon", "coordinates": [[[-117.154634071064, 32.70940318883032], [-117.1548160707075, 32.70940118923828], [-117.15536506962196, 32.709398190467965], [-117.1555480692601, 32.709397190877866], [-117.15555106855159, 32.709605190823716], [-117.15556106642397, 32.71022919066349], [-117.15556506571002, 32.71043819061128], [-117.15538106606816, 32.71044119019863], [-117.15483106714203, 32.710449188965455], [-117.15464806749483, 32.71045318855476], [-117.15464506820909, 32.71024318860943], [-117.15463607035514, 32.70961218877371], [-117.154634071064, 32.70940318883032]]]}}, {"type": "Feature", "properties": {"geo_block": "10100US060730051001013", "block_name": "Block 1013", "neighborhood": "east_village", "zip": "92101"}, "geometry": {"type": "Polygon", "coordinates": [[[-117.1485330923576, 32.70667217596619], [-117.14853109263198, 32.70659117598519], [-117.14852509345512, 32.7063481760422], [-117.14852309372614, 32.706268176060895], [-117.14870409337142, 32.70626717646654], [-117.14924809228854, 32.70626917768426], [-117.14943009192515, 32.706270178091565], [-117.14943009120297, 32.70648617802888], [-117.14943008903303, 32.70713517784053], [-117.1494310883055, 32.70735217777978], [-117.14943108762678, 32.70755517772088], [-117.14943108559062, 32.708164177544134], [-117.14943208490988, 32.70836717748745], [-117.14925408526743, 32.70836617708925], [-117.14872108632811, 32.70836617589603], [-117.14854408667367, 32.7083681754992], [-117.14854408780876, 32.70802817559777], [-117.14854709016653, 32.707320175809706], [-117.14854009121532, 32.70701017588389], [-117.1485330923576, 32.70667217596619]]]}}, {"type": "Feature", "properties": {"geo_block": "10100US060730051001011", "block_name": "Block 1011", "neighborhood": "east_village", "zip": "92101"}, "geometry": {"type": "Polygon", "coordinates": [[[-117.15034907956567, 32.70941817923494], [-117.1503450802802, 32.7092071792873], [-117.15033508241977, 32.70857417944884], [-117.15033208313227, 32.708363179503436], [-117.15064208253214, 32.708358180198886], [-117.15104408175229, 32.70835218110059], [-117.15106608168504, 32.7083591811478], [-117.15116108144235, 32.70837518135583], [-117.15157208063451, 32.7083721822768], [-117.15188308001225, 32.708373182972736], [-117.15188507930326, 32.708583182916065], [-117.15189407716356, 32.709215182752175], [-117.1518970764492, 32.70942618269745], [-117.15158707707467, 32.70942418200417], [-117.15065807894558, 32.70941917992627], [-117.15034907956567, 32.70941817923494]]]}}, {"type": "Feature", "properties": {"geo_block": "10100US060730054003004", "block_name": "Block 3004", "neighborhood": "marina", "zip": "92101"}, "geometry": {"type": "Polygon", "coordinates": [[[-117.17107502743617, 32.71252522469711], [-117.17107602669971, 32.712737224636], [-117.17108002448148, 32.71337522445433], [-117.17108202373954, 32.71358822439516], [-117.17087502416442, 32.71358622393278], [-117.17025702542954, 32.71358122255204], [-117.17005102584893, 32.713580222091586], [-117.17006402655242, 32.71336922218362], [-117.17010502865914, 32.71273622246421], [-117.17011902935731, 32.71252622255819], [-117.17031002897625, 32.71252522298577], [-117.17088302782267, 32.712525224267594], [-117.17107502743617, 32.71252522469711]]]}}, {"type": "Feature", "properties": {"geo_block": "10100US060730051001008", "block_name": "Block 1008", "neighborhood": "east_village", "zip": "92101"}, "geometry": {"type": "Polygon", "coordinates": [[[-117.1480990887135, 32.70802217460322], [-117.14818208785114, 32.708231174728496], [-117.14827508689193, 32.70846317486947], [-117.14845308524248, 32.708851175155495], [-117.14854808436543, 32.70905717530843], [-117.14854808413506, 32.70912617528844], [-117.14855108341463, 32.70934017523312], [-117.14855208317223, 32.70941217521448], [-117.14838808349623, 32.70941317484712], [-117.14789608444818, 32.70942217374329], [-117.14773308476016, 32.70942617337729], [-117.14773208481216, 32.70941117337939], [-117.14773208495886, 32.70936717339213], [-117.14773208500554, 32.70935317339618], [-117.14779608577479, 32.709084173617335], [-117.14789308691533, 32.7086841739503], [-117.14801408800521, 32.70828517433674], [-117.14804708829314, 32.70817917444132], [-117.1480990887135, 32.70802217460322]]]}}, {"type": "Feature", "properties": {"geo_block": "10100US060730051001004", "block_name": "Block 1004", "neighborhood": "east_village", "zip": "92101"}, "geometry": {"type": "Polygon", "coordinates": [[[-117.15034907956567, 32.70941817923494], [-117.15065807894558, 32.70941917992627], [-117.15158707707467, 32.70942418200417], [-117.1518970764492, 32.70942618269745], [-117.1518990757536, 32.70963218264195], [-117.15190807365411, 32.71025218248155], [-117.15191107295314, 32.710459182427975], [-117.15160007357231, 32.71046018173171], [-117.15130007416948, 32.71046118106006], [-117.15068807544476, 32.71044617969485], [-117.15066707548678, 32.71044617964785], [-117.15035707610727, 32.710446178954115], [-117.1503550768011, 32.71024017900951], [-117.1503500788772, 32.7096231791776], [-117.15034907956567, 32.70941817923494]]]}}, {"type": "Feature", "properties": {"geo_block": "10100US060730051001000", "block_name": "Block 1000", "neighborhood": "east_village", "zip": "92101"}, "geometry": {"type": "Polygon", "coordinates": [[[-117.14776308126274, 32.710457173145905], [-117.14792008095182, 32.71045617349753], [-117.14839108000903, 32.71045617455157], [-117.14854907969277, 32.71045617490515], [-117.14854907897498, 32.71067117484284], [-117.14854907681493, 32.711318174655275], [-117.14855007609178, 32.7115341745949], [-117.14838607642103, 32.71153417422796], [-117.14789707740279, 32.711534173133856], [-117.14773407773005, 32.711534172769156], [-117.14773907844014, 32.71131817284289], [-117.14775708056123, 32.71067117307051], [-117.14776308126274, 32.710457173145905]]]}}, {"type": "Feature", "properties": {"geo_block": "10100US060730053002014", "block_name": "Block 2014", "neighborhood": "gaslamp", "zip": "92101"}, "geometry": {"type": "Polygon", "coordinates": [[[-117.16013804931826, 32.712565200218755], [-117.1603240489506, 32.71256320063544], [-117.16088204784754, 32.71255720188547], [-117.1610680474799, 32.71255520230214], [-117.16106804675391, 32.712768202239346], [-117.16107104456988, 32.71340720205767], [-117.16107204383505, 32.713622201996515], [-117.16088604421063, 32.713622201580506], [-117.16033104532454, 32.71362420033859], [-117.16014604569132, 32.713626199924235], [-117.16014404642024, 32.71341319998248], [-117.1601390485982, 32.712776200158864], [-117.16013804931826, 32.712565200218755]]]}}, {"type": "Feature", "properties": {"geo_block": "10100US060730053002007", "block_name": "Block 2007", "neighborhood": "east_village", "zip": "92101"}, "geometry": {"type": "Polygon", "coordinates": [[[-117.15925304398077, 32.714660197622834], [-117.15906904434998, 32.714661197211086], [-117.15851904545022, 32.71466519598], [-117.15833604581401, 32.714667195570186], [-117.15833404652385, 32.71445919562681], [-117.15833004863228, 32.71384019579969], [-117.1583290493333, 32.71363419585796], [-117.15851104897256, 32.713632196265614], [-117.15905904787614, 32.71362919749216], [-117.15924204750321, 32.71363019790116], [-117.15924404679912, 32.713836197845055], [-117.15925004468687, 32.714454197676716], [-117.15925304398077, 32.714660197622834]]]}}, {"type": "Feature", "properties": {"geo_block": "10100US060730053002001", "block_name": "Block 2001", "neighborhood": "core", "zip": "92101"}, "geometry": {"type": "Polygon", "coordinates": [[[-117.1574260476332, 32.714674193533185], [-117.15760704727339, 32.714672193938526], [-117.1581540461792, 32.71466819516291], [-117.15833604581401, 32.714667195570186], [-117.15833604510823, 32.714875195509094], [-117.15833904297465, 32.71550219533162], [-117.15834004226343, 32.71571119527246], [-117.15815804263308, 32.71571119486555], [-117.15761104373384, 32.71571419364169], [-117.15743004409806, 32.71571519323672], [-117.1574290448082, 32.7155061932958], [-117.15742604692846, 32.714882193472164], [-117.1574260476332, 32.714674193533185]]]}}, {"type": "Feature", "properties": {"geo_block": "10100US060730053001014", "block_name": "Block 1014", "neighborhood": "core", "zip": "92101"}, "geometry": {"type": "Polygon", "coordinates": [[[-117.16016503497318, 32.7167641990427], [-117.16034903460181, 32.71676319945429], [-117.16090403347137, 32.71676320069493], [-117.16108903309456, 32.71676320110847], [-117.1610910323781, 32.71697220105133], [-117.16109703022529, 32.71760020087958], [-117.16109902950544, 32.71781020082213], [-117.16091302988535, 32.71781020040643], [-117.16035803101904, 32.717810199166024], [-117.16017303139354, 32.71781119875227], [-117.16017103211571, 32.717600198809926], [-117.16016603425984, 32.71697319898338], [-117.16016503497318, 32.7167641990427]]]}}, {"type": "Feature", "properties": {"geo_block": "10100US060730053001000", "block_name": "Block 1000", "neighborhood": "cortez", "zip": "92101"}, "geometry": {"type": "Polygon", "coordinates": [[[-117.15655203519367, 32.718874190348], [-117.15673003483579, 32.71887219074634], [-117.15726703374587, 32.718869191947164], [-117.15744603337579, 32.71887019234685], [-117.15744803267712, 32.71907519229117], [-117.15745403057765, 32.719691192123854], [-117.1574570298701, 32.71989819206981], [-117.15727703023988, 32.719898191667674], [-117.15673803134379, 32.719899190463195], [-117.15655903170138, 32.719902190062406], [-117.15655703240242, 32.7196961901183], [-117.15655303449807, 32.71907919029016], [-117.15655203519367, 32.718874190348]]]}}, {"type": "Feature", "properties": {"geo_block": "10100US060730052001048", "block_name": "Block 1048", "neighborhood": "east_village", "zip": "92101"}, "geometry": {"type": "Polygon", "coordinates": [[[-117.1555810583718, 32.71260119001408], [-117.15576405801006, 32.71259919042404], [-117.15631305691474, 32.712596191653034], [-117.15649705654086, 32.71259719206436], [-117.15649905583318, 32.712805192007885], [-117.15650505369996, 32.71343219183758], [-117.1565080529869, 32.71364119178305], [-117.15632405336186, 32.71364019137181], [-117.15577105446846, 32.713643190134086], [-117.15558805483124, 32.7136451897242], [-117.15558605554462, 32.71343518978119], [-117.1555820576672, 32.712809189955436], [-117.1555810583718, 32.71260119001408]]]}}, {"type": "Feature", "properties": {"geo_block": "10100US060730052001040", "block_name": "Block 1040", "neighborhood": "east_village", "zip": "92101"}, "geometry": {"type": "Polygon", "coordinates": [[[-117.15417806116993, 32.712609186873195], [-117.15427606097936, 32.71260718709301], [-117.15457106039206, 32.71260518775352], [-117.15467006019271, 32.71260518797498], [-117.15467205948718, 32.71281318791866], [-117.15467805736036, 32.713440187748816], [-117.15468105664937, 32.71364918769443], [-117.15450705700076, 32.713649187305265], [-117.15398605804617, 32.71365118613941], [-117.1538130583888, 32.713653185751895], [-117.15380405840699, 32.71365318573176], [-117.15377905845745, 32.713653185675845], [-117.15377105847362, 32.713653185657954], [-117.1537690591849, 32.713443185714794], [-117.15376406129299, 32.71282018588548], [-117.1537630619955, 32.71261218594397], [-117.15384506183712, 32.71261018612798], [-117.15409506133707, 32.71260918668753], [-117.15417806116993, 32.712609186873195]]]}}, {"type": "Feature", "properties": {"geo_block": "10100US060730052001032", "block_name": "Block 1032", "neighborhood": "east_village", "zip": "92101"}, "geometry": {"type": "Polygon", "coordinates": [[[-117.15039506352318, 32.71418117795376], [-117.14947506537045, 32.71418517589512], [-117.14947306638095, 32.71388417597801], [-117.14947306707644, 32.713676176038376], [-117.14965606671353, 32.71367417644826], [-117.1502060656061, 32.713673177678665], [-117.1503900652345, 32.7136731780902], [-117.1503920645339, 32.71388117803423], [-117.15039506352318, 32.71418117795376]]]}}, {"type": "Feature", "properties": {"geo_block": "10100US060730052001012", "block_name": "Block 1012", "neighborhood": "east_village", "zip": "92101"}, "geometry": {"type": "Polygon", "coordinates": [[[-117.14948806008768, 32.71575717546793], [-117.14967105971932, 32.715756175877374], [-117.15022405860609, 32.71575317711462], [-117.15040805823234, 32.715753177526004], [-117.15041005752167, 32.715964177469154], [-117.15041605539626, 32.71659517729919], [-117.15041805467887, 32.71680817724176], [-117.15023205505443, 32.7168091768257], [-117.14967705616492, 32.716815175583335], [-117.14949205653173, 32.716818175168925], [-117.14949105724936, 32.7166041752288], [-117.14948805938212, 32.715968175406694], [-117.14948806008768, 32.71575717546793]]]}}, {"type": "Feature", "properties": {"geo_block": "10100US060730051002041", "block_name": "Block 2041", "neighborhood": "east_village", "zip": "92101"}, "geometry": {"type": "Polygon", "coordinates": [[[-117.15304709648865, 32.70278618720802], [-117.1531020971109, 32.70256918739456], [-117.15311909729292, 32.70250518745132], [-117.15296109823446, 32.70231718715207], [-117.1527980996158, 32.702001186878896], [-117.15269610047737, 32.70180418670773], [-117.15276010021456, 32.701845186839215], [-117.15321109831734, 32.70214718776193], [-117.15330809791568, 32.702210187960944], [-117.15354409693573, 32.7023641884449], [-117.15515209023197, 32.70341819174026], [-117.1557670876634, 32.70382119300029], [-117.1560320859935, 32.704161193494464], [-117.1561410853058, 32.70430119369766], [-117.15697808115722, 32.70504019535611], [-117.1573020795429, 32.70532819599739], [-117.15727107951258, 32.705355195920035], [-117.15718107941245, 32.705437195694394], [-117.1571520793749, 32.70546519562122], [-117.15707407965752, 32.70542719545766], [-117.15703507979546, 32.70540919537559], [-117.15685508035718, 32.70534819499029], [-117.1568310804316, 32.70534019493888], [-117.15674908067457, 32.70531619476224], [-117.15600808385034, 32.704809193250945], [-117.15378709333834, 32.70329118871885], [-117.15304709648865, 32.70278618720802]]]}}, {"type": "Feature", "properties": {"geo_block": "10100US060730051002018", "block_name": "Block 2018", "neighborhood": "east_village", "zip": "92101"}, "geometry": {"type": "Polygon", "coordinates": [[[-117.15279908168617, 32.70733318532659], [-117.1529810813351, 32.70733018573498], [-117.15352708028203, 32.70732118696015], [-117.15370907993103, 32.70731818736854], [-117.15371107921992, 32.70752818731172], [-117.1537130789398, 32.70761018729227], [-117.15372007707381, 32.70816018714739], [-117.15372307635734, 32.7083711870925], [-117.15353607672947, 32.70837118667387], [-117.15297607784052, 32.70837218541991], [-117.15279007820058, 32.70837518500265], [-117.1527910789013, 32.70816618506582], [-117.15279708099077, 32.70754118526147], [-117.15279908168617, 32.70733318532659]]]}}, {"type": "Feature", "properties": {"geo_block": "10100US060730051002010", "block_name": "Block 2010", "neighborhood": "east_village", "zip": "92101"}, "geometry": {"type": "Polygon", "coordinates": [[[-117.1518970764492, 32.70942618269745], [-117.15189407716356, 32.709215182752175], [-117.15188507930326, 32.708583182916065], [-117.15188308001225, 32.708373182972736], [-117.15206407965542, 32.70837218337823], [-117.1526080785661, 32.708374184595506], [-117.15279007820058, 32.70837518500265], [-117.15279207749725, 32.70858318494648], [-117.15280107536444, 32.70921218478324], [-117.15280407465238, 32.70942218472873], [-117.15262207501563, 32.70942218432137], [-117.15207807609468, 32.70942418310317], [-117.1518970764492, 32.70942618269745]]]}}, {"type": "Feature", "properties": {"geo_block": "10100US060730051001001", "block_name": "Block 1001", "neighborhood": "east_village", "zip": "92101"}, "geometry": {"type": "Polygon", "coordinates": [[[-117.14854907969277, 32.71045617490515], [-117.14872807934115, 32.71045417530631], [-117.14926607827428, 32.71045117651115], [-117.14944607791735, 32.71045017691425], [-117.14944807719114, 32.710666176856044], [-117.14945507500376, 32.711316176683056], [-117.14945807427218, 32.71153317662679], [-117.14927607463757, 32.711533176219575], [-117.14873107573175, 32.71153317500017], [-117.14855007609178, 32.7115341745949], [-117.14854907681493, 32.711318174655275], [-117.14854907897498, 32.71067117484284], [-117.14854907969277, 32.71045617490515]]]}}, {"type": "Feature", "properties": {"geo_block": "10100US060730056002052", "block_name": "Block 2052", "neighborhood": "cortez", "zip": "92101"}, "geometry": {"type": "Polygon", "coordinates": [[[-117.15575702977081, 32.72096118796063], [-117.15591802944927, 32.72095818832114], [-117.15640402847166, 32.72095118940878], [-117.15656702814262, 32.72094918977346], [-117.1565670274389, 32.72115718971251], [-117.156570025308, 32.721785189535176], [-117.15657102459204, 32.721996189475576], [-117.15639402495775, 32.72199618908028], [-117.15586302603788, 32.722001187892936], [-117.15568702639477, 32.72200318749928], [-117.15568602713331, 32.72178518756086], [-117.15568502934146, 32.72113218774976], [-117.15568502976376, 32.72100718778634], [-117.15570002981394, 32.720983187826874], [-117.15572602981781, 32.72096618788993], [-117.15575702977081, 32.72096118796063]]]}}, {"type": "Feature", "properties": {"geo_block": "10100US060730051002025", "block_name": "Block 2025", "neighborhood": "east_village", "zip": "92101"}, "geometry": {"type": "Polygon", "coordinates": [[[-117.157205078576, 32.705670195679815], [-117.15699907946698, 32.70552719526035], [-117.15598207843944, 32.706425192719514], [-117.15594607826392, 32.706498192617524], [-117.15577707907156, 32.70635819228004], [-117.1557700790989, 32.706354192265536], [-117.15569907937454, 32.70631419211824], [-117.15560907965732, 32.706283191925756], [-117.15552007988407, 32.70626819173083], [-117.15510508070842, 32.706267190801725], [-117.15487808115749, 32.706267190293346], [-117.1548290812578, 32.70626619018391], [-117.15468508154267, 32.70626618986142], [-117.15463708163765, 32.706266189753926], [-117.15450508189876, 32.706266189458304], [-117.15411208267287, 32.706267188577876], [-117.1539810829219, 32.706270188283625], [-117.1539430831352, 32.706229188210486], [-117.15382908376824, 32.70610818799051], [-117.15379108397809, 32.70606818791708], [-117.15367408443163, 32.70600218767432], [-117.15332408578648, 32.70580518694793], [-117.15320808623436, 32.70574018670708], [-117.15355808590321, 32.70563318752221], [-117.15367308579059, 32.705599187789716], [-117.1546090849069, 32.705313189969736], [-117.1549600845687, 32.70520819078665], [-117.15515608418211, 32.70520819122567], [-117.15574508302038, 32.705208192545], [-117.15594208262844, 32.705209192985976], [-117.15600708250024, 32.70520919313157], [-117.15610508229004, 32.705214193349626], [-117.156236082008, 32.705221193641], [-117.15646408146017, 32.70525019414321], [-117.156590081127, 32.705275194418114], [-117.1566580809455, 32.70528919456632], [-117.15674908067457, 32.70531619476224], [-117.1568310804316, 32.70534019493888], [-117.15685508035718, 32.70534819499029], [-117.15703507979546, 32.70540919537559], [-117.15707407965752, 32.70542719545766], [-117.1571520793749, 32.70546519562122], [-117.157205078576, 32.705670195679815]]]}}, {"type": "Feature", "properties": {"geo_block": "10100US060730051002017", "block_name": "Block 2017", "neighborhood": "east_village", "zip": "92101"}, "geometry": {"type": "Polygon", "coordinates": [[[-117.15420607894491, 32.70731818848138], [-117.15421807813246, 32.70755218843989], [-117.15424007678112, 32.70794018837581], [-117.15441807590811, 32.70809418872933], [-117.15447207559505, 32.7081551888324], [-117.15449607545294, 32.70818318887795], [-117.1545590749938, 32.70828218899006], [-117.15459307467323, 32.708357189044264], [-117.1540250757732, 32.708366187770054], [-117.15372307635734, 32.7083711870925], [-117.15372007707381, 32.70816018714739], [-117.1537130789398, 32.70761018729227], [-117.15371107921992, 32.70752818731172], [-117.15370907993103, 32.70731818736854], [-117.15404407926971, 32.70731718811894], [-117.15420607894491, 32.70731818848138]]]}}, {"type": "Feature", "properties": {"geo_block": "10100US060730054002023", "block_name": "Block 2023", "neighborhood": "marina", "zip": "92101"}, "geometry": {"type": "Polygon", "coordinates": [[[-117.1664870366211, 32.71254021442909], [-117.16666503626617, 32.71253921482758], [-117.16720203519534, 32.71253621602976], [-117.167381034835, 32.71253621643019], [-117.1674180338548, 32.71279921643476], [-117.16752903091694, 32.71358721644873], [-117.1675660299294, 32.71385221645267], [-117.16735003056209, 32.71379521598653], [-117.16670303245057, 32.71362621458969], [-117.16648803307729, 32.71357021412545], [-117.16648703378769, 32.713364214184395], [-117.16648703591275, 32.71274621436791], [-117.1664870366211, 32.71254021442909]]]}}, {"type": "Feature", "properties": {"geo_block": "10100US060730054002014", "block_name": "Block 2014", "neighborhood": "columbia", "zip": "92101"}, "geometry": {"type": "Polygon", "coordinates": [[[-117.16648902222292, 32.716726213190455], [-117.1666660218693, 32.716724213586716], [-117.16720002079899, 32.7167192147819], [-117.16737902043444, 32.71671921518203], [-117.16738001970923, 32.71692921512183], [-117.16738301753709, 32.71755821494152], [-117.16738401680844, 32.71776921488102], [-117.16720501717404, 32.71776921448096], [-117.16666801827081, 32.71776921328078], [-117.16649001863092, 32.717770212882655], [-117.16648901935166, 32.71756121294249], [-117.16648902151111, 32.71693321312899], [-117.16648902222292, 32.716726213190455]]]}}, {"type": "Feature", "properties": {"geo_block": "10100US060730054002009", "block_name": "Block 2009", "neighborhood": "core", "zip": "92101"}, "geometry": {"type": "Polygon", "coordinates": [[[-117.17280302762228, 32.71147022887866], [-117.1728930267016, 32.71168322901624], [-117.1731280243145, 32.712234229376946], [-117.173129024309, 32.712235229378884], [-117.1731290239823, 32.71232922935073], [-117.17313002317044, 32.71256222928316], [-117.17312902215757, 32.71285422919343], [-117.17312801956325, 32.713601228967406], [-117.1731270191169, 32.71373022892652], [-117.1731250181026, 32.714023228834265], [-117.17312301731766, 32.714250228761784], [-117.1731220160233, 32.7146232286478], [-117.17311601496145, 32.71493222854181], [-117.1731130141751, 32.7151602284668], [-117.17311101380032, 32.715269228429676], [-117.17310501266556, 32.715599228317394], [-117.17310401228528, 32.71570922828221], [-117.17270201310173, 32.71570922738342], [-117.17149901553455, 32.715712224692865], [-117.17109801634551, 32.715713223796016], [-117.17109601711866, 32.71549122385788], [-117.17109101943605, 32.71482522404569], [-117.17109002020713, 32.71460322410979], [-117.17108802091442, 32.71440022416597], [-117.17108302303775, 32.71379022433704], [-117.17108202373954, 32.71358822439516], [-117.17108002448148, 32.71337522445433], [-117.17107602669971, 32.712737224636], [-117.17107502743617, 32.71252522469711], [-117.17107102817167, 32.7123152247509], [-117.17106003035892, 32.71169022491303], [-117.171057031082, 32.711483224968156], [-117.17124403071354, 32.71148122538717], [-117.17180502960822, 32.71147522664417], [-117.17199302923432, 32.71147422706512], [-117.1721540289146, 32.71147322742565], [-117.17264002794947, 32.71147022851395], [-117.17280302762228, 32.71147022887866]]]}}, {"type": "Feature", "properties": {"geo_block": "10100US060730054001012", "block_name": "Block 1012", "neighborhood": "marina", "zip": "92101"}, "geometry": {"type": "Polygon", "coordinates": [[[-117.16191305663573, 32.70937420513134], [-117.16173405699294, 32.709374204730686], [-117.16120005805176, 32.70937620353484], [-117.16102205840018, 32.709378203135834], [-117.16101705912925, 32.709167203186844], [-117.16100206131647, 32.70853420333987], [-117.16099806204353, 32.70832320339312], [-117.16117806169561, 32.70832020379697], [-117.16172106063223, 32.70831520501407], [-117.16190206027551, 32.70831420541957], [-117.16190405955479, 32.70852420536207], [-117.16191005736529, 32.7091622051872], [-117.16191305663573, 32.70937420513134]]]}}, {"type": "Feature", "properties": {"geo_block": "10100US060730054004018", "block_name": "Block 4018", "neighborhood": "marina", "zip": "92101"}, "geometry": {"type": "Polygon", "coordinates": [[[-117.16374005304449, 32.70935820922542], [-117.16393005220993, 32.709491209611336], [-117.16450004970102, 32.709891210768674], [-117.16469004886189, 32.7100252111542], [-117.16468004870701, 32.710076211116714], [-117.16467804862872, 32.710100211105136], [-117.16467104825531, 32.71021321105599], [-117.16467204784874, 32.710331211023274], [-117.16467404757731, 32.71040921100464], [-117.16449104795043, 32.7104072105957], [-117.1639420490492, 32.7104072093671], [-117.16376004941002, 32.7104082089595], [-117.16375505014237, 32.71019720901075], [-117.16374405231761, 32.70956820917224], [-117.16374005304449, 32.70935820922542]]]}}, {"type": "Feature", "properties": {"geo_block": "10100US060730053003013", "block_name": "Block 3013", "neighborhood": "core", "zip": "92101"}, "geometry": {"type": "Polygon", "coordinates": [[[-117.16290203299822, 32.71571120547212], [-117.16308603262107, 32.71571220588321], [-117.16364003148223, 32.71571620712064], [-117.16382503109965, 32.71571820753367], [-117.163826030406, 32.71592020747614], [-117.1638310283176, 32.7165272073077], [-117.1638330276185, 32.71673020725209], [-117.1638330276082, 32.7167332072512], [-117.1638330275774, 32.716742207248544], [-117.16383302756715, 32.716745207247655], [-117.16364902793846, 32.71674620683605], [-117.1630960290511, 32.71675020559871], [-117.16291302941701, 32.71675220518903], [-117.16291302943408, 32.71674720519052], [-117.16291302947168, 32.716736205193776], [-117.16291302947853, 32.716734205194356], [-117.16291003018888, 32.71652820524854], [-117.16290403230013, 32.715914205416595], [-117.16290203299822, 32.71571120547212]]]}}, {"type": "Feature", "properties": {"geo_block": "10100US060730053003012", "block_name": "Block 3012", "neighborhood": "core", "zip": "92101"}, "geometry": {"type": "Polygon", "coordinates": [[[-117.1619880348784, 32.715704203430676], [-117.16217003450535, 32.715705203837295], [-117.16271903337669, 32.71570920506356], [-117.16290203299822, 32.71571120547212], [-117.16290403230013, 32.715914205416595], [-117.16291003018888, 32.71652820524854], [-117.16291302947853, 32.716734205194356], [-117.16291302947168, 32.716736205193776], [-117.16291302943408, 32.71674720519052], [-117.16291302941701, 32.71675220518903], [-117.16273402978157, 32.716752204788904], [-117.16220003086579, 32.716753203594926], [-117.1620220312181, 32.71675620319614], [-117.16202103123378, 32.71675220319508], [-117.16202103127134, 32.71674120319834], [-117.16202103128155, 32.71673820319922], [-117.16201403200245, 32.71653120324468], [-117.16199403416299, 32.715910203383274], [-117.1619880348784, 32.715704203430676]]]}}, {"type": "Feature", "properties": {"geo_block": "10100US060730053003009", "block_name": "Block 3009", "neighborhood": "core", "zip": "92101"}, "geometry": {"type": "Polygon", "coordinates": [[[-117.16111002594137, 32.71884920054038], [-117.16110702665652, 32.71864120059501], [-117.16110102879574, 32.71801720076557], [-117.16109902950544, 32.71781020082213], [-117.16128402913434, 32.71780820123619], [-117.16184002801225, 32.71780420248], [-117.16202602763578, 32.717803202896], [-117.16202602692913, 32.7180102028349], [-117.16202602480236, 32.718633202650985], [-117.16202702408681, 32.718842202591524], [-117.16184302446032, 32.71884320218007], [-117.16129302557333, 32.71884720094989], [-117.16111002594137, 32.71884920054038]]]}}, {"type": "Feature", "properties": {"geo_block": "10100US060730052001034", "block_name": "Block 1034", "neighborhood": "east_village", "zip": "92101"}, "geometry": {"type": "Polygon", "coordinates": [[[-117.14855007609178, 32.7115341745949], [-117.14873107573175, 32.71153317500017], [-117.14927607463757, 32.711533176219575], [-117.14945807427218, 32.71153317662679], [-117.1494590735379, 32.71175217656547], [-117.14946307132305, 32.71241217638286], [-117.14946507058339, 32.71263217632349], [-117.14928107095395, 32.71263217591188], [-117.14872807206756, 32.712632174674816], [-117.14854507243277, 32.71263317426515], [-117.14854507316724, 32.71241317432892], [-117.14854907536596, 32.71175217452947], [-117.14855007609178, 32.7115341745949]]]}}, {"type": "Feature", "properties": {"geo_block": "10100US060730052001038", "block_name": "Block 1038", "neighborhood": "east_village", "zip": "92101"}, "geometry": {"type": "Polygon", "coordinates": [[[-117.15283206747144, 32.71154118417358], [-117.15301406711947, 32.71153718458195], [-117.15356106605495, 32.71152718580875], [-117.1537440656943, 32.711525186218786], [-117.15374706495751, 32.71174218616215], [-117.15375906273773, 32.71239418599866], [-117.1537630619955, 32.71261218594397], [-117.15374606202974, 32.71261218590593], [-117.15358006236401, 32.71261218553459], [-117.15303406346011, 32.71261318431289], [-117.15285306381449, 32.71261618390712], [-117.15284806454753, 32.712401183958626], [-117.15283606674384, 32.711755184120136], [-117.15283206747144, 32.71154118417358]]]}}, {"type": "Feature", "properties": {"geo_block": "10100US060730052001045", "block_name": "Block 1045", "neighborhood": "east_village", "zip": "92101"}, "geometry": {"type": "Polygon", "coordinates": [[[-117.15419506479898, 32.711522187228745], [-117.15428606462301, 32.71152018743294], [-117.15456106407768, 32.71151818804882], [-117.1546530638896, 32.71151918825438], [-117.1546560631551, 32.711735188197956], [-117.15466606093601, 32.71238718802975], [-117.15467006019271, 32.71260518797498], [-117.15457106039206, 32.71260518775352], [-117.15427606097936, 32.71260718709301], [-117.15417806116993, 32.712609186873195], [-117.15409506133707, 32.71260918668753], [-117.15384506183712, 32.71261018612798], [-117.1537630619955, 32.71261218594397], [-117.15375906273773, 32.71239418599866], [-117.15374706495751, 32.71174218616215], [-117.1537440656943, 32.711525186218786], [-117.15383406552036, 32.711523186420735], [-117.15410406498502, 32.71152118702543], [-117.15419506479898, 32.711522187228745]]]}}, {"type": "Feature", "properties": {"geo_block": "10100US060730051002015", "block_name": "Block 2015", "neighborhood": "east_village", "zip": "92101"}, "geometry": {"type": "Polygon", "coordinates": [[[-117.15487807732138, 32.70740418996092], [-117.15553307614641, 32.70736719143834], [-117.15644807450657, 32.70731519350234], [-117.15644807102247, 32.70834519320055], [-117.15556707273839, 32.708356191225036], [-117.15556207313678, 32.708241191247495], [-117.15553907355746, 32.7081301912285], [-117.15553307362677, 32.70811319122003], [-117.155499073995, 32.708024191169955], [-117.1554440744353, 32.707926191075494], [-117.1553750748797, 32.707835190947634], [-117.15528507535902, 32.70774619077217], [-117.15506507642043, 32.70756119033372], [-117.15487807732138, 32.70740418996092]]]}}, {"type": "Feature", "properties": {"geo_block": "10100US060730051001012", "block_name": "Block 1012", "neighborhood": "east_village", "zip": "92101"}, "geometry": {"type": "Polygon", "coordinates": [[[-117.14943009192515, 32.706270178091565], [-117.14961409155778, 32.70627117850335], [-117.1501660904457, 32.70627717973781], [-117.150350090075, 32.70627918014931], [-117.15065308947888, 32.70627818082818], [-117.15156408766656, 32.7062811828675], [-117.15186808706179, 32.70628218354802], [-117.15187008635618, 32.706491183491636], [-117.15187608423602, 32.70711918332222], [-117.1518790835251, 32.707329183267774], [-117.15187908283016, 32.70753618320751], [-117.1518820807159, 32.70816418303136], [-117.15188308001225, 32.708373182972736], [-117.15157208063451, 32.7083721822768], [-117.15116108144235, 32.70837518135583], [-117.15106608168504, 32.7083591811478], [-117.15104408175229, 32.70835218110059], [-117.15064208253214, 32.708358180198886], [-117.15033208313227, 32.708363179503436], [-117.15015208349048, 32.70836317910047], [-117.14961108455701, 32.70836617788847], [-117.14943208490988, 32.70836717748745], [-117.14943108559062, 32.708164177544134], [-117.14943108762678, 32.70755517772088], [-117.1494310883055, 32.70735217777978], [-117.14943008903303, 32.70713517784053], [-117.14943009120297, 32.70648617802888], [-117.14943009192515, 32.706270178091565]]]}}, {"type": "Feature", "properties": {"geo_block": "10100US060730051001006", "block_name": "Block 1006", "neighborhood": "east_village", "zip": "92101"}, "geometry": {"type": "Polygon", "coordinates": [[[-117.14855208317223, 32.70941217521448], [-117.14873108281834, 32.70941117561543], [-117.14927208173859, 32.709411176826336], [-117.14945208137934, 32.70941117722923], [-117.14945008069121, 32.70961817716468], [-117.1494460786128, 32.710242176974624], [-117.14944607791735, 32.71045017691425], [-117.14926607827428, 32.71045117651115], [-117.14872807934115, 32.71045417530631], [-117.14854907969277, 32.71045617490515], [-117.14854908039386, 32.71024617496603], [-117.14855108247984, 32.709620175151954], [-117.14855208317223, 32.70941217521448]]]}}, {"type": "Feature", "properties": {"geo_block": "10100US060730052002012", "block_name": "Block 2012", "neighborhood": "east_village", "zip": "92101"}, "geometry": {"type": "Polygon", "coordinates": [[[-117.15287205103166, 32.71640618284454], [-117.15286905257784, 32.715948182971374], [-117.15286905327392, 32.715741183031724], [-117.15305205290896, 32.715739183441464], [-117.1536020518087, 32.71573418467259], [-117.15378605143496, 32.715734185083974], [-117.15378705073245, 32.71594218502549], [-117.1537910486228, 32.716566184852255], [-117.15379304791486, 32.716775184795715], [-117.15360804828828, 32.71677618438188], [-117.15305604939583, 32.7167811831465], [-117.15287304975517, 32.71678518273626], [-117.15287205046, 32.71657618279497], [-117.15287205103166, 32.71640618284454]]]}}, {"type": "Feature", "properties": {"geo_block": "10100US060730052002011", "block_name": "Block 2011", "neighborhood": "core", "zip": "92101"}, "geometry": {"type": "Polygon", "coordinates": [[[-117.15380605139435, 32.71573418512869], [-117.15398405104291, 32.71573118552753], [-117.15452004995764, 32.7157301867262], [-117.15469904959409, 32.715730187126404], [-117.15470004891408, 32.71593118706989], [-117.1547040468586, 32.7165381869014], [-117.1547060461732, 32.71674018684683], [-117.15470604615633, 32.71674518684537], [-117.15470604610574, 32.71676018684098], [-117.15470604608552, 32.71676618683923], [-117.15452304645488, 32.71676718642986], [-117.15397504755424, 32.716772185203425], [-117.15379304791486, 32.716775184795715], [-117.1537910486228, 32.716566184852255], [-117.15378705073245, 32.71594218502549], [-117.15378605143496, 32.715734185083974], [-117.15379005142687, 32.71573418509291], [-117.15380205140248, 32.71573418511975], [-117.15380605139435, 32.71573418512869]]]}}, {"type": "Feature", "properties": {"geo_block": "10100US060730053003022", "block_name": "Block 3022", "neighborhood": "core", "zip": "92101"}, "geometry": {"type": "Polygon", "coordinates": [[[-117.1638100383404, 32.713612208123315], [-117.16381003809046, 32.71368520810172], [-117.16381003733042, 32.71390720803603], [-117.16381003707707, 32.713981208014125], [-117.16381003662856, 32.71411220797536], [-117.16381303527014, 32.71450720786519], [-117.16381403481276, 32.71464020782807], [-117.16381603407258, 32.71485520776892], [-117.16382203184526, 32.71550220759088], [-117.16382503109965, 32.71571820753367], [-117.16364003148223, 32.71571620712064], [-117.16308603262107, 32.71571220588321], [-117.16290203299822, 32.71571120547212], [-117.16290103358824, 32.715539205520706], [-117.16289903534945, 32.715025205668155], [-117.16289903593062, 32.71485520571839], [-117.16289803640099, 32.714718205756654], [-117.16281103657721, 32.71471820556211], [-117.16246603727257, 32.71471920479032], [-117.16214003793966, 32.71471720406192], [-117.1619970382293, 32.71471720374214], [-117.16199603795823, 32.7147972037163], [-117.16199403734784, 32.7149772036587], [-117.16198903549763, 32.71552220348663], [-117.1619880348784, 32.715704203430676], [-117.16180603525486, 32.71570220302435], [-117.16126203637327, 32.71569820180926], [-117.16108103674428, 32.71569720140488], [-117.16108003746552, 32.715486201464856], [-117.16107703962915, 32.714853201644765], [-117.16107704034152, 32.71464420170638], [-117.16107604104225, 32.7144392017646], [-117.16107304313772, 32.7138262019386], [-117.16107204383505, 32.713622201996515], [-117.16107104456988, 32.71340720205767], [-117.16106804675391, 32.712768202239346], [-117.1610680474799, 32.71255520230214], [-117.1612470471229, 32.71255420270287], [-117.16178504603972, 32.71255420390639], [-117.16196504567732, 32.71255420430906], [-117.16214704532113, 32.71255120471709], [-117.16269604421922, 32.71255020594551], [-117.1628790438508, 32.712550206354884], [-117.16306304348375, 32.7125492067668], [-117.16361704236839, 32.712549208006116], [-117.16380204199592, 32.71254920841997], [-117.1638030412681, 32.712761208359474], [-117.16380803907714, 32.71339820818216], [-117.1638100383404, 32.713612208123315]]]}}, {"type": "Feature", "properties": {"geo_block": "10100US060730056001009", "block_name": "Block 1009", "neighborhood": "cortez", "zip": "92101"}, "geometry": {"type": "Polygon", "coordinates": [[[-117.16386100730519, 32.72264620556398], [-117.1638640061177, 32.72299120546858], [-117.16386700526917, 32.723237205402484], [-117.16368500597507, 32.72314120502451], [-117.16313900808814, 32.72285420389023], [-117.16295800878434, 32.72276020351384], [-117.16295800892452, 32.72271920352597], [-117.16295800897238, 32.722705203530104], [-117.16295600933208, 32.72260120355637], [-117.16295101095956, 32.72212820368502], [-117.1629500114984, 32.721971203729176], [-117.16309401110175, 32.7220002040422], [-117.16312901101917, 32.72200320411948], [-117.1632400107522, 32.72201420436412], [-117.16367500987054, 32.72200920533709], [-117.1638580094959, 32.72200820574608], [-117.16385900865839, 32.72225220567611], [-117.16386100730519, 32.72264620556398]]]}}, {"type": "Feature", "properties": {"geo_block": "10100US060730054002002", "block_name": "Block 2002", "neighborhood": "columbia", "zip": "92101"}, "geometry": {"type": "Polygon", "coordinates": [[[-117.16916700955777, 32.718814218554535], [-117.16916600882767, 32.71902621848913], [-117.16916500662288, 32.719665218296456], [-117.16916500588728, 32.719878218232964], [-117.16898600625844, 32.71987721783336], [-117.16845200734502, 32.71988021663943], [-117.16827400770723, 32.71988121624146], [-117.16827400844868, 32.71966621630546], [-117.16827501065026, 32.719027216497906], [-117.16827601137933, 32.71881521656325], [-117.16845401102165, 32.7188132169616], [-117.16898800992787, 32.71881321815485], [-117.16916700955777, 32.718814218554535]]]}}, {"type": "Feature", "properties": {"geo_block": "10100US060730053003000", "block_name": "Block 3000", "neighborhood": "cortez", "zip": "92101"}, "geometry": {"type": "Polygon", "coordinates": [[[-117.16111002594137, 32.71884920054038], [-117.16129302557333, 32.71884720094989], [-117.16184302446032, 32.71884320218007], [-117.16202702408681, 32.718842202591524], [-117.16202702336994, 32.71905220252953], [-117.16203002119265, 32.71968820234849], [-117.16203102046687, 32.719900202288144], [-117.16184802084621, 32.71989920187959], [-117.16130002196176, 32.7199022006544], [-117.16111802232882, 32.7199042002472], [-117.16111602305217, 32.719693200304945], [-117.1611110252201, 32.719060200480406], [-117.16111002594137, 32.71884920054038]]]}}, {"type": "Feature", "properties": {"geo_block": "10100US060730053003029", "block_name": "Block 3029", "neighborhood": "marina", "zip": "92101"}, "geometry": {"type": "Polygon", "coordinates": [[[-117.1610370511857, 32.711486202547945], [-117.16121905082717, 32.71148420295575], [-117.16176504974138, 32.7114812041783], [-117.16194804937746, 32.71148020458804], [-117.16195104864437, 32.71169320453188], [-117.16196104641924, 32.71233920436357], [-117.16196504567732, 32.71255420430906], [-117.16178504603972, 32.71255420390639], [-117.1612470471229, 32.71255420270287], [-117.1610680474799, 32.71255520230214], [-117.16106104822678, 32.71234020234987], [-117.16104305044772, 32.71169920249858], [-117.1610370511857, 32.711486202547945]]]}}, {"type": "Feature", "properties": {"geo_block": "10100US060730052002008", "block_name": "Block 2008", "neighborhood": "core", "zip": "92101"}, "geometry": {"type": "Polygon", "coordinates": [[[-117.15561404423943, 32.71676518886924], [-117.15579804386806, 32.71676418928084], [-117.15634904274575, 32.71676419051253], [-117.15653404236217, 32.716766190925476], [-117.1565350416463, 32.71697719086589], [-117.15653903949661, 32.71761019068934], [-117.15654103877529, 32.71782219063169], [-117.15635703915116, 32.71782219022047], [-117.15580404027067, 32.71782518898365], [-117.15562104064111, 32.717826188574364], [-117.15561904136469, 32.71761318863223], [-117.15561504352127, 32.71697718880942], [-117.15561404423943, 32.71676518886924]]]}}, {"type": "Feature", "properties": {"geo_block": "10100US060730052002006", "block_name": "Block 2006", "neighborhood": "core", "zip": "92101"}, "geometry": {"type": "Polygon", "coordinates": [[[-117.15380704432984, 32.71783118451871], [-117.15380404504995, 32.7176191845739], [-117.15379504720018, 32.71698618473859], [-117.15379304791486, 32.716775184795715], [-117.15397504755424, 32.716772185203425], [-117.15452304645488, 32.71676718642986], [-117.15470604608552, 32.71676618683923], [-117.15470804536639, 32.71697818678174], [-117.15471404320895, 32.71761418660924], [-117.15471704248439, 32.71782718655368], [-117.15453504285618, 32.71782718614691], [-117.15398804396347, 32.71783018492353], [-117.15380704432984, 32.71783118451871]]]}}, {"type": "Feature", "properties": {"geo_block": "10100US060730052002002", "block_name": "Block 2002", "neighborhood": "core", "zip": "92101"}, "geometry": {"type": "Polygon", "coordinates": [[[-117.15562104064111, 32.717826188574364], [-117.15580404027067, 32.71782518898365], [-117.15635703915116, 32.71782219022047], [-117.15654103877529, 32.71782219063169], [-117.15654303806076, 32.71803219057462], [-117.15654903591368, 32.71866319040313], [-117.15655203519367, 32.718874190348], [-117.15636703557267, 32.71887418993461], [-117.15581303670423, 32.71887518869639], [-117.15562903707105, 32.71887818828436], [-117.15562703778792, 32.718667188341634], [-117.15562203992968, 32.71803618851514], [-117.15562104064111, 32.717826188574364]]]}}, {"type": "Feature", "properties": {"geo_block": "10100US060730052001035", "block_name": "Block 1035", "neighborhood": "east_village", "zip": "92101"}, "geometry": {"type": "Polygon", "coordinates": [[[-117.14855606890507, 32.713683173985395], [-117.1485530696122, 32.71347317403955], [-117.14854707173433, 32.71284117420934], [-117.14854507243277, 32.71263317426515], [-117.14872807206756, 32.712632174674816], [-117.14928107095395, 32.71263217591188], [-117.14946507058339, 32.71263217632349], [-117.14946606988592, 32.71284017626536], [-117.14947106778267, 32.713466176094855], [-117.14947306707644, 32.713676176038376], [-117.14928906744471, 32.71367717562656], [-117.1487390685455, 32.71368017439556], [-117.14855606890507, 32.713683173985395]]]}}, {"type": "Feature", "properties": {"geo_block": "10100US060730052001020", "block_name": "Block 1020", "neighborhood": "east_village", "zip": "92101"}, "geometry": {"type": "Polygon", "coordinates": [[[-117.14814206620805, 32.71474217275264], [-117.14812106637737, 32.714704172716694], [-117.14806106686582, 32.71459417261439], [-117.14804206702438, 32.71455817258232], [-117.14799306737041, 32.714484172494195], [-117.147947067697, 32.71441417241159], [-117.14783806837107, 32.714278172207216], [-117.14783306839784, 32.71427317219749], [-117.14777506873192, 32.7142081720866], [-117.14777406888396, 32.71416317209739], [-117.14777206933816, 32.71402817213201], [-117.14777206948821, 32.71398317214504], [-117.14777106969359, 32.713922172160466], [-117.14776907029446, 32.71374317220782], [-117.14776907049452, 32.7136831722252], [-117.14782007039152, 32.71368317233926], [-117.1479740700805, 32.713683172683695], [-117.14802606997212, 32.71368417279971], [-117.1481190697843, 32.71368417300771], [-117.14839806922082, 32.71368417363172], [-117.148491069033, 32.713684173839724], [-117.14849106854228, 32.71383117379712], [-117.14849306760019, 32.71411217372014], [-117.14849406706068, 32.714273173675714], [-117.14849606656257, 32.71442117363729], [-117.14849606635893, 32.71448217361961], [-117.14849706594967, 32.71460417358648], [-117.14851706574892, 32.71465217361729], [-117.14852506570935, 32.71465917363316], [-117.1485500655619, 32.71468817368065], [-117.14857006547132, 32.71470317372103], [-117.1485710647615, 32.71491517366181], [-117.14857506262996, 32.715551173486396], [-117.14857706191475, 32.715764173429115], [-117.1485240620224, 32.71576417331062], [-117.14836606233999, 32.715765172957084], [-117.1483140624423, 32.71576617284053], [-117.14832806301123, 32.715587172923705], [-117.14832706311672, 32.715556172930455], [-117.1483220636642, 32.71539517296593], [-117.14830106425411, 32.7152311729665], [-117.14826106491918, 32.71505617292777], [-117.14822106540404, 32.71493517287338], [-117.14820806555717, 32.714897172855316], [-117.14814206620805, 32.71474217275264]]]}}, {"type": "Feature", "properties": {"geo_block": "10100US060730052001013", "block_name": "Block 1013", "neighborhood": "east_village", "zip": "92101"}, "geometry": {"type": "Polygon", "coordinates": [[[-117.15196905283888, 32.71641518082325], [-117.15197005226943, 32.716584180776266], [-117.15197205156022, 32.716794180719575], [-117.1516610521904, 32.71679518002409], [-117.15072805406075, 32.716804177935884], [-117.15041805467887, 32.71680817724176], [-117.15041605539626, 32.71659517729919], [-117.15041005752167, 32.715964177469154], [-117.15040805823234, 32.715753177526004], [-117.15071905761071, 32.715750178222194], [-117.15165305573035, 32.71574518031187], [-117.1519650551, 32.71574418100972], [-117.15196605439289, 32.71595418095079], [-117.15196905283888, 32.71641518082325]]]}}, {"type": "Feature", "properties": {"geo_block": "10100US060730056002053", "block_name": "Block 2053", "neighborhood": "cortez", "zip": "92101"}, "geometry": {"type": "Polygon", "coordinates": [[[-117.15838902086996, 32.721986193538655], [-117.15839002015528, 32.7221961934792], [-117.1583930179942, 32.722831193299356], [-117.15839401792087, 32.72285219329542], [-117.15838301781132, 32.7228911932594], [-117.15835701774641, 32.72292619319106], [-117.15832001773143, 32.72295319310051], [-117.15827501777036, 32.72296919299533], [-117.15826201779048, 32.72297119296571], [-117.15810601811702, 32.722970192617666], [-117.15764001907554, 32.722972191576545], [-117.15748501938982, 32.72297419122985], [-117.1574830200615, 32.72277719128319], [-117.15747702206629, 32.72218919144231], [-117.15747502273453, 32.72199319149536], [-117.1576570223687, 32.721990191902705], [-117.15820602124465, 32.72198719312967], [-117.15838902086996, 32.721986193538655]]]}}, {"type": "Feature", "properties": {"geo_block": "10100US060730056002050", "block_name": "Block 2050", "neighborhood": "cortez", "zip": "92101"}, "geometry": {"type": "Polygon", "coordinates": [[[-117.15931101678326, 32.72262819540892], [-117.15931201670641, 32.72265019540469], [-117.15931301658878, 32.72268419539692], [-117.15932101597745, 32.722859195363306], [-117.1591360160412, 32.722953194922574], [-117.15897801609331, 32.72303419454596], [-117.15856201641209, 32.723194193570066], [-117.15836901655423, 32.723270193116804], [-117.15802701711739, 32.72331319234056], [-117.15726901836045, 32.72341019061967], [-117.15700301897304, 32.723392190031035], [-117.15666001975882, 32.72337018927165], [-117.15648702019534, 32.72334718889212], [-117.1562010209135, 32.723310188264385], [-117.15597402154302, 32.72326318777131], [-117.15580402201373, 32.72322818740197], [-117.155682022449, 32.723174187145375], [-117.15555902288634, 32.72312018688655], [-117.15537702392194, 32.72292518653721], [-117.15528602443116, 32.72283018636181], [-117.1552680259843, 32.722381186452964], [-117.15525402730623, 32.72199818653374], [-117.15527002848184, 32.72164018667419], [-117.15530002944965, 32.72133518683042], [-117.15537803025789, 32.721048187088606], [-117.15549703147165, 32.72061618748082], [-117.15553603186424, 32.72047618760892], [-117.15561203259963, 32.72021218785596], [-117.15563903305085, 32.720062187960174], [-117.15563903307113, 32.72005618796192], [-117.15565203353086, 32.71991218803311], [-117.15613703255141, 32.71990718911814], [-117.15655903170138, 32.719902190062406], [-117.15656003099221, 32.72011119000339], [-117.1565650288606, 32.72073818983082], [-117.15656702814262, 32.72094918977346], [-117.15640402847166, 32.72095118940878], [-117.15591802944927, 32.72095818832114], [-117.15575702977081, 32.72096118796063], [-117.15572602981781, 32.72096618788993], [-117.15570002981394, 32.720983187826874], [-117.15568502976376, 32.72100718778634], [-117.15568502934146, 32.72113218774976], [-117.15568602713331, 32.72178518756086], [-117.15568702639477, 32.72200318749928], [-117.15568702572922, 32.72220018744163], [-117.15568702372921, 32.722792187268354], [-117.15568702306031, 32.7229901872104], [-117.15586502270168, 32.72298718760874], [-117.15639902161917, 32.72298018880316], [-117.15657802125513, 32.72297818920344], [-117.15675902088695, 32.72297618960818], [-117.15730301976686, 32.722974190823464], [-117.15748501938982, 32.72297419122985], [-117.15764001907554, 32.722972191576545], [-117.15810601811702, 32.722970192617666], [-117.15826201779048, 32.72297119296571], [-117.15827501777036, 32.72296919299533], [-117.15832001773143, 32.72295319310051], [-117.15835701774641, 32.72292619319106], [-117.15838301781132, 32.7228911932594], [-117.15839401792087, 32.72285219329542], [-117.1583930179942, 32.722831193299356], [-117.15839002015528, 32.7221961934792], [-117.15838902086996, 32.721986193538655], [-117.15857102049733, 32.72198519394541], [-117.15911901936522, 32.72198519516926], [-117.15930201898033, 32.72198719557736], [-117.15930401838484, 32.72216119553065], [-117.15931101678326, 32.72262819540892]]]}}, {"type": "Feature", "properties": {"geo_block": "10100US060730053002015", "block_name": "Block 2015", "neighborhood": "gaslamp", "zip": "92101"}, "geometry": {"type": "Polygon", "coordinates": [[[-117.16012105301087, 32.71149020049726], [-117.16030405265032, 32.7114882009073], [-117.16085305155507, 32.71148620213625], [-117.1610370511857, 32.711486202547945], [-117.16104305044772, 32.71169920249858], [-117.16106104822678, 32.71234020234987], [-117.1610680474799, 32.71255520230214], [-117.16088204784754, 32.71255720188547], [-117.1603240489506, 32.71256320063544], [-117.16013804931826, 32.712565200218755], [-117.16013405005802, 32.71235020027311], [-117.16012405227656, 32.711704200440956], [-117.16012105301087, 32.71149020049726]]]}}, {"type": "Feature", "properties": {"geo_block": "10100US060730053002002", "block_name": "Block 2002", "neighborhood": "core", "zip": "92101"}, "geometry": {"type": "Polygon", "coordinates": [[[-117.15833604581401, 32.714667195570186], [-117.15851904545022, 32.71466519598], [-117.15906904434998, 32.714661197211086], [-117.15925304398077, 32.714660197622834], [-117.15925404326852, 32.7148691975636], [-117.15925804112626, 32.71549719738785], [-117.15926004040855, 32.71570719733056], [-117.15907604078562, 32.71570619691947], [-117.15852304189856, 32.7157091956822], [-117.15834004226343, 32.71571119527246], [-117.15833904297465, 32.71550219533162], [-117.15833604510823, 32.714875195509094], [-117.15833604581401, 32.714667195570186]]]}}, {"type": "Feature", "properties": {"geo_block": "10100US060730053001018", "block_name": "Block 1018", "neighborhood": "core", "zip": "92101"}, "geometry": {"type": "Polygon", "coordinates": [[[-117.15743004409806, 32.71571519323672], [-117.15761104373384, 32.71571419364169], [-117.15815804263308, 32.71571119486555], [-117.15834004226343, 32.71571119527246], [-117.15834104156241, 32.71591719521419], [-117.15834603943146, 32.71654219504177], [-117.15834803872163, 32.716750194985146], [-117.15834803871483, 32.71675219498456], [-117.1583480386843, 32.71676119498191], [-117.15834803867412, 32.71676419498103], [-117.15816503904686, 32.71676419457196], [-117.1576160401651, 32.71676419334474], [-117.1574340405324, 32.71676519293761], [-117.15743404054255, 32.71676219293849], [-117.15743404057304, 32.716753192941134], [-117.15743404057983, 32.71675119294172], [-117.15743304128998, 32.7165421930008], [-117.15743004339672, 32.715922193176], [-117.15743004409806, 32.71571519323672]]]}}, {"type": "Feature", "properties": {"geo_block": "10100US060730053001017", "block_name": "Block 1017", "neighborhood": "core", "zip": "92101"}, "geometry": {"type": "Polygon", "coordinates": [[[-117.15834004226343, 32.71571119527246], [-117.15852304189856, 32.7157091956822], [-117.15907604078562, 32.71570619691947], [-117.15926004040855, 32.71570719733056], [-117.15926203970103, 32.71591419727415], [-117.15926803756487, 32.71653919710375], [-117.1592710368485, 32.716748197048986], [-117.1592710368417, 32.7167501970484], [-117.15927103680431, 32.71676119704516], [-117.15927103679073, 32.71676519704398], [-117.15908603717095, 32.716764196630734], [-117.15853203829931, 32.71676419539234], [-117.15834803867412, 32.71676419498103], [-117.1583480386843, 32.71676119498191], [-117.15834803871483, 32.71675219498456], [-117.15834803872163, 32.716750194985146], [-117.15834603943146, 32.71654219504177], [-117.15834104156241, 32.71591719521419], [-117.15834004226343, 32.71571119527246]]]}}, {"type": "Feature", "properties": {"geo_block": "10100US060730053001013", "block_name": "Block 1013", "neighborhood": "core", "zip": "92101"}, "geometry": {"type": "Polygon", "coordinates": [[[-117.15927103679073, 32.71676519704398], [-117.15944903643155, 32.716764197442174], [-117.15998603533778, 32.716764198642565], [-117.16016503497318, 32.7167641990427], [-117.16016603425984, 32.71697319898338], [-117.16017103211571, 32.717600198809926], [-117.16017303139354, 32.71781119875227], [-117.15999403175915, 32.71781119835221], [-117.15946003284994, 32.717811197158746], [-117.15928203320675, 32.71781319676033], [-117.15927903392654, 32.7176031968154], [-117.15927303607636, 32.71697419698698], [-117.15927103679073, 32.71676519704398]]]}}, {"type": "Feature", "properties": {"geo_block": "10100US060730051002032", "block_name": "Block 2032", "neighborhood": "east_village", "zip": "92101"}, "geometry": {"type": "Polygon", "coordinates": [[[-117.15034209356662, 32.70524118043301], [-117.15034109287545, 32.70544818037063], [-117.15034109192443, 32.7057321802881], [-117.15034609078276, 32.70607018020108], [-117.150350090075, 32.70627918014931], [-117.1501660904457, 32.70627717973781], [-117.14961409155778, 32.70627117850335], [-117.14943009192515, 32.706270178091565], [-117.14943009261391, 32.70606417815135], [-117.14943109466483, 32.70545017833179], [-117.14943209534827, 32.70524517839352], [-117.149432095365, 32.705240178394966], [-117.14943209541181, 32.70522617839903], [-117.1494320954252, 32.7052221784002], [-117.14961409506618, 32.705222178807865], [-117.15015909398787, 32.70522318002834], [-117.15034209362354, 32.70522418043795], [-117.15034209361349, 32.70522718043708], [-117.15034209358001, 32.705237180434175], [-117.15034209356662, 32.70524118043301]]]}}, {"type": "Feature", "properties": {"geo_block": "10100US060730051002033", "block_name": "Block 2033", "neighborhood": "east_village", "zip": "92101"}, "geometry": {"type": "Polygon", "coordinates": [[[-117.14853209715034, 32.7052371763799], [-117.14871209680528, 32.70523417678396], [-117.1492520957702, 32.705225177996134], [-117.1494320954252, 32.7052221784002], [-117.14943209541181, 32.70522617839903], [-117.149432095365, 32.705240178394966], [-117.14943209534827, 32.70524517839352], [-117.14943109466483, 32.70545017833179], [-117.14943009261391, 32.70606417815135], [-117.14943009192515, 32.706270178091565], [-117.14924809228854, 32.70626917768426], [-117.14870409337142, 32.70626717646654], [-117.14852309372614, 32.706268176060895], [-117.1485240944052, 32.70606417612227], [-117.14853009642648, 32.70545517631223], [-117.14853209710026, 32.70525217637555], [-117.14853209711359, 32.70524817637671], [-117.1485320971403, 32.705240176379036], [-117.14853209715034, 32.7052371763799]]]}}, {"type": "Feature", "properties": {"geo_block": "10100US060730051002034", "block_name": "Block 2034", "neighborhood": "east_village", "zip": "92101"}, "geometry": {"type": "Polygon", "coordinates": [[[-117.14757009905122, 32.705236174225384], [-117.1477620986725, 32.705236174655454], [-117.14833909753435, 32.70523617594789], [-117.14853209715034, 32.7052371763799], [-117.1485320971403, 32.705240176379036], [-117.14853209711359, 32.70524817637671], [-117.14853209710026, 32.70525217637555], [-117.14853009642648, 32.70545517631223], [-117.1485240944052, 32.70606417612227], [-117.14852309372614, 32.706268176060895], [-117.14836409403736, 32.70626917570453], [-117.147888094969, 32.70627217463765], [-117.14773009527491, 32.70627417428322], [-117.14771509599473, 32.70606717430957], [-117.1477080963386, 32.70596817432256], [-117.14766609742173, 32.70566817431534], [-117.1476220982253, 32.705453174279036], [-117.1476110984337, 32.705397174270615], [-117.14757409898999, 32.705252174229706], [-117.14757309900531, 32.70524817422863], [-117.14757009904123, 32.705239174224516], [-117.14757009905122, 32.705236174225384]]]}}, {"type": "Feature", "properties": {"geo_block": "10100US060730051001010", "block_name": "Block 1010", "neighborhood": "east_village", "zip": "92101"}, "geometry": {"type": "Polygon", "coordinates": [[[-117.14943208490988, 32.70836717748745], [-117.14961108455701, 32.70836617788847], [-117.15015208349048, 32.70836317910047], [-117.15033208313227, 32.708363179503436], [-117.15033508241977, 32.70857417944884], [-117.1503450802802, 32.7092071792873], [-117.15034907956567, 32.70941817923494], [-117.15016907993162, 32.709416178832626], [-117.14963108101875, 32.70941217762959], [-117.14945208137934, 32.70941117722923], [-117.14944808208617, 32.709202177280936], [-117.14943608420646, 32.708575177436046], [-117.14943208490988, 32.70836717748745]]]}}, {"type": "Feature", "properties": {"geo_block": "10100US060730054002000", "block_name": "Block 2000", "neighborhood": "core", "zip": "92101"}, "geometry": {"type": "Polygon", "coordinates": [[[-117.16648801502446, 32.71882021256638], [-117.1666680146592, 32.71881921296889], [-117.16720701356549, 32.71881621417421], [-117.1673880131948, 32.718816214578666], [-117.16738901245922, 32.71902921451757], [-117.16739401024502, 32.71966921433845], [-117.16739600950395, 32.71988321427929], [-117.16721400987782, 32.71988321387268], [-117.16667001099533, 32.71988321265731], [-117.1664890113637, 32.71988421225263], [-117.16648801209817, 32.719671212313656], [-117.16648801429547, 32.71903221250342], [-117.16648801502446, 32.71882021256638]]]}}, {"type": "Feature", "properties": {"geo_block": "10100US060730054004009", "block_name": "Block 4009", "neighborhood": "marina", "zip": "92101"}, "geometry": {"type": "Polygon", "coordinates": [[[-117.16558104575518, 32.7104112130338], [-117.16558404502126, 32.71062321297764], [-117.16559404281743, 32.71125921281137], [-117.16559804207806, 32.71147221275714], [-117.16541504245224, 32.71147021234828], [-117.1648670435694, 32.71146521112363], [-117.16468504393472, 32.71146521071641], [-117.16468204466761, 32.71125321077251], [-117.1646760468499, 32.7106202109466], [-117.16467404757731, 32.71040921100464], [-117.16485504721506, 32.7104092114097], [-117.16539904612289, 32.710410212626805], [-117.16558104575518, 32.7104112130338]]]}}, {"type": "Feature", "properties": {"geo_block": "10100US060730054004005", "block_name": "Block 4005", "neighborhood": "gaslamp", "zip": "92101"}, "geometry": {"type": "Polygon", "coordinates": [[[-117.1610360548413, 32.71041420286175], [-117.16121605448106, 32.71041420326456], [-117.16175605339687, 32.710415204472724], [-117.16193705303121, 32.71041620487749], [-117.16193905230361, 32.71062820481938], [-117.1619450501105, 32.7112672046442], [-117.16194804937746, 32.71148020458804], [-117.16176504974138, 32.7114812041783], [-117.16121905082717, 32.71148420295575], [-117.1610370511857, 32.711486202547945], [-117.16103605192046, 32.7112712026091], [-117.16103605411196, 32.71062820279865], [-117.1610360548413, 32.71041420286175]]]}}, {"type": "Feature", "properties": {"geo_block": "10100US060730056001024", "block_name": "Block 1024", "neighborhood": "cortez", "zip": "92101"}, "geometry": {"type": "Polygon", "coordinates": [[[-117.1639580093167, 32.722000205971774], [-117.16411900902516, 32.72198820633489], [-117.16452200828512, 32.721961207242906], [-117.16460500812393, 32.72195820742916], [-117.16476800779749, 32.72195520779408], [-117.1647710070815, 32.72216220773945], [-117.16478100490392, 32.72279120757541], [-117.16478500417895, 32.72300020752242], [-117.1647380041803, 32.72302820740918], [-117.16459600418652, 32.723112207067224], [-117.16455000418242, 32.72314120695592], [-117.1645380042793, 32.72312020693535], [-117.16445300521286, 32.722899206811014], [-117.16427600715897, 32.722438206552276], [-117.16420500778203, 32.722299206434876], [-117.16413400831249, 32.72218720630948], [-117.16411300846892, 32.72215420627236], [-117.16403800895276, 32.72205820613327], [-117.1639740092528, 32.72200920600484], [-117.1639580093167, 32.722000205971774]]]}}, {"type": "Feature", "properties": {"geo_block": "10100US060730051002040", "block_name": "Block 2040", "neighborhood": "east_village", "zip": "92101"}, "geometry": {"type": "Polygon", "coordinates": [[[-117.15165609101831, 32.705228183380065], [-117.15188309056383, 32.70523018388794], [-117.15256608919309, 32.70523718541578], [-117.15265808900827, 32.70523818562156], [-117.15279108878626, 32.705226185922974], [-117.1527860887524, 32.70523918590798], [-117.15279508851947, 32.70530318590948], [-117.15279708819949, 32.70539718588656], [-117.15279808808657, 32.705430185879166], [-117.15261808845861, 32.70542518547746], [-117.15208008956739, 32.70541118427649], [-117.15190108993075, 32.705408183876436], [-117.15185109015026, 32.70537218377492], [-117.15170409080278, 32.7052641834771], [-117.15167409093581, 32.70524218341631], [-117.15165609101831, 32.705228183380065]]]}}, {"type": "Feature", "properties": {"geo_block": "10100US060730056001022", "block_name": "Block 1022", "neighborhood": "cortez", "zip": "92101"}, "geometry": {"type": "Polygon", "coordinates": [[[-117.16385601321502, 32.72092320606269], [-117.16385501392584, 32.720716206121715], [-117.16385201604801, 32.72009820629789], [-117.16385201675334, 32.71989220635885], [-117.1640300163911, 32.71989120675683], [-117.16456701529825, 32.71988820795744], [-117.16474601493051, 32.719888208357354], [-117.16474801422007, 32.720094208300786], [-117.16475701208243, 32.72071220813779], [-117.16476001136647, 32.72091920808316], [-117.16457901174276, 32.720918207679155], [-117.16403601285106, 32.720921206465356], [-117.16385601321502, 32.72092320606269]]]}}, {"type": "Feature", "properties": {"geo_block": "10100US060730056001013", "block_name": "Block 1013", "neighborhood": "cortez", "zip": "92101"}, "geometry": {"type": "Polygon", "coordinates": [[[-117.16019402424068, 32.71990019818404], [-117.16037802386607, 32.71989919859542], [-117.16093302271571, 32.71990219983448], [-117.16111802232882, 32.7199042002472], [-117.16112002162252, 32.72011020019093], [-117.161126019507, 32.72072720002242], [-117.16112901879181, 32.72093519996778], [-117.16094301917501, 32.720935199552315], [-117.1603870203204, 32.720935198310364], [-117.16020202069814, 32.720936197896826], [-117.1602000214136, 32.72072719795392], [-117.16019502353407, 32.720107198125326], [-117.16019402424068, 32.71990019818404]]]}}, {"type": "Feature", "properties": {"geo_block": "10100US060730056001012", "block_name": "Block 1012", "neighborhood": "cortez", "zip": "92101"}, "geometry": {"type": "Polygon", "coordinates": [[[-117.159297026097, 32.71989619618121], [-117.15947602572926, 32.71989619658111], [-117.16001402461383, 32.7198991977822], [-117.16019402424068, 32.71990019818404], [-117.16019502353407, 32.720107198125326], [-117.1602000214136, 32.72072719795392], [-117.16020202069814, 32.720936197896826], [-117.1600210210744, 32.72093519749282], [-117.15948102218687, 32.72093519628662], [-117.15930102255086, 32.72093719588397], [-117.15930002326662, 32.720727195943496], [-117.1592970253901, 32.720104196120026], [-117.159297026097, 32.71989619618121]]]}}, {"type": "Feature", "properties": {"geo_block": "10100US060730056001001", "block_name": "Block 1001", "neighborhood": "cortez", "zip": "92101"}, "geometry": {"type": "Polygon", "coordinates": [[[-117.15931101678326, 32.72262819540892], [-117.15930401838484, 32.72216119553065], [-117.15930201898033, 32.72198719557736], [-117.15948401860432, 32.72198719598383], [-117.16003001747293, 32.72198819720291], [-117.16021301709142, 32.721989197611315], [-117.16021401666391, 32.72211419757674], [-117.16021701584766, 32.722352197513345], [-117.16021801537248, 32.722491197474646], [-117.16021901493814, 32.72261819743948], [-117.16003901514732, 32.7226661970234], [-117.1595000157768, 32.72280919577773], [-117.15932101597745, 32.722859195363306], [-117.15931301658878, 32.72268419539692], [-117.15931201670641, 32.72265019540469], [-117.15931101678326, 32.72262819540892]]]}}, {"type": "Feature", "properties": {"geo_block": "10100US060730056001019", "block_name": "Block 1019", "neighborhood": "cortez", "zip": "92101"}, "geometry": {"type": "Polygon", "coordinates": [[[-117.16385601321502, 32.72092320606269], [-117.16385601250283, 32.72113120600114], [-117.1638560103697, 32.72175420581677], [-117.16385700965203, 32.721963205757156], [-117.16385700962464, 32.72197120575479], [-117.16385700952878, 32.72199920574651], [-117.1638580094959, 32.72200820574608], [-117.16367500987054, 32.72200920533709], [-117.1632400107522, 32.72201420436412], [-117.16312901101917, 32.72200320411948], [-117.16309401110175, 32.7220002040422], [-117.1629500114984, 32.721971203729176], [-117.16294801221706, 32.72176220378649], [-117.16294401436896, 32.721135203962874], [-117.16294301508213, 32.72092720402212], [-117.16312501471748, 32.720924204429544], [-117.16367301359202, 32.72092320565392], [-117.16385601321502, 32.72092320606269]]]}}, {"type": "Feature", "properties": {"geo_block": "10100US060730054004030", "block_name": "Block 4030", "neighborhood": "east_village", "zip": "92101"}, "geometry": {"type": "Polygon", "coordinates": [[[-117.15825607443074, 32.706280197854625], [-117.15825607412201, 32.706371197827906], [-117.15825907318985, 32.70664419775445], [-117.15826107287715, 32.70673519773219], [-117.15826207249859, 32.706846197701836], [-117.15826507135606, 32.70718119761016], [-117.1582670709721, 32.70729319758173], [-117.15825707099194, 32.70729319755934], [-117.15735607277274, 32.70729519554131], [-117.15735207471167, 32.70672519569957], [-117.15734907631318, 32.70625419583102], [-117.15825607443074, 32.706280197854625]]]}}, {"type": "Feature", "properties": {"geo_block": "10100US060730054004015", "block_name": "Block 4015", "neighborhood": "east_village", "zip": "92101"}, "geometry": {"type": "Polygon", "coordinates": [[[-117.15737506561389, 32.70939719496721], [-117.15756006524808, 32.709396195381586], [-117.15811806413447, 32.70939619663055], [-117.15830406376325, 32.70939619704687], [-117.15830006307567, 32.70960119697771], [-117.15828906101439, 32.71021519677274], [-117.15828606032146, 32.71042119670552], [-117.15810506067356, 32.710424196299584], [-117.15756506172724, 32.71043219508878], [-117.15738506207396, 32.71043619468479], [-117.15738306278261, 32.710228194741326], [-117.15737706490863, 32.709604194910966], [-117.15737506561389, 32.70939719496721]]]}}, {"type": "Feature", "properties": {"geo_block": "10100US060730054004003", "block_name": "Block 4003", "neighborhood": "gaslamp", "zip": "92101"}, "geometry": {"type": "Polygon", "coordinates": [[[-117.15920605656703, 32.710984198598794], [-117.15920705693884, 32.710874198633384], [-117.15920605804179, 32.71055019872643], [-117.15920605840878, 32.71044219875819], [-117.15938805805808, 32.71043819916665], [-117.15993605699187, 32.71042920039566], [-117.16011905663237, 32.71042720080578], [-117.16011905591093, 32.71063920074336], [-117.16012005374112, 32.71127620055804], [-117.16012105301087, 32.71149020049726], [-117.1599380533714, 32.71149220008721], [-117.15939205444367, 32.71149919886351], [-117.15921005479883, 32.711502198455406], [-117.15920905515766, 32.71139719848405], [-117.15920805621985, 32.711085198573564], [-117.15920605656703, 32.710984198598794]]]}}, {"type": "Feature", "properties": {"geo_block": "10100US060730054004002", "block_name": "Block 4002", "neighborhood": "east_village", "zip": "92101"}, "geometry": {"type": "Polygon", "coordinates": [[[-117.15829705841297, 32.710977196566816], [-117.15829505879697, 32.71086519659524], [-117.15828805994424, 32.71053119667768], [-117.15828606032146, 32.71042119670552], [-117.1584700599396, 32.71042519711611], [-117.15902205879402, 32.71043719834789], [-117.15920605840878, 32.71044219875819], [-117.15920605804179, 32.71055019872643], [-117.15920705693884, 32.710874198633384], [-117.15920605656703, 32.710984198598794], [-117.15920805621985, 32.711085198573564], [-117.15920905515766, 32.71139719848405], [-117.15921005479883, 32.711502198455406], [-117.15903005516017, 32.71150219805267], [-117.15848905624284, 32.71150319684191], [-117.15831005659878, 32.71150419644112], [-117.15830705696787, 32.71139719646583], [-117.1583000580541, 32.711081196542985], [-117.15829705841297, 32.710977196566816]]]}}, {"type": "Feature", "properties": {"geo_block": "10100US060730054003000", "block_name": "Block 3000", "neighborhood": "marina", "zip": "92101"}, "geometry": {"type": "Polygon", "coordinates": [[[-117.16650604025195, 32.71147321478846], [-117.16668203989869, 32.71147321518226], [-117.1672130388328, 32.71147321637035], [-117.16739003847061, 32.711475216765784], [-117.16738803774457, 32.71168721669827], [-117.16738203556646, 32.71232321649576], [-117.167381034835, 32.71253621643019], [-117.16720203519534, 32.71253621602976], [-117.16666503626617, 32.71253921482758], [-117.1664870366211, 32.71254021442909], [-117.16649003735091, 32.71232621449935], [-117.16650203952756, 32.71168621471625], [-117.16650604025195, 32.71147321478846]]]}}, {"type": "Feature", "properties": {"geo_block": "10100US060730054002019", "block_name": "Block 2019", "neighborhood": "columbia", "zip": "92101"}, "geometry": {"type": "Polygon", "coordinates": [[[-117.16737902043444, 32.71671921518203], [-117.16755902007819, 32.71671621558529], [-117.16809901899568, 32.71671121679389], [-117.1682800186236, 32.7167122171982], [-117.16828001848567, 32.71675221718629], [-117.16827901790144, 32.71692221713345], [-117.16827801572049, 32.717555216942785], [-117.16827801498593, 32.717768216879385], [-117.16809901535154, 32.71776821647933], [-117.16756201644834, 32.71776821527914], [-117.16738401680844, 32.71776921488102], [-117.16738301753709, 32.71755821494152], [-117.16738001970923, 32.71692921512183], [-117.16737902043444, 32.71671921518203]]]}}, {"type": "Feature", "properties": {"geo_block": "10100US060730054002015", "block_name": "Block 2015", "neighborhood": "columbia", "zip": "92101"}, "geometry": {"type": "Polygon", "coordinates": [[[-117.16649001863092, 32.717770212882655], [-117.16666801827081, 32.71776921328078], [-117.16720501717404, 32.71776921448096], [-117.16738401680844, 32.71776921488102], [-117.16738401609216, 32.71797721481918], [-117.16738701392342, 32.71860521463917], [-117.1673880131948, 32.718816214578666], [-117.16720701356549, 32.71881621417421], [-117.1666680146592, 32.71881921296889], [-117.16648801502446, 32.71882021256638], [-117.16648801575, 32.71860921262903], [-117.16648901791088, 32.71798021281806], [-117.16649001863092, 32.717770212882655]]]}}, {"type": "Feature", "properties": {"geo_block": "10100US060730054002016", "block_name": "Block 2016", "neighborhood": "core", "zip": "92101"}, "geometry": {"type": "Polygon", "coordinates": [[[-117.16738401680844, 32.71776921488102], [-117.16756201644834, 32.71776821527914], [-117.16809901535154, 32.71776821647933], [-117.16827801498593, 32.717768216879385], [-117.16827701426723, 32.71797721681494], [-117.16827601210353, 32.71860521662577], [-117.16827601137933, 32.71881521656325], [-117.16809801174394, 32.7188152161655], [-117.16756501283565, 32.718815214974484], [-117.1673880131948, 32.718816214578666], [-117.16738701392342, 32.71860521463917], [-117.16738401609216, 32.71797721481918], [-117.16738401680844, 32.71776921488102]]]}}, {"type": "Feature", "properties": {"geo_block": "10100US060730054001011", "block_name": "Block 1011", "neighborhood": "marina", "zip": "92101"}, "geometry": {"type": "Polygon", "coordinates": [[[-117.16191305663573, 32.70937420513134], [-117.16191005736529, 32.7091622051872], [-117.16190405955479, 32.70852420536207], [-117.16190206027551, 32.70831420541957], [-117.16172106063223, 32.70831520501407], [-117.16117806169561, 32.70832020379697], [-117.16099806204353, 32.70832320339312], [-117.16099006247862, 32.70820020341148], [-117.16096706376142, 32.70783720346699], [-117.16096006418766, 32.70771620348698], [-117.16139706241592, 32.70798120438724], [-117.1627110570835, 32.70877720709389], [-117.16314905530116, 32.70904320799571], [-117.16308905520192, 32.70910720784249], [-117.16290805490308, 32.70930020738031], [-117.1628490547986, 32.70936520722903], [-117.16266105517033, 32.709366206807935], [-117.16210005627282, 32.70937120555078], [-117.16191305663573, 32.70937420513134]]]}}, {"type": "Feature", "properties": {"geo_block": "10100US060730054004012", "block_name": "Block 4012", "neighborhood": "gaslamp", "zip": "92101"}, "geometry": {"type": "Polygon", "coordinates": [[[-117.16010506023358, 32.70937720108362], [-117.16028805986838, 32.709377201493226], [-117.16083805877076, 32.70937720272428], [-117.16102205840018, 32.709378203135834], [-117.1610240576907, 32.709585203079286], [-117.16103305555623, 32.71020620291635], [-117.1610360548413, 32.71041420286175], [-117.16085205520619, 32.71041520244969], [-117.16030205627972, 32.71042320121649], [-117.16011905663237, 32.71042720080578], [-117.16011605735305, 32.710217200860896], [-117.16010705951496, 32.70958720102626], [-117.16010506023358, 32.70937720108362]]]}}, {"type": "Feature", "properties": {"geo_block": "10100US060730054001004", "block_name": "Block 1004", "neighborhood": "marina", "zip": "92101"}, "geometry": {"type": "Polygon", "coordinates": [[[-117.16373705393713, 32.70909920929534], [-117.16373605428146, 32.7089992093227], [-117.16373305530757, 32.70870120940415], [-117.16373205564845, 32.708602209431206], [-117.1639960546193, 32.708749209978684], [-117.16479105152331, 32.70919021162766], [-117.16505605049045, 32.70933721217725], [-117.16500805037695, 32.70939821205173], [-117.1648820500591, 32.70956421172052], [-117.16486905001646, 32.70958421168549], [-117.16482904986657, 32.70965121157611], [-117.16480904979677, 32.70968321152187], [-117.16479104970587, 32.709720211470625], [-117.16474804946257, 32.70981621134594], [-117.1647070491159, 32.70994121121714], [-117.16470504910617, 32.70994521121148], [-117.16469004886189, 32.7100252111542], [-117.16450004970102, 32.709891210768674], [-117.16393005220993, 32.709491209611336], [-117.16374005304449, 32.70935820922542], [-117.16373905322452, 32.70930620923858], [-117.16373905339567, 32.70925620925337], [-117.16373705376596, 32.70914920928055], [-117.16373705393713, 32.70909920929534]]]}}, {"type": "Feature", "properties": {"geo_block": "10100US060730053003011", "block_name": "Block 3011", "neighborhood": "core", "zip": "92101"}, "geometry": {"type": "Polygon", "coordinates": [[[-117.16108103674428, 32.71569720140488], [-117.16126203637327, 32.71569820180926], [-117.16180603525486, 32.71570220302435], [-117.1619880348784, 32.715704203430676], [-117.16199403416299, 32.715910203383274], [-117.16201403200245, 32.71653120324468], [-117.16202103128155, 32.71673820319922], [-117.16202103127134, 32.71674120319834], [-117.16202103123378, 32.71675220319508], [-117.1620220312181, 32.71675620319614], [-117.16183503159895, 32.71675620277812], [-117.16127503272253, 32.71676120152484], [-117.16108903309456, 32.71676320110847], [-117.16108903311161, 32.716758201109954], [-117.1610890331559, 32.71674520111378], [-117.16108903316955, 32.716741201114964], [-117.161087033886, 32.71653220117211], [-117.16108203603329, 32.71590520134579], [-117.16108103674428, 32.71569720140488]]]}}, {"type": "Feature", "properties": {"geo_block": "10100US060730052001036", "block_name": "Block 1036", "neighborhood": "east_village", "zip": "92101"}, "geometry": {"type": "Polygon", "coordinates": [[[-117.15036107248272, 32.71152617864924], [-117.15067307184627, 32.71152917934644], [-117.15160906993692, 32.71153818143807], [-117.15192206929508, 32.711542182137215], [-117.1519260685652, 32.711757182083566], [-117.15193806637552, 32.71240218192258], [-117.15194306563689, 32.712619181870565], [-117.15163006626719, 32.71261918117038], [-117.15069106813796, 32.71262517906809], [-117.1503790687562, 32.71262817836927], [-117.15037506950432, 32.71240717842455], [-117.15036407173996, 32.711746178592016], [-117.15036107248272, 32.71152617864924]]]}}, {"type": "Feature", "properties": {"geo_block": "10100US060730056002058", "block_name": "Block 2058", "neighborhood": "cortez", "zip": "92101"}, "geometry": {"type": "Polygon", "coordinates": [[[-117.15746402631498, 32.72094319177886], [-117.1576460259468, 32.72094119218598], [-117.15819502482596, 32.72093819341317], [-117.15837802444558, 32.72093919382164], [-117.15838002373222, 32.72114819376472], [-117.15838602158881, 32.72177619359365], [-117.15838902086996, 32.721986193538655], [-117.15820602124465, 32.72198719312967], [-117.1576570223687, 32.721990191902705], [-117.15747502273453, 32.72199319149536], [-117.15747202345567, 32.72178219155057], [-117.1574660256027, 32.721152191722005], [-117.15746402631498, 32.72094319177886]]]}}, {"type": "Feature", "properties": {"geo_block": "10100US060730056002051", "block_name": "Block 2051", "neighborhood": "cortez", "zip": "92101"}, "geometry": {"type": "Polygon", "coordinates": [[[-117.15657802125513, 32.72297818920344], [-117.15657602192579, 32.7227811892567], [-117.15657202392686, 32.72219218942037], [-117.15657102459204, 32.721996189475576], [-117.15675102422352, 32.72199518987786], [-117.15729402310849, 32.72199319109114], [-117.15747502273453, 32.72199319149536], [-117.15747702206629, 32.72218919144231], [-117.1574830200615, 32.72277719128319], [-117.15748501938982, 32.72297419122985], [-117.15730301976686, 32.722974190823464], [-117.15675902088695, 32.72297618960818], [-117.15657802125513, 32.72297818920344]]]}}, {"type": "Feature", "properties": {"geo_block": "10100US060730056002055", "block_name": "Block 2055", "neighborhood": "cortez", "zip": "92101"}, "geometry": {"type": "Polygon", "coordinates": [[[-117.15568702639477, 32.72200318749928], [-117.15586302603788, 32.722001187892936], [-117.15639402495775, 32.72199618908028], [-117.15657102459204, 32.721996189475576], [-117.15657202392686, 32.72219218942037], [-117.15657602192579, 32.7227811892567], [-117.15657802125513, 32.72297818920344], [-117.15639902161917, 32.72298018880316], [-117.15586502270168, 32.72298718760874], [-117.15568702306031, 32.7229901872104], [-117.15568702372921, 32.722792187268354], [-117.15568702572922, 32.72220018744163], [-117.15568702639477, 32.72200318749928]]]}}, {"type": "Feature", "properties": {"geo_block": "10100US060730053002013", "block_name": "Block 2013", "neighborhood": "gaslamp", "zip": "92101"}, "geometry": {"type": "Polygon", "coordinates": [[[-117.15923105112407, 32.712571198188], [-117.15941205076983, 32.71256819859379], [-117.15995604968471, 32.712565199811614], [-117.16013804931826, 32.712565200218755], [-117.1601390485982, 32.712776200158864], [-117.16014404642024, 32.71341319998248], [-117.16014604569132, 32.713626199924235], [-117.15996504605683, 32.71362619951941], [-117.15942204714652, 32.713628198304335], [-117.15924204750321, 32.71363019790116], [-117.15923904822968, 32.7134181979568], [-117.15923305040302, 32.71278219813043], [-117.15923105112407, 32.712571198188]]]}}, {"type": "Feature", "properties": {"geo_block": "10100US060730053002009", "block_name": "Block 2009", "neighborhood": "east_village", "zip": "92101"}, "geometry": {"type": "Polygon", "coordinates": [[[-117.1574260476332, 32.714674193533185], [-117.15724404799835, 32.7146751931259], [-117.15669704908584, 32.71468119190095], [-117.15651604944564, 32.71468319149561], [-117.15651405015673, 32.71447419155238], [-117.15650905228122, 32.713849191724336], [-117.1565080529869, 32.71364119178305], [-117.15668905262477, 32.71364019218817], [-117.15723605152692, 32.71363819341218], [-117.15741805115941, 32.71363819381924], [-117.15741905045606, 32.71384519376075], [-117.15742404834533, 32.71446519359003], [-117.1574260476332, 32.714674193533185]]]}}, {"type": "Feature", "properties": {"geo_block": "10100US060730053002005", "block_name": "Block 2005", "neighborhood": "gaslamp", "zip": "92101"}, "geometry": {"type": "Polygon", "coordinates": [[[-117.16107204383505, 32.713622201996515], [-117.16107304313772, 32.7138262019386], [-117.16107604104225, 32.7144392017646], [-117.16107704034152, 32.71464420170638], [-117.16089204071274, 32.71464520129239], [-117.16033704182641, 32.71464820005041], [-117.16015304218877, 32.71465119963806], [-117.16015104289393, 32.714445199694254], [-117.1601470449916, 32.71383119986611], [-117.16014604569132, 32.713626199924235], [-117.16033104532454, 32.71362420033859], [-117.16088604421063, 32.713622201580506], [-117.16107204383505, 32.713622201996515]]]}}, {"type": "Feature", "properties": {"geo_block": "10100US060730053002004", "block_name": "Block 2004", "neighborhood": "gaslamp", "zip": "92101"}, "geometry": {"type": "Polygon", "coordinates": [[[-117.16107704034152, 32.71464420170638], [-117.16107703962915, 32.714853201644765], [-117.16108003746552, 32.715486201464856], [-117.16108103674428, 32.71569720140488], [-117.16089603712, 32.715697200991265], [-117.1603420382383, 32.71569919975204], [-117.16015803860519, 32.71570119934007], [-117.16015603932394, 32.71549119939743], [-117.16015304148091, 32.71485919957682], [-117.16015304218877, 32.71465119963806], [-117.16033704182641, 32.71464820005041], [-117.16089204071274, 32.71464520129239], [-117.16107704034152, 32.71464420170638]]]}}, {"type": "Feature", "properties": {"geo_block": "10100US060730053001010", "block_name": "Block 1010", "neighborhood": "core", "zip": "92101"}, "geometry": {"type": "Polygon", "coordinates": [[[-117.15653404236217, 32.716766190925476], [-117.1567140420023, 32.71676419132844], [-117.15725404090242, 32.716764192535535], [-117.1574340405324, 32.71676519293761], [-117.15743503981884, 32.71697519287824], [-117.15744003766733, 32.717607192703994], [-117.15744203694835, 32.717818192646554], [-117.15726103732146, 32.71781719224232], [-117.15672103841439, 32.71782019103457], [-117.15654103877529, 32.71782219063169], [-117.15653903949661, 32.71761019068934], [-117.1565350416463, 32.71697719086589], [-117.15653404236217, 32.716766190925476]]]}}, {"type": "Feature", "properties": {"geo_block": "10100US060730052002009", "block_name": "Block 2009", "neighborhood": "core", "zip": "92101"}, "geometry": {"type": "Polygon", "coordinates": [[[-117.15561404433403, 32.71673718887744], [-117.15561204502383, 32.71653418893238], [-117.15560704709117, 32.71592518909943], [-117.15560604777556, 32.715723189156314], [-117.155789047414, 32.71572018956633], [-117.15633904630035, 32.71571919079631], [-117.15652304592663, 32.71571919120769], [-117.15652504524259, 32.71592019115327], [-117.15653104317686, 32.71652719098882], [-117.15653404248397, 32.71673019093603], [-117.15653404246366, 32.71673619093428], [-117.15653404238924, 32.716758190927834], [-117.15653404236217, 32.716766190925476], [-117.15634904274575, 32.71676419051253], [-117.15579804386806, 32.71676418928084], [-117.15561404423943, 32.71676518886924], [-117.1556140442597, 32.716759188870995], [-117.15561404431713, 32.716742188875976], [-117.15561404433403, 32.71673718887744]]]}}, {"type": "Feature", "properties": {"geo_block": "10100US060730052001041", "block_name": "Block 1041", "neighborhood": "east_village", "zip": "92101"}, "geometry": {"type": "Polygon", "coordinates": [[[-117.15467006019271, 32.71260518797498], [-117.15485205983637, 32.712602188382995], [-117.15539805874027, 32.712601189604705], [-117.1555810583718, 32.71260119001408], [-117.1555820576672, 32.712809189955436], [-117.15558605554462, 32.71343518978119], [-117.15558805483124, 32.7136451897242], [-117.15540605519877, 32.713645189317134], [-117.154862056294, 32.713646188100135], [-117.15468105664937, 32.71364918769443], [-117.15467805736036, 32.713440187748816], [-117.15467205948718, 32.71281318791866], [-117.15467006019271, 32.71260518797498]]]}}, {"type": "Feature", "properties": {"geo_block": "10100US060730052001025", "block_name": "Block 1025", "neighborhood": "east_village", "zip": "92101"}, "geometry": {"type": "Polygon", "coordinates": [[[-117.14947306707644, 32.713676176038376], [-117.14947306638095, 32.71388417597801], [-117.14947506537045, 32.71418517589512], [-117.14947806428101, 32.714509175807784], [-117.14948006357808, 32.71471817575161], [-117.14929806395676, 32.714715175345496], [-117.14875206509267, 32.714706174127144], [-117.14857006547132, 32.71470317372103], [-117.1485500655619, 32.71468817368065], [-117.14852506570935, 32.71465917363316], [-117.14851706574892, 32.71465217361729], [-117.14849706594967, 32.71460417358648], [-117.14849606635893, 32.71448217361961], [-117.14849606656257, 32.71442117363729], [-117.14849406706068, 32.714273173675714], [-117.14849306760019, 32.71411217372014], [-117.14849106854228, 32.71383117379712], [-117.148491069033, 32.713684173839724], [-117.14850306901208, 32.713683173866855], [-117.1485430689313, 32.71368317395632], [-117.14855606890507, 32.713683173985395], [-117.1487390685455, 32.71368017439556], [-117.14928906744471, 32.71367717562656], [-117.14947306707644, 32.713676176038376]]]}}, {"type": "Feature", "properties": {"geo_block": "10100US060730052001024", "block_name": "Block 1024", "neighborhood": "east_village", "zip": "92101"}, "geometry": {"type": "Polygon", "coordinates": [[[-117.14776907049452, 32.7136831722252], [-117.14776407112478, 32.71349717226787], [-117.14774907300549, 32.712942172395024], [-117.14774407363237, 32.712757172437406], [-117.1477760735879, 32.712751172510735], [-117.14787607344314, 32.71273417273935], [-117.14790907339335, 32.71272917281461], [-117.14803607321424, 32.712706173105374], [-117.14841607265248, 32.7126451739731], [-117.14841607265582, 32.712644173973395], [-117.14854507243277, 32.71263317426515], [-117.14854707173433, 32.71284117420934], [-117.1485530696122, 32.71347317403955], [-117.14855606890507, 32.713683173985395], [-117.1485430689313, 32.71368317395632], [-117.14850306901208, 32.713683173866855], [-117.148491069033, 32.713684173839724], [-117.14839806922082, 32.71368417363172], [-117.1481190697843, 32.71368417300771], [-117.14802606997212, 32.71368417279971], [-117.1479740700805, 32.713683172683695], [-117.14782007039152, 32.71368317233926], [-117.14776907049452, 32.7136831722252]]]}}, {"type": "Feature", "properties": {"geo_block": "10100US060730053002017", "block_name": "Block 2017", "neighborhood": "east_village", "zip": "92101"}, "geometry": {"type": "Polygon", "coordinates": [[[-117.15831005659878, 32.71150419644112], [-117.15848905624284, 32.71150319684191], [-117.15903005516017, 32.71150219805267], [-117.15921005479883, 32.711502198455406], [-117.159214054067, 32.71171519840173], [-117.15922605186132, 32.71235719823976], [-117.15923105112407, 32.712571198188], [-117.1590490514837, 32.71257319778028], [-117.15850505256203, 32.71257819656186], [-117.15832405291631, 32.71258119615608], [-117.15832105365526, 32.71236519621282], [-117.15831205586866, 32.71171819638273], [-117.15831005659878, 32.71150419644112]]]}}, {"type": "Feature", "properties": {"geo_block": "10100US060730056001030", "block_name": "Block 1030", "neighborhood": "columbia", "zip": "92101"}, "geometry": {"type": "Polygon", "coordinates": [[[-117.16560600963399, 32.72091620997379], [-117.1656040103489, 32.72070921003072], [-117.1655990124812, 32.72009121020286], [-117.16559801319062, 32.71988521026173], [-117.16577601282837, 32.71988421065969], [-117.16631001173141, 32.71988421185272], [-117.1664890113637, 32.71988421225263], [-117.16648801066427, 32.72008821218982], [-117.16648700854128, 32.72070621200406], [-117.16648700783291, 32.72091221194289], [-117.16631000819751, 32.72091221154752], [-117.16578200927488, 32.720915210367224], [-117.16560600963399, 32.72091620997379]]]}}, {"type": "Feature", "properties": {"geo_block": "10100US060730056001020", "block_name": "Block 1020", "neighborhood": "cortez", "zip": "92101"}, "geometry": {"type": "Polygon", "coordinates": [[[-117.16203102046687, 32.719900202288144], [-117.16221202010188, 32.7198982026931], [-117.16275701898908, 32.7198962039113], [-117.1629390186152, 32.719896204317905], [-117.16293901791093, 32.720102204257024], [-117.16294201579191, 32.72072020408106], [-117.16294301508213, 32.72092720402212], [-117.16276001545914, 32.72092720361335], [-117.16221401657712, 32.720929202393144], [-117.16203201694522, 32.72093120198601], [-117.16203101765392, 32.7207242020449], [-117.16203101976706, 32.72010520222762], [-117.16203102046687, 32.719900202288144]]]}}, {"type": "Feature", "properties": {"geo_block": "10100US060730056001011", "block_name": "Block 1011", "neighborhood": "cortez", "zip": "92101"}, "geometry": {"type": "Polygon", "coordinates": [[[-117.15930102255086, 32.72093719588397], [-117.15948102218687, 32.72093519628662], [-117.1600210210744, 32.72093519749282], [-117.16020202069814, 32.720936197896826], [-117.16020401997926, 32.72114619783946], [-117.1602100178158, 32.72177819766675], [-117.16021301709142, 32.721989197611315], [-117.16003001747293, 32.72198819720291], [-117.15948401860432, 32.72198719598383], [-117.15930201898033, 32.72198719557736], [-117.1593010196961, 32.721777195636896], [-117.15930102184059, 32.721146195822485], [-117.15930102255086, 32.72093719588397]]]}}, {"type": "Feature", "properties": {"geo_block": "10100US060730054004027", "block_name": "Block 4027", "neighborhood": "gaslamp", "zip": "92101"}, "geometry": {"type": "Polygon", "coordinates": [[[-117.15919406559567, 32.70833419935126], [-117.15919306631122, 32.708124199410776], [-117.15919306845531, 32.70749319959634], [-117.1591930691655, 32.7072841996578], [-117.15939606875934, 32.70728520011205], [-117.16000706753695, 32.707288201479265], [-117.16021106712542, 32.70729020193546], [-117.1601570669977, 32.70735920179423], [-117.16011906681788, 32.707434201687065], [-117.16010606670756, 32.70747420164618], [-117.16009506659329, 32.70751420160977], [-117.16009006645686, 32.707557201585914], [-117.16009006456481, 32.70811320142221], [-117.16009106383461, 32.708327201361435], [-117.15991106419277, 32.70832720095847], [-117.15937306524629, 32.70833219975258], [-117.15919406559567, 32.70833419935126]]]}}, {"type": "Feature", "properties": {"geo_block": "10100US060730054004020", "block_name": "Block 4020", "neighborhood": "gaslamp", "zip": "92101"}, "geometry": {"type": "Polygon", "coordinates": [[[-117.15919406559567, 32.70833419935126], [-117.15937306524629, 32.70833219975258], [-117.15991106419277, 32.70832720095847], [-117.16009106383461, 32.708327201361435], [-117.16009306312282, 32.70853520130467], [-117.1601020609542, 32.70916720113873], [-117.16010506023358, 32.70937720108362], [-117.15992206059535, 32.70937820067371], [-117.15937606167479, 32.709381199450725], [-117.1591950620292, 32.70938319904501], [-117.1591940627448, 32.70917319910453], [-117.15919406488548, 32.70854319928979], [-117.15919406559567, 32.70833419935126]]]}}, {"type": "Feature", "properties": {"geo_block": "10100US060730054004013", "block_name": "Block 4013", "neighborhood": "gaslamp", "zip": "92101"}, "geometry": {"type": "Polygon", "coordinates": [[[-117.1591950620292, 32.70938319904501], [-117.15937606167479, 32.709381199450725], [-117.15992206059535, 32.70937820067371], [-117.16010506023358, 32.70937720108362], [-117.16010705951496, 32.70958720102626], [-117.16011605735305, 32.710217200860896], [-117.16011905663237, 32.71042720080578], [-117.15993605699187, 32.71042920039566], [-117.15938805805808, 32.71043819916665], [-117.15920605840878, 32.71044219875819], [-117.15920305913514, 32.71023019881382], [-117.15919706130826, 32.70959419898743], [-117.1591950620292, 32.70938319904501]]]}}, {"type": "Feature", "properties": {"geo_block": "10100US060730054002013", "block_name": "Block 2013", "neighborhood": "columbia", "zip": "92101"}, "geometry": {"type": "Polygon", "coordinates": [[[-117.16648902227449, 32.71671121319491], [-117.16648902296222, 32.71651121325431], [-117.16649002500274, 32.715917213432945], [-117.16649102567813, 32.71572021349368], [-117.16666702532413, 32.71571921388747], [-117.16719502425173, 32.71571921506796], [-117.16737202389226, 32.71571921546369], [-117.16737302331515, 32.71588621541628], [-117.16737602156314, 32.716393215272255], [-117.16737802097367, 32.716563215226174], [-117.1673780208669, 32.71659421521696], [-117.16737802054666, 32.7166872151893], [-117.16737902043444, 32.71671921518203], [-117.16720002079899, 32.7167192147819], [-117.1666660218693, 32.716724213586716], [-117.16648902222292, 32.716726213190455], [-117.16648902223668, 32.716722213191645], [-117.16648902226419, 32.716714213194024], [-117.16648902227449, 32.71671121319491]]]}}, {"type": "Feature", "properties": {"geo_block": "10100US060730054002010", "block_name": "Block 2010", "neighborhood": "core", "zip": "92101"}, "geometry": {"type": "Polygon", "coordinates": [[[-117.17006701843253, 32.71571522149033], [-117.17006401921334, 32.71549122155046], [-117.17006502152509, 32.71482222175231], [-117.17006602229434, 32.71459922182108], [-117.17027002188131, 32.71459922227727], [-117.17088502062568, 32.71460222365166], [-117.17109002020713, 32.71460322410979], [-117.17109101943605, 32.71482522404569], [-117.17109601711866, 32.71549122385788], [-117.17109801634551, 32.715713223796016], [-117.17089101676592, 32.71571322333321], [-117.17027001802371, 32.715714221944495], [-117.17006701843253, 32.71571522149033]]]}}, {"type": "Feature", "properties": {"geo_block": "10100US060730054001013", "block_name": "Block 1013", "neighborhood": "gaslamp", "zip": "92101"}, "geometry": {"type": "Polygon", "coordinates": [[[-117.16010506023358, 32.70937720108362], [-117.1601020609542, 32.70916720113873], [-117.16009306312282, 32.70853520130467], [-117.16009106383461, 32.708327201361435], [-117.16027206348468, 32.708324201767525], [-117.16081606240567, 32.70832320298567], [-117.16099806204353, 32.70832320339312], [-117.16100206131647, 32.70853420333987], [-117.16101705912925, 32.709167203186844], [-117.16102205840018, 32.709378203135834], [-117.16083805877076, 32.70937720272428], [-117.16028805986838, 32.709377201493226], [-117.16010506023358, 32.70937720108362]]]}}, {"type": "Feature", "properties": {"geo_block": "10100US060730053003017", "block_name": "Block 3017", "neighborhood": "core", "zip": "92101"}, "geometry": {"type": "Polygon", "coordinates": [[[-117.16560802399657, 32.7167322112193], [-117.16578402364502, 32.716730211613324], [-117.16631202258687, 32.71672521279509], [-117.16648902222292, 32.716726213190455], [-117.16648902151111, 32.71693321312899], [-117.16648901935166, 32.71756121294249], [-117.16649001863092, 32.717770212882655], [-117.16631201899794, 32.71776921248513], [-117.16577902008655, 32.717769211293884], [-117.1656020204412, 32.7177712108977], [-117.1656020211554, 32.717563210959405], [-117.16560602328987, 32.71693921115343], [-117.16560802399657, 32.7167322112193]]]}}, {"type": "Feature", "properties": {"geo_block": "10100US060730053003010", "block_name": "Block 3010", "neighborhood": "core", "zip": "92101"}, "geometry": {"type": "Polygon", "coordinates": [[[-117.16108903309456, 32.71676320110847], [-117.16127503272253, 32.71676120152484], [-117.16183503159895, 32.71675620277812], [-117.1620220312181, 32.71675620319614], [-117.16202203050806, 32.71696420313474], [-117.1620250283547, 32.71759320295576], [-117.16202602763578, 32.717803202896], [-117.16184002801225, 32.71780420248], [-117.16128402913434, 32.71780820123619], [-117.16109902950544, 32.71781020082213], [-117.16109703022529, 32.71760020087958], [-117.1610910323781, 32.71697220105133], [-117.16108903309456, 32.71676320110847]]]}}, {"type": "Feature", "properties": {"geo_block": "10100US060730053003007", "block_name": "Block 3007", "neighborhood": "core", "zip": "92101"}, "geometry": {"type": "Polygon", "coordinates": [[[-117.16472802218516, 32.71778320894079], [-117.16490202184006, 32.71778020933057], [-117.16542702079518, 32.71777221050629], [-117.1656020204412, 32.7177712108977], [-117.1656010197256, 32.717980210833474], [-117.16560001756444, 32.718610210644385], [-117.16560001683993, 32.7188212105818], [-117.16542601719631, 32.71882121019298], [-117.16490801824705, 32.718824209034594], [-117.16473501859798, 32.718825208647715], [-117.16473301931872, 32.71861620870517], [-117.1647290214699, 32.7179912088814], [-117.16472802218516, 32.71778320894079]]]}}, {"type": "Feature", "properties": {"geo_block": "10100US060730052001031", "block_name": "Block 1031", "neighborhood": "east_village", "zip": "92101"}, "geometry": {"type": "Polygon", "coordinates": [[[-117.1503790687562, 32.71262817836927], [-117.15038106805227, 32.71283717831301], [-117.1503840670617, 32.713131178234285], [-117.1503870659438, 32.71346317814452], [-117.1503900652345, 32.7136731780902], [-117.1502060656061, 32.713673177678665], [-117.14965606671353, 32.71367417644826], [-117.14947306707644, 32.713676176038376], [-117.14947106778267, 32.713466176094855], [-117.14946606988592, 32.71284017626536], [-117.14946507058339, 32.71263217632349], [-117.1496470702236, 32.7126301767312], [-117.15019606912806, 32.71262717796019], [-117.1503790687562, 32.71262817836927]]]}}, {"type": "Feature", "properties": {"geo_block": "10100US060730051002030", "block_name": "Block 2030", "neighborhood": "east_village", "zip": "92101"}, "geometry": {"type": "Polygon", "coordinates": [[[-117.15267708616383, 32.706073185420706], [-117.15280208561745, 32.706162185674714], [-117.15279408527013, 32.706270185625314], [-117.1526080856314, 32.706272185208185], [-117.15205308670919, 32.7062781839635], [-117.15186808706179, 32.70628218354802], [-117.15187408763738, 32.70610718361241], [-117.15189408936041, 32.70558218381008], [-117.15190108993075, 32.705408183876436], [-117.15267708616383, 32.706073185420706]]]}}, {"type": "Feature", "properties": {"geo_block": "10100US060730054004032", "block_name": "Block 4032", "neighborhood": "gaslamp", "zip": "92101"}, "geometry": {"type": "Polygon", "coordinates": [[[-117.16009306805371, 32.70708620173131], [-117.15990806924043, 32.706845201388], [-117.1596080705183, 32.70664420077536], [-117.15918907229612, 32.706365199919105], [-117.15900807306532, 32.70624419954933], [-117.15788507731779, 32.705645197210195], [-117.15744907896148, 32.70541419630142], [-117.1573020795429, 32.70532819599739], [-117.1573680796261, 32.70526519616371], [-117.1575700798478, 32.70508219666987], [-117.15763807991705, 32.70502219683979], [-117.15792007874741, 32.70520319741834], [-117.15876607522482, 32.70574919915286], [-117.15904907404071, 32.70593319973259], [-117.15934407281192, 32.706123200337416], [-117.15955307193622, 32.706259200765466], [-117.16025406917431, 32.7066632022164], [-117.16056006796893, 32.706839202849785], [-117.16050406783808, 32.70691020270347], [-117.16033906743998, 32.707123202271255], [-117.1603000673437, 32.70717420216891], [-117.16028306731273, 32.70719320212525], [-117.16024506746642, 32.70717020204693], [-117.1601310679069, 32.70710720181022], [-117.16009306805371, 32.70708620173131]]]}}, {"type": "Feature", "properties": {"geo_block": "10100US060730051002022", "block_name": "Block 2022", "neighborhood": "east_village", "zip": "92101"}, "geometry": {"type": "Polygon", "coordinates": [[[-117.1539810829219, 32.706270188283625], [-117.15411208267287, 32.706267188577876], [-117.15450508189876, 32.706266189458304], [-117.15463708163765, 32.706266189753926], [-117.15460707947457, 32.70692518949413], [-117.15420607894491, 32.70731818848138], [-117.15404407926971, 32.70731718811894], [-117.15370907993103, 32.70731818736854], [-117.15370908032499, 32.7072011874027], [-117.15370908150021, 32.70685218750458], [-117.15370908189419, 32.70673518753873], [-117.15370808220597, 32.706643187563344], [-117.15370308315535, 32.70636418763359], [-117.15370208347048, 32.7062711876585], [-117.15375708336505, 32.70627018778197], [-117.15392508303269, 32.70627018815821], [-117.1539810829219, 32.706270188283625]]]}}, {"type": "Feature", "properties": {"geo_block": "10100US060730051002013", "block_name": "Block 2013", "neighborhood": "east_village", "zip": "92101"}, "geometry": {"type": "Polygon", "coordinates": [[[-117.154634071064, 32.70940318883032], [-117.15463707177298, 32.709191188899005], [-117.15464807375773, 32.708596189097534], [-117.15464307388909, 32.708560189096865], [-117.15463307416533, 32.70848418909669], [-117.15460307458251, 32.70837818906051], [-117.15459307467323, 32.708357189044264], [-117.15465207454234, 32.70836118917517], [-117.15478707427708, 32.70836018947769], [-117.15537207312308, 32.708357190788206], [-117.15556707273839, 32.708356191225036], [-117.15556307204717, 32.708563191155505], [-117.15555106996007, 32.70918819094574], [-117.1555480692601, 32.709397190877866], [-117.15536506962196, 32.709398190467965], [-117.1548160707075, 32.70940118923828], [-117.154634071064, 32.70940318883032]]]}}, {"type": "Feature", "properties": {"geo_block": "10100US060730051002008", "block_name": "Block 2008", "neighborhood": "east_village", "zip": "92101"}, "geometry": {"type": "Polygon", "coordinates": [[[-117.15280407465238, 32.70942218472873], [-117.15298907430333, 32.70941618514457], [-117.15354407323267, 32.70940518639001], [-117.15373007287155, 32.70940218680721], [-117.1537320721671, 32.709610186750965], [-117.15373807003023, 32.71024118658019], [-117.15374106931704, 32.7104511865256], [-117.15372406935109, 32.71045118648756], [-117.15355606968735, 32.7104511861116], [-117.15300407078885, 32.710452184876004], [-117.15282107114508, 32.7104551844656], [-117.15281707184913, 32.710248184517], [-117.1528070739571, 32.709627184675675], [-117.15280407465238, 32.70942218472873]]]}}, {"type": "Feature", "properties": {"geo_block": "10100US060730051002002", "block_name": "Block 2002", "neighborhood": "east_village", "zip": "92101"}, "geometry": {"type": "Polygon", "coordinates": [[[-117.15403206873121, 32.71045218717653], [-117.15415506848501, 32.710452187451786], [-117.1545240677464, 32.71045218827756], [-117.15464806749483, 32.71045318855476], [-117.15464906677447, 32.71066618849474], [-117.15465206461336, 32.71130518831468], [-117.1546530638896, 32.71151918825438], [-117.15456106407768, 32.71151818804882], [-117.15428606462301, 32.71152018743294], [-117.15419506479898, 32.711522187228745], [-117.15410406498502, 32.71152118702543], [-117.15383406552036, 32.711523186420735], [-117.1537440656943, 32.711525186218786], [-117.15374306642029, 32.71131018627931], [-117.15374106859639, 32.71066518646313], [-117.15374106931704, 32.7104511865256], [-117.15379906920096, 32.7104511866554], [-117.15397306885268, 32.71045118704478], [-117.15403206873121, 32.71045218717653]]]}}, {"type": "Feature", "properties": {"geo_block": "10100US060730051002035", "block_name": "Block 2035", "neighborhood": "east_village", "zip": "92101"}, "geometry": {"type": "Polygon", "coordinates": [[[-117.14852709861907, 32.704800176495375], [-117.14853009768842, 32.7050771764218], [-117.14853209715034, 32.7052371763799], [-117.14833909753435, 32.70523617594789], [-117.1477620986725, 32.705236174655454], [-117.14757009905122, 32.705236174225384], [-117.14754509931386, 32.705172174187915], [-117.14750509974601, 32.705066174128994], [-117.14746310008542, 32.7049891740572], [-117.14743210034312, 32.704930174004836], [-117.14742510040358, 32.70491617399321], [-117.1474051005396, 32.704887173956806], [-117.14733610101875, 32.704784173832046], [-117.14731910112222, 32.70476317380004], [-117.14728810131324, 32.70472417374188], [-117.14702610338776, 32.70425617329034], [-117.14687710457311, 32.70398817303405], [-117.14677210529875, 32.70383217284391], [-117.14623610842372, 32.703209171823026], [-117.14620010857413, 32.703185171749304], [-117.14600610946322, 32.703032171358785], [-117.14593410979384, 32.702975171213915], [-117.14588211000543, 32.70294217110692], [-117.14585211017057, 32.70291017104894], [-117.14582911038514, 32.70285917101213], [-117.14582411053121, 32.702818171012765], [-117.14583111065373, 32.70277717104029], [-117.14585611076429, 32.70272917111018], [-117.14596611086463, 32.70263417138412], [-117.14629710945157, 32.702864172059414], [-117.14729110520523, 32.70355417408717], [-117.1476231037868, 32.703784174764465], [-117.14780310299973, 32.70391417513011], [-117.14834310063362, 32.70430517622665], [-117.14852409983685, 32.704437176593885], [-117.14852509930074, 32.70459717654973], [-117.14852709861907, 32.704800176495375]]]}}, {"type": "Feature", "properties": {"geo_block": "10100US060730051001015", "block_name": "Block 1015", "neighborhood": "east_village", "zip": "92101"}, "geometry": {"type": "Polygon", "coordinates": [[[-117.14773009527491, 32.70627417428322], [-117.147888094969, 32.70627217463765], [-117.14836409403736, 32.70626917570453], [-117.14852309372614, 32.706268176060895], [-117.14852509345512, 32.7063481760422], [-117.14853109263198, 32.70659117598519], [-117.1485330923576, 32.70667217596619], [-117.14853209206916, 32.706759175938735], [-117.14851709164151, 32.70689617586543], [-117.14850409146365, 32.706957175818644], [-117.1484830911681, 32.70705817574234], [-117.14843409077793, 32.707204175590306], [-117.14836309040811, 32.70735717538699], [-117.14827809010623, 32.707498175155806], [-117.14820808983146, 32.70762217496315], [-117.14815908953172, 32.70774117481896], [-117.14815508950296, 32.70775217480682], [-117.14811808913278, 32.70788517468545], [-117.1480990887135, 32.70802217460322], [-117.14804708829314, 32.70817917444132], [-117.14801408800521, 32.70828517433674], [-117.14789308691533, 32.7086841739503], [-117.14779608577479, 32.709084173617335], [-117.14773208500554, 32.70935317339618], [-117.14773108693124, 32.70877617356101], [-117.14773009270108, 32.7070461740597], [-117.14773009462145, 32.706470174226475], [-117.14773009475482, 32.70643017423806], [-117.14773009514822, 32.70631217427222], [-117.14773009527491, 32.70627417428322]]]}}, {"type": "Feature", "properties": {"geo_block": "10100US060730052002016", "block_name": "Block 2016", "neighborhood": "east_village", "zip": "92101"}, "geometry": {"type": "Polygon", "coordinates": [[[-117.15377805493344, 32.714700185367946], [-117.1537610549679, 32.71470018532993], [-117.15359505530411, 32.71470018495872], [-117.1530470564106, 32.71470118373302], [-117.15286505676913, 32.71470418332515], [-117.15286405747393, 32.71449518338386], [-117.15286105958839, 32.71386818355997], [-117.15286006028984, 32.71366018361838], [-117.15304205993237, 32.71365718402631], [-117.1535880588398, 32.71365418524837], [-117.15375405850796, 32.71365318561993], [-117.15377105847362, 32.713653185657954], [-117.15377205776775, 32.71386218559918], [-117.1537760556447, 32.71449018542479], [-117.15377805493344, 32.714700185367946]]]}}, {"type": "Feature", "properties": {"geo_block": "10100US060730053003005", "block_name": "Block 3005", "neighborhood": "columbia", "zip": "92101"}, "geometry": {"type": "Polygon", "coordinates": [[[-117.16560001683993, 32.7188212105818], [-117.16577701648077, 32.718820210977604], [-117.16631001538906, 32.71882021216862], [-117.16648801502446, 32.71882021256638], [-117.16648801429547, 32.71903221250342], [-117.16648801209817, 32.719671212313656], [-117.1664890113637, 32.71988421225263], [-117.16631001173141, 32.71988421185272], [-117.16577601282837, 32.71988421065969], [-117.16559801319062, 32.71988521026173], [-117.16559801392197, 32.7196722103249], [-117.165599016114, 32.71903321051668], [-117.16560001683993, 32.7188212105818]]]}}, {"type": "Feature", "properties": {"geo_block": "10100US060730053004001", "block_name": "Block 4001", "neighborhood": "marina", "zip": "92101"}, "geometry": {"type": "Polygon", "coordinates": [[[-117.16285804757466, 32.7114732066262], [-117.16303904721477, 32.71147220703147], [-117.16358604612702, 32.711469208256254], [-117.1637680457617, 32.71146920866347], [-117.1637740450102, 32.711685208612984], [-117.16379504274948, 32.71233320846822], [-117.16380204199592, 32.71254920841997], [-117.16361704236839, 32.712549208006116], [-117.16306304348375, 32.7125492067668], [-117.1628790438508, 32.712550206354884], [-117.16287404459925, 32.71233420640754], [-117.1628620468351, 32.7116872065719], [-117.16285804757466, 32.7114732066262]]]}}, {"type": "Feature", "properties": {"geo_block": "10100US060730053001009", "block_name": "Block 1009", "neighborhood": "core", "zip": "92101"}, "geometry": {"type": "Polygon", "coordinates": [[[-117.15654103877529, 32.71782219063169], [-117.15672103841439, 32.71782019103457], [-117.15726103732146, 32.71781719224232], [-117.15744203694835, 32.717818192646554], [-117.15744203623683, 32.71802819258494], [-117.15744503409611, 32.718658192406814], [-117.15744603337579, 32.71887019234685], [-117.15726703374587, 32.718869191947164], [-117.15673003483579, 32.71887219074634], [-117.15655203519367, 32.718874190348], [-117.15654903591368, 32.71866319040313], [-117.15654303806076, 32.71803219057462], [-117.15654103877529, 32.71782219063169]]]}}, {"type": "Feature", "properties": {"geo_block": "10100US060730053001007", "block_name": "Block 1007", "neighborhood": "core", "zip": "92101"}, "geometry": {"type": "Polygon", "coordinates": [[[-117.15835203510305, 32.71781419468154], [-117.15853703472855, 32.71781319509529], [-117.15909603358669, 32.717813196344636], [-117.15928203320675, 32.71781319676033], [-117.15928403249241, 32.71802219670334], [-117.15929003034589, 32.71865019653204], [-117.15929302962604, 32.71886019647698], [-117.15910603000911, 32.718860196059126], [-117.1585460311529, 32.71886119480749], [-117.15836003152374, 32.71886419439098], [-117.15835803224043, 32.71865419444819], [-117.15835303439522, 32.71802219462268], [-117.15835203510305, 32.71781419468154]]]}}, {"type": "Feature", "properties": {"geo_block": "10100US060730053001004", "block_name": "Block 1004", "neighborhood": "cortez", "zip": "92101"}, "geometry": {"type": "Polygon", "coordinates": [[[-117.16018402781444, 32.71885619846913], [-117.16036902744226, 32.7188541988831], [-117.160924026319, 32.71885020012446], [-117.16111002594137, 32.71884920054038], [-117.1611110252201, 32.719060200480406], [-117.16111602305217, 32.719693200304945], [-117.16111802232882, 32.7199042002472], [-117.16093302271571, 32.71990219983448], [-117.16037802386607, 32.71989919859542], [-117.16019402424068, 32.71990019818404], [-117.16019202495609, 32.71969119824112], [-117.16018602710238, 32.71906419841235], [-117.16018402781444, 32.71885619846913]]]}}, {"type": "Feature", "properties": {"geo_block": "10100US060730053001001", "block_name": "Block 1001", "neighborhood": "cortez", "zip": "92101"}, "geometry": {"type": "Polygon", "coordinates": [[[-117.15744603337579, 32.71887019234685], [-117.15762803300973, 32.71886819275412], [-117.15817703189525, 32.71886519398176], [-117.15836003152374, 32.71886419439098], [-117.15836203082402, 32.719069194335226], [-117.15836802871804, 32.719686194167394], [-117.15837002801487, 32.71989219411134], [-117.15818702838745, 32.719893193702205], [-117.15763902950304, 32.71989619247702], [-117.1574570298701, 32.71989819206981], [-117.15745403057765, 32.719691192123854], [-117.15744803267712, 32.71907519229117], [-117.15744603337579, 32.71887019234685]]]}}, {"type": "Feature", "properties": {"geo_block": "10100US060730052002001", "block_name": "Block 2001", "neighborhood": "cortez", "zip": "92101"}, "geometry": {"type": "Polygon", "coordinates": [[[-117.15562903707105, 32.71887818828436], [-117.15581303670423, 32.71887518869639], [-117.15636703557267, 32.71887418993461], [-117.15655203519367, 32.718874190348], [-117.15655303449807, 32.71907919029016], [-117.15655703240242, 32.7196961901183], [-117.15655903170138, 32.719902190062406], [-117.15613703255141, 32.71990718911814], [-117.15565203353086, 32.71991218803311], [-117.15564703424043, 32.71970518808253], [-117.15563303637033, 32.7190831882333], [-117.15562903707105, 32.71887818828436]]]}}, {"type": "Feature", "properties": {"geo_block": "10100US060730052002005", "block_name": "Block 2005", "neighborhood": "core", "zip": "92101"}, "geometry": {"type": "Polygon", "coordinates": [[[-117.15378103916291, 32.7193811840081], [-117.15378303949896, 32.71928018404204], [-117.15379204049756, 32.718978184150316], [-117.15379504082823, 32.71887818418622], [-117.15398104044718, 32.71887818460185], [-117.15453903930404, 32.718878185848716], [-117.15472503891964, 32.71887918626404], [-117.15472603859038, 32.718976186237924], [-117.15472903759596, 32.71926918615898], [-117.15473003725657, 32.71936918613198], [-117.15454003764296, 32.71937018570716], [-117.15397003878533, 32.71937818443126], [-117.15378103916291, 32.7193811840081]]]}}, {"type": "Feature", "properties": {"geo_block": "10100US060730052001039", "block_name": "Block 1039", "neighborhood": "east_village", "zip": "92101"}, "geometry": {"type": "Polygon", "coordinates": [[[-117.15286006028984, 32.71366018361838], [-117.15285806099665, 32.71345118367485], [-117.15285406311307, 32.71282418384871], [-117.15285306381449, 32.71261618390712], [-117.15303406346011, 32.71261318431289], [-117.15358006236401, 32.71261218553459], [-117.15374606202974, 32.71261218590593], [-117.1537630619955, 32.71261218594397], [-117.15376406129299, 32.71282018588548], [-117.1537690591849, 32.713443185714794], [-117.15377105847362, 32.713653185657954], [-117.15375405850796, 32.71365318561993], [-117.1535880588398, 32.71365418524837], [-117.15304205993237, 32.71365718402631], [-117.15286006028984, 32.71366018361838]]]}}, {"type": "Feature", "properties": {"geo_block": "10100US060730056002054", "block_name": "Block 2054", "neighborhood": "cortez", "zip": "92101"}, "geometry": {"type": "Polygon", "coordinates": [[[-117.15837802444558, 32.72093919382164], [-117.15856202406991, 32.72093819423294], [-117.15911602293201, 32.72093719547073], [-117.15930102255086, 32.72093719588397], [-117.15930102184059, 32.721146195822485], [-117.1593010196961, 32.721777195636896], [-117.15930201898033, 32.72198719557736], [-117.15911901936522, 32.72198519516926], [-117.15857102049733, 32.72198519394541], [-117.15838902086996, 32.721986193538655], [-117.15838602158881, 32.72177619359365], [-117.15838002373222, 32.72114819376472], [-117.15837802444558, 32.72093919382164]]]}}, {"type": "Feature", "properties": {"geo_block": "10100US060730054003005", "block_name": "Block 3005", "neighborhood": "marina", "zip": "92101"}, "geometry": {"type": "Polygon", "coordinates": [[[-117.17005102584893, 32.713580222091586], [-117.16997702599834, 32.71358022192607], [-117.16975702643217, 32.71358322143312], [-117.16968402657612, 32.71358422126956], [-117.1696330266722, 32.71358622115489], [-117.16962702669117, 32.713584221142064], [-117.16961002672551, 32.71358422110404], [-117.16960502673562, 32.71358422109286], [-117.16951802692164, 32.713581220899165], [-117.16926002745983, 32.71357622032361], [-117.16917402763694, 32.71357522013156], [-117.16917402827931, 32.71338922018699], [-117.16917503019752, 32.71283322035492], [-117.1691760308344, 32.7126482204123], [-117.16918903074261, 32.71266722043572], [-117.16921503054863, 32.712708220481666], [-117.16929802993242, 32.71283822062858], [-117.16932802967504, 32.712895220678696], [-117.16936202938197, 32.71296022073537], [-117.16932402975566, 32.71287422067601], [-117.16921303087042, 32.71261622050461], [-117.16917603123845, 32.71253122044717], [-117.16936403086343, 32.712530220868025], [-117.1699300297378, 32.712526222135395], [-117.17011902935731, 32.71252622255819], [-117.17010502865914, 32.71273622246421], [-117.17006402655242, 32.71336922218362], [-117.17005102584893, 32.713580222091586]]]}}, {"type": "Feature", "properties": {"geo_block": "10100US060730051002024", "block_name": "Block 2024", "neighborhood": "east_village", "zip": "92101"}, "geometry": {"type": "Polygon", "coordinates": [[[-117.15487808115749, 32.706267190293346], [-117.15510508070842, 32.706267190801725], [-117.15552007988407, 32.70626819173083], [-117.15560907965732, 32.706283191925756], [-117.15569907937454, 32.70631419211824], [-117.1557700790989, 32.706354192265536], [-117.15577707907156, 32.70635819228004], [-117.15594607826392, 32.706498192617524], [-117.15644807603553, 32.70686319363478], [-117.15644807450657, 32.70731519350234], [-117.15553307614641, 32.70736719143834], [-117.15487807732138, 32.70740418996092], [-117.15553307791963, 32.706842191591974], [-117.15487808115749, 32.706267190293346]]]}}, {"type": "Feature", "properties": {"geo_block": "10100US060730051002019", "block_name": "Block 2019", "neighborhood": "east_village", "zip": "92101"}, "geometry": {"type": "Polygon", "coordinates": [[[-117.15188308001225, 32.708373182972736], [-117.1518820807159, 32.70816418303136], [-117.15187908283016, 32.70753618320751], [-117.1518790835251, 32.707329183267774], [-117.15206308316334, 32.70732818368007], [-117.15261508205462, 32.70733218491488], [-117.15279908168617, 32.70733318532659], [-117.15279708099077, 32.70754118526147], [-117.1527910789013, 32.70816618506582], [-117.15279007820058, 32.70837518500265], [-117.1526080785661, 32.708374184595506], [-117.15206407965542, 32.70837218337823], [-117.15188308001225, 32.708373182972736]]]}}, {"type": "Feature", "properties": {"geo_block": "10100US060730051002012", "block_name": "Block 2012", "neighborhood": "east_village", "zip": "92101"}, "geometry": {"type": "Polygon", "coordinates": [[[-117.15372307635734, 32.7083711870925], [-117.1540250757732, 32.708366187770054], [-117.15459307467323, 32.708357189044264], [-117.15460307458251, 32.70837818906051], [-117.15463307416533, 32.70848418909669], [-117.15464307388909, 32.708560189096865], [-117.15464807375773, 32.708596189097534], [-117.15463707177298, 32.709191188899005], [-117.154634071064, 32.70940318883032], [-117.1545030713288, 32.7094021885374], [-117.15411207210914, 32.709402187662235], [-117.15398207236862, 32.70940218737125], [-117.1539310724704, 32.709402187257105], [-117.15378007277175, 32.70940218691912], [-117.15373007287155, 32.70940218680721], [-117.15372807357595, 32.70919418686345], [-117.1537270742548, 32.7089931869199], [-117.15372407566166, 32.708577187034614], [-117.15372307635734, 32.7083711870925]]]}}, {"type": "Feature", "properties": {"geo_block": "10100US060730051002009", "block_name": "Block 2009", "neighborhood": "east_village", "zip": "92101"}, "geometry": {"type": "Polygon", "coordinates": [[[-117.1518970764492, 32.70942618269745], [-117.15207807609468, 32.70942418310317], [-117.15262207501563, 32.70942218432137], [-117.15280407465238, 32.70942218472873], [-117.1528070739571, 32.709627184675675], [-117.15281707184913, 32.710248184517], [-117.15282107114508, 32.7104551844656], [-117.15263907150937, 32.71045518405831], [-117.15209207259755, 32.710457182833615], [-117.15191107295314, 32.710459182427975], [-117.15190807365411, 32.71025218248155], [-117.1518990757536, 32.70963218264195], [-117.1518970764492, 32.70942618269745]]]}}, {"type": "Feature", "properties": {"geo_block": "10100US060730051002007", "block_name": "Block 2007", "neighborhood": "east_village", "zip": "92101"}, "geometry": {"type": "Polygon", "coordinates": [[[-117.15398207236862, 32.70940218737125], [-117.15411207210914, 32.709402187662235], [-117.1545030713288, 32.7094021885374], [-117.154634071064, 32.70940318883032], [-117.15463607035514, 32.70961218877371], [-117.15464506820909, 32.71024318860943], [-117.15464806749483, 32.71045318855476], [-117.1545240677464, 32.71045218827756], [-117.15415506848501, 32.710452187451786], [-117.15403206873121, 32.71045218717653], [-117.15397306885268, 32.71045118704478], [-117.15379906920096, 32.7104511866554], [-117.15374106931704, 32.7104511865256], [-117.15373807003023, 32.71024118658019], [-117.1537320721671, 32.709610186750965], [-117.15373007287155, 32.70940218680721], [-117.15378007277175, 32.70940218691912], [-117.1539310724704, 32.709402187257105], [-117.15398207236862, 32.70940218737125]]]}}, {"type": "Feature", "properties": {"geo_block": "10100US060730051002000", "block_name": "Block 2000", "neighborhood": "east_village", "zip": "92101"}, "geometry": {"type": "Polygon", "coordinates": [[[-117.15191107295314, 32.710459182427975], [-117.15209207259755, 32.710457182833615], [-117.15263907150937, 32.71045518405831], [-117.15282107114508, 32.7104551844656], [-117.15282307041481, 32.7106711844071], [-117.15282906821047, 32.71132318423043], [-117.15283206747144, 32.71154118417358], [-117.15265006783682, 32.71154118376637], [-117.15210306893505, 32.71154118254249], [-117.15192206929508, 32.711542182137215], [-117.15191907003302, 32.71132418219399], [-117.15191307222732, 32.71067418236984], [-117.15191107295314, 32.710459182427975]]]}}, {"type": "Feature", "properties": {"geo_block": "10100US060730051002037", "block_name": "Block 2037", "neighborhood": "east_village", "zip": "92101"}, "geometry": {"type": "Polygon", "coordinates": [[[-117.14939809604054, 32.70505817837163], [-117.14938909633243, 32.70497617837527], [-117.14939709659082, 32.704894178416986], [-117.14941909678485, 32.704823178486876], [-117.14942309680706, 32.704814178498445], [-117.14945609694936, 32.70475217859037], [-117.14947309699946, 32.7047271786357], [-117.14965909728865, 32.70453117910927], [-117.14989609761848, 32.7042931797093], [-117.15006509785164, 32.704124180137], [-117.15038309648963, 32.704344180785526], [-117.15133709239214, 32.70500618273012], [-117.15165609101831, 32.705228183380065], [-117.15162509107947, 32.70522818331062], [-117.15153209126291, 32.705228183102314], [-117.15150109132402, 32.70522818303287], [-117.151269091785, 32.7052271825135], [-117.15057309317126, 32.70522318095567], [-117.15034209362354, 32.70522418043795], [-117.15015909398787, 32.70522318002834], [-117.14961409506618, 32.705222178807865], [-117.1494320954252, 32.7052221784002], [-117.1494300955428, 32.705188178405585], [-117.14942809566041, 32.70515417841097], [-117.14941009591324, 32.705089178389514], [-117.14941009591993, 32.7050871783901], [-117.14939809604054, 32.70505817837163]]]}}, {"type": "Feature", "properties": {"geo_block": "10100US060730051002014", "block_name": "Block 2014", "neighborhood": "east_village", "zip": "92101"}, "geometry": {"type": "Polygon", "coordinates": [[[-117.15556707273839, 32.708356191225036], [-117.15644807102247, 32.70834519320055], [-117.15645106746473, 32.70939519289963], [-117.15627006782596, 32.70939519249449], [-117.15572806890424, 32.70939619128105], [-117.1555480692601, 32.709397190877866], [-117.15555106996007, 32.70918819094574], [-117.15556307204717, 32.708563191155505], [-117.15556707273839, 32.708356191225036]]]}}, {"type": "Feature", "properties": {"geo_block": "10100US060730051002005", "block_name": "Block 2005", "neighborhood": "east_village", "zip": "92101"}, "geometry": {"type": "Polygon", "coordinates": [[[-117.1555480692601, 32.709397190877866], [-117.15572806890424, 32.70939619128105], [-117.15627006782596, 32.70939519249449], [-117.15645106746473, 32.70939519289963], [-117.15645406675173, 32.709604192845106], [-117.15646506460544, 32.710232192685716], [-117.15646906388706, 32.71044219263314], [-117.15628806425272, 32.71044119222837], [-117.15574506534972, 32.71043819101409], [-117.15556506571002, 32.71043819061128], [-117.15556106642397, 32.71022919066349], [-117.15555106855159, 32.709605190823716], [-117.1555480692601, 32.709397190877866]]]}}, {"type": "Feature", "properties": {"geo_block": "10100US060730051001007", "block_name": "Block 1007", "neighborhood": "east_village", "zip": "92101"}, "geometry": {"type": "Polygon", "coordinates": [[[-117.14773308476016, 32.70942617337729], [-117.14789608444818, 32.70942217374329], [-117.14838808349623, 32.70941317484712], [-117.14855208317223, 32.70941217521448], [-117.14855108247984, 32.709620175151954], [-117.14854908039386, 32.71024617496603], [-117.14854907969277, 32.71045617490515], [-117.14839108000903, 32.71045617455157], [-117.14792008095182, 32.71045617349753], [-117.14776308126274, 32.710457173145905], [-117.14775708196824, 32.7102491731927], [-117.14773908406139, 32.70963217333107], [-117.14773308476016, 32.70942617337729]]]}}, {"type": "Feature", "properties": {"geo_block": "10100US060730051001003", "block_name": "Block 1003", "neighborhood": "east_village", "zip": "92101"}, "geometry": {"type": "Polygon", "coordinates": [[[-117.15035907436865, 32.71096417880806], [-117.15035707539064, 32.71066017889193], [-117.15035707610727, 32.710446178954115], [-117.15066707548678, 32.71044617964785], [-117.15068807544476, 32.71044617969485], [-117.15130007416948, 32.71046118106006], [-117.15160007357231, 32.71046018173171], [-117.15191107295314, 32.710459182427975], [-117.15191307222732, 32.71067418236984], [-117.15191907003302, 32.71132418219399], [-117.15192206929508, 32.711542182137215], [-117.15160906993692, 32.71153818143807], [-117.15067307184627, 32.71152917934644], [-117.15036107248272, 32.71152617864924], [-117.15036007321137, 32.711309178710046], [-117.1503590743653, 32.710965178807776], [-117.15035907436865, 32.71096417880806]]]}}, {"type": "Feature", "properties": {"geo_block": "10100US060730056002056", "block_name": "Block 2056", "neighborhood": "cortez", "zip": "92101"}, "geometry": {"type": "Polygon", "coordinates": [[[-117.15655903170138, 32.719902190062406], [-117.15673803134379, 32.719899190463195], [-117.15727703023988, 32.719898191667674], [-117.1574570298701, 32.71989819206981], [-117.1574580291599, 32.72010719201073], [-117.15746202702724, 32.72073419183571], [-117.15746402631498, 32.72094319177886], [-117.15728402668242, 32.720944191376496], [-117.156746027784, 32.720946190174175], [-117.15656702814262, 32.72094918977346], [-117.1565650288606, 32.72073818983082], [-117.15656003099221, 32.72011119000339], [-117.15655903170138, 32.719902190062406]]]}}, {"type": "Feature", "properties": {"geo_block": "10100US060730054004016", "block_name": "Block 4016", "neighborhood": "east_village", "zip": "92101"}, "geometry": {"type": "Polygon", "coordinates": [[[-117.15645106746473, 32.70939519289963], [-117.15663506709751, 32.709395193311465], [-117.15719006598648, 32.70939619455342], [-117.15737506561389, 32.70939719496721], [-117.15737706490863, 32.709604194910966], [-117.15738306278261, 32.710228194741326], [-117.15738506207396, 32.71043619468479], [-117.15720106243883, 32.71043719427273], [-117.15665206352755, 32.710440193043254], [-117.15646906388706, 32.71044219263314], [-117.15646506460544, 32.710232192685716], [-117.15645406675173, 32.709604192845106], [-117.15645106746473, 32.70939519289963]]]}}, {"type": "Feature", "properties": {"geo_block": "10100US060730054002012", "block_name": "Block 2012", "neighborhood": "marina", "zip": "92101"}, "geometry": {"type": "Polygon", "coordinates": [[[-117.16648902951972, 32.71460421382062], [-117.16648803023354, 32.71439721387986], [-117.1664880323689, 32.71377621406427], [-117.16648803307729, 32.71357021412545], [-117.16670303245057, 32.71362621458969], [-117.16735003056209, 32.71379521598653], [-117.1675660299294, 32.71385221645267], [-117.16752903091694, 32.71358721644873], [-117.1674180338548, 32.71279921643476], [-117.167381034835, 32.71253621643019], [-117.16756203447751, 32.71253421683569], [-117.16810603338229, 32.712534218052646], [-117.16828803301244, 32.712535218459486], [-117.16844903269174, 32.71253421881995], [-117.16893403172567, 32.712531219905806], [-117.16909603139953, 32.712531220268204], [-117.1691120313673, 32.712531220304], [-117.16915903127274, 32.71253122040914], [-117.16917603123845, 32.71253122044717], [-117.16921303087042, 32.71261622050461], [-117.16932402975566, 32.71287422067601], [-117.16936202938197, 32.71296022073537], [-117.16932802967504, 32.712895220678696], [-117.16929802993242, 32.71283822062858], [-117.16921503054863, 32.712708220481666], [-117.16918903074261, 32.71266722043572], [-117.1691760308344, 32.7126482204123], [-117.16917503019752, 32.71283322035492], [-117.16917402827931, 32.71338922018699], [-117.16917402763694, 32.71357522013156], [-117.16917302693787, 32.71377822006882], [-117.16917202481936, 32.71439221988359], [-117.16917202410794, 32.71459821982219], [-117.16917002334182, 32.71482121975126], [-117.16916702103057, 32.715492219544586], [-117.16916702025695, 32.71571621947782], [-117.16898902061845, 32.71571621907985], [-117.16845602170099, 32.71571621788818], [-117.16827902205702, 32.71571721749215], [-117.16809702242668, 32.71571721708524], [-117.16755302353154, 32.71571721586897], [-117.16737202389226, 32.71571921546369], [-117.16719502425173, 32.71571921506796], [-117.16666702532413, 32.71571921388747], [-117.16649102567813, 32.71572021349368], [-117.16649002645384, 32.71549521355826], [-117.1664890287529, 32.71482721375439], [-117.16648902951972, 32.71460421382062]]]}}, {"type": "Feature", "properties": {"geo_block": "10100US060730054002022", "block_name": "Block 2022", "neighborhood": "marina", "zip": "92101"}, "geometry": {"type": "Polygon", "coordinates": [[[-117.16988202265998, 32.714601221409026], [-117.16983502275514, 32.71460122130392], [-117.16935002375097, 32.71459722022055], [-117.16917202410794, 32.71459821982219], [-117.16917202481936, 32.71439221988359], [-117.16917302693787, 32.71377822006882], [-117.16917402763694, 32.71357522013156], [-117.16926002745983, 32.71357622032361], [-117.16951802692164, 32.713581220899165], [-117.16960502673562, 32.71358422109286], [-117.16961002672551, 32.71358422110404], [-117.16962702669117, 32.713584221142064], [-117.1696330266722, 32.71358622115489], [-117.16968402657612, 32.71358422126956], [-117.16975702643217, 32.71358322143312], [-117.16997702599834, 32.71358022192607], [-117.17005102584893, 32.713580222091586], [-117.17025702542954, 32.71358122255204], [-117.17087502416442, 32.71358622393278], [-117.17108202373954, 32.71358822439516], [-117.17108302303775, 32.71379022433704], [-117.17108802091442, 32.71440022416597], [-117.17109002020713, 32.71460322410979], [-117.17088502062568, 32.71460222365166], [-117.17027002188131, 32.71459922227727], [-117.17006602229434, 32.71459922182108], [-117.16993602255411, 32.71460022153008], [-117.16988702265331, 32.7146002214205], [-117.16988202265998, 32.714601221409026]]]}}, {"type": "Feature", "properties": {"geo_block": "10100US060730053003014", "block_name": "Block 3014", "neighborhood": "core", "zip": "92101"}, "geometry": {"type": "Polygon", "coordinates": [[[-117.1638330276185, 32.71673020725209], [-117.1638310283176, 32.7165272073077], [-117.163826030406, 32.71592020747614], [-117.16382503109965, 32.71571820753367], [-117.16400303074155, 32.71571720793194], [-117.16453702964671, 32.71572020912496], [-117.16471602927633, 32.71572220952457], [-117.16471702858853, 32.71592220946756], [-117.16472102652314, 32.716522209298745], [-117.16472302582645, 32.71672420924336], [-117.16472302581614, 32.71672720924248], [-117.1647230257853, 32.716736209239805], [-117.164723025775, 32.71673920923892], [-117.1645440261396, 32.71673920883879], [-117.16401002721348, 32.71674320764391], [-117.16383302756715, 32.716745207247655], [-117.1638330275774, 32.716742207248544], [-117.1638330276082, 32.7167332072512], [-117.1638330276185, 32.71673020725209]]]}}, {"type": "Feature", "properties": {"geo_block": "10100US060730052001030", "block_name": "Block 1030", "neighborhood": "east_village", "zip": "92101"}, "geometry": {"type": "Polygon", "coordinates": [[[-117.1503840670617, 32.713131178234285], [-117.15038106805227, 32.71283717831301], [-117.1503790687562, 32.71262817836927], [-117.15069106813796, 32.71262517906809], [-117.15163006626719, 32.71261918117038], [-117.15194306563689, 32.712619181870565], [-117.15194406493652, 32.71282718181223], [-117.15194806281993, 32.713455181638295], [-117.15195006211417, 32.71366418158191], [-117.15163706274294, 32.71366518088157], [-117.15070106461644, 32.71367017878665], [-117.1503900652345, 32.7136731780902], [-117.1503870659438, 32.71346317814452], [-117.1503840670617, 32.713131178234285]]]}}, {"type": "Feature", "properties": {"geo_block": "10100US060730052001047", "block_name": "Block 1047", "neighborhood": "east_village", "zip": "92101"}, "geometry": {"type": "Polygon", "coordinates": [[[-117.15556606204991, 32.71152119029658], [-117.1557480616947, 32.71151819070467], [-117.15629706060267, 32.711515191933906], [-117.15648006023868, 32.71151419234365], [-117.15648305950197, 32.71173019228707], [-117.156493057283, 32.71238019211899], [-117.15649705654086, 32.71259719206436], [-117.15631305691474, 32.712596191653034], [-117.15576405801006, 32.71259919042404], [-117.1555810583718, 32.71260119001408], [-117.1555780591108, 32.712384190070864], [-117.15556906132107, 32.71173519024067], [-117.15556606204991, 32.71152119029658]]]}}, {"type": "Feature", "properties": {"geo_block": "10100US060730056001002", "block_name": "Block 1002", "neighborhood": "cortez", "zip": "92101"}, "geometry": {"type": "Polygon", "coordinates": [[[-117.16021701584766, 32.722352197513345], [-117.16021401666391, 32.72211419757674], [-117.16021301709142, 32.721989197611315], [-117.16039801671266, 32.72198819802477], [-117.16095301556604, 32.72198819926425], [-117.16113901518175, 32.72198819967965], [-117.16113901481017, 32.722097199647514], [-117.16114101369136, 32.72242419955556], [-117.16114201331433, 32.722534199525356], [-117.1609570136426, 32.72255019910752], [-117.16040301461865, 32.72260019785566], [-117.16021901493814, 32.72261819743948], [-117.16021801537248, 32.722491197474646], [-117.16021701584766, 32.722352197513345]]]}}, {"type": "Feature", "properties": {"geo_block": "10100US060730053003004", "block_name": "Block 3004", "neighborhood": "cortez", "zip": "92101"}, "geometry": {"type": "Polygon", "coordinates": [[[-117.16473501859798, 32.718825208647715], [-117.16490801824705, 32.718824209034594], [-117.16542601719631, 32.71882121019298], [-117.16560001683993, 32.7188212105818], [-117.165599016114, 32.71903321051668], [-117.16559801392197, 32.7196722103249], [-117.16559801319062, 32.71988521026173], [-117.16542701354186, 32.719885209879685], [-117.16491601458473, 32.71988720873745], [-117.16474601493051, 32.719888208357354], [-117.16474301567045, 32.719674208414055], [-117.16473701786697, 32.71903720858937], [-117.16473501859798, 32.718825208647715]]]}}, {"type": "Feature", "properties": {"geo_block": "10100US060730053004000", "block_name": "Block 4000", "neighborhood": "marina", "zip": "92101"}, "geometry": {"type": "Polygon", "coordinates": [[[-117.16194804937746, 32.71148020458804], [-117.16212904902093, 32.711478204993604], [-117.162675047942, 32.711473206216745], [-117.16285804757466, 32.7114732066262], [-117.1628620468351, 32.7116872065719], [-117.16287404459925, 32.71233420640754], [-117.1628790438508, 32.712550206354884], [-117.16269604421922, 32.71255020594551], [-117.16214704532113, 32.71255120471709], [-117.16196504567732, 32.71255420430906], [-117.16196104641924, 32.71233920436357], [-117.16195104864437, 32.71169320453188], [-117.16194804937746, 32.71148020458804]]]}}, {"type": "Feature", "properties": {"geo_block": "10100US060730053003026", "block_name": "Block 3026", "neighborhood": "marina", "zip": "92101"}, "geometry": {"type": "Polygon", "coordinates": [[[-117.16560403484839, 32.71357421214707], [-117.16578003449645, 32.71357321254102], [-117.16631103343467, 32.71357021372956], [-117.16648803307729, 32.71357021412545], [-117.1664880323689, 32.71377621406427], [-117.16648803023354, 32.71439721387986], [-117.16648902951972, 32.71460421382062], [-117.16631202987122, 32.71460621342421], [-117.16578403091627, 32.71461321224141], [-117.16560803126234, 32.71461621184695], [-117.16560703198543, 32.714406211907004], [-117.16560403413759, 32.71378121208568], [-117.16560403484839, 32.71357421214707]]]}}, {"type": "Feature", "properties": {"geo_block": "10100US060730052001014", "block_name": "Block 1014", "neighborhood": "east_village", "zip": "92101"}, "geometry": {"type": "Polygon", "coordinates": [[[-117.15196905283888, 32.71641518082325], [-117.15287205103166, 32.71640618284454], [-117.15287205046, 32.71657618279497], [-117.15287304975517, 32.71678518273626], [-117.15269205012048, 32.716786182331376], [-117.15215205120364, 32.716791181122815], [-117.15197205156022, 32.716794180719575], [-117.15197005226943, 32.716584180776266], [-117.15196905283888, 32.71641518082325]]]}}, {"type": "Feature", "properties": {"geo_block": "10100US060730053002008", "block_name": "Block 2008", "neighborhood": "east_village", "zip": "92101"}, "geometry": {"type": "Polygon", "coordinates": [[[-117.15833604581401, 32.714667195570186], [-117.1581540461792, 32.71466819516291], [-117.15760704727339, 32.714672193938526], [-117.1574260476332, 32.714674193533185], [-117.15742404834533, 32.71446519359003], [-117.15741905045606, 32.71384519376075], [-117.15741805115941, 32.71363819381924], [-117.15760005080205, 32.71363519422719], [-117.15814604970285, 32.71363419544867], [-117.1583290493333, 32.71363419585796], [-117.15833004863228, 32.71384019579969], [-117.15833404652385, 32.71445919562681], [-117.15833604581401, 32.714667195570186]]]}}, {"type": "Feature", "properties": {"geo_block": "10100US060730052001029", "block_name": "Block 1029", "neighborhood": "east_village", "zip": "92101"}, "geometry": {"type": "Polygon", "coordinates": [[[-117.15194306563689, 32.712619181870565], [-117.15212406527576, 32.71261818227576], [-117.15267006418303, 32.712616183497744], [-117.15285306381449, 32.71261618390712], [-117.15285406311307, 32.71282418384871], [-117.15285806099665, 32.71345118367485], [-117.15286006028984, 32.71366018361838], [-117.15267806065737, 32.71366018321132], [-117.15213106175196, 32.71366318198702], [-117.15195006211417, 32.71366418158191], [-117.15194806281993, 32.713455181638295], [-117.15194406493652, 32.71282718181223], [-117.15194306563689, 32.712619181870565]]]}}, {"type": "Feature", "properties": {"geo_block": "10100US060730052001027", "block_name": "Block 1027", "neighborhood": "east_village", "zip": "92101"}, "geometry": {"type": "Polygon", "coordinates": [[[-117.15040006172809, 32.71471417781005], [-117.15039806243541, 32.7145041778666], [-117.15039506352318, 32.71418117795376], [-117.1503920645339, 32.71388117803423], [-117.1503900652345, 32.7136731780902], [-117.15070106461644, 32.71367017878665], [-117.15163706274294, 32.71366518088157], [-117.15195006211417, 32.71366418158191], [-117.15195106141712, 32.713871181523864], [-117.15195605929846, 32.71449918135216], [-117.15195805859268, 32.71470818129577], [-117.15164605922125, 32.714709180597794], [-117.15071106110491, 32.71471217850609], [-117.15040006172809, 32.71471417781005]]]}}, {"type": "Feature", "properties": {"geo_block": "10100US060730052001018", "block_name": "Block 1018", "neighborhood": "east_village", "zip": "92101"}, "geometry": {"type": "Polygon", "coordinates": [[[-117.14948006357808, 32.71471817575161], [-117.14966306321081, 32.71471717616111], [-117.1502160621008, 32.7147141773986], [-117.15040006172809, 32.71471417781005], [-117.15040106103285, 32.71492117775214], [-117.15040605893303, 32.71554517758197], [-117.15040805823234, 32.715753177526004], [-117.15022405860609, 32.71575317711462], [-117.14967105971932, 32.715756175877374], [-117.14948806008768, 32.71575717546793], [-117.14948606078724, 32.71554917552383], [-117.14948106288392, 32.714925175693764], [-117.14948006357808, 32.71471817575161]]]}}, {"type": "Feature", "properties": {"geo_block": "10100US060730056002059", "block_name": "Block 2059", "neighborhood": "cortez", "zip": "92101"}, "geometry": {"type": "Polygon", "coordinates": [[[-117.1574570298701, 32.71989819206981], [-117.15763902950304, 32.71989619247702], [-117.15818702838745, 32.719893193702205], [-117.15837002801487, 32.71989219411134], [-117.15837102730364, 32.720101194052184], [-117.15837602516231, 32.720729193878874], [-117.15837802444558, 32.72093919382164], [-117.15819502482596, 32.72093819341317], [-117.1576460259468, 32.72094119218598], [-117.15746402631498, 32.72094319177886], [-117.15746202702724, 32.72073419183571], [-117.1574580291599, 32.72010719201073], [-117.1574570298701, 32.71989819206981]]]}}, {"type": "Feature", "properties": {"geo_block": "10100US060730056001010", "block_name": "Block 1010", "neighborhood": "cortez", "zip": "92101"}, "geometry": {"type": "Polygon", "coordinates": [[[-117.16020202069814, 32.720936197896826], [-117.1603870203204, 32.720935198310364], [-117.16094301917501, 32.720935199552315], [-117.16112901879181, 32.72093519996778], [-117.16113101807187, 32.72114519991033], [-117.16113701590514, 32.721777199737396], [-117.16113901518175, 32.72198819967965], [-117.16095301556604, 32.72198819926425], [-117.16039801671266, 32.72198819802477], [-117.16021301709142, 32.721989197611315], [-117.1602100178158, 32.72177819766675], [-117.16020401997926, 32.72114619783946], [-117.16020202069814, 32.720936197896826]]]}}, {"type": "Feature", "properties": {"geo_block": "10100US060730056001015", "block_name": "Block 1015", "neighborhood": "cortez", "zip": "92101"}, "geometry": {"type": "Polygon", "coordinates": [[[-117.16112901879181, 32.72093519996778], [-117.16130901843124, 32.72093220037074], [-117.16185101731807, 32.720931201581706], [-117.16203201694522, 32.72093120198601], [-117.16203301622626, 32.72114120192626], [-117.16203601406937, 32.721771201746975], [-117.16203701335041, 32.72198120168723], [-117.16185701371886, 32.72198220128493], [-117.16131801482216, 32.7219852000803], [-117.16113901518175, 32.72198819967965], [-117.16113701590514, 32.721777199737396], [-117.16113101807187, 32.72114519991033], [-117.16112901879181, 32.72093519996778]]]}}, {"type": "Feature", "properties": {"geo_block": "10100US060730056001018", "block_name": "Block 1018", "neighborhood": "cortez", "zip": "92101"}, "geometry": {"type": "Polygon", "coordinates": [[[-117.16203201694522, 32.72093120198601], [-117.16221401657712, 32.720929202393144], [-117.16276001545914, 32.72092720361335], [-117.16294301508213, 32.72092720402212], [-117.16294401436896, 32.721135203962874], [-117.16294801221706, 32.72176220378649], [-117.1629500114984, 32.721971203729176], [-117.16276701186965, 32.72197320331989], [-117.16221901298464, 32.72197820209456], [-117.16203701335041, 32.72198120168723], [-117.16203601406937, 32.721771201746975], [-117.16203301622626, 32.72114120192626], [-117.16203201694522, 32.72093120198601]]]}}, {"type": "Feature", "properties": {"geo_block": "10100US060730054004022", "block_name": "Block 4022", "neighborhood": "east_village", "zip": "92101"}, "geometry": {"type": "Polygon", "coordinates": [[[-117.1573560692055, 32.70834819523241], [-117.15827206739634, 32.70834419728424], [-117.15827406739577, 32.70834319728901], [-117.15828006667469, 32.708552197241055], [-117.15829806449115, 32.70918519709542], [-117.15830406376325, 32.70939619704687], [-117.15811806413447, 32.70939619663055], [-117.15756006524808, 32.709396195381586], [-117.15737506561389, 32.70939719496721], [-117.1573560692055, 32.70834819523241]]]}}, {"type": "Feature", "properties": {"geo_block": "10100US060730054004001", "block_name": "Block 4001", "neighborhood": "east_village", "zip": "92101"}, "geometry": {"type": "Polygon", "coordinates": [[[-117.15738905976556, 32.711115194494546], [-117.15738606135034, 32.71064919462454], [-117.15738506207396, 32.71043619468479], [-117.15756506172724, 32.71043219508878], [-117.15810506067356, 32.710424196299584], [-117.15828606032146, 32.71042119670552], [-117.15828805994424, 32.71053119667768], [-117.15829505879697, 32.71086519659524], [-117.15829705841297, 32.710977196566816], [-117.1583000580541, 32.711081196542985], [-117.15830705696787, 32.71139719646583], [-117.15831005659878, 32.71150419644112], [-117.15812605696817, 32.71150419602943], [-117.15757605806212, 32.71150719479795], [-117.15739305841934, 32.711510194387614], [-117.15739105915176, 32.71129519444621], [-117.15738905976556, 32.711115194494546]]]}}, {"type": "Feature", "properties": {"geo_block": "10100US060730054002020", "block_name": "Block 2020", "neighborhood": "columbia", "zip": "92101"}, "geometry": {"type": "Polygon", "coordinates": [[[-117.16737202389226, 32.71571921546369], [-117.16755302353154, 32.71571721586897], [-117.16809702242668, 32.71571721708524], [-117.16827902205702, 32.71571721749215], [-117.16827902149491, 32.71588021744363], [-117.16827901980852, 32.71636921729806], [-117.16828001924091, 32.71653321725148], [-117.16828001912367, 32.71656721724136], [-117.16828001874778, 32.71667621720891], [-117.1682800186236, 32.7167122171982], [-117.16809901899568, 32.71671121679389], [-117.16755902007819, 32.71671621558529], [-117.16737902043444, 32.71671921518203], [-117.16737802054666, 32.7166872151893], [-117.1673780208669, 32.71659421521696], [-117.16737802097367, 32.716563215226174], [-117.16737602156314, 32.716393215272255], [-117.16737302331515, 32.71588621541628], [-117.16737202389226, 32.71571921546369]]]}}, {"type": "Feature", "properties": {"geo_block": "10100US060730054002018", "block_name": "Block 2018", "neighborhood": "columbia", "zip": "92101"}, "geometry": {"type": "Polygon", "coordinates": [[[-117.16863601790203, 32.716711217994295], [-117.16873501770043, 32.7167112182156], [-117.16898901719351, 32.716708218784284], [-117.1691670168379, 32.716706219182775], [-117.16916701652019, 32.716798219155365], [-117.16916701556701, 32.717074219073105], [-117.16916701524583, 32.717167219045386], [-117.16916601483342, 32.71728721900739], [-117.16916601359705, 32.7176452189007], [-117.16916601317571, 32.71776721886434], [-117.16898801354273, 32.71776621846681], [-117.16845501463132, 32.71776621727557], [-117.16827801498593, 32.717768216879385], [-117.16827801572049, 32.717555216942785], [-117.16827901790144, 32.71692221713345], [-117.16828001848567, 32.71675221718629], [-117.1682800186236, 32.7167122171982], [-117.16845701826658, 32.71671121759416], [-117.16863601790203, 32.716711217994295]]]}}, {"type": "Feature", "properties": {"geo_block": "10100US060730054002003", "block_name": "Block 2003", "neighborhood": "columbia", "zip": "92101"}, "geometry": {"type": "Polygon", "coordinates": [[[-117.16916601317571, 32.71776721886434], [-117.16916601359705, 32.7176452189007], [-117.16916601483342, 32.71728721900739], [-117.16916701524583, 32.717167219045386], [-117.16916701556701, 32.717074219073105], [-117.16916701652019, 32.716798219155365], [-117.1691670168379, 32.716706219182775], [-117.16916701809848, 32.71634121929155], [-117.16916701963532, 32.71589621942418], [-117.16916702010154, 32.71576121946441], [-117.16916702025695, 32.71571621947782], [-117.16931001997, 32.715715219797836], [-117.16973801910073, 32.71571522075475], [-117.17006701843253, 32.71571522149033], [-117.16987901877285, 32.715727221066416], [-117.16987301875047, 32.71573722105002], [-117.16983901859479, 32.71580222095462], [-117.16982801854108, 32.71582422092346], [-117.16981701836984, 32.71588022088217], [-117.16978501784024, 32.71605222075932], [-117.16977501766354, 32.716109220719964], [-117.16978601754784, 32.7161362207365], [-117.16979901729668, 32.71620122074617], [-117.16983201639292, 32.71644322074776], [-117.16983801623203, 32.71648622074835], [-117.16996801330474, 32.71725622080924], [-117.16996101264473, 32.71745122073541], [-117.16994901149006, 32.71779222060687], [-117.16994101080786, 32.71799422052872], [-117.16992100875682, 32.71859922030354], [-117.16991400806576, 32.71880322022703], [-117.16990600734219, 32.71901722014532], [-117.1698830051592, 32.719662219901515], [-117.16987900468335, 32.71980221985081], [-117.16987900442405, 32.71987721982844], [-117.16973600471779, 32.71987721950896], [-117.16930700559905, 32.719877218550515], [-117.16916500588728, 32.719878218232964], [-117.16916500662288, 32.719665218296456], [-117.16916600882767, 32.71902621848913], [-117.16916700955777, 32.718814218554535], [-117.16916601028507, 32.71860421861489], [-117.1691660124539, 32.71797621880205], [-117.16916601317571, 32.71776721886434]]]}}, {"type": "Feature", "properties": {"geo_block": "10100US060730054002011", "block_name": "Block 2011", "neighborhood": "core", "zip": "92101"}, "geometry": {"type": "Polygon", "coordinates": [[[-117.16988202265998, 32.714601221409026], [-117.16988702265331, 32.7146002214205], [-117.16993602255411, 32.71460022153008], [-117.17006602229434, 32.71459922182108], [-117.17006502152509, 32.71482222175231], [-117.17006401921334, 32.71549122155046], [-117.17006701843253, 32.71571522149033], [-117.16973801910073, 32.71571522075475], [-117.16931001997, 32.715715219797836], [-117.16916702025695, 32.71571621947782], [-117.16916702103057, 32.715492219544586], [-117.16917002334182, 32.71482121975126], [-117.16917202410794, 32.71459821982219], [-117.16935002375097, 32.71459722022055], [-117.16983502275514, 32.71460122130392], [-117.16988202265998, 32.714601221409026]]]}}, {"type": "Feature", "properties": {"geo_block": "10100US060730053003019", "block_name": "Block 3019", "neighborhood": "core", "zip": "92101"}, "geometry": {"type": "Polygon", "coordinates": [[[-117.16472302582645, 32.71672420924336], [-117.16472102652314, 32.716522209298745], [-117.16471702858853, 32.71592220946756], [-117.16471602927633, 32.71572220952457], [-117.16489402892165, 32.715720209923134], [-117.16543102783099, 32.715720211123745], [-117.16561002746403, 32.71572121152366], [-117.16560902678275, 32.7159202114624], [-117.16560802473141, 32.716518211282775], [-117.16560802404466, 32.71671821122345], [-117.16560802404123, 32.71671921122316], [-117.16560802400689, 32.71672921122019], [-117.16560802399657, 32.7167322112193], [-117.16543002435569, 32.71673321082111], [-117.16490002542481, 32.71673620963548], [-117.164723025775, 32.71673920923892], [-117.1647230257853, 32.716736209239805], [-117.16472302581614, 32.71672720924248], [-117.16472302582645, 32.71672420924336]]]}}, {"type": "Feature", "properties": {"geo_block": "10100US060730053003006", "block_name": "Block 3006", "neighborhood": "columbia", "zip": "92101"}, "geometry": {"type": "Polygon", "coordinates": [[[-117.1656020204412, 32.7177712108977], [-117.16577902008655, 32.717769211293884], [-117.16631201899794, 32.71776921248513], [-117.16649001863092, 32.717770212882655], [-117.16648901791088, 32.71798021281806], [-117.16648801575, 32.71860921262903], [-117.16648801502446, 32.71882021256638], [-117.16631001538906, 32.71882021216862], [-117.16577701648077, 32.718820210977604], [-117.16560001683993, 32.7188212105818], [-117.16560001756444, 32.718610210644385], [-117.1656010197256, 32.717980210833474], [-117.1656020204412, 32.7177712108977]]]}}, {"type": "Feature", "properties": {"geo_block": "10100US060730053003023", "block_name": "Block 3023", "neighborhood": "core", "zip": "92101"}, "geometry": {"type": "Polygon", "coordinates": [[[-117.1619880348784, 32.715704203430676], [-117.16198903549763, 32.71552220348663], [-117.16199403734784, 32.7149772036587], [-117.16199603795823, 32.7147972037163], [-117.1619970382293, 32.71471720374214], [-117.16214003793966, 32.71471720406192], [-117.16246603727257, 32.71471920479032], [-117.16281103657721, 32.71471820556211], [-117.16289803640099, 32.714718205756654], [-117.16289903593062, 32.71485520571839], [-117.16289903534945, 32.715025205668155], [-117.16290103358824, 32.715539205520706], [-117.16290203299822, 32.71571120547212], [-117.16271903337669, 32.71570920506356], [-117.16217003450535, 32.715705203837295], [-117.1619880348784, 32.715704203430676]]]}}, {"type": "Feature", "properties": {"geo_block": "10100US060730053002019", "block_name": "Block 2019", "neighborhood": "east_village", "zip": "92101"}, "geometry": {"type": "Polygon", "coordinates": [[[-117.15648006023868, 32.71151419234365], [-117.15666205988008, 32.71151219275146], [-117.1572100587867, 32.711510193978164], [-117.15739305841934, 32.711510194387614], [-117.15739705768628, 32.71172419433378], [-117.15740905547014, 32.71237119417082], [-117.15741405472487, 32.71258819411834], [-117.15723005509538, 32.71258819370673], [-117.15668005618251, 32.71259419247461], [-117.15649705654086, 32.71259719206436], [-117.156493057283, 32.71238019211899], [-117.15648305950197, 32.71173019228707], [-117.15648006023868, 32.71151419234365]]]}}, {"type": "Feature", "properties": {"geo_block": "10100US060730053002018", "block_name": "Block 2018", "neighborhood": "east_village", "zip": "92101"}, "geometry": {"type": "Polygon", "coordinates": [[[-117.15739305841934, 32.711510194387614], [-117.15757605806212, 32.71150719479795], [-117.15812605696817, 32.71150419602943], [-117.15831005659878, 32.71150419644112], [-117.15831205586866, 32.71171819638273], [-117.15832105365526, 32.71236519621282], [-117.15832405291631, 32.71258119615608], [-117.15814205327938, 32.71258219574866], [-117.15759505437062, 32.712585194524124], [-117.15741405472487, 32.71258819411834], [-117.15740905547014, 32.71237119417082], [-117.15739705768628, 32.71172419433378], [-117.15739305841934, 32.711510194387614]]]}}, {"type": "Feature", "properties": {"geo_block": "10100US060730057002013", "block_name": "Block 2013", "neighborhood": "cortez", "zip": "92101"}, "geometry": {"type": "Polygon", "coordinates": [[[-117.16205500621228, 32.724061201113386], [-117.16205400691422, 32.723856201171664], [-117.16205100900632, 32.72324520134534], [-117.16205100969933, 32.72304220140526], [-117.16205000980385, 32.72301220141189], [-117.16204901009269, 32.72292820143445], [-117.16204901018826, 32.72290020144272], [-117.16204801027227, 32.72287620144757], [-117.16204801051806, 32.72280420146883], [-117.16204801059659, 32.72278120147562], [-117.1622300100661, 32.722826201868735], [-117.16277800844946, 32.722967203050736], [-117.16296100790285, 32.72301620344487], [-117.16296100780029, 32.723046203436006], [-117.16296100746524, 32.723144203407045], [-117.16296200735374, 32.72317620339982], [-117.16296300674995, 32.72335220335003], [-117.16296700492616, 32.72388320320201], [-117.16296900431685, 32.72406020315416], [-117.16278600470044, 32.72405920274591], [-117.162237005841, 32.724059201520284], [-117.16205500621228, 32.724061201113386]]]}}, {"type": "Feature", "properties": {"geo_block": "10100US060730052001033", "block_name": "Block 1033", "neighborhood": "east_village", "zip": "92101"}, "geometry": {"type": "Polygon", "coordinates": [[[-117.14945807427218, 32.71153317662679], [-117.14963807391747, 32.7115311770301], [-117.15018007284273, 32.71152717824396], [-117.15036107248272, 32.71152617864924], [-117.15036407173996, 32.711746178592016], [-117.15037506950432, 32.71240717842455], [-117.1503790687562, 32.71262817836927], [-117.15019606912806, 32.71262717796019], [-117.1496470702236, 32.7126301767312], [-117.14946507058339, 32.71263217632349], [-117.14946307132305, 32.71241217638286], [-117.1494590735379, 32.71175217656547], [-117.14945807427218, 32.71153317662679]]]}}, {"type": "Feature", "properties": {"geo_block": "10100US060730052001046", "block_name": "Block 1046", "neighborhood": "east_village", "zip": "92101"}, "geometry": {"type": "Polygon", "coordinates": [[[-117.1546530638896, 32.71151918825438], [-117.15483506352761, 32.711518188661884], [-117.15538306242071, 32.711520189887416], [-117.15556606204991, 32.71152119029658], [-117.15556906132107, 32.71173519024067], [-117.1555780591108, 32.712384190070864], [-117.1555810583718, 32.71260119001408], [-117.15539805874027, 32.712601189604705], [-117.15485205983637, 32.712602188382995], [-117.15467006019271, 32.71260518797498], [-117.15466606093601, 32.71238718802975], [-117.1546560631551, 32.711735188197956], [-117.1546530638896, 32.71151918825438]]]}}, {"type": "Feature", "properties": {"geo_block": "10100US060730051002020", "block_name": "Block 2020", "neighborhood": "east_village", "zip": "92101"}, "geometry": {"type": "Polygon", "coordinates": [[[-117.15186808706179, 32.70628218354802], [-117.15205308670919, 32.7062781839635], [-117.1526080856314, 32.706272185208185], [-117.15279408527013, 32.706270185625314], [-117.15279508455873, 32.706481185566034], [-117.15279808240432, 32.70712018538645], [-117.15279908168617, 32.70733318532659], [-117.15261508205462, 32.70733218491488], [-117.15206308316334, 32.70732818368007], [-117.1518790835251, 32.707329183267774], [-117.15187608423602, 32.70711918332222], [-117.15187008635618, 32.706491183491636], [-117.15186808706179, 32.70628218354802]]]}}, {"type": "Feature", "properties": {"geo_block": "10100US060730051002011", "block_name": "Block 2011", "neighborhood": "east_village", "zip": "92101"}, "geometry": {"type": "Polygon", "coordinates": [[[-117.15279007820058, 32.70837518500265], [-117.15297607784052, 32.70837218541991], [-117.15353607672947, 32.70837118667387], [-117.15372307635734, 32.7083711870925], [-117.15372407566166, 32.708577187034614], [-117.1537270742548, 32.7089931869199], [-117.15372807357595, 32.70919418686345], [-117.15373007287155, 32.70940218680721], [-117.15354407323267, 32.70940518639001], [-117.15298907430333, 32.70941618514457], [-117.15280407465238, 32.70942218472873], [-117.15280107536444, 32.70921218478324], [-117.15279207749725, 32.70858318494648], [-117.15279007820058, 32.70837518500265]]]}}, {"type": "Feature", "properties": {"geo_block": "10100US060730051002004", "block_name": "Block 2004", "neighborhood": "east_village", "zip": "92101"}, "geometry": {"type": "Polygon", "coordinates": [[[-117.15646906388706, 32.71044219263314], [-117.15647106315916, 32.71065619257491], [-117.15647506154093, 32.711132192444396], [-117.156477060972, 32.711299192399935], [-117.15648006023868, 32.71151419234365], [-117.15629706060267, 32.711515191933906], [-117.1557480616947, 32.71151819070467], [-117.15556606204991, 32.71152119029658], [-117.15556506278492, 32.71130419035784], [-117.15556506498042, 32.71065419054806], [-117.15556506571002, 32.71043819061128], [-117.15574506534972, 32.71043819101409], [-117.15628806425272, 32.71044119222837], [-117.15646906388706, 32.71044219263314]]]}}, {"type": "Feature", "properties": {"geo_block": "10100US060730051002003", "block_name": "Block 2003", "neighborhood": "east_village", "zip": "92101"}, "geometry": {"type": "Polygon", "coordinates": [[[-117.15464806749483, 32.71045318855476], [-117.15483106714203, 32.710449188965455], [-117.15538106606816, 32.71044119019863], [-117.15556506571002, 32.71043819061128], [-117.15556506498042, 32.71065419054806], [-117.15556506278492, 32.71130419035784], [-117.15556606204991, 32.71152119029658], [-117.15538306242071, 32.711520189887416], [-117.15483506352761, 32.711518188661884], [-117.1546530638896, 32.71151918825438], [-117.15465206461336, 32.71130518831468], [-117.15464906677447, 32.71066618849474], [-117.15464806749483, 32.71045318855476]]]}}, {"type": "Feature", "properties": {"geo_block": "10100US060730051001005", "block_name": "Block 1005", "neighborhood": "east_village", "zip": "92101"}, "geometry": {"type": "Polygon", "coordinates": [[[-117.14945208137934, 32.70941117722923], [-117.14963108101875, 32.70941217762959], [-117.15016907993162, 32.709416178832626], [-117.15034907956567, 32.70941817923494], [-117.1503500788772, 32.7096231791776], [-117.1503550768011, 32.71024017900951], [-117.15035707610727, 32.710446178954115], [-117.15017407647355, 32.71044617854458], [-117.14962807755975, 32.71044817732213], [-117.14944607791735, 32.71045017691425], [-117.1494460786128, 32.710242176974624], [-117.14945008069121, 32.70961817716468], [-117.14945208137934, 32.70941117722923]]]}}, {"type": "Feature", "properties": {"geo_block": "10100US060730053003002", "block_name": "Block 3002", "neighborhood": "cortez", "zip": "92101"}, "geometry": {"type": "Polygon", "coordinates": [[[-117.16293102225897, 32.718835204613626], [-117.16311402189098, 32.71883320502314], [-117.16366402077465, 32.71883020625303], [-117.16384802039431, 32.71883120666389], [-117.16384801966846, 32.719043206601164], [-117.16385101748467, 32.71967920641965], [-117.16385201675334, 32.71989220635885], [-117.16366901713268, 32.7198912059503], [-117.16312101824818, 32.71989420472511], [-117.1629390186152, 32.719896204317905], [-117.16293701934752, 32.7196832043764], [-117.16293202153216, 32.7190472045532], [-117.16293102225897, 32.718835204613626]]]}}, {"type": "Feature", "properties": {"geo_block": "10100US060730053004006", "block_name": "Block 4006", "neighborhood": "marina", "zip": "92101"}, "geometry": {"type": "Polygon", "coordinates": [[[-117.16559804207806, 32.71147221275714], [-117.16577904171471, 32.71147221316212], [-117.16632404062074, 32.71147221438154], [-117.16650604025195, 32.71147321478846], [-117.16650203952756, 32.71168621471625], [-117.16649003735091, 32.71232621449935], [-117.1664870366211, 32.71254021442909], [-117.16631003697744, 32.71254021403313], [-117.16577903803616, 32.71254321284437], [-117.16560303838709, 32.712544212450354], [-117.16560203912734, 32.7123292125119], [-117.16559904134122, 32.7116862126959], [-117.16559804207806, 32.71147221275714]]]}}, {"type": "Feature", "properties": {"geo_block": "10100US060730053004004", "block_name": "Block 4004", "neighborhood": "marina", "zip": "92101"}, "geometry": {"type": "Polygon", "coordinates": [[[-117.16469103655461, 32.713614210093176], [-117.16468803740065, 32.71336921015905], [-117.16467903953767, 32.71275121032201], [-117.16467704024797, 32.712545210378565], [-117.16486203988238, 32.71254321079301], [-117.16541703876497, 32.71254321203457], [-117.16560303838709, 32.712544212450354], [-117.16560303768662, 32.71274821238985], [-117.16560303556115, 32.71336721220624], [-117.16560403484839, 32.71357421214707], [-117.16542103522129, 32.713573211738066], [-117.16487303632084, 32.713575210511806], [-117.16469103655461, 32.713614210093176]]]}}, {"type": "Feature", "properties": {"geo_block": "10100US060730053003021", "block_name": "Block 3021", "neighborhood": "core", "zip": "92101"}, "geometry": {"type": "Polygon", "coordinates": [[[-117.16381403481276, 32.71464020782807], [-117.16399103445774, 32.71463920822418], [-117.16452403337844, 32.71463920941608], [-117.164702033018, 32.71463920981412], [-117.16470403227336, 32.714855209754596], [-117.16471303002645, 32.71550520958215], [-117.16471602927633, 32.71572220952457], [-117.16453702964671, 32.71572020912496], [-117.16400303074155, 32.71571720793194], [-117.16382503109965, 32.71571820753367], [-117.16382203184526, 32.71550220759088], [-117.16381603407258, 32.71485520776892], [-117.16381403481276, 32.71464020782807]]]}}, {"type": "Feature", "properties": {"geo_block": "10100US060730052001026", "block_name": "Block 1026", "neighborhood": "east_village", "zip": "92101"}, "geometry": {"type": "Polygon", "coordinates": [[[-117.14947506537045, 32.71418517589512], [-117.15039506352318, 32.71418117795376], [-117.15039806243541, 32.7145041778666], [-117.15040006172809, 32.71471417781005], [-117.1502160621008, 32.7147141773986], [-117.14966306321081, 32.71471717616111], [-117.14948006357808, 32.71471817575161], [-117.14947806428101, 32.714509175807784], [-117.14947506537045, 32.71418517589512]]]}}, {"type": "Feature", "properties": {"geo_block": "10100US060730053002010", "block_name": "Block 2010", "neighborhood": "east_village", "zip": "92101"}, "geometry": {"type": "Polygon", "coordinates": [[[-117.15649705654086, 32.71259719206436], [-117.15668005618251, 32.71259419247461], [-117.15723005509538, 32.71258819370673], [-117.15741405472487, 32.71258819411834], [-117.1574140540134, 32.71279819405674], [-117.1574170518729, 32.71342819387861], [-117.15741805115941, 32.71363819381924], [-117.15723605152692, 32.71363819341218], [-117.15668905262477, 32.71364019218817], [-117.1565080529869, 32.71364119178305], [-117.15650505369996, 32.71343219183758], [-117.15649905583318, 32.712805192007885], [-117.15649705654086, 32.71259719206436]]]}}, {"type": "Feature", "properties": {"geo_block": "10100US060730053002006", "block_name": "Block 2006", "neighborhood": "gaslamp", "zip": "92101"}, "geometry": {"type": "Polygon", "coordinates": [[[-117.16015304218877, 32.71465119963806], [-117.15997304254991, 32.714652199235246], [-117.15943204362509, 32.7146581980237], [-117.15925304398077, 32.714660197622834], [-117.15925004468687, 32.714454197676716], [-117.15924404679912, 32.713836197845055], [-117.15924204750321, 32.71363019790116], [-117.15942204714652, 32.713628198304335], [-117.15996504605683, 32.71362619951941], [-117.16014604569132, 32.713626199924235], [-117.1601470449916, 32.71383119986611], [-117.16015104289393, 32.714445199694254], [-117.16015304218877, 32.71465119963806]]]}}, {"type": "Feature", "properties": {"geo_block": "10100US060730053001006", "block_name": "Block 1006", "neighborhood": "core", "zip": "92101"}, "geometry": {"type": "Polygon", "coordinates": [[[-117.15928203320675, 32.71781319676033], [-117.15946003284994, 32.717811197158746], [-117.15999403175915, 32.71781119835221], [-117.16017303139354, 32.71781119875227], [-117.16017503067812, 32.71802019869519], [-117.16018102853188, 32.718647198523975], [-117.16018402781444, 32.71885619846913], [-117.16000502818451, 32.71885519806944], [-117.15947102926822, 32.71885819687531], [-117.15929302962604, 32.71886019647698], [-117.15929003034589, 32.71865019653204], [-117.15928403249241, 32.71802219670334], [-117.15928203320675, 32.71781319676033]]]}}, {"type": "Feature", "properties": {"geo_block": "10100US060730053001003", "block_name": "Block 1003", "neighborhood": "cortez", "zip": "92101"}, "geometry": {"type": "Polygon", "coordinates": [[[-117.15929302962604, 32.71886019647698], [-117.15947102926822, 32.71885819687531], [-117.16000502818451, 32.71885519806944], [-117.16018402781444, 32.71885619846913], [-117.16018602710238, 32.71906419841235], [-117.16019202495609, 32.71969119824112], [-117.16019402424068, 32.71990019818404], [-117.16001402461383, 32.7198991977822], [-117.15947602572926, 32.71989619658111], [-117.159297026097, 32.71989619618121], [-117.15929602680592, 32.719688196240156], [-117.15929302892594, 32.71906619641639], [-117.15929302962604, 32.71886019647698]]]}}, {"type": "Feature", "properties": {"geo_block": "10100US060730052001043", "block_name": "Block 1043", "neighborhood": "east_village", "zip": "92101"}, "geometry": {"type": "Polygon", "coordinates": [[[-117.15651604944564, 32.71468319149561], [-117.15633104981691, 32.71468419108162], [-117.15577905092472, 32.71468718984637], [-117.15559505128724, 32.71469018943403], [-117.15559305199726, 32.714481189490726], [-117.15558905412325, 32.71385418966528], [-117.15558805483124, 32.7136451897242], [-117.15577105446846, 32.713643190134086], [-117.15632405336186, 32.71364019137181], [-117.1565080529869, 32.71364119178305], [-117.15650905228122, 32.713849191724336], [-117.15651405015673, 32.71447419155238], [-117.15651604944564, 32.71468319149561]]]}}, {"type": "Feature", "properties": {"geo_block": "10100US060730052001015", "block_name": "Block 1015", "neighborhood": "east_village", "zip": "92101"}, "geometry": {"type": "Polygon", "coordinates": [[[-117.15287205103166, 32.71640618284454], [-117.15196905283888, 32.71641518082325], [-117.15196605439289, 32.71595418095079], [-117.1519650551, 32.71574418100972], [-117.15214505474111, 32.71574218141274], [-117.15268805364495, 32.71574018262735], [-117.15286905327392, 32.715741183031724], [-117.15286905257784, 32.715948182971374], [-117.15287205103166, 32.71640618284454]]]}}, {"type": "Feature", "properties": {"geo_block": "10100US060730052001010", "block_name": "Block 1010", "neighborhood": "east_village", "zip": "92101"}, "geometry": {"type": "Polygon", "coordinates": [[[-117.14799906307546, 32.71576817213569], [-117.14823106261423, 32.71576517265526], [-117.1483140624423, 32.71576617284053], [-117.14836606233999, 32.715765172957084], [-117.1485240620224, 32.71576417331062], [-117.14857706191475, 32.715764173429115], [-117.14857906120955, 32.715974173372715], [-117.1485850590939, 32.7166041732035], [-117.14858805838, 32.71681617314875], [-117.14851305853611, 32.71681517298139], [-117.14829105899837, 32.716812172486016], [-117.1482170591458, 32.7168131723203], [-117.14814905928762, 32.716812172168595], [-117.14794505970654, 32.71681117171287], [-117.14787805984302, 32.716811171563094], [-117.14786005987969, 32.71681117152286], [-117.1478060599897, 32.71681117140215], [-117.14778806002636, 32.71681117136192], [-117.14778806055651, 32.716652171407965], [-117.14778906214497, 32.716175171548315], [-117.14779006266976, 32.716017171596306], [-117.14779006283646, 32.71596717161079], [-117.14779006333997, 32.71581617165451], [-117.14779106350132, 32.71576717167093], [-117.14781206345867, 32.715767171717886], [-117.14787806332458, 32.715767171865444], [-117.14790006327658, 32.71576817191435], [-117.14798206310999, 32.71576817209768], [-117.14799906307546, 32.71576817213569]]]}}]}