obs_month,neighborhood,signal_type,metric,value,is_imputed,source_id
2014-01-01,cortez,observation,observed_individuals,55.0,false,A
2014-01-01,cortez,observation,observed_total_units,55.0,false,A
2014-01-01,east_village,observation,observed_individuals,333.0,false,A
2014-01-01,east_village,observation,observed_total_units,333.0,false,A
2014-01-01,gaslamp,observation,observed_individuals,18.0,false,A
2014-01-01,gaslamp,observation,observed_total_units,18.0,false,A
2014-01-01,marina,observation,observed_individuals,24.0,false,A
2014-01-01,marina,observation,observed_total_units,24.0,false,A
2014-02-01,core,observation,observed_individuals,159.0,false,A
2014-02-01,core,observation,observed_total_units,159.0,false,A
2014-02-01,cortez,observation,observed_individuals,56.0,false,A
2014-02-01,cortez,observation,observed_total_units,56.0,false,A
2014-02-01,east_village,observation,observed_individuals,302.0,false,A
2014-02-01,east_village,observation,observed_total_units,302.0,false,A
2014-02-01,marina,observation,observed_individuals,19.0,false,A
2014-02-01,marina,observation,observed_total_units,19.0,false,A
2014-03-01,core,observation,observed_individuals,166.0,false,A
2014-03-01,core,observation,observed_total_units,166.0,false,A
2014-03-01,cortez,observation,observed_individuals,39.0,false,A
2014-03-01,cortez,observation,observed_total_units,39.0,false,A
2014-03-01,east_village,observation,observed_individuals,376.0,false,A
2014-03-01,east_village,observation,observed_total_units,376.0,false,A
2014-03-01,gaslamp,observation,observed_individuals,29.0,false,A
2014-03-01,gaslamp,observation,observed_total_units,29.0,false,A
2014-03-01,marina,observation,observed_individuals,23.0,false,A
2014-03-01,marina,observation,observed_total_units,23.0,false,A
2014-04-01,core,observation,observed_individuals,143.0,false,A
2014-04-01,core,observation,observed_total_units,143.0,false,A
2014-04-01,cortez,observation,observed_individuals,40.0,false,A
2014-04-01,cortez,observation,observed_total_units,40.0,false,A
2014-04-01,east_village,observation,observed_individuals,366.0,false,A
2014-04-01,east_village,observation,observed_total_units,366.0,false,A
2014-04-01,gaslamp,observation,observed_individuals,18.0,false,A
2014-04-01,gaslamp,observation,observed_total_units,18.0,false,A
2014-04-01,marina,observation,observed_individuals,15.0,false,A
2014-04-01,marina,observation,observed_total_units,15.0,false,A
2014-05-01,core,observation,observed_individuals,126.0,false,A
2014-05-01,core,observation,observed_total_units,126.0,false,A
2014-05-01,cortez,observation,observed_individuals,31.0,false,A
2014-05-01,cortez,observation,observed_total_units,31.0,false,A
2014-05-01,east_village,observation,observed_individuals,410.0,false,A
2014-05-01,east_village,observation,observed_total_units,410.0,false,A
2014-05-01,gaslamp,observation,observed_individuals,14.0,false,A
2014-05-01,gaslamp,observation,observed_total_units,14.0,false,A
2014-05-01,marina,observation,observed_individuals,16.0,false,A
2014-05-01,marina,observation,observed_total_units,16.0,false,A
2014-06-01,core,observation,observed_individuals,140.0,false,A
2014-06-01,core,observation,observed_total_units,140.0,false,A
2014-06-01,cortez,observation,observed_individuals,34.0,false,A
2014-06-01,cortez,observation,observed_total_units,34.0,false,A
2014-06-01,east_village,observation,observed_individuals,434.0,false,A
2014-06-01,east_village,observation,observed_total_units,434.0,false,A
2014-06-01,gaslamp,observation,observed_individuals,24.0,false,A
2014-06-01,gaslamp,observation,observed_total_units,24.0,false,A
2014-06-01,marina,observation,observed_individuals,20.0,false,A
2014-06-01,marina,observation,observed_total_units,20.0,false,A
2014-07-01,core,observation,observed_individuals,167.0,false,A
2014-07-01,core,observation,observed_total_units,167.0,false,A
2014-07-01,cortez,observation,observed_individuals,32.0,false,A
2014-07-01,cortez,observation,observed_total_units,32.0,false,A
2014-07-01,east_village,observation,observed_individuals,423.0,false,A
2014-07-01,east_village,observation,observed_total_units,423.0,false,A
2014-07-01,gaslamp,observation,observed_individuals,30.0,false,A
2014-07-01,gaslamp,observation,observed_total_units,30.0,false,A
2014-07-01,marina,observation,observed_individuals,37.0,false,A
2014-07-01,marina,observation,observed_total_units,37.0,false,A
2014-08-01,columbia,observation,observed_individuals,15.0,true,A
2014-08-01,columbia,observation,observed_structures,1.0,true,A
2014-08-01,columbia,observation,observed_total_units,16.0,true,A
2014-08-01,core,observation,observed_individuals,116.0,true,A
2014-08-01,core,observation,observed_structures,2.0,true,A
2014-08-01,core,observation,observed_total_units,118.0,true,A
2014-08-01,cortez,observation,observed_individuals,29.0,true,A
2014-08-01,cortez,observation,observed_structures,1.0,true,A
2014-08-01,cortez,observation,observed_total_units,30.0,true,A
2014-08-01,east_village,observation,observed_individuals,386.0,true,A
2014-08-01,east_village,observation,observed_structures,19.0,true,A
2014-08-01,east_village,observation,observed_total_units,408.0,true,A
2014-08-01,east_village,observation,observed_vehicles,3.0,true,A
2014-08-01,gaslamp,observation,observed_individuals,25.0,true,A
2014-08-01,gaslamp,observation,observed_total_units,25.0,true,A
2014-08-01,marina,observation,observed_individuals,30.0,true,A
2014-08-01,marina,observation,observed_structures,3.0,true,A
2014-08-01,marina,observation,observed_total_units,33.0,true,A
2014-09-01,columbia,observation,observed_individuals,21.0,true,A
2014-09-01,columbia,observation,observed_structures,1.0,true,A
2014-09-01,columbia,observation,observed_total_units,22.0,true,A
2014-09-01,core,observation,observed_individuals,112.0,true,A
2014-09-01,core,observation,observed_structures,3.0,true,A
2014-09-01,core,observation,observed_total_units,115.0,true,A
2014-09-01,cortez,observation,observed_individuals,32.0,true,A
2014-09-01,cortez,observation,observed_total_units,32.0,true,A
2014-09-01,east_village,observation,observed_individuals,370.0,true,A
2014-09-01,east_village,observation,observed_structures,21.0,true,A
2014-09-01,east_village,observation,observed_total_units,392.0,true,A
2014-09-01,east_village,observation,observed_vehicles,1.0,true,A
2014-09-01,gaslamp,observation,observed_individuals,18.0,true,A
2014-09-01,gaslamp,observation,observed_total_units,18.0,true,A
2014-09-01,marina,observation,observed_individuals,34.0,true,A
2014-09-01,marina,observation,observed_structures,1.0,true,A
2014-09-01,marina,observation,observed_total_units,35.0,true,A
2014-10-01,core,observation,observed_individuals,120.0,false,A
2014-10-01,core,observation,observed_total_units,120.0,false,A
2014-10-01,cortez,observation,observed_individuals,30.0,false,A
2014-10-01,cortez,observation,observed_total_units,30.0,false,A
2014-10-01,east_village,observation,observed_individuals,438.0,false,A
2014-10-01,east_village,observation,observed_total_units,439.0,false,A
2014-10-01,east_village,observation,observed_vehicles,1.0,false,A
2014-10-01,gaslamp,observation,observed_individuals,16.0,false,A
2014-10-01,gaslamp,observation,observed_total_units,16.0,false,A
2014-10-01,marina,observation,observed_individuals,49.0,false,A
2014-10-01,marina,observation,observed_total_units,49.0,false,A
2014-11-01,core,observation,observed_individuals,133.0,false,A
2014-11-01,core,observation,observed_total_units,133.0,false,A
2014-11-01,cortez,observation,observed_individuals,33.0,false,A
2014-11-01,cortez,observation,observed_total_units,33.0,false,A
2014-11-01,east_village,observation,observed_individuals,316.0,false,A
2014-11-01,east_village,observation,observed_total_units,316.0,false,A
2014-11-01,gaslamp,observation,observed_individuals,15.0,false,A
2014-11-01,gaslamp,observation,observed_total_units,15.0,false,A
2014-11-01,marina,observation,observed_individuals,18.0,false,A
2014-11-01,marina,observation,observed_total_units,18.0,false,A
2014-12-01,core,observation,observed_individuals,173.0,false,A
2014-12-01,core,observation,observed_total_units,173.0,false,A
2014-12-01,cortez,observation,observed_individuals,27.0,false,A
2014-12-01,cortez,observation,observed_total_units,27.0,false,A
2014-12-01,east_village,observation,observed_individuals,313.0,false,A
2014-12-01,east_village,observation,observed_total_units,313.0,false,A
2014-12-01,gaslamp,observation,observed_individuals,16.0,false,A
2014-12-01,gaslamp,observation,observed_total_units,16.0,false,A
2014-12-01,marina,observation,observed_individuals,15.0,false,A
2014-12-01,marina,observation,observed_total_units,15.0,false,A
2015-01-01,core,observation,observed_individuals,177.0,false,A
2015-01-01,core,observation,observed_total_units,177.0,false,A
2015-01-01,cortez,observation,observed_individuals,47.0,false,A
2015-01-01,cortez,observation,observed_total_units,47.0,false,A
2015-01-01,east_village,observation,observed_individuals,413.0,false,A
2015-01-01,east_village,observation,observed_total_units,413.0,false,A
2015-01-01,gaslamp,observation,observed_individuals,19.0,false,A
2015-01-01,gaslamp,observation,observed_total_units,19.0,false,A
2015-01-01,marina,observation,observed_individuals,22.0,false,A
2015-01-01,marina,observation,observed_total_units,22.0,false,A
2015-02-01,core,observation,observed_individuals,188.0,false,A
2015-02-01,core,observation,observed_total_units,188.0,false,A
2015-02-01,cortez,observation,observed_individuals,31.0,false,A
2015-02-01,cortez,observation,observed_total_units,31.0,false,A
2015-02-01,east_village,observation,observed_individuals,468.0,false,A
2015-02-01,east_village,observation,observed_total_units,468.0,false,A
2015-02-01,gaslamp,observation,observed_individuals,23.0,false,A
2015-02-01,gaslamp,observation,observed_total_units,23.0,false,A
2015-02-01,marina,observation,observed_individuals,20.0,false,A
2015-02-01,marina,observation,observed_total_units,20.0,false,A
2015-03-01,core,observation,observed_individuals,174.0,false,A
2015-03-01,core,observation,observed_total_units,174.0,false,A
2015-03-01,cortez,observation,observed_individuals,59.0,false,A
2015-03-01,cortez,observation,observed_total_units,59.0,false,A
2015-03-01,east_village,observation,observed_individuals,462.0,false,A
2015-03-01,east_village,observation,observed_total_units,462.0,false,A
2015-03-01,gaslamp,observation,observed_individuals,22.0,false,A
2015-03-01,gaslamp,observation,observed_total_units,22.0,false,A
2015-03-01,marina,observation,observed_individuals,15.0,false,A
2015-03-01,marina,observation,observed_total_units,15.0,false,A
2015-04-01,core,observation,observed_individuals,196.0,false,A
2015-04-01,core,observation,observed_total_units,196.0,false,A
2015-04-01,cortez,observation,observed_individuals,40.0,false,A
2015-04-01,cortez,observation,observed_total_units,40.0,false,A
2015-04-01,east_village,observation,observed_individuals,424.0,false,A
2015-04-01,east_village,observation,observed_total_units,424.0,false,A
2015-04-01,gaslamp,observation,observed_individuals,19.0,false,A
2015-04-01,gaslamp,observation,observed_total_units,19.0,false,A
2015-04-01,marina,observation,observed_individuals,14.0,false,A
2015-04-01,marina,observation,observed_total_units,14.0,false,A
2015-05-01,core,observation,observed_individuals,158.0,false,A
2015-05-01,core,observation,observed_total_units,158.0,false,A
2015-05-01,cortez,observation,observed_individuals,43.0,false,A
2015-05-01,cortez,observation,observed_total_units,43.0,false,A
2015-05-01,east_village,observation,observed_individuals,386.0,false,A
2015-05-01,east_village,observation,observed_total_units,386.0,false,A
2015-05-01,gaslamp,observation,observed_individuals,22.0,false,A
2015-05-01,gaslamp,observation,observed_total_units,22.0,false,A
2015-05-01,marina,observation,observed_individuals,16.0,false,A
2015-05-01,marina,observation,observed_total_units,16.0,false,A
2015-06-01,columbia,observation,observed_individuals,27.0,true,A
2015-06-01,columbia,observation,observed_total_units,27.0,true,A
2015-06-01,core,observation,observed_individuals,161.0,true,A
2015-06-01,core,observation,observed_structures,2.0,true,A
2015-06-01,core,observation,observed_total_units,163.0,true,A
2015-06-01,cortez,observation,observed_individuals,42.0,true,A
2015-06-01,cortez,observation,observed_structures,2.0,true,A
2015-06-01,cortez,observation,observed_total_units,45.0,true,A
2015-06-01,cortez,observation,observed_vehicles,1.0,true,A
2015-06-01,east_village,observation,observed_individuals,406.0,true,A
2015-06-01,east_village,observation,observed_structures,27.0,true,A
2015-06-01,east_village,observation,observed_total_units,435.0,true,A
2015-06-01,east_village,observation,observed_vehicles,2.0,true,A
2015-06-01,gaslamp,observation,observed_individuals,21.0,true,A
2015-06-01,gaslamp,observation,observed_total_units,21.0,true,A
2015-06-01,marina,observation,observed_individuals,28.0,true,A
2015-06-01,marina,observation,observed_structures,1.0,true,A
2015-06-01,marina,observation,observed_total_units,29.0,true,A
2015-07-01,core,observation,observed_individuals,235.0,false,A
2015-07-01,core,observation,observed_total_units,235.0,false,A
2015-07-01,cortez,observation,observed_individuals,39.0,false,A
2015-07-01,cortez,observation,observed_total_units,39.0,false,A
2015-07-01,east_village,observation,observed_individuals,466.0,false,A
2015-07-01,east_village,observation,observed_total_units,466.0,false,A
2015-07-01,gaslamp,observation,observed_individuals,25.0,false,A
2015-07-01,gaslamp,observation,observed_total_units,25.0,false,A
2015-07-01,marina,observation,observed_individuals,29.0,false,A
2015-07-01,marina,observation,observed_total_units,29.0,false,A
2015-08-01,core,observation,observed_individuals,152.0,false,A
2015-08-01,core,observation,observed_total_units,152.0,false,A
2015-08-01,cortez,observation,observed_individuals,45.0,false,A
2015-08-01,cortez,observation,observed_total_units,45.0,false,A
2015-08-01,east_village,observation,observed_individuals,427.0,false,A
2015-08-01,east_village,observation,observed_total_units,427.0,false,A
2015-08-01,gaslamp,observation,observed_individuals,24.0,false,A
2015-08-01,gaslamp,observation,observed_total_units,24.0,false,A
2015-08-01,marina,observation,observed_individuals,31.0,false,A
2015-08-01,marina,observation,observed_total_units,31.0,false,A
2015-09-01,columbia,observation,observed_individuals,41.0,false,A
2015-09-01,columbia,observation,observed_total_units,41.0,false,A
2015-09-01,core,observation,observed_individuals,77.0,false,A
2015-09-01,core,observation,observed_total_units,77.0,false,A
2015-09-01,cortez,observation,observed_individuals,52.0,false,A
2015-09-01,cortez,observation,observed_total_units,52.0,false,A
2015-09-01,east_village,observation,observed_individuals,354.0,false,A
2015-09-01,east_village,observation,observed_total_units,354.0,false,A
2015-09-01,gaslamp,observation,observed_individuals,19.0,false,A
2015-09-01,gaslamp,observation,observed_total_units,19.0,false,A
2015-09-01,marina,observation,observed_individuals,26.0,false,A
2015-09-01,marina,observation,observed_total_units,26.0,false,A
2015-10-01,core,observation,observed_individuals,98.0,false,A
2015-10-01,core,observation,observed_total_units,98.0,false,A
2015-10-01,cortez,observation,observed_individuals,32.0,false,A
2015-10-01,cortez,observation,observed_total_units,32.0,false,A
2015-10-01,east_village,observation,observed_individuals,458.0,false,A
2015-10-01,east_village,observation,observed_total_units,458.0,false,A
2015-10-01,gaslamp,observation,observed_individuals,54.0,false,A
2015-10-01,gaslamp,observation,observed_total_units,54.0,false,A
2015-10-01,marina,observation,observed_individuals,16.0,false,A
2015-10-01,marina,observation,observed_total_units,16.0,false,A
2015-11-01,core,observation,observed_individuals,129.0,false,A
2015-11-01,core,observation,observed_total_units,129.0,false,A
2015-11-01,cortez,observation,observed_individuals,45.0,false,A
2015-11-01,cortez,observation,observed_total_units,45.0,false,A
2015-11-01,east_village,observation,observed_individuals,547.0,false,A
2015-11-01,east_village,observation,observed_total_units,547.0,false,A
2015-11-01,gaslamp,observation,observed_individuals,18.0,false,A
2015-11-01,gaslamp,observation,observed_total_units,18.0,false,A
2015-11-01,marina,observation,observed_individuals,25.0,false,A
2015-11-01,marina,observation,observed_total_units,25.0,false,A
2015-12-01,core,observation,observed_individuals,208.0,false,A
2015-12-01,core,observation,observed_total_units,208.0,false,A
2015-12-01,cortez,observation,observed_individuals,40.0,false,A
2015-12-01,cortez,observation,observed_total_units,40.0,false,A
2015-12-01,east_village,observation,observed_individuals,604.0,false,A
2015-12-01,east_village,observation,observed_total_units,604.0,false,A
2015-12-01,gaslamp,observation,observed_individuals,11.0,false,A
2015-12-01,gaslamp,observation,observed_total_units,11.0,false,A
2015-12-01,marina,observation,observed_individuals,23.0,false,A
2015-12-01,marina,observation,observed_total_units,23.0,false,A
2016-01-01,columbia,observation,observed_individuals,50.0,false,A
2016-01-01,columbia,observation,observed_total_units,50.0,false,A
2016-01-01,core,observation,observed_individuals,147.0,false,A
2016-01-01,core,observation,observed_total_units,147.0,false,A
2016-01-01,cortez,observation,observed_individuals,32.0,false,A
2016-01-01,cortez,observation,observed_total_units,32.0,false,A
2016-01-01,east_village,observation,observed_individuals,390.0,false,A
2016-01-01,east_village,observation,observed_total_units,390.0,false,A
2016-01-01,gaslamp,observation,observed_individuals,24.0,false,A
2016-01-01,gaslamp,observation,observed_total_units,24.0,false,A
2016-01-01,marina,observation,observed_individuals,28.0,false,A
2016-01-01,marina,observation,observed_total_units,28.0,false,A
2016-02-01,columbia,observation,observed_individuals,45.0,false,A
2016-02-01,columbia,observation,observed_total_units,45.0,false,A
2016-02-01,core,observation,observed_individuals,118.0,false,A
2016-02-01,core,observation,observed_total_units,118.0,false,A
2016-02-01,cortez,observation,observed_individuals,47.0,false,A
2016-02-01,cortez,observation,observed_total_units,47.0,false,A
2016-02-01,east_village,observation,observed_individuals,517.0,false,A
2016-02-01,east_village,observation,observed_total_units,517.0,false,A
2016-02-01,gaslamp,observation,observed_individuals,50.0,false,A
2016-02-01,gaslamp,observation,observed_total_units,50.0,false,A
2016-02-01,marina,observation,observed_individuals,33.0,false,A
2016-02-01,marina,observation,observed_total_units,33.0,false,A
2016-03-01,columbia,observation,observed_individuals,65.0,false,A
2016-03-01,columbia,observation,observed_total_units,65.0,false,A
2016-03-01,core,observation,observed_individuals,123.0,false,A
2016-03-01,core,observation,observed_total_units,123.0,false,A
2016-03-01,cortez,observation,observed_individuals,44.0,false,A
2016-03-01,cortez,observation,observed_total_units,44.0,false,A
2016-03-01,east_village,observation,observed_individuals,547.0,false,A
2016-03-01,east_village,observation,observed_total_units,547.0,false,A
2016-03-01,gaslamp,observation,observed_individuals,34.0,false,A
2016-03-01,gaslamp,observation,observed_total_units,34.0,false,A
2016-03-01,marina,observation,observed_individuals,22.0,false,A
2016-03-01,marina,observation,observed_total_units,22.0,false,A
2016-04-01,columbia,observation,observed_individuals,30.0,false,A
2016-04-01,columbia,observation,observed_total_units,30.0,false,A
2016-04-01,core,observation,observed_individuals,97.0,false,A
2016-04-01,core,observation,observed_total_units,97.0,false,A
2016-04-01,cortez,observation,observed_individuals,30.0,false,A
2016-04-01,cortez,observation,observed_total_units,30.0,false,A
2016-04-01,east_village,observation,observed_individuals,594.0,false,A
2016-04-01,east_village,observation,observed_total_units,594.0,false,A
2016-04-01,gaslamp,observation,observed_individuals,41.0,false,A
2016-04-01,gaslamp,observation,observed_total_units,41.0,false,A
2016-04-01,marina,observation,observed_individuals,27.0,false,A
2016-04-01,marina,observation,observed_total_units,27.0,false,A
2016-05-01,columbia,observation,observed_individuals,54.0,false,A
2016-05-01,columbia,observation,observed_total_units,54.0,false,A
2016-05-01,core,observation,observed_individuals,167.0,false,A
2016-05-01,core,observation,observed_total_units,167.0,false,A
2016-05-01,cortez,observation,observed_individuals,66.0,false,A
2016-05-01,cortez,observation,observed_total_units,66.0,false,A
2016-05-01,east_village,observation,observed_individuals,787.0,false,A
2016-05-01,east_village,observation,observed_total_units,787.0,false,A
2016-05-01,gaslamp,observation,observed_individuals,38.0,false,A
2016-05-01,gaslamp,observation,observed_total_units,38.0,false,A
2016-05-01,marina,observation,observed_individuals,38.0,false,A
2016-05-01,marina,observation,observed_total_units,38.0,false,A
2016-06-01,columbia,observation,observed_individuals,74.0,false,A
2016-06-01,columbia,observation,observed_total_units,74.0,false,A
2016-06-01,core,observation,observed_individuals,97.0,false,A
2016-06-01,core,observation,observed_total_units,97.0,false,A
2016-06-01,cortez,observation,observed_individuals,57.0,false,A
2016-06-01,cortez,observation,observed_total_units,57.0,false,A
2016-06-01,east_village,observation,observed_individuals,850.0,false,A
2016-06-01,east_village,observation,observed_total_units,850.0,false,A
2016-06-01,gaslamp,observation,observed_individuals,49.0,false,A
2016-06-01,gaslamp,observation,observed_total_units,49.0,false,A
2016-06-01,marina,observation,observed_individuals,38.0,false,A
2016-06-01,marina,observation,observed_total_units,38.0,false,A
2016-07-01,columbia,observation,observed_individuals,38.0,false,A
2016-07-01,columbia,observation,observed_total_units,38.0,false,A
2016-07-01,core,observation,observed_individuals,119.0,false,A
2016-07-01,core,observation,observed_total_units,119.0,false,A
2016-07-01,cortez,observation,observed_individuals,55.0,false,A
2016-07-01,cortez,observation,observed_total_units,55.0,false,A
2016-07-01,east_village,observation,observed_individuals,865.0,false,A
2016-07-01,east_village,observation,observed_total_units,865.0,false,A
2016-07-01,gaslamp,observation,observed_individuals,37.0,false,A
2016-07-01,gaslamp,observation,observed_total_units,37.0,false,A
2016-07-01,marina,observation,observed_individuals,35.0,false,A
2016-07-01,marina,observation,observed_structures,10.0,false,A
2016-07-01,marina,observation,observed_total_units,45.0,false,A
2016-08-01,columbia,observation,observed_individuals,34.0,false,A
2016-08-01,columbia,observation,observed_total_units,34.0,false,A
2016-08-01,core,observation,observed_individuals,276.0,false,A
2016-08-01,core,observation,observed_total_units,276.0,false,A
2016-08-01,cortez,observation,observed_individuals,86.0,false,A
2016-08-01,cortez,observation,observed_total_units,86.0,false,A
2016-08-01,east_village,observation,observed_individuals,894.0,false,A
2016-08-01,east_village,observation,observed_total_units,894.0,false,A
2016-08-01,gaslamp,observation,observed_individuals,45.0,false,A
2016-08-01,gaslamp,observation,observed_total_units,45.0,false,A
2016-08-01,marina,observation,observed_individuals,51.0,false,A
2016-08-01,marina,observation,observed_total_units,51.0,false,A
2016-09-01,columbia,observation,observed_individuals,47.0,false,A
2016-09-01,columbia,observation,observed_total_units,47.0,false,A
2016-09-01,core,observation,observed_individuals,165.0,false,A
2016-09-01,core,observation,observed_total_units,165.0,false,A
2016-09-01,cortez,observation,observed_individuals,86.0,false,A
2016-09-01,cortez,observation,observed_total_units,86.0,false,A
2016-09-01,east_village,observation,observed_individuals,741.0,false,A
2016-09-01,east_village,observation,observed_total_units,741.0,false,A
2016-09-01,gaslamp,observation,observed_individuals,50.0,false,A
2016-09-01,gaslamp,observation,observed_total_units,50.0,false,A
2016-09-01,marina,observation,observed_individuals,35.0,false,A
2016-09-01,marina,observation,observed_structures,13.0,false,A
2016-09-01,marina,observation,observed_total_units,48.0,false,A
2016-10-01,columbia,observation,observed_individuals,56.0,false,A
2016-10-01,columbia,observation,observed_total_units,56.0,false,A
2016-10-01,core,observation,observed_individuals,148.0,false,A
2016-10-01,core,observation,observed_total_units,148.0,false,A
2016-10-01,cortez,observation,observed_individuals,65.0,false,A
2016-10-01,cortez,observation,observed_total_units,65.0,false,A
2016-10-01,east_village,observation,observed_individuals,783.0,false,A
2016-10-01,east_village,observation,observed_total_units,783.0,false,A
2016-10-01,gaslamp,observation,observed_individuals,34.0,false,A
2016-10-01,gaslamp,observation,observed_total_units,34.0,false,A
2016-10-01,marina,observation,observed_individuals,44.0,false,A
2016-10-01,marina,observation,observed_total_units,44.0,false,A
2016-11-01,columbia,observation,observed_individuals,50.0,false,A
2016-11-01,columbia,observation,observed_total_units,50.0,false,A
2016-11-01,core,observation,observed_individuals,138.0,false,A
2016-11-01,core,observation,observed_total_units,138.0,false,A
2016-11-01,cortez,observation,observed_individuals,72.0,false,A
2016-11-01,cortez,observation,observed_total_units,72.0,false,A
2016-11-01,east_village,observation,observed_individuals,848.0,false,A
2016-11-01,east_village,observation,observed_total_units,848.0,false,A
2016-11-01,gaslamp,observation,observed_individuals,48.0,false,A
2016-11-01,gaslamp,observation,observed_total_units,48.0,false,A
2016-11-01,marina,observation,observed_individuals,18.0,false,A
2016-11-01,marina,observation,observed_total_units,18.0,false,A
2016-12-01,columbia,observation,observed_individuals,43.0,false,A
2016-12-01,columbia,observation,observed_total_units,43.0,false,A
2016-12-01,core,observation,observed_individuals,131.0,false,A
2016-12-01,core,observation,observed_total_units,131.0,false,A
2016-12-01,cortez,observation,observed_individuals,60.0,false,A
2016-12-01,cortez,observation,observed_total_units,60.0,false,A
2016-12-01,east_village,observation,observed_individuals,1094.0,false,A
2016-12-01,east_village,observation,observed_total_units,1094.0,false,A
2016-12-01,gaslamp,observation,observed_individuals,50.0,false,A
2016-12-01,gaslamp,observation,observed_total_units,50.0,false,A
2016-12-01,marina,observation,observed_individuals,36.0,false,A
2016-12-01,marina,observation,observed_total_units,36.0,false,A
2017-01-01,city_center,observation,dsdp_adjusted_total,117.0,false,H
2017-01-01,columbia,observation,dsdp_adjusted_total,36.0,false,H
2017-01-01,columbia,observation,observed_individuals,36.0,false,A
2017-01-01,columbia,observation,observed_total_units,36.0,false,A
2017-01-01,core,observation,observed_individuals,117.0,false,A
2017-01-01,core,observation,observed_total_units,117.0,false,A
2017-01-01,cortez,observation,dsdp_adjusted_total,32.0,false,H
2017-01-01,cortez,observation,observed_individuals,32.0,false,A
2017-01-01,cortez,observation,observed_total_units,32.0,false,A
2017-01-01,east_village,observation,dsdp_adjusted_total,629.0,false,H
2017-01-01,east_village,observation,observed_individuals,622.0,false,A
2017-01-01,east_village,observation,observed_total_units,622.0,false,A
2017-01-01,gaslamp,observation,dsdp_adjusted_total,42.0,false,H
2017-01-01,gaslamp,observation,observed_individuals,42.0,false,A
2017-01-01,gaslamp,observation,observed_total_units,42.0,false,A
2017-01-01,marina,observation,dsdp_adjusted_total,26.0,false,H
2017-01-01,marina,observation,observed_individuals,26.0,false,A
2017-01-01,marina,observation,observed_total_units,26.0,false,A
2017-02-01,city_center,observation,dsdp_adjusted_total,168.0,false,H
2017-02-01,columbia,observation,dsdp_adjusted_total,35.0,false,H
2017-02-01,columbia,observation,observed_individuals,35.0,false,A
2017-02-01,columbia,observation,observed_total_units,35.0,false,A
2017-02-01,core,observation,observed_individuals,168.0,false,A
2017-02-01,core,observation,observed_total_units,168.0,false,A
2017-02-01,cortez,observation,dsdp_adjusted_total,42.0,false,H
2017-02-01,cortez,observation,observed_individuals,42.0,false,A
2017-02-01,cortez,observation,observed_total_units,42.0,false,A
2017-02-01,east_village,observation,dsdp_adjusted_total,663.0,false,H
2017-02-01,east_village,observation,observed_individuals,662.0,false,A
2017-02-01,east_village,observation,observed_total_units,662.0,false,A
2017-02-01,gaslamp,observation,dsdp_adjusted_total,57.0,false,H
2017-02-01,gaslamp,observation,observed_individuals,57.0,false,A
2017-02-01,gaslamp,observation,observed_total_units,57.0,false,A
2017-02-01,marina,observation,dsdp_adjusted_total,62.0,false,H
2017-02-01,marina,observation,observed_individuals,62.0,false,A
2017-02-01,marina,observation,observed_total_units,62.0,false,A
2017-03-01,city_center,observation,dsdp_adjusted_total,169.0,false,H
2017-03-01,columbia,observation,dsdp_adjusted_total,20.0,false,H
2017-03-01,columbia,observation,observed_individuals,20.0,false,A
2017-03-01,columbia,observation,observed_total_units,20.0,false,A
2017-03-01,core,observation,observed_individuals,167.0,false,A
2017-03-01,core,observation,observed_total_units,167.0,false,A
2017-03-01,cortez,observation,dsdp_adjusted_total,37.0,false,H
2017-03-01,cortez,observation,observed_individuals,34.0,false,A
2017-03-01,cortez,observation,observed_total_units,34.0,false,A
2017-03-01,east_village,observation,dsdp_adjusted_total,783.0,false,H
2017-03-01,east_village,observation,observed_individuals,783.0,false,A
2017-03-01,east_village,observation,observed_total_units,783.0,false,A
2017-03-01,gaslamp,observation,dsdp_adjusted_total,40.0,false,H
2017-03-01,gaslamp,observation,observed_individuals,40.0,false,A
2017-03-01,gaslamp,observation,observed_total_units,40.0,false,A
2017-03-01,marina,observation,dsdp_adjusted_total,56.0,false,H
2017-03-01,marina,observation,observed_individuals,38.0,false,A
2017-03-01,marina,observation,observed_structures,17.0,false,A
2017-03-01,marina,observation,observed_total_units,55.0,false,A
2017-04-01,city_center,observation,dsdp_adjusted_total,121.0,false,H
2017-04-01,columbia,observation,dsdp_adjusted_total,46.0,false,H
2017-04-01,columbia,observation,observed_individuals,39.0,false,A
2017-04-01,columbia,observation,observed_structures,4.0,false,A
2017-04-01,columbia,observation,observed_total_units,43.0,false,A
2017-04-01,core,observation,observed_individuals,109.0,false,A
2017-04-01,core,observation,observed_structures,7.0,false,A
2017-04-01,core,observation,observed_total_units,116.0,false,A
2017-04-01,cortez,observation,dsdp_adjusted_total,26.0,false,H
2017-04-01,cortez,observation,observed_individuals,21.0,false,A
2017-04-01,cortez,observation,observed_structures,2.0,false,A
2017-04-01,cortez,observation,observed_total_units,24.0,false,A
2017-04-01,cortez,observation,observed_vehicles,1.0,false,A
2017-04-01,east_village,observation,dsdp_adjusted_total,598.0,false,H
2017-04-01,east_village,observation,observed_individuals,317.0,false,A
2017-04-01,east_village,observation,observed_structures,156.0,false,A
2017-04-01,east_village,observation,observed_total_units,479.0,false,A
2017-04-01,east_village,observation,observed_vehicles,6.0,false,A
2017-04-01,gaslamp,observation,dsdp_adjusted_total,43.0,false,H
2017-04-01,gaslamp,observation,observed_individuals,43.0,false,A
2017-04-01,gaslamp,observation,observed_total_units,43.0,false,A
2017-04-01,marina,observation,dsdp_adjusted_total,41.0,false,H
2017-04-01,marina,observation,observed_individuals,30.0,false,A
2017-04-01,marina,observation,observed_structures,6.0,false,A
2017-04-01,marina,observation,observed_total_units,36.0,false,A
2017-05-01,city_center,observation,dsdp_adjusted_total,145.0,false,H
2017-05-01,columbia,observation,dsdp_adjusted_total,59.0,false,H
2017-05-01,columbia,observation,observed_individuals,45.0,false,A
2017-05-01,columbia,observation,observed_structures,8.0,false,A
2017-05-01,columbia,observation,observed_total_units,53.0,false,A
2017-05-01,core,observation,observed_individuals,134.0,false,A
2017-05-01,core,observation,observed_structures,6.0,false,A
2017-05-01,core,observation,observed_total_units,140.0,false,A
2017-05-01,cortez,observation,dsdp_adjusted_total,49.0,false,H
2017-05-01,cortez,observation,observed_individuals,42.0,false,A
2017-05-01,cortez,observation,observed_structures,4.0,false,A
2017-05-01,cortez,observation,observed_total_units,46.0,false,A
2017-05-01,east_village,observation,dsdp_adjusted_total,548.0,false,H
2017-05-01,east_village,observation,observed_individuals,313.0,false,A
2017-05-01,east_village,observation,observed_structures,126.0,false,A
2017-05-01,east_village,observation,observed_total_units,445.0,false,A
2017-05-01,east_village,observation,observed_vehicles,6.0,false,A
2017-05-01,gaslamp,observation,dsdp_adjusted_total,49.0,false,H
2017-05-01,gaslamp,observation,observed_individuals,47.0,false,A
2017-05-01,gaslamp,observation,observed_structures,1.0,false,A
2017-05-01,gaslamp,observation,observed_total_units,48.0,false,A
2017-05-01,marina,observation,dsdp_adjusted_total,42.0,false,H
2017-05-01,marina,observation,observed_individuals,33.0,false,A
2017-05-01,marina,observation,observed_structures,4.0,false,A
2017-05-01,marina,observation,observed_total_units,37.0,false,A
2017-06-01,city_center,observation,dsdp_adjusted_total,173.0,false,H
2017-06-01,columbia,observation,dsdp_adjusted_total,41.0,false,H
2017-06-01,columbia,observation,observed_individuals,25.0,false,A
2017-06-01,columbia,observation,observed_structures,9.0,false,A
2017-06-01,columbia,observation,observed_total_units,34.0,false,A
2017-06-01,core,observation,observed_individuals,159.0,false,A
2017-06-01,core,observation,observed_structures,8.0,false,A
2017-06-01,core,observation,observed_total_units,167.0,false,A
2017-06-01,cortez,observation,dsdp_adjusted_total,57.0,false,H
2017-06-01,cortez,observation,observed_individuals,46.0,false,A
2017-06-01,cortez,observation,observed_structures,6.0,false,A
2017-06-01,cortez,observation,observed_total_units,52.0,false,A
2017-06-01,east_village,observation,dsdp_adjusted_total,781.0,false,H
2017-06-01,east_village,observation,observed_individuals,427.0,false,A
2017-06-01,east_village,observation,observed_structures,160.0,false,A
2017-06-01,east_village,observation,observed_total_units,623.0,false,A
2017-06-01,east_village,observation,observed_vehicles,36.0,false,A
2017-06-01,gaslamp,observation,dsdp_adjusted_total,54.0,false,H
2017-06-01,gaslamp,observation,observed_individuals,52.0,false,A
2017-06-01,gaslamp,observation,observed_structures,1.0,false,A
2017-06-01,gaslamp,observation,observed_total_units,53.0,false,A
2017-06-01,marina,observation,dsdp_adjusted_total,50.0,false,H
2017-06-01,marina,observation,observed_individuals,38.0,false,A
2017-06-01,marina,observation,observed_structures,6.0,false,A
2017-06-01,marina,observation,observed_total_units,44.0,false,A
2017-07-01,city_center,observation,dsdp_adjusted_total,158.0,false,H
2017-07-01,columbia,observation,dsdp_adjusted_total,47.0,false,H
2017-07-01,columbia,observation,observed_individuals,28.0,false,A
2017-07-01,columbia,observation,observed_structures,11.0,false,A
2017-07-01,columbia,observation,observed_total_units,39.0,false,A
2017-07-01,core,observation,observed_individuals,138.0,false,A
2017-07-01,core,observation,observed_structures,10.0,false,A
2017-07-01,core,observation,observed_total_units,148.0,false,A
2017-07-01,cortez,observation,dsdp_adjusted_total,64.0,false,H
2017-07-01,cortez,observation,observed_individuals,55.0,false,A
2017-07-01,cortez,observation,observed_structures,5.0,false,A
2017-07-01,cortez,observation,observed_total_units,61.0,false,A
2017-07-01,cortez,observation,observed_vehicles,1.0,false,A
2017-07-01,east_village,observation,dsdp_adjusted_total,734.0,false,H
2017-07-01,east_village,observation,observed_individuals,375.0,false,A
2017-07-01,east_village,observation,observed_structures,200.0,false,A
2017-07-01,east_village,observation,observed_total_units,586.0,false,A
2017-07-01,east_village,observation,observed_vehicles,11.0,false,A
2017-07-01,gaslamp,observation,dsdp_adjusted_total,48.0,false,H
2017-07-01,gaslamp,observation,observed_individuals,46.0,false,A
2017-07-01,gaslamp,observation,observed_structures,1.0,false,A
2017-07-01,gaslamp,observation,observed_total_units,47.0,false,A
2017-07-01,marina,observation,dsdp_adjusted_total,49.0,false,H
2017-07-01,marina,observation,observed_individuals,36.0,false,A
2017-07-01,marina,observation,observed_structures,6.0,false,A
2017-07-01,marina,observation,observed_total_units,43.0,false,A
2017-07-01,marina,observation,observed_vehicles,1.0,false,A
2017-08-01,city_center,observation,dsdp_adjusted_total,169.0,false,H
2017-08-01,columbia,observation,dsdp_adjusted_total,70.0,false,H
2017-08-01,columbia,observation,observed_individuals,45.0,false,A
2017-08-01,columbia,observation,observed_structures,14.0,false,A
2017-08-01,columbia,observation,observed_total_units,59.0,false,A
2017-08-01,core,observation,observed_individuals,148.0,false,A
2017-08-01,core,observation,observed_structures,10.0,false,A
2017-08-01,core,observation,observed_total_units,158.0,false,A
2017-08-01,cortez,observation,dsdp_adjusted_total,71.0,false,H
2017-08-01,cortez,observation,observed_individuals,60.0,false,A
2017-08-01,cortez,observation,observed_structures,6.0,false,A
2017-08-01,cortez,observation,observed_total_units,66.0,false,A
2017-08-01,east_village,observation,dsdp_adjusted_total,885.0,false,H
2017-08-01,east_village,observation,observed_individuals,446.0,false,A
2017-08-01,east_village,observation,observed_structures,241.0,false,A
2017-08-01,east_village,observation,observed_total_units,697.0,false,A
2017-08-01,east_village,observation,observed_vehicles,10.0,false,A
2017-08-01,gaslamp,observation,dsdp_adjusted_total,66.0,false,H
2017-08-01,gaslamp,observation,observed_individuals,64.0,false,A
2017-08-01,gaslamp,observation,observed_structures,1.0,false,A
2017-08-01,gaslamp,observation,observed_total_units,65.0,false,A
2017-08-01,marina,observation,dsdp_adjusted_total,74.0,false,H
2017-08-01,marina,observation,observed_individuals,55.0,false,A
2017-08-01,marina,observation,observed_structures,10.0,false,A
2017-08-01,marina,observation,observed_total_units,65.0,false,A
2017-09-01,city_center,observation,dsdp_adjusted_total,195.0,false,H
2017-09-01,columbia,observation,dsdp_adjusted_total,61.0,false,H
2017-09-01,columbia,observation,observed_individuals,48.0,false,A
2017-09-01,columbia,observation,observed_structures,8.0,false,A
2017-09-01,columbia,observation,observed_total_units,57.0,false,A
2017-09-01,columbia,observation,observed_vehicles,1.0,false,A
2017-09-01,core,observation,observed_individuals,172.0,false,A
2017-09-01,core,observation,observed_structures,12.0,false,A
2017-09-01,core,observation,observed_total_units,185.0,false,A
2017-09-01,core,observation,observed_vehicles,1.0,false,A
2017-09-01,cortez,observation,dsdp_adjusted_total,95.0,false,H
2017-09-01,cortez,observation,observed_individuals,79.0,false,A
2017-09-01,cortez,observation,observed_structures,8.0,false,A
2017-09-01,cortez,observation,observed_total_units,88.0,false,A
2017-09-01,cortez,observation,observed_vehicles,1.0,false,A
2017-09-01,east_village,observation,dsdp_adjusted_total,768.0,false,H
2017-09-01,east_village,observation,observed_individuals,444.0,false,A
2017-09-01,east_village,observation,observed_structures,166.0,false,A
2017-09-01,east_village,observation,observed_total_units,630.0,false,A
2017-09-01,east_village,observation,observed_vehicles,20.0,false,A
2017-09-01,gaslamp,observation,dsdp_adjusted_total,85.0,false,H
2017-09-01,gaslamp,observation,observed_individuals,85.0,false,A
2017-09-01,gaslamp,observation,observed_total_units,85.0,false,A
2017-09-01,marina,observation,dsdp_adjusted_total,72.0,false,H
2017-09-01,marina,observation,observed_individuals,53.0,false,A
2017-09-01,marina,observation,observed_structures,7.0,false,A
2017-09-01,marina,observation,observed_total_units,60.0,false,A
2017-10-01,city_center,observation,dsdp_adjusted_total,174.0,false,H
2017-10-01,columbia,observation,dsdp_adjusted_total,56.0,false,H
2017-10-01,columbia,observation,observed_individuals,49.0,false,A
2017-10-01,columbia,observation,observed_structures,4.0,false,A
2017-10-01,columbia,observation,observed_total_units,53.0,false,A
2017-10-01,core,observation,observed_individuals,170.0,false,A
2017-10-01,core,observation,observed_structures,2.0,false,A
2017-10-01,core,observation,observed_total_units,172.0,false,A
2017-10-01,cortez,observation,dsdp_adjusted_total,78.0,false,H
2017-10-01,cortez,observation,observed_individuals,52.0,false,A
2017-10-01,cortez,observation,observed_structures,14.0,false,A
2017-10-01,cortez,observation,observed_total_units,66.0,false,A
2017-10-01,east_village,observation,dsdp_adjusted_total,649.0,false,H
2017-10-01,east_village,observation,observed_individuals,393.0,false,A
2017-10-01,east_village,observation,observed_structures,132.0,false,A
2017-10-01,east_village,observation,observed_total_units,538.0,false,A
2017-10-01,east_village,observation,observed_vehicles,13.0,false,A
2017-10-01,gaslamp,observation,dsdp_adjusted_total,56.0,false,H
2017-10-01,gaslamp,observation,observed_individuals,56.0,false,A
2017-10-01,gaslamp,observation,observed_total_units,56.0,false,A
2017-10-01,marina,observation,dsdp_adjusted_total,79.0,false,H
2017-10-01,marina,observation,observed_individuals,53.0,false,A
2017-10-01,marina,observation,observed_structures,14.0,false,A
2017-10-01,marina,observation,observed_total_units,68.0,false,A
2017-10-01,marina,observation,observed_vehicles,1.0,false,A
2017-11-01,city_center,observation,dsdp_adjusted_total,162.0,false,H
2017-11-01,columbia,observation,dsdp_adjusted_total,49.0,false,H
2017-11-01,columbia,observation,observed_individuals,33.0,false,A
2017-11-01,columbia,observation,observed_structures,9.0,false,A
2017-11-01,columbia,observation,observed_total_units,42.0,false,A
2017-11-01,core,observation,observed_individuals,134.0,false,A
2017-11-01,core,observation,observed_structures,16.0,false,A
2017-11-01,core,observation,observed_total_units,150.0,false,A
2017-11-01,cortez,observation,dsdp_adjusted_total,58.0,false,H
2017-11-01,cortez,observation,observed_individuals,53.0,false,A
2017-11-01,cortez,observation,observed_structures,3.0,false,A
2017-11-01,cortez,observation,observed_total_units,56.0,false,A
2017-11-01,east_village,observation,dsdp_adjusted_total,580.0,false,H
2017-11-01,east_village,observation,observed_individuals,348.0,false,A
2017-11-01,east_village,observation,observed_structures,117.0,false,A
2017-11-01,east_village,observation,observed_total_units,479.0,false,A
2017-11-01,east_village,observation,observed_vehicles,14.0,false,A
2017-11-01,gaslamp,observation,dsdp_adjusted_total,42.0,false,H
2017-11-01,gaslamp,observation,observed_individuals,40.0,false,A
2017-11-01,gaslamp,observation,observed_structures,1.0,false,A
2017-11-01,gaslamp,observation,observed_total_units,41.0,false,A
2017-11-01,marina,observation,dsdp_adjusted_total,50.0,false,H
2017-11-01,marina,observation,observed_individuals,31.0,false,A
2017-11-01,marina,observation,observed_structures,8.0,false,A
2017-11-01,marina,observation,observed_total_units,39.0,false,A
2017-12-01,city_center,observation,dsdp_adjusted_total,147.0,false,H
2017-12-01,columbia,observation,dsdp_adjusted_total,46.0,false,H
2017-12-01,columbia,observation,observed_individuals,30.0,false,A
2017-12-01,columbia,observation,observed_structures,9.0,false,A
2017-12-01,columbia,observation,observed_total_units,39.0,false,A
2017-12-01,core,observation,observed_individuals,136.0,false,A
2017-12-01,core,observation,observed_structures,7.0,false,A
2017-12-01,core,observation,observed_total_units,143.0,false,A
2017-12-01,cortez,observation,dsdp_adjusted_total,53.0,false,H
2017-12-01,cortez,observation,observed_individuals,53.0,false,A
2017-12-01,cortez,observation,observed_total_units,53.0,false,A
2017-12-01,east_village,observation,dsdp_adjusted_total,663.0,false,H
2017-12-01,east_village,observation,observed_individuals,379.0,false,A
2017-12-01,east_village,observation,observed_structures,128.0,false,A
2017-12-01,east_village,observation,observed_total_units,529.0,false,A
2017-12-01,east_village,observation,observed_vehicles,22.0,false,A
2017-12-01,gaslamp,observation,dsdp_adjusted_total,55.0,false,H
2017-12-01,gaslamp,observation,observed_individuals,55.0,false,A
2017-12-01,gaslamp,observation,observed_total_units,55.0,false,A
2017-12-01,marina,observation,dsdp_adjusted_total,49.0,false,H
2017-12-01,marina,observation,observed_individuals,37.0,false,A
2017-12-01,marina,observation,observed_structures,6.0,false,A
2017-12-01,marina,observation,observed_total_units,44.0,false,A
2017-12-01,marina,observation,observed_vehicles,1.0,false,A
2018-01-01,city_center,observation,dsdp_adjusted_total,123.0,false,H
2018-01-01,city_center,observation,dsdp_individuals,109.0,false,H
2018-01-01,city_center,observation,dsdp_reported_total,123.0,false,A
2018-01-01,city_center,observation,dsdp_tents,8.0,false,H
2018-01-01,city_center,observation,dsdp_vehicles,0.0,false,H
2018-01-01,columbia,observation,dsdp_adjusted_total,50.0,false,H
2018-01-01,columbia,observation,dsdp_individuals,32.0,false,H
2018-01-01,columbia,observation,dsdp_reported_total,50.0,false,A
2018-01-01,columbia,observation,dsdp_tents,10.0,false,H
2018-01-01,columbia,observation,dsdp_vehicles,0.0,false,H
2018-01-01,columbia,observation,observed_individuals,32.0,false,A
2018-01-01,columbia,observation,observed_structures,10.0,false,A
2018-01-01,columbia,observation,observed_total_units,42.0,false,A
2018-01-01,core,observation,observed_individuals,109.0,false,A
2018-01-01,core,observation,observed_structures,8.0,false,A
2018-01-01,core,observation,observed_total_units,117.0,false,A
2018-01-01,cortez,observation,dsdp_adjusted_total,61.0,false,H
2018-01-01,cortez,observation,dsdp_individuals,56.0,false,H
2018-01-01,cortez,observation,dsdp_reported_total,61.0,false,A
2018-01-01,cortez,observation,dsdp_tents,3.0,false,H
2018-01-01,cortez,observation,dsdp_vehicles,0.0,false,H
2018-01-01,cortez,observation,observed_individuals,55.0,false,A
2018-01-01,cortez,observation,observed_structures,3.0,false,A
2018-01-01,cortez,observation,observed_total_units,58.0,false,A
2018-01-01,east_village,observation,dsdp_adjusted_total,495.0,false,H
2018-01-01,east_village,observation,dsdp_individuals,326.0,false,H
2018-01-01,east_village,observation,dsdp_reported_total,495.0,false,A
2018-01-01,east_village,observation,dsdp_tents,84.0,false,H
2018-01-01,east_village,observation,dsdp_vehicles,13.0,false,H
2018-01-01,east_village,observation,observed_individuals,326.0,false,A
2018-01-01,east_village,observation,observed_structures,84.0,false,A
2018-01-01,east_village,observation,observed_total_units,423.0,false,A
2018-01-01,east_village,observation,observed_vehicles,13.0,false,A
2018-01-01,gaslamp,observation,dsdp_adjusted_total,44.0,false,H
2018-01-01,gaslamp,observation,dsdp_individuals,44.0,false,H
2018-01-01,gaslamp,observation,dsdp_reported_total,44.0,false,A
2018-01-01,gaslamp,observation,dsdp_tents,0.0,false,H
2018-01-01,gaslamp,observation,dsdp_vehicles,0.0,false,H
2018-01-01,gaslamp,observation,observed_individuals,44.0,false,A
2018-01-01,gaslamp,observation,observed_total_units,44.0,false,A
2018-01-01,marina,observation,dsdp_adjusted_total,31.0,false,H
2018-01-01,marina,observation,dsdp_individuals,26.0,false,H
2018-01-01,marina,observation,dsdp_reported_total,31.0,false,A
2018-01-01,marina,observation,dsdp_tents,2.0,false,H
2018-01-01,marina,observation,dsdp_vehicles,1.0,false,H
2018-01-01,marina,observation,observed_individuals,26.0,false,A
2018-01-01,marina,observation,observed_structures,2.0,false,A
2018-01-01,marina,observation,observed_total_units,29.0,false,A
2018-01-01,marina,observation,observed_vehicles,1.0,false,A
2018-02-01,city_center,observation,dsdp_adjusted_total,156.0,false,H
2018-02-01,city_center,observation,dsdp_individuals,137.0,false,H
2018-02-01,city_center,observation,dsdp_reported_total,156.0,false,A
2018-02-01,city_center,observation,dsdp_tents,10.0,false,H
2018-02-01,city_center,observation,dsdp_vehicles,1.0,false,H
2018-02-01,columbia,observation,dsdp_adjusted_total,58.0,false,H
2018-02-01,columbia,observation,dsdp_individuals,30.0,false,H
2018-02-01,columbia,observation,dsdp_reported_total,58.0,false,A
2018-02-01,columbia,observation,dsdp_tents,16.0,false,H
2018-02-01,columbia,observation,dsdp_vehicles,0.0,false,H
2018-02-01,columbia,observation,observed_individuals,30.0,false,A
2018-02-01,columbia,observation,observed_structures,16.0,false,A
2018-02-01,columbia,observation,observed_total_units,46.0,false,A
2018-02-01,core,observation,observed_individuals,137.0,false,A
2018-02-01,core,observation,observed_structures,10.0,false,A
2018-02-01,core,observation,observed_total_units,148.0,false,A
2018-02-01,core,observation,observed_vehicles,1.0,false,A
2018-02-01,cortez,observation,dsdp_adjusted_total,56.0,false,H
2018-02-01,cortez,observation,dsdp_individuals,53.0,false,H
2018-02-01,cortez,observation,dsdp_reported_total,56.0,false,A
2018-02-01,cortez,observation,dsdp_tents,1.0,false,H
2018-02-01,cortez,observation,dsdp_vehicles,1.0,false,H
2018-02-01,cortez,observation,observed_individuals,50.0,false,A
2018-02-01,cortez,observation,observed_structures,1.0,false,A
2018-02-01,cortez,observation,observed_total_units,52.0,false,A
2018-02-01,cortez,observation,observed_vehicles,1.0,false,A
2018-02-01,east_village,observation,dsdp_adjusted_total,474.0,false,H
2018-02-01,east_village,observation,dsdp_individuals,287.0,false,H
2018-02-01,east_village,observation,dsdp_reported_total,474.0,false,A
2018-02-01,east_village,observation,dsdp_tents,90.0,false,H
2018-02-01,east_village,observation,dsdp_vehicles,18.0,false,H
2018-02-01,east_village,observation,observed_individuals,286.0,false,A
2018-02-01,east_village,observation,observed_structures,92.0,false,A
2018-02-01,east_village,observation,observed_total_units,395.0,false,A
2018-02-01,east_village,observation,observed_vehicles,17.0,false,A
2018-02-01,gaslamp,observation,dsdp_adjusted_total,84.0,false,H
2018-02-01,gaslamp,observation,dsdp_individuals,84.0,false,H
2018-02-01,gaslamp,observation,dsdp_reported_total,84.0,false,A
2018-02-01,gaslamp,observation,dsdp_tents,0.0,false,H
2018-02-01,gaslamp,observation,dsdp_vehicles,0.0,false,H
2018-02-01,gaslamp,observation,observed_individuals,84.0,false,A
2018-02-01,gaslamp,observation,observed_total_units,84.0,false,A
2018-02-01,marina,observation,dsdp_adjusted_total,34.0,false,H
2018-02-01,marina,observation,dsdp_individuals,27.0,false,H
2018-02-01,marina,observation,dsdp_reported_total,34.0,false,A
2018-02-01,marina,observation,dsdp_tents,2.0,false,H
2018-02-01,marina,observation,dsdp_vehicles,2.0,false,H
2018-02-01,marina,observation,observed_individuals,25.0,false,A
2018-02-01,marina,observation,observed_structures,2.0,false,A
2018-02-01,marina,observation,observed_total_units,29.0,false,A
2018-02-01,marina,observation,observed_vehicles,2.0,false,A
2018-03-01,city_center,observation,dsdp_adjusted_total,128.0,false,H
2018-03-01,city_center,observation,dsdp_individuals,123.0,false,H
2018-03-01,city_center,observation,dsdp_reported_total,128.0,false,A
2018-03-01,city_center,observation,dsdp_tents,3.0,false,H
2018-03-01,city_center,observation,dsdp_vehicles,0.0,false,H
2018-03-01,columbia,observation,dsdp_adjusted_total,61.0,false,H
2018-03-01,columbia,observation,dsdp_individuals,54.0,false,H
2018-03-01,columbia,observation,dsdp_reported_total,61.0,false,A
2018-03-01,columbia,observation,dsdp_tents,3.0,false,H
2018-03-01,columbia,observation,dsdp_vehicles,1.0,false,H
2018-03-01,cortez,observation,dsdp_adjusted_total,72.0,false,H
2018-03-01,cortez,observation,dsdp_individuals,53.0,false,H
2018-03-01,cortez,observation,dsdp_reported_total,72.0,false,A
2018-03-01,cortez,observation,dsdp_tents,6.0,false,H
2018-03-01,cortez,observation,dsdp_vehicles,5.0,false,H
2018-03-01,east_village,observation,dsdp_adjusted_total,594.0,false,H
2018-03-01,east_village,observation,dsdp_individuals,398.0,false,H
2018-03-01,east_village,observation,dsdp_reported_total,594.0,false,A
2018-03-01,east_village,observation,dsdp_tents,90.0,false,H
2018-03-01,east_village,observation,dsdp_vehicles,23.0,false,H
2018-03-01,gaslamp,observation,dsdp_adjusted_total,93.0,false,H
2018-03-01,gaslamp,observation,dsdp_individuals,93.0,false,H
2018-03-01,gaslamp,observation,dsdp_reported_total,93.0,false,A
2018-03-01,gaslamp,observation,dsdp_tents,0.0,false,H
2018-03-01,gaslamp,observation,dsdp_vehicles,0.0,false,H
2018-03-01,marina,observation,dsdp_adjusted_total,32.0,false,H
2018-03-01,marina,observation,dsdp_individuals,25.0,false,H
2018-03-01,marina,observation,dsdp_reported_total,32.0,false,A
2018-03-01,marina,observation,dsdp_tents,3.0,false,H
2018-03-01,marina,observation,dsdp_vehicles,1.0,false,H
2018-04-01,city_center,observation,dsdp_adjusted_total,111.0,false,H
2018-04-01,city_center,observation,dsdp_individuals,106.0,false,H
2018-04-01,city_center,observation,dsdp_reported_total,111.0,false,A
2018-04-01,city_center,observation,dsdp_tents,3.0,false,H
2018-04-01,city_center,observation,dsdp_vehicles,0.0,false,H
2018-04-01,columbia,observation,dsdp_adjusted_total,46.0,false,H
2018-04-01,columbia,observation,dsdp_individuals,37.0,false,H
2018-04-01,columbia,observation,dsdp_reported_total,46.0,false,A
2018-04-01,columbia,observation,dsdp_tents,5.0,false,H
2018-04-01,columbia,observation,dsdp_vehicles,0.0,false,H
2018-04-01,cortez,observation,dsdp_adjusted_total,44.0,false,H
2018-04-01,cortez,observation,dsdp_individuals,39.0,false,H
2018-04-01,cortez,observation,dsdp_reported_total,44.0,false,A
2018-04-01,cortez,observation,dsdp_tents,2.0,false,H
2018-04-01,cortez,observation,dsdp_vehicles,1.0,false,H
2018-04-01,east_village,observation,dsdp_adjusted_total,502.0,false,H
2018-04-01,east_village,observation,dsdp_individuals,370.0,false,H
2018-04-01,east_village,observation,dsdp_reported_total,502.0,false,A
2018-04-01,east_village,observation,dsdp_tents,62.0,false,H
2018-04-01,east_village,observation,dsdp_vehicles,14.0,false,H
2018-04-01,gaslamp,observation,dsdp_adjusted_total,51.0,false,H
2018-04-01,gaslamp,observation,dsdp_individuals,51.0,false,H
2018-04-01,gaslamp,observation,dsdp_reported_total,51.0,false,A
2018-04-01,gaslamp,observation,dsdp_tents,0.0,false,H
2018-04-01,gaslamp,observation,dsdp_vehicles,0.0,false,H
2018-04-01,marina,observation,dsdp_adjusted_total,37.0,false,H
2018-04-01,marina,observation,dsdp_individuals,35.0,false,H
2018-04-01,marina,observation,dsdp_reported_total,37.0,false,A
2018-04-01,marina,observation,dsdp_tents,0.0,false,H
2018-04-01,marina,observation,dsdp_vehicles,1.0,false,H
2018-05-01,city_center,observation,dsdp_adjusted_total,180.0,false,H
2018-05-01,city_center,observation,dsdp_individuals,151.0,false,H
2018-05-01,city_center,observation,dsdp_reported_total,180.0,false,A
2018-05-01,city_center,observation,dsdp_tents,14.0,false,H
2018-05-01,city_center,observation,dsdp_vehicles,2.0,false,H
2018-05-01,columbia,observation,dsdp_adjusted_total,46.0,false,H
2018-05-01,columbia,observation,dsdp_individuals,35.0,false,H
2018-05-01,columbia,observation,dsdp_reported_total,46.0,false,A
2018-05-01,columbia,observation,dsdp_tents,6.0,false,H
2018-05-01,columbia,observation,dsdp_vehicles,0.0,false,H
2018-05-01,cortez,observation,dsdp_adjusted_total,52.0,false,H
2018-05-01,cortez,observation,dsdp_individuals,41.0,false,H
2018-05-01,cortez,observation,dsdp_reported_total,52.0,false,A
2018-05-01,cortez,observation,dsdp_tents,6.0,false,H
2018-05-01,cortez,observation,dsdp_vehicles,0.0,false,H
2018-05-01,east_village,observation,dsdp_adjusted_total,523.0,false,H
2018-05-01,east_village,observation,dsdp_individuals,363.0,false,H
2018-05-01,east_village,observation,dsdp_reported_total,523.0,false,A
2018-05-01,east_village,observation,dsdp_tents,66.0,false,H
2018-05-01,east_village,observation,dsdp_vehicles,22.0,false,H
2018-05-01,gaslamp,observation,dsdp_adjusted_total,68.0,false,H
2018-05-01,gaslamp,observation,dsdp_individuals,62.0,false,H
2018-05-01,gaslamp,observation,dsdp_reported_total,68.0,false,A
2018-05-01,gaslamp,observation,dsdp_tents,2.0,false,H
2018-05-01,gaslamp,observation,dsdp_vehicles,1.0,false,H
2018-05-01,marina,observation,dsdp_adjusted_total,35.0,false,H
2018-05-01,marina,observation,dsdp_individuals,22.0,false,H
2018-05-01,marina,observation,dsdp_reported_total,35.0,false,A
2018-05-01,marina,observation,dsdp_tents,6.0,false,H
2018-05-01,marina,observation,dsdp_vehicles,1.0,false,H
2018-06-01,city_center,observation,dsdp_adjusted_total,118.0,false,H
2018-06-01,city_center,observation,dsdp_individuals,110.0,false,H
2018-06-01,city_center,observation,dsdp_reported_total,118.0,false,A
2018-06-01,city_center,observation,dsdp_tents,2.0,false,H
2018-06-01,city_center,observation,dsdp_vehicles,2.0,false,H
2018-06-01,columbia,observation,dsdp_adjusted_total,53.0,false,H
2018-06-01,columbia,observation,dsdp_individuals,46.0,false,H
2018-06-01,columbia,observation,dsdp_reported_total,53.0,false,A
2018-06-01,columbia,observation,dsdp_tents,3.0,false,H
2018-06-01,columbia,observation,dsdp_vehicles,1.0,false,H
2018-06-01,cortez,observation,dsdp_adjusted_total,40.0,false,H
2018-06-01,cortez,observation,dsdp_individuals,35.0,false,H
2018-06-01,cortez,observation,dsdp_reported_total,40.0,false,A
2018-06-01,cortez,observation,dsdp_tents,3.0,false,H
2018-06-01,cortez,observation,dsdp_vehicles,0.0,false,H
2018-06-01,east_village,observation,dsdp_adjusted_total,459.0,false,H
2018-06-01,east_village,observation,dsdp_individuals,348.0,false,H
2018-06-01,east_village,observation,dsdp_reported_total,459.0,false,A
2018-06-01,east_village,observation,dsdp_tents,52.0,false,H
2018-06-01,east_village,observation,dsdp_vehicles,10.0,false,H
2018-06-01,gaslamp,observation,dsdp_adjusted_total,39.0,false,H
2018-06-01,gaslamp,observation,dsdp_individuals,39.0,false,H
2018-06-01,gaslamp,observation,dsdp_reported_total,39.0,false,A
2018-06-01,gaslamp,observation,dsdp_tents,0.0,false,H
2018-06-01,gaslamp,observation,dsdp_vehicles,0.0,false,H
2018-06-01,marina,observation,dsdp_adjusted_total,50.0,false,H
2018-06-01,marina,observation,dsdp_individuals,48.0,false,H
2018-06-01,marina,observation,dsdp_reported_total,50.0,false,A
2018-06-01,marina,observation,dsdp_tents,1.0,false,H
2018-06-01,marina,observation,dsdp_vehicles,0.0,false,H
2018-07-01,city_center,observation,dsdp_adjusted_total,139.0,false,H
2018-07-01,city_center,observation,dsdp_individuals,132.0,false,H
2018-07-01,city_center,observation,dsdp_reported_total,139.0,false,A
2018-07-01,city_center,observation,dsdp_tents,3.0,false,H
2018-07-01,city_center,observation,dsdp_vehicles,1.0,false,H
2018-07-01,columbia,observation,dsdp_adjusted_total,37.0,false,H
2018-07-01,columbia,observation,dsdp_individuals,32.0,false,H
2018-07-01,columbia,observation,dsdp_reported_total,37.0,false,A
2018-07-01,columbia,observation,dsdp_tents,3.0,false,H
2018-07-01,columbia,observation,dsdp_vehicles,0.0,false,H
2018-07-01,core,enforcement,violations_72hr_reports,2.0,false,D
2018-07-01,cortez,observation,dsdp_adjusted_total,47.0,false,H
2018-07-01,cortez,observation,dsdp_individuals,40.0,false,H
2018-07-01,cortez,observation,dsdp_reported_total,47.0,false,A
2018-07-01,cortez,observation,dsdp_tents,4.0,false,H
2018-07-01,cortez,observation,dsdp_vehicles,0.0,false,H
2018-07-01,cortez,enforcement,violations_72hr_reports,1.0,false,D
2018-07-01,east_village,observation,dsdp_adjusted_total,621.0,false,H
2018-07-01,east_village,observation,dsdp_individuals,451.0,false,H
2018-07-01,east_village,observation,dsdp_reported_total,621.0,false,A
2018-07-01,east_village,observation,dsdp_tents,67.0,false,H
2018-07-01,east_village,observation,dsdp_vehicles,32.0,false,H
2018-07-01,east_village,enforcement,violations_72hr_reports,8.0,false,D
2018-07-01,gaslamp,observation,dsdp_adjusted_total,45.0,false,H
2018-07-01,gaslamp,observation,dsdp_individuals,45.0,false,H
2018-07-01,gaslamp,observation,dsdp_reported_total,45.0,false,A
2018-07-01,gaslamp,observation,dsdp_tents,0.0,false,H
2018-07-01,gaslamp,observation,dsdp_vehicles,0.0,false,H
2018-07-01,marina,observation,dsdp_adjusted_total,37.0,false,H
2018-07-01,marina,observation,dsdp_individuals,33.0,false,H
2018-07-01,marina,observation,dsdp_reported_total,37.0,false,A
2018-07-01,marina,observation,dsdp_tents,2.0,false,H
2018-07-01,marina,observation,dsdp_vehicles,0.0,false,H
2018-08-01,city_center,observation,dsdp_adjusted_total,146.0,false,H
2018-08-01,city_center,observation,dsdp_individuals,142.0,false,H
2018-08-01,city_center,observation,dsdp_reported_total,146.0,false,A
2018-08-01,city_center,observation,dsdp_tents,2.0,false,H
2018-08-01,city_center,observation,dsdp_vehicles,0.0,false,H
2018-08-01,columbia,observation,dsdp_adjusted_total,56.0,false,H
2018-08-01,columbia,observation,dsdp_individuals,45.0,false,H
2018-08-01,columbia,observation,dsdp_reported_total,56.0,false,A
2018-08-01,columbia,observation,dsdp_tents,6.0,false,H
2018-08-01,columbia,observation,dsdp_vehicles,0.0,false,H
2018-08-01,columbia,enforcement,violations_72hr_reports,1.0,false,D
2018-08-01,core,enforcement,violations_72hr_reports,6.0,false,D
2018-08-01,cortez,observation,dsdp_adjusted_total,54.0,false,H
2018-08-01,cortez,observation,dsdp_individuals,49.0,false,H
2018-08-01,cortez,observation,dsdp_reported_total,54.0,false,A
2018-08-01,cortez,observation,dsdp_tents,3.0,false,H
2018-08-01,cortez,observation,dsdp_vehicles,0.0,false,H
2018-08-01,cortez,complaint,gid_requests,1.0,false,C
2018-08-01,east_village,observation,dsdp_adjusted_total,582.0,false,H
2018-08-01,east_village,observation,dsdp_individuals,470.0,false,H
2018-08-01,east_village,observation,dsdp_reported_total,582.0,false,A
2018-08-01,east_village,observation,dsdp_tents,44.0,false,H
2018-08-01,east_village,observation,dsdp_vehicles,17.0,false,H
2018-08-01,east_village,complaint,gid_requests,1.0,false,C
2018-08-01,east_village,enforcement,violations_72hr_reports,6.0,false,D
2018-08-01,gaslamp,observation,dsdp_adjusted_total,55.0,false,H
2018-08-01,gaslamp,observation,dsdp_individuals,55.0,false,H
2018-08-01,gaslamp,observation,dsdp_reported_total,55.0,false,A
2018-08-01,gaslamp,observation,dsdp_tents,0.0,false,H
2018-08-01,gaslamp,observation,dsdp_vehicles,0.0,false,H
2018-08-01,marina,observation,dsdp_adjusted_total,72.0,false,H
2018-08-01,marina,observation,dsdp_individuals,56.0,false,H
2018-08-01,marina,observation,dsdp_reported_total,72.0,false,A
2018-08-01,marina,observation,dsdp_tents,6.0,false,H
2018-08-01,marina,observation,dsdp_vehicles,3.0,false,H
2018-09-01,city_center,observation,dsdp_adjusted_total,129.0,false,H
2018-09-01,city_center,observation,dsdp_individuals,122.0,false,H
2018-09-01,city_center,observation,dsdp_reported_total,129.0,false,A
2018-09-01,city_center,observation,dsdp_tents,4.0,false,H
2018-09-01,city_center,observation,dsdp_vehicles,0.0,false,H
2018-09-01,columbia,observation,dsdp_adjusted_total,26.0,false,H
2018-09-01,columbia,observation,dsdp_individuals,21.0,false,H
2018-09-01,columbia,observation,dsdp_reported_total,26.0,false,A
2018-09-01,columbia,observation,dsdp_tents,3.0,false,H
2018-09-01,columbia,observation,dsdp_vehicles,0.0,false,H
2018-09-01,core,complaint,gid_requests,7.0,false,C
2018-09-01,core,enforcement,violations_72hr_reports,12.0,false,D
2018-09-01,cortez,observation,dsdp_adjusted_total,32.0,false,H
2018-09-01,cortez,observation,dsdp_individuals,30.0,false,H
2018-09-01,cortez,observation,dsdp_reported_total,32.0,false,A
2018-09-01,cortez,observation,dsdp_tents,1.0,false,H
2018-09-01,cortez,observation,dsdp_vehicles,0.0,false,H
2018-09-01,cortez,complaint,gid_requests,3.0,false,C
2018-09-01,cortez,enforcement,violations_72hr_reports,4.0,false,D
2018-09-01,east_village,observation,dsdp_adjusted_total,501.0,false,H
2018-09-01,east_village,observation,dsdp_individuals,369.0,false,H
2018-09-01,east_village,observation,dsdp_reported_total,501.0,false,A
2018-09-01,east_village,observation,dsdp_tents,67.0,false,H
2018-09-01,east_village,observation,dsdp_vehicles,7.0,false,H
2018-09-01,east_village,complaint,gid_requests,17.0,false,C
2018-09-01,east_village,enforcement,violations_72hr_reports,2.0,false,D
2018-09-01,gaslamp,observation,dsdp_adjusted_total,53.0,false,H
2018-09-01,gaslamp,observation,dsdp_individuals,51.0,false,H
2018-09-01,gaslamp,observation,dsdp_reported_total,53.0,false,A
2018-09-01,gaslamp,observation,dsdp_tents,1.0,false,H
2018-09-01,gaslamp,observation,dsdp_vehicles,0.0,false,H
2018-09-01,marina,observation,dsdp_adjusted_total,46.0,false,H
2018-09-01,marina,observation,dsdp_individuals,32.0,false,H
2018-09-01,marina,observation,dsdp_reported_total,46.0,false,A
2018-09-01,marina,observation,dsdp_tents,8.0,false,H
2018-09-01,marina,observation,dsdp_vehicles,0.0,false,H
2018-09-01,marina,complaint,gid_requests,10.0,false,C
2018-09-01,marina,enforcement,violations_72hr_reports,2.0,false,D
2018-10-01,city_center,observation,dsdp_adjusted_total,104.0,false,H
2018-10-01,city_center,observation,dsdp_individuals,86.0,false,H
2018-10-01,city_center,observation,dsdp_reported_total,104.0,false,A
2018-10-01,city_center,observation,dsdp_tents,10.0,false,H
2018-10-01,city_center,observation,dsdp_vehicles,0.0,false,H
2018-10-01,columbia,observation,dsdp_adjusted_total,34.0,false,H
2018-10-01,columbia,observation,dsdp_individuals,27.0,false,H
2018-10-01,columbia,observation,dsdp_reported_total,34.0,false,A
2018-10-01,columbia,observation,dsdp_tents,4.0,false,H
2018-10-01,columbia,observation,dsdp_vehicles,0.0,false,H
2018-10-01,columbia,complaint,gid_requests,1.0,false,C
2018-10-01,core,complaint,gid_requests,12.0,false,C
2018-10-01,core,enforcement,violations_72hr_reports,7.0,false,D
2018-10-01,cortez,observation,dsdp_adjusted_total,16.0,false,H
2018-10-01,cortez,observation,dsdp_individuals,16.0,false,H
2018-10-01,cortez,observation,dsdp_reported_total,16.0,false,A
2018-10-01,cortez,observation,dsdp_tents,0.0,false,H
2018-10-01,cortez,observation,dsdp_vehicles,0.0,false,H
2018-10-01,cortez,enforcement,violations_72hr_reports,3.0,false,D
2018-10-01,east_village,observation,dsdp_adjusted_total,504.0,false,H
2018-10-01,east_village,observation,dsdp_individuals,398.0,false,H
2018-10-01,east_village,observation,dsdp_reported_total,504.0,false,A
2018-10-01,east_village,observation,dsdp_tents,56.0,false,H
2018-10-01,east_village,observation,dsdp_vehicles,4.0,false,H
2018-10-01,east_village,complaint,gid_requests,19.0,false,C
2018-10-01,east_village,enforcement,violations_72hr_reports,2.0,false,D
2018-10-01,gaslamp,observation,dsdp_adjusted_total,52.0,false,H
2018-10-01,gaslamp,observation,dsdp_individuals,52.0,false,H
2018-10-01,gaslamp,observation,dsdp_reported_total,52.0,false,A
2018-10-01,gaslamp,observation,dsdp_tents,0.0,false,H
2018-10-01,gaslamp,observation,dsdp_vehicles,0.0,false,H
2018-10-01,gaslamp,complaint,gid_requests,3.0,false,C
2018-10-01,marina,observation,dsdp_adjusted_total,29.0,false,H
2018-10-01,marina,observation,dsdp_individuals,25.0,false,H
2018-10-01,marina,observation,dsdp_reported_total,29.0,false,A
2018-10-01,marina,observation,dsdp_tents,2.0,false,H
2018-10-01,marina,observation,dsdp_vehicles,0.0,false,H
2018-10-01,marina,complaint,gid_requests,2.0,false,C
2018-11-01,city_center,observation,dsdp_adjusted_total,146.0,false,H
2018-11-01,city_center,observation,dsdp_reported_total,146.0,false,A
2018-11-01,columbia,observation,dsdp_adjusted_total,24.0,false,H
2018-11-01,columbia,observation,dsdp_reported_total,24.0,false,A
2018-11-01,core,complaint,gid_requests,7.0,false,C
2018-11-01,core,enforcement,violations_72hr_reports,5.0,false,D
2018-11-01,cortez,observation,dsdp_adjusted_total,46.0,false,H
2018-11-01,cortez,observation,dsdp_reported_total,46.0,false,A
2018-11-01,cortez,complaint,gid_requests,1.0,false,C
2018-11-01,east_village,observation,dsdp_adjusted_total,473.0,false,H
2018-11-01,east_village,observation,dsdp_reported_total,473.0,false,A
2018-11-01,east_village,complaint,gid_requests,13.0,false,C
2018-11-01,east_village,enforcement,violations_72hr_reports,4.0,false,D
2018-11-01,gaslamp,observation,dsdp_adjusted_total,69.0,false,H
2018-11-01,gaslamp,observation,dsdp_reported_total,69.0,false,A
2018-11-01,marina,observation,dsdp_adjusted_total,41.0,false,H
2018-11-01,marina,observation,dsdp_reported_total,41.0,false,A
2018-11-01,marina,complaint,gid_requests,2.0,false,C
2018-12-01,city_center,observation,dsdp_adjusted_total,147.0,false,H
2018-12-01,city_center,observation,dsdp_individuals,121.0,false,H
2018-12-01,city_center,observation,dsdp_reported_total,147.0,false,A
2018-12-01,city_center,observation,dsdp_tents,15.0,false,H
2018-12-01,city_center,observation,dsdp_vehicles,0.0,false,H
2018-12-01,columbia,observation,dsdp_adjusted_total,45.0,false,H
2018-12-01,columbia,observation,dsdp_individuals,36.0,false,H
2018-12-01,columbia,observation,dsdp_reported_total,45.0,false,A
2018-12-01,columbia,observation,dsdp_tents,5.0,false,H
2018-12-01,columbia,observation,dsdp_vehicles,0.0,false,H
2018-12-01,columbia,complaint,gid_requests,1.0,false,C
2018-12-01,core,complaint,gid_requests,4.0,false,C
2018-12-01,core,enforcement,violations_72hr_reports,5.0,false,D
2018-12-01,cortez,observation,dsdp_adjusted_total,40.0,false,H
2018-12-01,cortez,observation,dsdp_individuals,38.0,false,H
2018-12-01,cortez,observation,dsdp_reported_total,40.0,false,A
2018-12-01,cortez,observation,dsdp_tents,1.0,false,H
2018-12-01,cortez,observation,dsdp_vehicles,0.0,false,H
2018-12-01,cortez,complaint,gid_requests,3.0,false,C
2018-12-01,east_village,observation,dsdp_adjusted_total,482.0,false,H
2018-12-01,east_village,observation,dsdp_individuals,330.0,false,H
2018-12-01,east_village,observation,dsdp_reported_total,482.0,false,A
2018-12-01,east_village,observation,dsdp_tents,81.0,false,H
2018-12-01,east_village,observation,dsdp_vehicles,5.0,false,H
2018-12-01,east_village,complaint,gid_requests,11.0,false,C
2018-12-01,gaslamp,observation,dsdp_adjusted_total,40.0,false,H
2018-12-01,gaslamp,observation,dsdp_individuals,38.0,false,H
2018-12-01,gaslamp,observation,dsdp_reported_total,40.0,false,A
2018-12-01,gaslamp,observation,dsdp_tents,1.0,false,H
2018-12-01,gaslamp,observation,dsdp_vehicles,0.0,false,H
2018-12-01,gaslamp,complaint,gid_requests,5.0,false,C
2018-12-01,marina,observation,dsdp_adjusted_total,52.0,false,H
2018-12-01,marina,observation,dsdp_individuals,38.0,false,H
2018-12-01,marina,observation,dsdp_reported_total,52.0,false,A
2018-12-01,marina,observation,dsdp_tents,8.0,false,H
2018-12-01,marina,observation,dsdp_vehicles,0.0,false,H
2018-12-01,marina,complaint,gid_requests,9.0,false,C
2018-12-01,marina,enforcement,violations_72hr_reports,1.0,false,D
2019-01-01,city_center,observation,dsdp_adjusted_total,132.0,false,H
2019-01-01,city_center,observation,dsdp_individuals,100.0,false,H
2019-01-01,city_center,observation,dsdp_reported_total,132.0,false,A
2019-01-01,city_center,observation,dsdp_tents,18.0,false,H
2019-01-01,city_center,observation,dsdp_vehicles,0.0,false,H
2019-01-01,columbia,observation,dsdp_adjusted_total,53.0,false,H
2019-01-01,columbia,observation,dsdp_individuals,27.0,false,H
2019-01-01,columbia,observation,dsdp_reported_total,53.0,false,A
2019-01-01,columbia,observation,dsdp_tents,15.0,false,H
2019-01-01,columbia,observation,dsdp_vehicles,0.0,false,H
2019-01-01,core,complaint,gid_requests,3.0,false,C
2019-01-01,core,enforcement,violations_72hr_reports,17.0,false,D
2019-01-01,cortez,observation,dsdp_adjusted_total,54.0,false,H
2019-01-01,cortez,observation,dsdp_individuals,47.0,false,H
2019-01-01,cortez,observation,dsdp_reported_total,54.0,false,A
2019-01-01,cortez,observation,dsdp_tents,4.0,false,H
2019-01-01,cortez,observation,dsdp_vehicles,0.0,false,H
2019-01-01,cortez,complaint,gid_requests,4.0,false,C
2019-01-01,cortez,enforcement,violations_72hr_reports,1.0,false,D
2019-01-01,east_village,observation,dsdp_adjusted_total,543.0,false,H
2019-01-01,east_village,observation,dsdp_individuals,384.0,false,H
2019-01-01,east_village,observation,dsdp_reported_total,543.0,false,A
2019-01-01,east_village,observation,dsdp_tents,83.0,false,H
2019-01-01,east_village,observation,dsdp_vehicles,7.0,false,H
2019-01-01,east_village,complaint,gid_requests,21.0,false,C
2019-01-01,east_village,enforcement,violations_72hr_reports,8.0,false,D
2019-01-01,gaslamp,observation,dsdp_adjusted_total,59.0,false,H
2019-01-01,gaslamp,observation,dsdp_individuals,55.0,false,H
2019-01-01,gaslamp,observation,dsdp_reported_total,59.0,false,A
2019-01-01,gaslamp,observation,dsdp_tents,2.0,false,H
2019-01-01,gaslamp,observation,dsdp_vehicles,0.0,false,H
2019-01-01,gaslamp,complaint,gid_requests,1.0,false,C
2019-01-01,marina,observation,dsdp_adjusted_total,57.0,false,H
2019-01-01,marina,observation,dsdp_individuals,32.0,false,H
2019-01-01,marina,observation,dsdp_reported_total,57.0,false,A
2019-01-01,marina,observation,dsdp_tents,14.0,false,H
2019-01-01,marina,observation,dsdp_vehicles,0.0,false,H
2019-01-01,marina,complaint,gid_requests,4.0,false,C
2019-02-01,city_center,observation,dsdp_adjusted_total,109.0,false,H
2019-02-01,city_center,observation,dsdp_individuals,97.0,false,H
2019-02-01,city_center,observation,dsdp_reported_total,109.0,false,A
2019-02-01,city_center,observation,dsdp_tents,7.0,false,H
2019-02-01,city_center,observation,dsdp_vehicles,0.0,false,H
2019-02-01,columbia,observation,dsdp_adjusted_total,43.0,false,H
2019-02-01,columbia,observation,dsdp_individuals,20.0,false,H
2019-02-01,columbia,observation,dsdp_reported_total,43.0,false,A
2019-02-01,columbia,observation,dsdp_tents,13.0,false,H
2019-02-01,columbia,observation,dsdp_vehicles,0.0,false,H
2019-02-01,core,complaint,gid_requests,4.0,false,C
2019-02-01,core,enforcement,violations_72hr_reports,9.0,false,D
2019-02-01,cortez,observation,dsdp_adjusted_total,33.0,false,H
2019-02-01,cortez,observation,dsdp_individuals,31.0,false,H
2019-02-01,cortez,observation,dsdp_reported_total,33.0,false,A
2019-02-01,cortez,observation,dsdp_tents,1.0,false,H
2019-02-01,cortez,observation,dsdp_vehicles,0.0,false,H
2019-02-01,cortez,complaint,gid_requests,2.0,false,C
2019-02-01,cortez,enforcement,violations_72hr_reports,3.0,false,D
2019-02-01,east_village,observation,dsdp_adjusted_total,497.0,false,H
2019-02-01,east_village,observation,dsdp_individuals,321.0,false,H
2019-02-01,east_village,observation,dsdp_reported_total,497.0,false,A
2019-02-01,east_village,observation,dsdp_tents,88.0,false,H
2019-02-01,east_village,observation,dsdp_vehicles,11.0,false,H
2019-02-01,east_village,complaint,gid_requests,9.0,false,C
2019-02-01,east_village,enforcement,violations_72hr_reports,6.0,false,D
2019-02-01,gaslamp,observation,dsdp_adjusted_total,68.0,false,H
2019-02-01,gaslamp,observation,dsdp_individuals,66.0,false,H
2019-02-01,gaslamp,observation,dsdp_reported_total,68.0,false,A
2019-02-01,gaslamp,observation,dsdp_tents,1.0,false,H
2019-02-01,gaslamp,observation,dsdp_vehicles,0.0,false,H
2019-02-01,marina,observation,dsdp_adjusted_total,49.0,false,H
2019-02-01,marina,observation,dsdp_individuals,40.0,false,H
2019-02-01,marina,observation,dsdp_reported_total,49.0,false,A
2019-02-01,marina,observation,dsdp_tents,5.0,false,H
2019-02-01,marina,observation,dsdp_vehicles,0.0,false,H
2019-02-01,marina,complaint,gid_requests,6.0,false,C
2019-03-01,city_center,observation,dsdp_adjusted_total,130.0,false,H
2019-03-01,city_center,observation,dsdp_individuals,109.0,false,H
2019-03-01,city_center,observation,dsdp_reported_total,130.0,false,A
2019-03-01,city_center,observation,dsdp_tents,12.0,false,H
2019-03-01,city_center,observation,dsdp_vehicles,0.0,false,H
2019-03-01,columbia,observation,dsdp_adjusted_total,33.0,false,H
2019-03-01,columbia,observation,dsdp_individuals,17.0,false,H
2019-03-01,columbia,observation,dsdp_reported_total,33.0,false,A
2019-03-01,columbia,observation,dsdp_tents,9.0,false,H
2019-03-01,columbia,observation,dsdp_vehicles,0.0,false,H
2019-03-01,columbia,enforcement,violations_72hr_reports,1.0,false,D
2019-03-01,core,enforcement,violations_72hr_reports,5.0,false,D
2019-03-01,cortez,observation,dsdp_adjusted_total,53.0,false,H
2019-03-01,cortez,observation,dsdp_individuals,49.0,false,H
2019-03-01,cortez,observation,dsdp_reported_total,53.0,false,A
2019-03-01,cortez,observation,dsdp_tents,2.0,false,H
2019-03-01,cortez,observation,dsdp_vehicles,0.0,false,H
2019-03-01,cortez,complaint,gid_requests,1.0,false,C
2019-03-01,cortez,enforcement,violations_72hr_reports,1.0,false,D
2019-03-01,east_village,observation,dsdp_adjusted_total,428.0,false,H
2019-03-01,east_village,observation,dsdp_individuals,288.0,false,H
2019-03-01,east_village,observation,dsdp_reported_total,428.0,false,A
2019-03-01,east_village,observation,dsdp_tents,66.0,false,H
2019-03-01,east_village,observation,dsdp_vehicles,12.0,false,H
2019-03-01,east_village,complaint,gid_requests,4.0,false,C
2019-03-01,east_village,enforcement,violations_72hr_reports,9.0,false,D
2019-03-01,gaslamp,observation,dsdp_adjusted_total,59.0,false,H
2019-03-01,gaslamp,observation,dsdp_individuals,59.0,false,H
2019-03-01,gaslamp,observation,dsdp_reported_total,59.0,false,A
2019-03-01,gaslamp,observation,dsdp_tents,0.0,false,H
2019-03-01,gaslamp,observation,dsdp_vehicles,0.0,false,H
2019-03-01,marina,observation,dsdp_adjusted_total,30.0,false,H
2019-03-01,marina,observation,dsdp_individuals,23.0,false,H
2019-03-01,marina,observation,dsdp_reported_total,30.0,false,A
2019-03-01,marina,observation,dsdp_tents,4.0,false,H
2019-03-01,marina,observation,dsdp_vehicles,0.0,false,H
2019-03-01,marina,complaint,gid_requests,3.0,false,C
2019-04-01,city_center,observation,dsdp_adjusted_total,107.0,false,H
2019-04-01,city_center,observation,dsdp_individuals,89.0,false,H
2019-04-01,city_center,observation,dsdp_reported_total,107.0,false,A
2019-04-01,city_center,observation,dsdp_tents,10.0,false,H
2019-04-01,city_center,observation,dsdp_vehicles,0.0,false,H
2019-04-01,columbia,observation,dsdp_adjusted_total,55.0,false,H
2019-04-01,columbia,observation,dsdp_individuals,46.0,false,H
2019-04-01,columbia,observation,dsdp_reported_total,55.0,false,A
2019-04-01,columbia,observation,dsdp_tents,5.0,false,H
2019-04-01,columbia,observation,dsdp_vehicles,0.0,false,H
2019-04-01,columbia,enforcement,violations_72hr_reports,2.0,false,D
2019-04-01,core,complaint,gid_requests,4.0,false,C
2019-04-01,core,enforcement,violations_72hr_reports,10.0,false,D
2019-04-01,cortez,observation,dsdp_adjusted_total,44.0,false,H
2019-04-01,cortez,observation,dsdp_individuals,40.0,false,H
2019-04-01,cortez,observation,dsdp_reported_total,44.0,false,A
2019-04-01,cortez,observation,dsdp_tents,2.0,false,H
2019-04-01,cortez,observation,dsdp_vehicles,0.0,false,H
2019-04-01,cortez,complaint,gid_requests,1.0,false,C
2019-04-01,cortez,enforcement,violations_72hr_reports,6.0,false,D
2019-04-01,east_village,observation,dsdp_adjusted_total,502.0,false,H
2019-04-01,east_village,observation,dsdp_individuals,364.0,false,H
2019-04-01,east_village,observation,dsdp_reported_total,502.0,false,A
2019-04-01,east_village,observation,dsdp_tents,67.0,false,H
2019-04-01,east_village,observation,dsdp_vehicles,12.0,false,H
2019-04-01,east_village,complaint,gid_requests,9.0,false,C
2019-04-01,east_village,enforcement,violations_72hr_reports,7.0,false,D
2019-04-01,gaslamp,observation,dsdp_adjusted_total,36.0,false,H
2019-04-01,gaslamp,observation,dsdp_individuals,36.0,false,H
2019-04-01,gaslamp,observation,dsdp_reported_total,36.0,false,A
2019-04-01,gaslamp,observation,dsdp_tents,0.0,false,H
2019-04-01,gaslamp,observation,dsdp_vehicles,0.0,false,H
2019-04-01,marina,observation,dsdp_adjusted_total,33.0,false,H
2019-04-01,marina,observation,dsdp_individuals,19.0,false,H
2019-04-01,marina,observation,dsdp_reported_total,33.0,false,A
2019-04-01,marina,observation,dsdp_tents,7.0,false,H
2019-04-01,marina,observation,dsdp_vehicles,1.0,false,H
2019-04-01,marina,complaint,gid_requests,2.0,false,C
2019-05-01,city_center,observation,dsdp_adjusted_total,146.0,false,H
2019-05-01,city_center,observation,dsdp_individuals,125.0,false,H
2019-05-01,city_center,observation,dsdp_tents,12.0,false,H
2019-05-01,city_center,observation,dsdp_vehicles,0.0,false,H
2019-05-01,columbia,observation,dsdp_adjusted_total,61.0,false,H
2019-05-01,columbia,observation,dsdp_individuals,43.0,false,H
2019-05-01,columbia,observation,dsdp_tents,10.0,false,H
2019-05-01,columbia,observation,dsdp_vehicles,0.0,false,H
2019-05-01,columbia,enforcement,violations_72hr_reports,2.0,false,D
2019-05-01,core,complaint,gid_requests,2.0,false,C
2019-05-01,core,enforcement,violations_72hr_reports,4.0,false,D
2019-05-01,cortez,observation,dsdp_adjusted_total,45.0,false,H
2019-05-01,cortez,observation,dsdp_individuals,40.0,false,H
2019-05-01,cortez,observation,dsdp_tents,3.0,false,H
2019-05-01,cortez,observation,dsdp_vehicles,0.0,false,H
2019-05-01,cortez,enforcement,violations_72hr_reports,1.0,false,D
2019-05-01,east_village,observation,dsdp_adjusted_total,506.0,false,H
2019-05-01,east_village,observation,dsdp_individuals,331.0,false,H
2019-05-01,east_village,observation,dsdp_tents,87.0,false,H
2019-05-01,east_village,observation,dsdp_vehicles,11.0,false,H
2019-05-01,east_village,complaint,gid_requests,10.0,false,C
2019-05-01,east_village,enforcement,violations_72hr_reports,4.0,false,D
2019-05-01,gaslamp,observation,dsdp_adjusted_total,65.0,false,H
2019-05-01,gaslamp,observation,dsdp_individuals,58.0,false,H
2019-05-01,gaslamp,observation,dsdp_tents,4.0,false,H
2019-05-01,gaslamp,observation,dsdp_vehicles,0.0,false,H
2019-05-01,gaslamp,complaint,gid_requests,2.0,false,C
2019-05-01,marina,observation,dsdp_adjusted_total,38.0,false,H
2019-05-01,marina,observation,dsdp_individuals,24.0,false,H
2019-05-01,marina,observation,dsdp_tents,8.0,false,H
2019-05-01,marina,observation,dsdp_vehicles,0.0,false,H
2019-05-01,marina,enforcement,violations_72hr_reports,1.0,false,D
2019-06-01,city_center,observation,dsdp_adjusted_total,157.0,false,H
2019-06-01,city_center,observation,dsdp_individuals,138.0,false,H
2019-06-01,city_center,observation,dsdp_tents,11.0,false,H
2019-06-01,city_center,observation,dsdp_vehicles,0.0,false,H
2019-06-01,columbia,observation,dsdp_adjusted_total,61.0,false,H
2019-06-01,columbia,observation,dsdp_individuals,42.0,false,H
2019-06-01,columbia,observation,dsdp_tents,11.0,false,H
2019-06-01,columbia,observation,dsdp_vehicles,0.0,false,H
2019-06-01,columbia,complaint,gid_requests,2.0,false,C
2019-06-01,core,complaint,gid_requests,4.0,false,C
2019-06-01,core,enforcement,violations_72hr_reports,1.0,false,D
2019-06-01,cortez,observation,dsdp_adjusted_total,46.0,false,H
2019-06-01,cortez,observation,dsdp_individuals,44.0,false,H
2019-06-01,cortez,observation,dsdp_tents,1.0,false,H
2019-06-01,cortez,observation,dsdp_vehicles,0.0,false,H
2019-06-01,cortez,complaint,gid_requests,1.0,false,C
2019-06-01,cortez,enforcement,violations_72hr_reports,13.0,false,D
2019-06-01,east_village,observation,dsdp_adjusted_total,468.0,false,H
2019-06-01,east_village,observation,dsdp_individuals,311.0,false,H
2019-06-01,east_village,observation,dsdp_tents,77.0,false,H
2019-06-01,east_village,observation,dsdp_vehicles,13.0,false,H
2019-06-01,east_village,complaint,gid_requests,5.0,false,C
2019-06-01,east_village,enforcement,violations_72hr_reports,8.0,false,D
2019-06-01,gaslamp,observation,dsdp_adjusted_total,54.0,false,H
2019-06-01,gaslamp,observation,dsdp_individuals,47.0,false,H
2019-06-01,gaslamp,observation,dsdp_tents,4.0,false,H
2019-06-01,gaslamp,observation,dsdp_vehicles,0.0,false,H
2019-06-01,gaslamp,complaint,gid_requests,1.0,false,C
2019-06-01,marina,observation,dsdp_adjusted_total,35.0,false,H
2019-06-01,marina,observation,dsdp_individuals,28.0,false,H
2019-06-01,marina,observation,dsdp_tents,4.0,false,H
2019-06-01,marina,observation,dsdp_vehicles,0.0,false,H
2019-06-01,marina,enforcement,violations_72hr_reports,2.0,false,D
2019-07-01,city_center,observation,dsdp_adjusted_total,147.0,false,H
2019-07-01,city_center,observation,dsdp_individuals,122.0,false,H
2019-07-01,city_center,observation,dsdp_tents,14.0,false,H
2019-07-01,city_center,observation,dsdp_vehicles,0.0,false,H
2019-07-01,columbia,observation,dsdp_adjusted_total,52.0,false,H
2019-07-01,columbia,observation,dsdp_individuals,34.0,false,H
2019-07-01,columbia,observation,dsdp_tents,10.0,false,H
2019-07-01,columbia,observation,dsdp_vehicles,0.0,false,H
2019-07-01,core,complaint,gid_requests,9.0,false,C
2019-07-01,core,enforcement,violations_72hr_reports,10.0,false,D
2019-07-01,cortez,observation,dsdp_adjusted_total,71.0,false,H
2019-07-01,cortez,observation,dsdp_individuals,62.0,false,H
2019-07-01,cortez,observation,dsdp_tents,5.0,false,H
2019-07-01,cortez,observation,dsdp_vehicles,0.0,false,H
2019-07-01,cortez,enforcement,violations_72hr_reports,7.0,false,D
2019-07-01,east_village,observation,dsdp_adjusted_total,604.0,false,H
2019-07-01,east_village,observation,dsdp_individuals,441.0,false,H
2019-07-01,east_village,observation,dsdp_tents,69.0,false,H
2019-07-01,east_village,observation,dsdp_vehicles,21.0,false,H
2019-07-01,east_village,complaint,gid_requests,14.0,false,C
2019-07-01,east_village,enforcement,violations_72hr_reports,4.0,false,D
2019-07-01,gaslamp,observation,dsdp_adjusted_total,52.0,false,H
2019-07-01,gaslamp,observation,dsdp_individuals,50.0,false,H
2019-07-01,gaslamp,observation,dsdp_tents,1.0,false,H
2019-07-01,gaslamp,observation,dsdp_vehicles,0.0,false,H
2019-07-01,gaslamp,complaint,gid_requests,5.0,false,C
2019-07-01,gaslamp,enforcement,violations_72hr_reports,1.0,false,D
2019-07-01,marina,observation,dsdp_adjusted_total,36.0,false,H
2019-07-01,marina,observation,dsdp_individuals,34.0,false,H
2019-07-01,marina,observation,dsdp_tents,1.0,false,H
2019-07-01,marina,observation,dsdp_vehicles,0.0,false,H
2019-07-01,marina,complaint,gid_requests,4.0,false,C
2019-08-01,city_center,observation,dsdp_adjusted_total,124.0,false,H
2019-08-01,city_center,observation,dsdp_individuals,113.0,false,H
2019-08-01,city_center,observation,dsdp_tents,6.0,false,H
2019-08-01,city_center,observation,dsdp_vehicles,0.0,false,H
2019-08-01,columbia,observation,dsdp_adjusted_total,46.0,false,H
2019-08-01,columbia,observation,dsdp_individuals,32.0,false,H
2019-08-01,columbia,observation,dsdp_tents,8.0,false,H
2019-08-01,columbia,observation,dsdp_vehicles,0.0,false,H
2019-08-01,columbia,complaint,gid_requests,1.0,false,C
2019-08-01,columbia,enforcement,violations_72hr_reports,1.0,false,D
2019-08-01,core,complaint,gid_requests,15.0,false,C
2019-08-01,core,enforcement,violations_72hr_reports,14.0,false,D
2019-08-01,cortez,observation,dsdp_adjusted_total,31.0,false,H
2019-08-01,cortez,observation,dsdp_individuals,29.0,false,H
2019-08-01,cortez,observation,dsdp_tents,1.0,false,H
2019-08-01,cortez,observation,dsdp_vehicles,0.0,false,H
2019-08-01,cortez,complaint,gid_requests,2.0,false,C
2019-08-01,cortez,enforcement,violations_72hr_reports,15.0,false,D
2019-08-01,east_village,observation,dsdp_adjusted_total,470.0,false,H
2019-08-01,east_village,observation,dsdp_individuals,377.0,false,H
2019-08-01,east_village,observation,dsdp_tents,46.0,false,H
2019-08-01,east_village,observation,dsdp_vehicles,6.0,false,H
2019-08-01,east_village,complaint,gid_requests,9.0,false,C
2019-08-01,east_village,enforcement,violations_72hr_reports,7.0,false,D
2019-08-01,gaslamp,observation,dsdp_adjusted_total,61.0,false,H
2019-08-01,gaslamp,observation,dsdp_individuals,56.0,false,H
2019-08-01,gaslamp,observation,dsdp_tents,3.0,false,H
2019-08-01,gaslamp,observation,dsdp_vehicles,0.0,false,H
2019-08-01,gaslamp,complaint,gid_requests,6.0,false,C
2019-08-01,marina,observation,dsdp_adjusted_total,39.0,false,H
2019-08-01,marina,observation,dsdp_individuals,30.0,false,H
2019-08-01,marina,observation,dsdp_tents,5.0,false,H
2019-08-01,marina,observation,dsdp_vehicles,0.0,false,H
2019-08-01,marina,complaint,gid_requests,6.0,false,C
2019-09-01,city_center,observation,dsdp_adjusted_total,192.0,false,H
2019-09-01,city_center,observation,dsdp_individuals,178.0,false,H
2019-09-01,city_center,observation,dsdp_tents,8.0,false,H
2019-09-01,city_center,observation,dsdp_vehicles,0.0,false,H
2019-09-01,columbia,observation,dsdp_adjusted_total,49.0,false,H
2019-09-01,columbia,observation,dsdp_individuals,42.0,false,H
2019-09-01,columbia,observation,dsdp_tents,4.0,false,H
2019-09-01,columbia,observation,dsdp_vehicles,0.0,false,H
2019-09-01,columbia,complaint,gid_requests,2.0,false,C
2019-09-01,core,complaint,gid_requests,9.0,false,C
2019-09-01,core,enforcement,violations_72hr_reports,13.0,false,D
2019-09-01,cortez,observation,dsdp_adjusted_total,55.0,false,H
2019-09-01,cortez,observation,dsdp_individuals,48.0,false,H
2019-09-01,cortez,observation,dsdp_tents,4.0,false,H
2019-09-01,cortez,observation,dsdp_vehicles,0.0,false,H
2019-09-01,cortez,complaint,gid_requests,5.0,false,C
2019-09-01,cortez,enforcement,violations_72hr_reports,13.0,false,D
2019-09-01,east_village,observation,dsdp_adjusted_total,533.0,false,H
2019-09-01,east_village,observation,dsdp_individuals,384.0,false,H
2019-09-01,east_village,observation,dsdp_tents,68.0,false,H
2019-09-01,east_village,observation,dsdp_vehicles,15.0,false,H
2019-09-01,east_village,complaint,gid_requests,23.0,false,C
2019-09-01,east_village,enforcement,violations_72hr_reports,10.0,false,D
2019-09-01,gaslamp,observation,dsdp_adjusted_total,77.0,false,H
2019-09-01,gaslamp,observation,dsdp_individuals,75.0,false,H
2019-09-01,gaslamp,observation,dsdp_tents,1.0,false,H
2019-09-01,gaslamp,observation,dsdp_vehicles,0.0,false,H
2019-09-01,gaslamp,complaint,gid_requests,9.0,false,C
2019-09-01,marina,observation,dsdp_adjusted_total,40.0,false,H
2019-09-01,marina,observation,dsdp_individuals,33.0,false,H
2019-09-01,marina,observation,dsdp_tents,4.0,false,H
2019-09-01,marina,observation,dsdp_vehicles,0.0,false,H
2019-09-01,marina,complaint,gid_requests,7.0,false,C
2019-09-01,marina,enforcement,violations_72hr_reports,1.0,false,D
2019-10-01,city_center,observation,dsdp_adjusted_total,170.0,false,H
2019-10-01,city_center,observation,dsdp_individuals,149.0,false,H
2019-10-01,city_center,observation,dsdp_tents,12.0,false,H
2019-10-01,city_center,observation,dsdp_vehicles,0.0,false,H
2019-10-01,columbia,observation,dsdp_adjusted_total,67.0,false,H
2019-10-01,columbia,observation,dsdp_individuals,53.0,false,H
2019-10-01,columbia,observation,dsdp_tents,8.0,false,H
2019-10-01,columbia,observation,dsdp_vehicles,0.0,false,H
2019-10-01,core,complaint,gid_requests,8.0,false,C
2019-10-01,core,enforcement,violations_72hr_reports,6.0,false,D
2019-10-01,cortez,observation,dsdp_adjusted_total,39.0,false,H
2019-10-01,cortez,observation,dsdp_individuals,34.0,false,H
2019-10-01,cortez,observation,dsdp_tents,3.0,false,H
2019-10-01,cortez,observation,dsdp_vehicles,0.0,false,H
2019-10-01,cortez,complaint,gid_requests,2.0,false,C
2019-10-01,cortez,enforcement,violations_72hr_reports,9.0,false,D
2019-10-01,east_village,observation,dsdp_adjusted_total,479.0,false,H
2019-10-01,east_village,observation,dsdp_individuals,384.0,false,H
2019-10-01,east_village,observation,dsdp_tents,38.0,false,H
2019-10-01,east_village,observation,dsdp_vehicles,17.0,false,H
2019-10-01,east_village,complaint,gid_requests,8.0,false,C
2019-10-01,east_village,enforcement,violations_72hr_reports,7.0,false,D
2019-10-01,gaslamp,observation,dsdp_adjusted_total,61.0,false,H
2019-10-01,gaslamp,observation,dsdp_individuals,57.0,false,H
2019-10-01,gaslamp,observation,dsdp_tents,2.0,false,H
2019-10-01,gaslamp,observation,dsdp_vehicles,0.0,false,H
2019-10-01,gaslamp,complaint,gid_requests,9.0,false,C
2019-10-01,marina,observation,dsdp_adjusted_total,31.0,false,H
2019-10-01,marina,observation,dsdp_individuals,24.0,false,H
2019-10-01,marina,observation,dsdp_tents,4.0,false,H
2019-10-01,marina,observation,dsdp_vehicles,0.0,false,H
2019-10-01,marina,complaint,gid_requests,10.0,false,C
2019-11-01,city_center,observation,dsdp_adjusted_total,103.0,false,H
2019-11-01,city_center,observation,dsdp_individuals,84.0,false,H
2019-11-01,city_center,observation,dsdp_tents,11.0,false,H
2019-11-01,city_center,observation,dsdp_vehicles,0.0,false,H
2019-11-01,columbia,observation,dsdp_adjusted_total,38.0,false,H
2019-11-01,columbia,observation,dsdp_individuals,22.0,false,H
2019-11-01,columbia,observation,dsdp_tents,9.0,false,H
2019-11-01,columbia,observation,dsdp_vehicles,0.0,false,H
2019-11-01,core,enforcement,violations_72hr_reports,10.0,false,D
2019-11-01,cortez,observation,dsdp_adjusted_total,26.0,false,H
2019-11-01,cortez,observation,dsdp_individuals,22.0,false,H
2019-11-01,cortez,observation,dsdp_tents,2.0,false,H
2019-11-01,cortez,observation,dsdp_vehicles,0.0,false,H
2019-11-01,cortez,enforcement,violations_72hr_reports,6.0,false,D
2019-11-01,east_village,observation,dsdp_adjusted_total,416.0,false,H
2019-11-01,east_village,observation,dsdp_individuals,323.0,false,H
2019-11-01,east_village,observation,dsdp_tents,46.0,false,H
2019-11-01,east_village,observation,dsdp_vehicles,6.0,false,H
2019-11-01,east_village,complaint,gid_requests,11.0,false,C
2019-11-01,east_village,enforcement,violations_72hr_reports,5.0,false,D
2019-11-01,gaslamp,observation,dsdp_adjusted_total,62.0,false,H
2019-11-01,gaslamp,observation,dsdp_individuals,58.0,false,H
2019-11-01,gaslamp,observation,dsdp_tents,2.0,false,H
2019-11-01,gaslamp,observation,dsdp_vehicles,0.0,false,H
2019-11-01,gaslamp,complaint,gid_requests,7.0,false,C
2019-11-01,marina,observation,dsdp_adjusted_total,33.0,false,H
2019-11-01,marina,observation,dsdp_individuals,28.0,false,H
2019-11-01,marina,observation,dsdp_tents,3.0,false,H
2019-11-01,marina,observation,dsdp_vehicles,0.0,false,H
2019-11-01,marina,complaint,gid_requests,8.0,false,C
2019-11-01,marina,enforcement,violations_72hr_reports,1.0,false,D
2019-12-01,city_center,observation,dsdp_adjusted_total,124.0,false,H
2019-12-01,city_center,observation,dsdp_individuals,84.0,false,H
2019-12-01,city_center,observation,dsdp_tents,11.0,false,H
2019-12-01,city_center,observation,dsdp_vehicles,0.0,false,H
2019-12-01,columbia,observation,dsdp_adjusted_total,41.0,false,H
2019-12-01,columbia,observation,dsdp_individuals,22.0,false,H
2019-12-01,columbia,observation,dsdp_tents,9.0,false,H
2019-12-01,columbia,observation,dsdp_vehicles,0.0,false,H
2019-12-01,columbia,complaint,gid_requests,7.0,false,C
2019-12-01,columbia,enforcement,violations_72hr_reports,1.0,false,D
2019-12-01,core,complaint,gid_requests,21.0,false,C
2019-12-01,core,enforcement,violations_72hr_reports,9.0,false,D
2019-12-01,cortez,observation,dsdp_adjusted_total,20.0,false,H
2019-12-01,cortez,observation,dsdp_individuals,22.0,false,H
2019-12-01,cortez,observation,dsdp_tents,2.0,false,H
2019-12-01,cortez,observation,dsdp_vehicles,0.0,false,H
2019-12-01,cortez,complaint,gid_requests,6.0,false,C
2019-12-01,cortez,enforcement,violations_72hr_reports,6.0,false,D
2019-12-01,east_village,observation,dsdp_adjusted_total,370.0,false,H
2019-12-01,east_village,observation,dsdp_individuals,323.0,false,H
2019-12-01,east_village,observation,dsdp_tents,46.0,false,H
2019-12-01,east_village,observation,dsdp_vehicles,6.0,false,H
2019-12-01,east_village,complaint,gid_requests,30.0,false,C
2019-12-01,east_village,enforcement,violations_72hr_reports,6.0,false,D
2019-12-01,gaslamp,observation,dsdp_adjusted_total,35.0,false,H
2019-12-01,gaslamp,observation,dsdp_individuals,58.0,false,H
2019-12-01,gaslamp,observation,dsdp_tents,2.0,false,H
2019-12-01,gaslamp,observation,dsdp_vehicles,0.0,false,H
2019-12-01,gaslamp,complaint,gid_requests,10.0,false,C
2019-12-01,marina,observation,dsdp_adjusted_total,37.0,false,H
2019-12-01,marina,observation,dsdp_individuals,28.0,false,H
2019-12-01,marina,observation,dsdp_tents,3.0,false,H
2019-12-01,marina,observation,dsdp_vehicles,0.0,false,H
2019-12-01,marina,complaint,gid_requests,12.0,false,C
2020-01-01,city_center,observation,dsdp_adjusted_total,126.0,false,H
2020-01-01,city_center,observation,dsdp_individuals,112.0,false,H
2020-01-01,city_center,observation,dsdp_tents,8.0,false,H
2020-01-01,city_center,observation,dsdp_vehicles,0.0,false,H
2020-01-01,columbia,observation,dsdp_adjusted_total,41.0,false,H
2020-01-01,columbia,observation,dsdp_individuals,32.0,false,H
2020-01-01,columbia,observation,dsdp_tents,5.0,false,H
2020-01-01,columbia,observation,dsdp_vehicles,0.0,false,H
2020-01-01,columbia,complaint,gid_requests,9.0,false,C
2020-01-01,columbia,enforcement,violations_72hr_reports,1.0,false,D
2020-01-01,core,complaint,gid_requests,25.0,false,C
2020-01-01,core,enforcement,violations_72hr_reports,7.0,false,D
2020-01-01,cortez,observation,dsdp_adjusted_total,48.0,false,H
2020-01-01,cortez,observation,dsdp_individuals,37.0,false,H
2020-01-01,cortez,observation,dsdp_tents,4.0,false,H
2020-01-01,cortez,observation,dsdp_vehicles,2.0,false,H
2020-01-01,cortez,complaint,gid_requests,16.0,false,C
2020-01-01,cortez,enforcement,violations_72hr_reports,10.0,false,D
2020-01-01,east_village,observation,dsdp_adjusted_total,467.0,false,H
2020-01-01,east_village,observation,dsdp_individuals,377.0,false,H
2020-01-01,east_village,observation,dsdp_tents,40.0,false,H
2020-01-01,east_village,observation,dsdp_vehicles,10.0,false,H
2020-01-01,east_village,complaint,gid_requests,50.0,false,C
2020-01-01,east_village,enforcement,violations_72hr_reports,1.0,false,D
2020-01-01,gaslamp,observation,dsdp_adjusted_total,59.0,false,H
2020-01-01,gaslamp,observation,dsdp_individuals,57.0,false,H
2020-01-01,gaslamp,observation,dsdp_tents,1.0,false,H
2020-01-01,gaslamp,observation,dsdp_vehicles,0.0,false,H
2020-01-01,gaslamp,complaint,gid_requests,20.0,false,C
2020-01-01,marina,observation,dsdp_adjusted_total,48.0,false,H
2020-01-01,marina,observation,dsdp_individuals,41.0,false,H
2020-01-01,marina,observation,dsdp_tents,3.0,false,H
2020-01-01,marina,observation,dsdp_vehicles,1.0,false,H
2020-01-01,marina,complaint,gid_requests,40.0,false,C
2020-01-01,marina,enforcement,violations_72hr_reports,1.0,false,D
2020-02-01,city_center,observation,dsdp_adjusted_total,160.0,false,H
2020-02-01,city_center,observation,dsdp_individuals,142.0,false,H
2020-02-01,city_center,observation,dsdp_tents,10.0,false,H
2020-02-01,city_center,observation,dsdp_vehicles,0.0,false,H
2020-02-01,columbia,observation,dsdp_adjusted_total,47.0,false,H
2020-02-01,columbia,observation,dsdp_individuals,36.0,false,H
2020-02-01,columbia,observation,dsdp_tents,6.0,false,H
2020-02-01,columbia,observation,dsdp_vehicles,0.0,false,H
2020-02-01,columbia,complaint,gid_requests,4.0,false,C
2020-02-01,core,complaint,gid_requests,19.0,false,C
2020-02-01,core,enforcement,violations_72hr_reports,26.0,false,D
2020-02-01,cortez,observation,dsdp_adjusted_total,49.0,false,H
2020-02-01,cortez,observation,dsdp_individuals,42.0,false,H
2020-02-01,cortez,observation,dsdp_tents,4.0,false,H
2020-02-01,cortez,observation,dsdp_vehicles,0.0,false,H
2020-02-01,cortez,complaint,gid_requests,5.0,false,C
2020-02-01,cortez,enforcement,violations_72hr_reports,2.0,false,D
2020-02-01,east_village,observation,dsdp_adjusted_total,409.0,false,H
2020-02-01,east_village,observation,dsdp_individuals,334.0,false,H
2020-02-01,east_village,observation,dsdp_tents,36.0,false,H
2020-02-01,east_village,observation,dsdp_vehicles,6.0,false,H
2020-02-01,east_village,complaint,gid_requests,67.0,false,C
2020-02-01,east_village,enforcement,violations_72hr_reports,7.0,false,D
2020-02-01,gaslamp,observation,dsdp_adjusted_total,52.0,false,H
2020-02-01,gaslamp,observation,dsdp_individuals,48.0,false,H
2020-02-01,gaslamp,observation,dsdp_tents,2.0,false,H
2020-02-01,gaslamp,observation,dsdp_vehicles,0.0,false,H
2020-02-01,gaslamp,complaint,gid_requests,14.0,false,C
2020-02-01,marina,observation,dsdp_adjusted_total,27.0,false,H
2020-02-01,marina,observation,dsdp_individuals,23.0,false,H
2020-02-01,marina,observation,dsdp_tents,1.0,false,H
2020-02-01,marina,observation,dsdp_vehicles,1.0,false,H
2020-02-01,marina,complaint,gid_requests,39.0,false,C
2020-03-01,city_center,observation,dsdp_adjusted_total,134.0,false,H
2020-03-01,city_center,observation,dsdp_individuals,101.0,false,H
2020-03-01,city_center,observation,dsdp_tents,19.0,false,H
2020-03-01,city_center,observation,dsdp_vehicles,0.0,false,H
2020-03-01,columbia,observation,dsdp_adjusted_total,24.0,false,H
2020-03-01,columbia,observation,dsdp_individuals,19.0,false,H
2020-03-01,columbia,observation,dsdp_tents,3.0,false,H
2020-03-01,columbia,observation,dsdp_vehicles,0.0,false,H
2020-03-01,columbia,complaint,gid_requests,1.0,false,C
2020-03-01,core,complaint,gid_requests,19.0,false,C
2020-03-01,core,enforcement,violations_72hr_reports,11.0,false,D
2020-03-01,cortez,observation,dsdp_adjusted_total,28.0,false,H
2020-03-01,cortez,observation,dsdp_individuals,24.0,false,H
2020-03-01,cortez,observation,dsdp_tents,2.0,false,H
2020-03-01,cortez,observation,dsdp_vehicles,0.0,false,H
2020-03-01,cortez,complaint,gid_requests,8.0,false,C
2020-03-01,cortez,enforcement,violations_72hr_reports,3.0,false,D
2020-03-01,east_village,observation,dsdp_adjusted_total,261.0,false,H
2020-03-01,east_village,observation,dsdp_individuals,160.0,false,H
2020-03-01,east_village,observation,dsdp_tents,54.0,false,H
2020-03-01,east_village,observation,dsdp_vehicles,3.0,false,H
2020-03-01,east_village,complaint,gid_requests,65.0,false,C
2020-03-01,east_village,enforcement,violations_72hr_reports,1.0,false,D
2020-03-01,gaslamp,observation,dsdp_adjusted_total,62.0,false,H
2020-03-01,gaslamp,observation,dsdp_individuals,57.0,false,H
2020-03-01,gaslamp,observation,dsdp_tents,3.0,false,H
2020-03-01,gaslamp,observation,dsdp_vehicles,0.0,false,H
2020-03-01,gaslamp,complaint,gid_requests,15.0,false,C
2020-03-01,marina,observation,dsdp_adjusted_total,20.0,false,H
2020-03-01,marina,observation,dsdp_individuals,15.0,false,H
2020-03-01,marina,observation,dsdp_tents,3.0,false,H
2020-03-01,marina,observation,dsdp_vehicles,0.0,false,H
2020-03-01,marina,complaint,gid_requests,32.0,false,C
2020-03-01,marina,enforcement,violations_72hr_reports,2.0,false,D
2020-04-01,city_center,observation,dsdp_adjusted_total,91.0,false,H
2020-04-01,city_center,observation,dsdp_individuals,91.0,false,H
2020-04-01,city_center,observation,dsdp_tents,0.0,false,H
2020-04-01,city_center,observation,dsdp_vehicles,0.0,false,H
2020-04-01,columbia,observation,dsdp_adjusted_total,52.0,false,H
2020-04-01,columbia,observation,dsdp_individuals,38.0,false,H
2020-04-01,columbia,observation,dsdp_tents,8.0,false,H
2020-04-01,columbia,observation,dsdp_vehicles,0.0,false,H
2020-04-01,columbia,complaint,gid_requests,11.0,false,C
2020-04-01,core,complaint,gid_requests,31.0,false,C
2020-04-01,cortez,observation,dsdp_adjusted_total,20.0,false,H
2020-04-01,cortez,observation,dsdp_individuals,20.0,false,H
2020-04-01,cortez,observation,dsdp_tents,2.0,false,H
2020-04-01,cortez,observation,dsdp_vehicles,0.0,false,H
2020-04-01,cortez,complaint,gid_requests,10.0,false,C
2020-04-01,east_village,observation,dsdp_adjusted_total,330.0,false,H
2020-04-01,east_village,observation,dsdp_individuals,248.0,false,H
2020-04-01,east_village,observation,dsdp_tents,39.0,false,H
2020-04-01,east_village,observation,dsdp_vehicles,7.0,false,H
2020-04-01,east_village,complaint,gid_requests,74.0,false,C
2020-04-01,east_village,enforcement,violations_72hr_reports,1.0,false,D
2020-04-01,gaslamp,observation,dsdp_adjusted_total,28.0,false,H
2020-04-01,gaslamp,observation,dsdp_individuals,42.0,false,H
2020-04-01,gaslamp,observation,dsdp_tents,1.0,false,H
2020-04-01,gaslamp,observation,dsdp_vehicles,0.0,false,H
2020-04-01,gaslamp,complaint,gid_requests,19.0,false,C
2020-04-01,marina,observation,dsdp_adjusted_total,24.0,false,H
2020-04-01,marina,observation,dsdp_individuals,24.0,false,H
2020-04-01,marina,observation,dsdp_tents,0.0,false,H
2020-04-01,marina,observation,dsdp_vehicles,0.0,false,H
2020-04-01,marina,complaint,gid_requests,55.0,false,C
2020-04-01,marina,enforcement,violations_72hr_reports,3.0,false,D
2020-05-01,city_center,observation,dsdp_adjusted_total,122.0,false,H
2020-05-01,city_center,observation,dsdp_individuals,113.0,false,H
2020-05-01,city_center,observation,dsdp_tents,4.0,false,H
2020-05-01,city_center,observation,dsdp_vehicles,1.0,false,H
2020-05-01,columbia,observation,dsdp_adjusted_total,51.0,false,H
2020-05-01,columbia,observation,dsdp_individuals,37.0,false,H
2020-05-01,columbia,observation,dsdp_tents,8.0,false,H
2020-05-01,columbia,observation,dsdp_vehicles,0.0,false,H
2020-05-01,columbia,complaint,gid_requests,10.0,false,C
2020-05-01,core,complaint,gid_requests,32.0,false,C
2020-05-01,core,enforcement,violations_72hr_reports,3.0,false,D
2020-05-01,cortez,observation,dsdp_adjusted_total,24.0,false,H
2020-05-01,cortez,observation,dsdp_individuals,24.0,false,H
2020-05-01,cortez,observation,dsdp_tents,0.0,false,H
2020-05-01,cortez,observation,dsdp_vehicles,0.0,false,H
2020-05-01,cortez,complaint,gid_requests,12.0,false,C
2020-05-01,east_village,observation,dsdp_adjusted_total,332.0,false,H
2020-05-01,east_village,observation,dsdp_individuals,249.0,false,H
2020-05-01,east_village,observation,dsdp_tents,44.0,false,H
2020-05-01,east_village,observation,dsdp_vehicles,3.0,false,H
2020-05-01,east_village,complaint,gid_requests,108.0,false,C
2020-05-01,east_village,enforcement,violations_72hr_reports,1.0,false,D
2020-05-01,gaslamp,observation,dsdp_adjusted_total,42.0,false,H
2020-05-01,gaslamp,observation,dsdp_individuals,37.0,false,H
2020-05-01,gaslamp,observation,dsdp_tents,3.0,false,H
2020-05-01,gaslamp,observation,dsdp_vehicles,0.0,false,H
2020-05-01,gaslamp,complaint,gid_requests,20.0,false,C
2020-05-01,gaslamp,enforcement,violations_72hr_reports,1.0,false,D
2020-05-01,marina,observation,dsdp_adjusted_total,24.0,false,H
2020-05-01,marina,observation,dsdp_individuals,13.0,false,H
2020-05-01,marina,observation,dsdp_tents,6.0,false,H
2020-05-01,marina,observation,dsdp_vehicles,0.0,false,H
2020-05-01,marina,complaint,gid_requests,33.0,false,C
2020-06-01,city_center,observation,dsdp_adjusted_total,140.0,false,H
2020-06-01,city_center,observation,dsdp_individuals,112.0,false,H
2020-06-01,city_center,observation,dsdp_tents,16.0,false,H
2020-06-01,city_center,observation,dsdp_vehicles,0.0,false,H
2020-06-01,columbia,observation,dsdp_adjusted_total,59.0,false,H
2020-06-01,columbia,observation,dsdp_individuals,50.0,false,H
2020-06-01,columbia,observation,dsdp_tents,5.0,false,H
2020-06-01,columbia,observation,dsdp_vehicles,0.0,false,H
2020-06-01,columbia,complaint,gid_requests,4.0,false,C
2020-06-01,columbia,enforcement,violations_72hr_reports,1.0,false,D
2020-06-01,core,complaint,gid_requests,50.0,false,C
2020-06-01,core,enforcement,violations_72hr_reports,3.0,false,D
2020-06-01,cortez,observation,dsdp_adjusted_total,39.0,false,H
2020-06-01,cortez,observation,dsdp_individuals,32.0,false,H
2020-06-01,cortez,observation,dsdp_tents,4.0,false,H
2020-06-01,cortez,observation,dsdp_vehicles,0.0,false,H
2020-06-01,cortez,complaint,gid_requests,24.0,false,C
2020-06-01,east_village,observation,dsdp_adjusted_total,418.0,false,H
2020-06-01,east_village,observation,dsdp_individuals,271.0,false,H
2020-06-01,east_village,observation,dsdp_tents,70.0,false,H
2020-06-01,east_village,observation,dsdp_vehicles,12.0,false,H
2020-06-01,east_village,complaint,gid_requests,184.0,false,C
2020-06-01,east_village,enforcement,violations_72hr_reports,1.0,false,D
2020-06-01,gaslamp,observation,dsdp_adjusted_total,37.0,false,H
2020-06-01,gaslamp,observation,dsdp_individuals,37.0,false,H
2020-06-01,gaslamp,observation,dsdp_tents,0.0,false,H
2020-06-01,gaslamp,observation,dsdp_vehicles,0.0,false,H
2020-06-01,gaslamp,complaint,gid_requests,20.0,false,C
2020-06-01,marina,observation,dsdp_adjusted_total,29.0,false,H
2020-06-01,marina,observation,dsdp_individuals,25.0,false,H
2020-06-01,marina,observation,dsdp_tents,2.0,false,H
2020-06-01,marina,observation,dsdp_vehicles,0.0,false,H
2020-06-01,marina,complaint,gid_requests,17.0,false,C
2020-07-01,city_center,observation,dsdp_adjusted_total,121.0,false,H
2020-07-01,city_center,observation,dsdp_individuals,105.0,false,H
2020-07-01,city_center,observation,dsdp_tents,9.0,false,H
2020-07-01,city_center,observation,dsdp_vehicles,0.0,false,H
2020-07-01,columbia,observation,dsdp_adjusted_total,56.0,false,H
2020-07-01,columbia,observation,dsdp_individuals,42.0,false,H
2020-07-01,columbia,observation,dsdp_tents,7.0,false,H
2020-07-01,columbia,observation,dsdp_vehicles,1.0,false,H
2020-07-01,columbia,complaint,gid_requests,8.0,false,C
2020-07-01,core,complaint,gid_requests,64.0,false,C
2020-07-01,cortez,observation,dsdp_adjusted_total,24.0,false,H
2020-07-01,cortez,observation,dsdp_individuals,22.0,false,H
2020-07-01,cortez,observation,dsdp_tents,1.0,false,H
2020-07-01,cortez,observation,dsdp_vehicles,0.0,false,H
2020-07-01,cortez,complaint,gid_requests,17.0,false,C
2020-07-01,east_village,observation,dsdp_adjusted_total,398.0,false,H
2020-07-01,east_village,observation,dsdp_individuals,296.0,false,H
2020-07-01,east_village,observation,dsdp_tents,50.0,false,H
2020-07-01,east_village,observation,dsdp_vehicles,7.0,false,H
2020-07-01,east_village,complaint,gid_requests,243.0,false,C
2020-07-01,east_village,enforcement,violations_72hr_reports,1.0,false,D
2020-07-01,gaslamp,observation,dsdp_adjusted_total,51.0,false,H
2020-07-01,gaslamp,observation,dsdp_individuals,46.0,false,H
2020-07-01,gaslamp,observation,dsdp_tents,0.0,false,H
2020-07-01,gaslamp,observation,dsdp_vehicles,0.0,false,H
2020-07-01,gaslamp,complaint,gid_requests,18.0,false,C
2020-07-01,marina,observation,dsdp_adjusted_total,28.0,false,H
2020-07-01,marina,observation,dsdp_individuals,24.0,false,H
2020-07-01,marina,observation,dsdp_tents,2.0,false,H
2020-07-01,marina,observation,dsdp_vehicles,0.0,false,H
2020-07-01,marina,complaint,gid_requests,39.0,false,C
2020-07-01,marina,enforcement,violations_72hr_reports,1.0,false,D
2020-08-01,city_center,observation,dsdp_adjusted_total,104.0,false,H
2020-08-01,city_center,observation,dsdp_individuals,97.0,false,H
2020-08-01,city_center,observation,dsdp_tents,4.0,false,H
2020-08-01,city_center,observation,dsdp_vehicles,0.0,false,H
2020-08-01,columbia,observation,dsdp_adjusted_total,48.0,false,H
2020-08-01,columbia,observation,dsdp_individuals,41.0,false,H
2020-08-01,columbia,observation,dsdp_tents,4.0,false,H
2020-08-01,columbia,observation,dsdp_vehicles,0.0,false,H
2020-08-01,columbia,complaint,gid_requests,5.0,false,C
2020-08-01,columbia,enforcement,violations_72hr_reports,1.0,false,D
2020-08-01,core,complaint,gid_requests,55.0,false,C
2020-08-01,core,enforcement,violations_72hr_reports,16.0,false,D
2020-08-01,cortez,observation,dsdp_adjusted_total,22.0,false,H
2020-08-01,cortez,observation,dsdp_individuals,22.0,false,H
2020-08-01,cortez,observation,dsdp_tents,0.0,false,H
2020-08-01,cortez,observation,dsdp_vehicles,0.0,false,H
2020-08-01,cortez,complaint,gid_requests,18.0,false,C
2020-08-01,cortez,enforcement,violations_72hr_reports,1.0,false,D
2020-08-01,east_village,observation,dsdp_adjusted_total,326.0,false,H
2020-08-01,east_village,observation,dsdp_individuals,258.0,false,H
2020-08-01,east_village,observation,dsdp_tents,33.0,false,H
2020-08-01,east_village,observation,dsdp_vehicles,5.0,false,H
2020-08-01,east_village,complaint,gid_requests,242.0,false,C
2020-08-01,east_village,enforcement,violations_72hr_reports,5.0,false,D
2020-08-01,gaslamp,observation,dsdp_adjusted_total,38.0,false,H
2020-08-01,gaslamp,observation,dsdp_individuals,37.0,false,H
2020-08-01,gaslamp,observation,dsdp_tents,1.0,false,H
2020-08-01,gaslamp,observation,dsdp_vehicles,0.0,false,H
2020-08-01,gaslamp,complaint,gid_requests,11.0,false,C
2020-08-01,gaslamp,enforcement,violations_72hr_reports,1.0,false,D
2020-08-01,marina,observation,dsdp_adjusted_total,21.0,false,H
2020-08-01,marina,observation,dsdp_individuals,21.0,false,H
2020-08-01,marina,observation,dsdp_tents,0.0,false,H
2020-08-01,marina,observation,dsdp_vehicles,0.0,false,H
2020-08-01,marina,complaint,gid_requests,37.0,false,C
2020-09-01,city_center,observation,dsdp_adjusted_total,125.0,false,H
2020-09-01,city_center,observation,dsdp_individuals,112.0,false,H
2020-09-01,city_center,observation,dsdp_tents,6.0,false,H
2020-09-01,city_center,observation,dsdp_vehicles,1.0,false,H
2020-09-01,columbia,observation,dsdp_adjusted_total,56.0,false,H
2020-09-01,columbia,observation,dsdp_individuals,49.0,false,H
2020-09-01,columbia,observation,dsdp_tents,4.0,false,H
2020-09-01,columbia,observation,dsdp_vehicles,0.0,false,H
2020-09-01,columbia,complaint,gid_requests,1.0,false,C
2020-09-01,columbia,enforcement,violations_72hr_reports,2.0,false,D
2020-09-01,core,complaint,gid_requests,53.0,false,C
2020-09-01,core,enforcement,violations_72hr_reports,12.0,false,D
2020-09-01,cortez,observation,dsdp_adjusted_total,17.0,false,H
2020-09-01,cortez,observation,dsdp_individuals,17.0,false,H
2020-09-01,cortez,observation,dsdp_tents,0.0,false,H
2020-09-01,cortez,observation,dsdp_vehicles,0.0,false,H
2020-09-01,cortez,complaint,gid_requests,19.0,false,C
2020-09-01,cortez,enforcement,violations_72hr_reports,3.0,false,D
2020-09-01,east_village,observation,dsdp_adjusted_total,447.0,false,H
2020-09-01,east_village,observation,dsdp_individuals,330.0,false,H
2020-09-01,east_village,observation,dsdp_tents,60.0,false,H
2020-09-01,east_village,observation,dsdp_vehicles,6.0,false,H
2020-09-01,east_village,complaint,gid_requests,156.0,false,C
2020-09-01,east_village,enforcement,violations_72hr_reports,8.0,false,D
2020-09-01,gaslamp,observation,dsdp_adjusted_total,47.0,false,H
2020-09-01,gaslamp,observation,dsdp_individuals,45.0,false,H
2020-09-01,gaslamp,observation,dsdp_tents,1.0,false,H
2020-09-01,gaslamp,observation,dsdp_vehicles,0.0,false,H
2020-09-01,gaslamp,complaint,gid_requests,13.0,false,C
2020-09-01,marina,observation,dsdp_adjusted_total,27.0,false,H
2020-09-01,marina,observation,dsdp_individuals,22.0,false,H
2020-09-01,marina,observation,dsdp_tents,3.0,false,H
2020-09-01,marina,observation,dsdp_vehicles,0.0,false,H
2020-09-01,marina,complaint,gid_requests,34.0,false,C
2020-10-01,city_center,observation,dsdp_adjusted_total,111.0,false,H
2020-10-01,city_center,observation,dsdp_individuals,93.0,false,H
2020-10-01,city_center,observation,dsdp_tents,9.0,false,H
2020-10-01,city_center,observation,dsdp_vehicles,1.0,false,H
2020-10-01,columbia,observation,dsdp_adjusted_total,42.0,false,H
2020-10-01,columbia,observation,dsdp_individuals,33.0,false,H
2020-10-01,columbia,observation,dsdp_tents,5.0,false,H
2020-10-01,columbia,observation,dsdp_vehicles,0.0,false,H
2020-10-01,columbia,complaint,gid_requests,9.0,false,C
2020-10-01,columbia,enforcement,violations_72hr_reports,3.0,false,D
2020-10-01,core,complaint,gid_requests,61.0,false,C
2020-10-01,core,enforcement,violations_72hr_reports,13.0,false,D
2020-10-01,cortez,observation,dsdp_adjusted_total,33.0,false,H
2020-10-01,cortez,observation,dsdp_individuals,33.0,false,H
2020-10-01,cortez,observation,dsdp_tents,0.0,false,H
2020-10-01,cortez,observation,dsdp_vehicles,0.0,false,H
2020-10-01,cortez,complaint,gid_requests,38.0,false,C
2020-10-01,cortez,enforcement,violations_72hr_reports,7.0,false,D
2020-10-01,east_village,observation,dsdp_adjusted_total,401.0,false,H
2020-10-01,east_village,observation,dsdp_individuals,280.0,false,H
2020-10-01,east_village,observation,dsdp_tents,61.0,false,H
2020-10-01,east_village,observation,dsdp_vehicles,7.0,false,H
2020-10-01,east_village,complaint,gid_requests,150.0,false,C
2020-10-01,east_village,enforcement,violations_72hr_reports,4.0,false,D
2020-10-01,gaslamp,observation,dsdp_adjusted_total,35.0,false,H
2020-10-01,gaslamp,observation,dsdp_individuals,31.0,false,H
2020-10-01,gaslamp,observation,dsdp_tents,2.0,false,H
2020-10-01,gaslamp,observation,dsdp_vehicles,0.0,false,H
2020-10-01,gaslamp,complaint,gid_requests,11.0,false,C
2020-10-01,marina,observation,dsdp_adjusted_total,17.0,false,H
2020-10-01,marina,observation,dsdp_individuals,13.0,false,H
2020-10-01,marina,observation,dsdp_tents,2.0,false,H
2020-10-01,marina,observation,dsdp_vehicles,0.0,false,H
2020-10-01,marina,complaint,gid_requests,14.0,false,C
2020-10-01,marina,enforcement,violations_72hr_reports,7.0,false,D
2020-11-01,city_center,observation,dsdp_adjusted_total,126.0,false,H
2020-11-01,city_center,observation,dsdp_individuals,103.0,false,H
2020-11-01,city_center,observation,dsdp_tents,12.0,false,H
2020-11-01,city_center,observation,dsdp_vehicles,1.0,false,H
2020-11-01,columbia,observation,dsdp_adjusted_total,55.0,false,H
2020-11-01,columbia,observation,dsdp_individuals,46.0,false,H
2020-11-01,columbia,observation,dsdp_tents,5.0,false,H
2020-11-01,columbia,observation,dsdp_vehicles,0.0,false,H
2020-11-01,columbia,complaint,gid_requests,7.0,false,C
2020-11-01,columbia,enforcement,violations_72hr_reports,1.0,false,D
2020-11-01,core,complaint,gid_requests,38.0,false,C
2020-11-01,core,enforcement,violations_72hr_reports,4.0,false,D
2020-11-01,cortez,observation,dsdp_adjusted_total,23.0,false,H
2020-11-01,cortez,observation,dsdp_individuals,23.0,false,H
2020-11-01,cortez,observation,dsdp_tents,0.0,false,H
2020-11-01,cortez,observation,dsdp_vehicles,0.0,false,H
2020-11-01,cortez,complaint,gid_requests,21.0,false,C
2020-11-01,cortez,enforcement,violations_72hr_reports,4.0,false,D
2020-11-01,east_village,observation,dsdp_adjusted_total,424.0,false,H
2020-11-01,east_village,observation,dsdp_individuals,257.0,false,H
2020-11-01,east_village,observation,dsdp_tents,87.0,false,H
2020-11-01,east_village,observation,dsdp_vehicles,10.0,false,H
2020-11-01,east_village,complaint,gid_requests,151.0,false,C
2020-11-01,east_village,enforcement,violations_72hr_reports,2.0,false,D
2020-11-01,gaslamp,observation,dsdp_adjusted_total,31.0,false,H
2020-11-01,gaslamp,observation,dsdp_individuals,27.0,false,H
2020-11-01,gaslamp,observation,dsdp_tents,2.0,false,H
2020-11-01,gaslamp,observation,dsdp_vehicles,0.0,false,H
2020-11-01,gaslamp,complaint,gid_requests,9.0,false,C
2020-11-01,gaslamp,enforcement,violations_72hr_reports,1.0,false,D
2020-11-01,marina,observation,dsdp_adjusted_total,35.0,false,H
2020-11-01,marina,observation,dsdp_individuals,24.0,false,H
2020-11-01,marina,observation,dsdp_tents,6.0,false,H
2020-11-01,marina,observation,dsdp_vehicles,0.0,false,H
2020-11-01,marina,complaint,gid_requests,26.0,false,C
2020-11-01,marina,enforcement,violations_72hr_reports,1.0,false,D
2020-12-01,city_center,observation,dsdp_adjusted_total,134.0,false,H
2020-12-01,city_center,observation,dsdp_individuals,109.0,false,H
2020-12-01,city_center,observation,dsdp_tents,14.0,false,H
2020-12-01,city_center,observation,dsdp_vehicles,0.0,false,H
2020-12-01,columbia,observation,dsdp_adjusted_total,53.0,false,H
2020-12-01,columbia,observation,dsdp_individuals,46.0,false,H
2020-12-01,columbia,observation,dsdp_tents,4.0,false,H
2020-12-01,columbia,observation,dsdp_vehicles,0.0,false,H
2020-12-01,columbia,complaint,gid_requests,6.0,false,C
2020-12-01,core,complaint,gid_requests,67.0,false,C
2020-12-01,core,enforcement,violations_72hr_reports,9.0,false,D
2020-12-01,cortez,observation,dsdp_adjusted_total,52.0,false,H
2020-12-01,cortez,observation,dsdp_individuals,26.0,false,H
2020-12-01,cortez,observation,dsdp_tents,15.0,false,H
2020-12-01,cortez,observation,dsdp_vehicles,0.0,false,H
2020-12-01,cortez,complaint,gid_requests,20.0,false,C
2020-12-01,cortez,enforcement,violations_72hr_reports,1.0,false,D
2020-12-01,east_village,observation,dsdp_adjusted_total,334.0,false,H
2020-12-01,east_village,observation,dsdp_individuals,170.0,false,H
2020-12-01,east_village,observation,dsdp_tents,88.0,false,H
2020-12-01,east_village,observation,dsdp_vehicles,5.0,false,H
2020-12-01,east_village,complaint,gid_requests,207.0,false,C
2020-12-01,east_village,enforcement,violations_72hr_reports,3.0,false,D
2020-12-01,gaslamp,observation,dsdp_adjusted_total,38.0,false,H
2020-12-01,gaslamp,observation,dsdp_individuals,36.0,false,H
2020-12-01,gaslamp,observation,dsdp_tents,1.0,false,H
2020-12-01,gaslamp,observation,dsdp_vehicles,0.0,false,H
2020-12-01,gaslamp,complaint,gid_requests,19.0,false,C
2020-12-01,marina,observation,dsdp_adjusted_total,11.0,false,H
2020-12-01,marina,observation,dsdp_individuals,11.0,false,H
2020-12-01,marina,observation,dsdp_tents,0.0,false,H
2020-12-01,marina,observation,dsdp_vehicles,0.0,false,H
2020-12-01,marina,complaint,gid_requests,19.0,false,C
2020-12-01,marina,enforcement,violations_72hr_reports,1.0,false,D
2021-01-01,city_center,observation,dsdp_adjusted_total,153.0,false,H
2021-01-01,city_center,observation,dsdp_individuals,123.0,false,H
2021-01-01,city_center,observation,dsdp_tents,16.0,false,H
2021-01-01,city_center,observation,dsdp_vehicles,1.0,false,H
2021-01-01,columbia,observation,dsdp_adjusted_total,55.0,false,H
2021-01-01,columbia,observation,dsdp_individuals,44.0,false,H
2021-01-01,columbia,observation,dsdp_tents,6.0,false,H
2021-01-01,columbia,observation,dsdp_vehicles,0.0,false,H
2021-01-01,columbia,complaint,gid_requests,6.0,false,C
2021-01-01,core,complaint,gid_requests,54.0,false,C
2021-01-01,core,enforcement,violations_72hr_reports,9.0,false,D
2021-01-01,cortez,observation,dsdp_adjusted_total,47.0,false,H
2021-01-01,cortez,observation,dsdp_individuals,26.0,false,H
2021-01-01,cortez,observation,dsdp_tents,12.0,false,H
2021-01-01,cortez,observation,dsdp_vehicles,0.0,false,H
2021-01-01,cortez,complaint,gid_requests,24.0,false,C
2021-01-01,cortez,enforcement,violations_72hr_reports,1.0,false,D
2021-01-01,east_village,observation,dsdp_adjusted_total,409.0,false,H
2021-01-01,east_village,observation,dsdp_individuals,198.0,false,H
2021-01-01,east_village,observation,dsdp_tents,116.0,false,H
2021-01-01,east_village,observation,dsdp_vehicles,4.0,false,H
2021-01-01,east_village,complaint,gid_requests,207.0,false,C
2021-01-01,east_village,enforcement,violations_72hr_reports,5.0,false,D
2021-01-01,gaslamp,observation,dsdp_adjusted_total,31.0,false,H
2021-01-01,gaslamp,observation,dsdp_individuals,29.0,false,H
2021-01-01,gaslamp,observation,dsdp_tents,1.0,false,H
2021-01-01,gaslamp,observation,dsdp_vehicles,0.0,false,H
2021-01-01,gaslamp,complaint,gid_requests,10.0,false,C
2021-01-01,gaslamp,enforcement,violations_72hr_reports,1.0,false,D
2021-01-01,marina,observation,dsdp_adjusted_total,20.0,false,H
2021-01-01,marina,observation,dsdp_individuals,13.0,false,H
2021-01-01,marina,observation,dsdp_tents,4.0,false,H
2021-01-01,marina,observation,dsdp_vehicles,0.0,false,H
2021-01-01,marina,complaint,gid_requests,29.0,false,C
2021-01-01,marina,enforcement,violations_72hr_reports,1.0,false,D
2021-02-01,city_center,observation,dsdp_adjusted_total,140.0,false,H
2021-02-01,city_center,observation,dsdp_individuals,104.0,false,H
2021-02-01,city_center,observation,dsdp_tents,18.0,false,H
2021-02-01,city_center,observation,dsdp_vehicles,2.0,false,H
2021-02-01,columbia,observation,dsdp_adjusted_total,47.0,false,H
2021-02-01,columbia,observation,dsdp_individuals,31.0,false,H
2021-02-01,columbia,observation,dsdp_tents,8.0,false,H
2021-02-01,columbia,observation,dsdp_vehicles,1.0,false,H
2021-02-01,columbia,complaint,gid_requests,4.0,false,C
2021-02-01,core,complaint,gid_requests,89.0,false,C
2021-02-01,core,enforcement,violations_72hr_reports,14.0,false,D
2021-02-01,cortez,observation,dsdp_adjusted_total,44.0,false,H
2021-02-01,cortez,observation,dsdp_individuals,32.0,false,H
2021-02-01,cortez,observation,dsdp_tents,7.0,false,H
2021-02-01,cortez,observation,dsdp_vehicles,0.0,false,H
2021-02-01,cortez,complaint,gid_requests,42.0,false,C
2021-02-01,cortez,enforcement,violations_72hr_reports,1.0,false,D
2021-02-01,east_village,observation,dsdp_adjusted_total,381.0,false,H
2021-02-01,east_village,observation,dsdp_individuals,163.0,false,H
2021-02-01,east_village,observation,dsdp_tents,105.0,false,H
2021-02-01,east_village,observation,dsdp_vehicles,17.0,false,H
2021-02-01,east_village,complaint,gid_requests,194.0,false,C
2021-02-01,east_village,enforcement,violations_72hr_reports,3.0,false,D
2021-02-01,gaslamp,observation,dsdp_adjusted_total,32.0,false,H
2021-02-01,gaslamp,observation,dsdp_individuals,30.0,false,H
2021-02-01,gaslamp,observation,dsdp_tents,1.0,false,H
2021-02-01,gaslamp,observation,dsdp_vehicles,0.0,false,H
2021-02-01,gaslamp,complaint,gid_requests,12.0,false,C
2021-02-01,gaslamp,enforcement,violations_72hr_reports,1.0,false,D
2021-02-01,marina,observation,dsdp_adjusted_total,24.0,false,H
2021-02-01,marina,observation,dsdp_individuals,17.0,false,H
2021-02-01,marina,observation,dsdp_tents,4.0,false,H
2021-02-01,marina,observation,dsdp_vehicles,0.0,false,H
2021-02-01,marina,complaint,gid_requests,26.0,false,C
2021-02-01,marina,enforcement,violations_72hr_reports,1.0,false,D
2021-03-01,city_center,observation,dsdp_adjusted_total,151.0,false,H
2021-03-01,city_center,observation,dsdp_individuals,104.0,false,H
2021-03-01,city_center,observation,dsdp_tents,27.0,false,H
2021-03-01,city_center,observation,dsdp_vehicles,0.0,false,H
2021-03-01,columbia,observation,dsdp_adjusted_total,45.0,false,H
2021-03-01,columbia,observation,dsdp_individuals,29.0,false,H
2021-03-01,columbia,observation,dsdp_tents,9.0,false,H
2021-03-01,columbia,observation,dsdp_vehicles,0.0,false,H
2021-03-01,columbia,complaint,gid_requests,12.0,false,C
2021-03-01,columbia,enforcement,violations_72hr_reports,1.0,false,D
2021-03-01,core,complaint,gid_requests,78.0,false,C
2021-03-01,core,enforcement,violations_72hr_reports,8.0,false,D
2021-03-01,cortez,observation,dsdp_adjusted_total,30.0,false,H
2021-03-01,cortez,observation,dsdp_individuals,23.0,false,H
2021-03-01,cortez,observation,dsdp_tents,4.0,false,H
2021-03-01,cortez,observation,dsdp_vehicles,0.0,false,H
2021-03-01,cortez,complaint,gid_requests,25.0,false,C
2021-03-01,cortez,enforcement,violations_72hr_reports,2.0,false,D
2021-03-01,east_village,observation,dsdp_adjusted_total,439.0,false,H
2021-03-01,east_village,observation,dsdp_individuals,205.0,false,H
2021-03-01,east_village,observation,dsdp_tents,127.0,false,H
2021-03-01,east_village,observation,dsdp_vehicles,6.0,false,H
2021-03-01,east_village,complaint,gid_requests,209.0,false,C
2021-03-01,east_village,enforcement,violations_72hr_reports,4.0,false,D
2021-03-01,gaslamp,observation,dsdp_adjusted_total,30.0,false,H
2021-03-01,gaslamp,observation,dsdp_individuals,28.0,false,H
2021-03-01,gaslamp,observation,dsdp_tents,1.0,false,H
2021-03-01,gaslamp,observation,dsdp_vehicles,0.0,false,H
2021-03-01,gaslamp,complaint,gid_requests,20.0,false,C
2021-03-01,marina,observation,dsdp_adjusted_total,26.0,false,H
2021-03-01,marina,observation,dsdp_individuals,21.0,false,H
2021-03-01,marina,observation,dsdp_tents,3.0,false,H
2021-03-01,marina,observation,dsdp_vehicles,0.0,false,H
2021-03-01,marina,complaint,gid_requests,51.0,false,C
2021-04-01,city_center,observation,dsdp_adjusted_total,133.0,false,H
2021-04-01,city_center,observation,dsdp_individuals,94.0,false,H
2021-04-01,city_center,observation,dsdp_tents,22.0,false,H
2021-04-01,city_center,observation,dsdp_vehicles,0.0,false,H
2021-04-01,columbia,observation,dsdp_adjusted_total,42.0,false,H
2021-04-01,columbia,observation,dsdp_individuals,28.0,false,H
2021-04-01,columbia,observation,dsdp_tents,8.0,false,H
2021-04-01,columbia,observation,dsdp_vehicles,0.0,false,H
2021-04-01,columbia,complaint,gid_requests,13.0,false,C
2021-04-01,columbia,enforcement,violations_72hr_reports,1.0,false,D
2021-04-01,core,complaint,gid_requests,50.0,false,C
2021-04-01,core,enforcement,violations_72hr_reports,9.0,false,D
2021-04-01,cortez,observation,dsdp_adjusted_total,32.0,false,H
2021-04-01,cortez,observation,dsdp_individuals,25.0,false,H
2021-04-01,cortez,observation,dsdp_tents,4.0,false,H
2021-04-01,cortez,observation,dsdp_vehicles,0.0,false,H
2021-04-01,cortez,complaint,gid_requests,31.0,false,C
2021-04-01,cortez,enforcement,violations_72hr_reports,5.0,false,D
2021-04-01,east_village,observation,dsdp_adjusted_total,402.0,false,H
2021-04-01,east_village,observation,dsdp_individuals,155.0,false,H
2021-04-01,east_village,observation,dsdp_tents,134.0,false,H
2021-04-01,east_village,observation,dsdp_vehicles,6.0,false,H
2021-04-01,east_village,complaint,gid_requests,201.0,false,C
2021-04-01,east_village,enforcement,violations_72hr_reports,1.0,false,D
2021-04-01,gaslamp,observation,dsdp_adjusted_total,29.0,false,H
2021-04-01,gaslamp,observation,dsdp_individuals,27.0,false,H
2021-04-01,gaslamp,observation,dsdp_tents,1.0,false,H
2021-04-01,gaslamp,observation,dsdp_vehicles,0.0,false,H
2021-04-01,gaslamp,complaint,gid_requests,26.0,false,C
2021-04-01,marina,observation,dsdp_adjusted_total,16.0,false,H
2021-04-01,marina,observation,dsdp_individuals,14.0,false,H
2021-04-01,marina,observation,dsdp_tents,1.0,false,H
2021-04-01,marina,observation,dsdp_vehicles,0.0,false,H
2021-04-01,marina,complaint,gid_requests,54.0,false,C
2021-04-01,marina,enforcement,violations_72hr_reports,1.0,false,D
2021-05-01,city_center,observation,dsdp_adjusted_total,138.0,false,H
2021-05-01,city_center,observation,dsdp_individuals,104.0,false,H
2021-05-01,city_center,observation,dsdp_tents,18.0,false,H
2021-05-01,city_center,observation,dsdp_vehicles,1.0,false,H
2021-05-01,columbia,observation,dsdp_adjusted_total,60.0,false,H
2021-05-01,columbia,observation,dsdp_individuals,49.0,false,H
2021-05-01,columbia,observation,dsdp_tents,6.0,false,H
2021-05-01,columbia,observation,dsdp_vehicles,0.0,false,H
2021-05-01,columbia,complaint,gid_requests,12.0,false,C
2021-05-01,core,complaint,gid_requests,89.0,false,C
2021-05-01,core,enforcement,violations_72hr_reports,7.0,false,D
2021-05-01,cortez,observation,dsdp_adjusted_total,30.0,false,H
2021-05-01,cortez,observation,dsdp_individuals,28.0,false,H
2021-05-01,cortez,observation,dsdp_tents,1.0,false,H
2021-05-01,cortez,observation,dsdp_vehicles,0.0,false,H
2021-05-01,cortez,complaint,gid_requests,22.0,false,C
2021-05-01,cortez,enforcement,violations_72hr_reports,10.0,false,D
2021-05-01,east_village,observation,dsdp_adjusted_total,513.0,false,H
2021-05-01,east_village,observation,dsdp_individuals,227.0,false,H
2021-05-01,east_village,observation,dsdp_tents,154.0,false,H
2021-05-01,east_village,observation,dsdp_vehicles,8.0,false,H
2021-05-01,east_village,complaint,gid_requests,175.0,false,C
2021-05-01,east_village,enforcement,violations_72hr_reports,2.0,false,D
2021-05-01,gaslamp,observation,dsdp_adjusted_total,35.0,false,H
2021-05-01,gaslamp,observation,dsdp_individuals,35.0,false,H
2021-05-01,gaslamp,observation,dsdp_tents,0.0,false,H
2021-05-01,gaslamp,observation,dsdp_vehicles,0.0,false,H
2021-05-01,gaslamp,complaint,gid_requests,11.0,false,C
2021-05-01,marina,observation,dsdp_adjusted_total,24.0,false,H
2021-05-01,marina,observation,dsdp_individuals,17.0,false,H
2021-05-01,marina,observation,dsdp_tents,4.0,false,H
2021-05-01,marina,observation,dsdp_vehicles,0.0,false,H
2021-05-01,marina,complaint,gid_requests,38.0,false,C
2021-05-01,marina,enforcement,violations_72hr_reports,1.0,false,D
2021-06-01,city_center,observation,dsdp_adjusted_total,143.0,false,H
2021-06-01,city_center,observation,dsdp_individuals,108.0,false,H
2021-06-01,city_center,observation,dsdp_tents,20.0,false,H
2021-06-01,city_center,observation,dsdp_vehicles,0.0,false,H
2021-06-01,columbia,observation,dsdp_adjusted_total,53.0,false,H
2021-06-01,columbia,observation,dsdp_individuals,39.0,false,H
2021-06-01,columbia,observation,dsdp_tents,7.0,false,H
2021-06-01,columbia,observation,dsdp_vehicles,1.0,false,H
2021-06-01,columbia,complaint,gid_requests,12.0,false,C
2021-06-01,core,complaint,gid_requests,58.0,false,C
2021-06-01,core,enforcement,violations_72hr_reports,13.0,false,D
2021-06-01,cortez,observation,dsdp_adjusted_total,27.0,false,H
2021-06-01,cortez,observation,dsdp_individuals,27.0,false,H
2021-06-01,cortez,observation,dsdp_tents,0.0,false,H
2021-06-01,cortez,observation,dsdp_vehicles,0.0,false,H
2021-06-01,cortez,complaint,gid_requests,27.0,false,C
2021-06-01,cortez,enforcement,violations_72hr_reports,1.0,false,D
2021-06-01,east_village,observation,dsdp_adjusted_total,499.0,false,H
2021-06-01,east_village,observation,dsdp_individuals,232.0,false,H
2021-06-01,east_village,observation,dsdp_tents,147.0,false,H
2021-06-01,east_village,observation,dsdp_vehicles,5.0,false,H
2021-06-01,east_village,complaint,gid_requests,218.0,false,C
2021-06-01,east_village,enforcement,violations_72hr_reports,5.0,false,D
2021-06-01,gaslamp,observation,dsdp_adjusted_total,43.0,false,H
2021-06-01,gaslamp,observation,dsdp_individuals,43.0,false,H
2021-06-01,gaslamp,observation,dsdp_tents,0.0,false,H
2021-06-01,gaslamp,observation,dsdp_vehicles,0.0,false,H
2021-06-01,gaslamp,complaint,gid_requests,16.0,false,C
2021-06-01,marina,observation,dsdp_adjusted_total,22.0,false,H
2021-06-01,marina,observation,dsdp_individuals,13.0,false,H
2021-06-01,marina,observation,dsdp_tents,5.0,false,H
2021-06-01,marina,observation,dsdp_vehicles,0.0,false,H
2021-06-01,marina,complaint,gid_requests,36.0,false,C
2021-07-01,city_center,observation,dsdp_adjusted_total,123.0,false,H
2021-07-01,city_center,observation,dsdp_individuals,102.0,false,H
2021-07-01,city_center,observation,dsdp_tents,11.0,false,H
2021-07-01,city_center,observation,dsdp_vehicles,1.0,false,H
2021-07-01,columbia,observation,dsdp_adjusted_total,57.0,false,H
2021-07-01,columbia,observation,dsdp_individuals,50.0,false,H
2021-07-01,columbia,observation,dsdp_tents,4.0,false,H
2021-07-01,columbia,observation,dsdp_vehicles,0.0,false,H
2021-07-01,columbia,complaint,gid_requests,10.0,false,C
2021-07-01,core,complaint,gid_requests,60.0,false,C
2021-07-01,core,enforcement,violations_72hr_reports,8.0,false,D
2021-07-01,cortez,observation,dsdp_adjusted_total,44.0,false,H
2021-07-01,cortez,observation,dsdp_individuals,38.0,false,H
2021-07-01,cortez,observation,dsdp_tents,2.0,false,H
2021-07-01,cortez,observation,dsdp_vehicles,1.0,false,H
2021-07-01,cortez,complaint,gid_requests,28.0,false,C
2021-07-01,cortez,enforcement,violations_72hr_reports,2.0,false,D
2021-07-01,east_village,observation,dsdp_adjusted_total,465.0,false,H
2021-07-01,east_village,observation,dsdp_individuals,259.0,false,H
2021-07-01,east_village,observation,dsdp_tents,107.0,false,H
2021-07-01,east_village,observation,dsdp_vehicles,9.0,false,H
2021-07-01,east_village,complaint,gid_requests,210.0,false,C
2021-07-01,east_village,enforcement,violations_72hr_reports,6.0,false,D
2021-07-01,gaslamp,observation,dsdp_adjusted_total,21.0,false,H
2021-07-01,gaslamp,observation,dsdp_individuals,21.0,false,H
2021-07-01,gaslamp,observation,dsdp_tents,0.0,false,H
2021-07-01,gaslamp,observation,dsdp_vehicles,0.0,false,H
2021-07-01,gaslamp,complaint,gid_requests,26.0,false,C
2021-07-01,marina,observation,dsdp_adjusted_total,22.0,false,H
2021-07-01,marina,observation,dsdp_individuals,20.0,false,H
2021-07-01,marina,observation,dsdp_tents,0.0,false,H
2021-07-01,marina,observation,dsdp_vehicles,1.0,false,H
2021-07-01,marina,complaint,gid_requests,59.0,false,C
2021-07-01,marina,enforcement,violations_72hr_reports,4.0,false,D
2021-08-01,city_center,observation,dsdp_adjusted_total,152.0,false,H
2021-08-01,city_center,observation,dsdp_individuals,111.0,false,H
2021-08-01,city_center,observation,dsdp_tents,20.0,false,H
2021-08-01,city_center,observation,dsdp_vehicles,3.0,false,H
2021-08-01,columbia,observation,dsdp_adjusted_total,60.0,false,H
2021-08-01,columbia,observation,dsdp_individuals,49.0,false,H
2021-08-01,columbia,observation,dsdp_tents,6.0,false,H
2021-08-01,columbia,observation,dsdp_vehicles,0.0,false,H
2021-08-01,columbia,complaint,gid_requests,5.0,false,C
2021-08-01,core,complaint,gid_requests,65.0,false,C
2021-08-01,core,enforcement,violations_72hr_reports,8.0,false,D
2021-08-01,cortez,observation,dsdp_adjusted_total,34.0,false,H
2021-08-01,cortez,observation,dsdp_individuals,34.0,false,H
2021-08-01,cortez,observation,dsdp_tents,0.0,false,H
2021-08-01,cortez,observation,dsdp_vehicles,0.0,false,H
2021-08-01,cortez,complaint,gid_requests,23.0,false,C
2021-08-01,cortez,enforcement,violations_72hr_reports,4.0,false,D
2021-08-01,east_village,observation,dsdp_adjusted_total,469.0,false,H
2021-08-01,east_village,observation,dsdp_individuals,261.0,false,H
2021-08-01,east_village,observation,dsdp_tents,104.0,false,H
2021-08-01,east_village,observation,dsdp_vehicles,13.0,false,H
2021-08-01,east_village,complaint,gid_requests,176.0,false,C
2021-08-01,east_village,enforcement,violations_72hr_reports,6.0,false,D
2021-08-01,gaslamp,observation,dsdp_adjusted_total,31.0,false,H
2021-08-01,gaslamp,observation,dsdp_individuals,31.0,false,H
2021-08-01,gaslamp,observation,dsdp_tents,0.0,false,H
2021-08-01,gaslamp,observation,dsdp_vehicles,0.0,false,H
2021-08-01,gaslamp,complaint,gid_requests,6.0,false,C
2021-08-01,marina,observation,dsdp_adjusted_total,30.0,false,H
2021-08-01,marina,observation,dsdp_individuals,21.0,false,H
2021-08-01,marina,observation,dsdp_tents,5.0,false,H
2021-08-01,marina,observation,dsdp_vehicles,0.0,false,H
2021-08-01,marina,complaint,gid_requests,36.0,false,C
2021-09-01,city_center,observation,dsdp_adjusted_total,96.0,false,H
2021-09-01,columbia,observation,dsdp_adjusted_total,80.0,false,H
2021-09-01,columbia,observation,dsdp_individuals,75.0,false,H
2021-09-01,columbia,observation,dsdp_tents,3.0,false,H
2021-09-01,columbia,observation,dsdp_vehicles,0.0,false,H
2021-09-01,columbia,complaint,gid_requests,7.0,false,C
2021-09-01,core,complaint,gid_requests,61.0,false,C
2021-09-01,core,enforcement,violations_72hr_reports,16.0,false,D
2021-09-01,cortez,observation,dsdp_adjusted_total,29.0,false,H
2021-09-01,cortez,observation,dsdp_individuals,27.0,false,H
2021-09-01,cortez,observation,dsdp_tents,1.0,false,H
2021-09-01,cortez,observation,dsdp_vehicles,0.0,false,H
2021-09-01,cortez,complaint,gid_requests,45.0,false,C
2021-09-01,cortez,enforcement,violations_72hr_reports,3.0,false,D
2021-09-01,east_village,observation,dsdp_adjusted_total,438.0,false,H
2021-09-01,east_village,observation,dsdp_individuals,254.0,false,H
2021-09-01,east_village,observation,dsdp_tents,97.0,false,H
2021-09-01,east_village,observation,dsdp_vehicles,7.0,false,H
2021-09-01,east_village,complaint,gid_requests,161.0,false,C
2021-09-01,east_village,enforcement,violations_72hr_reports,3.0,false,D
2021-09-01,gaslamp,observation,dsdp_adjusted_total,44.0,false,H
2021-09-01,gaslamp,observation,dsdp_individuals,42.0,false,H
2021-09-01,gaslamp,observation,dsdp_tents,1.0,false,H
2021-09-01,gaslamp,observation,dsdp_vehicles,0.0,false,H
2021-09-01,gaslamp,complaint,gid_requests,10.0,false,C
2021-09-01,gaslamp,enforcement,violations_72hr_reports,1.0,false,D
2021-09-01,marina,observation,dsdp_adjusted_total,29.0,false,H
2021-09-01,marina,observation,dsdp_individuals,17.0,false,H
2021-09-01,marina,observation,dsdp_tents,7.0,false,H
2021-09-01,marina,observation,dsdp_vehicles,0.0,false,H
2021-09-01,marina,complaint,gid_requests,57.0,false,C
2021-10-01,city_center,observation,dsdp_adjusted_total,145.0,false,H
2021-10-01,city_center,observation,dsdp_individuals,108.0,false,H
2021-10-01,city_center,observation,dsdp_tents,19.0,false,H
2021-10-01,city_center,observation,dsdp_vehicles,2.0,false,H
2021-10-01,columbia,observation,dsdp_adjusted_total,57.0,false,H
2021-10-01,columbia,observation,dsdp_individuals,39.0,false,H
2021-10-01,columbia,observation,dsdp_tents,10.0,false,H
2021-10-01,columbia,observation,dsdp_vehicles,0.0,false,H
2021-10-01,columbia,complaint,gid_requests,7.0,false,C
2021-10-01,columbia,enforcement,violations_72hr_reports,7.0,false,D
2021-10-01,core,complaint,gid_requests,69.0,false,C
2021-10-01,core,enforcement,violations_72hr_reports,13.0,false,D
2021-10-01,cortez,observation,dsdp_adjusted_total,35.0,false,H
2021-10-01,cortez,observation,dsdp_individuals,31.0,false,H
2021-10-01,cortez,observation,dsdp_tents,2.0,false,H
2021-10-01,cortez,observation,dsdp_vehicles,0.0,false,H
2021-10-01,cortez,complaint,gid_requests,33.0,false,C
2021-10-01,cortez,enforcement,violations_72hr_reports,7.0,false,D
2021-10-01,east_village,observation,dsdp_adjusted_total,541.0,false,H
2021-10-01,east_village,observation,dsdp_individuals,294.0,false,H
2021-10-01,east_village,observation,dsdp_tents,124.0,false,H
2021-10-01,east_village,observation,dsdp_vehicles,15.0,false,H
2021-10-01,east_village,complaint,gid_requests,210.0,false,C
2021-10-01,east_village,enforcement,violations_72hr_reports,2.0,false,D
2021-10-01,gaslamp,observation,dsdp_adjusted_total,51.0,false,H
2021-10-01,gaslamp,observation,dsdp_individuals,49.0,false,H
2021-10-01,gaslamp,observation,dsdp_tents,1.0,false,H
2021-10-01,gaslamp,observation,dsdp_vehicles,0.0,false,H
2021-10-01,gaslamp,complaint,gid_requests,7.0,false,C
2021-10-01,marina,observation,dsdp_adjusted_total,30.0,false,H
2021-10-01,marina,observation,dsdp_individuals,19.0,false,H
2021-10-01,marina,observation,dsdp_tents,4.0,false,H
2021-10-01,marina,observation,dsdp_vehicles,2.0,false,H
2021-10-01,marina,complaint,gid_requests,68.0,false,C
2021-11-01,city_center,observation,dsdp_adjusted_total,181.0,false,H
2021-11-01,city_center,observation,dsdp_individuals,140.0,false,H
2021-11-01,city_center,observation,dsdp_tents,22.0,false,H
2021-11-01,city_center,observation,dsdp_vehicles,1.0,false,H
2021-11-01,columbia,observation,dsdp_adjusted_total,60.0,false,H
2021-11-01,columbia,observation,dsdp_individuals,48.0,false,H
2021-11-01,columbia,observation,dsdp_tents,7.0,false,H
2021-11-01,columbia,observation,dsdp_vehicles,0.0,false,H
2021-11-01,columbia,complaint,gid_requests,12.0,false,C
2021-11-01,columbia,enforcement,violations_72hr_reports,3.0,false,D
2021-11-01,core,complaint,gid_requests,44.0,false,C
2021-11-01,core,enforcement,violations_72hr_reports,17.0,false,D
2021-11-01,cortez,observation,dsdp_adjusted_total,31.0,false,H
2021-11-01,cortez,observation,dsdp_individuals,24.0,false,H
2021-11-01,cortez,observation,dsdp_tents,4.0,false,H
2021-11-01,cortez,observation,dsdp_vehicles,0.0,false,H
2021-11-01,cortez,complaint,gid_requests,21.0,false,C
2021-11-01,cortez,enforcement,violations_72hr_reports,2.0,false,D
2021-11-01,east_village,observation,dsdp_adjusted_total,541.0,false,H
2021-11-01,east_village,observation,dsdp_individuals,265.0,false,H
2021-11-01,east_village,observation,dsdp_tents,139.0,false,H
2021-11-01,east_village,observation,dsdp_vehicles,16.0,false,H
2021-11-01,east_village,complaint,gid_requests,184.0,false,C
2021-11-01,east_village,enforcement,violations_72hr_reports,5.0,false,D
2021-11-01,gaslamp,observation,dsdp_adjusted_total,46.0,false,H
2021-11-01,gaslamp,observation,dsdp_individuals,41.0,false,H
2021-11-01,gaslamp,observation,dsdp_tents,3.0,false,H
2021-11-01,gaslamp,observation,dsdp_vehicles,0.0,false,H
2021-11-01,gaslamp,complaint,gid_requests,18.0,false,C
2021-11-01,marina,observation,dsdp_adjusted_total,42.0,false,H
2021-11-01,marina,observation,dsdp_individuals,31.0,false,H
2021-11-01,marina,observation,dsdp_tents,6.0,false,H
2021-11-01,marina,observation,dsdp_vehicles,0.0,false,H
2021-11-01,marina,complaint,gid_requests,54.0,false,C
2021-11-01,marina,enforcement,violations_72hr_reports,1.0,false,D
2021-12-01,city_center,observation,dsdp_adjusted_total,185.0,false,H
2021-12-01,city_center,observation,dsdp_individuals,127.0,false,H
2021-12-01,city_center,observation,dsdp_tents,31.0,false,H
2021-12-01,city_center,observation,dsdp_vehicles,2.0,false,H
2021-12-01,columbia,observation,dsdp_adjusted_total,59.0,false,H
2021-12-01,columbia,observation,dsdp_individuals,47.0,false,H
2021-12-01,columbia,observation,dsdp_tents,7.0,false,H
2021-12-01,columbia,observation,dsdp_vehicles,0.0,false,H
2021-12-01,columbia,complaint,gid_requests,12.0,false,C
2021-12-01,core,complaint,gid_requests,76.0,false,C
2021-12-01,core,enforcement,violations_72hr_reports,15.0,false,D
2021-12-01,cortez,observation,dsdp_adjusted_total,46.0,false,H
2021-12-01,cortez,observation,dsdp_individuals,28.0,false,H
2021-12-01,cortez,observation,dsdp_tents,10.0,false,H
2021-12-01,cortez,observation,dsdp_vehicles,0.0,false,H
2021-12-01,cortez,complaint,gid_requests,18.0,false,C
2021-12-01,cortez,enforcement,violations_72hr_reports,1.0,false,D
2021-12-01,east_village,observation,dsdp_adjusted_total,612.0,false,H
2021-12-01,east_village,observation,dsdp_individuals,305.0,false,H
2021-12-01,east_village,observation,dsdp_tents,151.0,false,H
2021-12-01,east_village,observation,dsdp_vehicles,21.0,false,H
2021-12-01,east_village,complaint,gid_requests,256.0,false,C
2021-12-01,east_village,enforcement,violations_72hr_reports,10.0,false,D
2021-12-01,gaslamp,observation,dsdp_adjusted_total,59.0,false,H
2021-12-01,gaslamp,observation,dsdp_individuals,54.0,false,H
2021-12-01,gaslamp,observation,dsdp_tents,3.0,false,H
2021-12-01,gaslamp,observation,dsdp_vehicles,0.0,false,H
2021-12-01,gaslamp,complaint,gid_requests,18.0,false,C
2021-12-01,gaslamp,enforcement,violations_72hr_reports,1.0,false,D
2021-12-01,marina,observation,dsdp_adjusted_total,40.0,false,H
2021-12-01,marina,complaint,gid_requests,85.0,false,C
2022-01-01,city_center,observation,dsdp_adjusted_total,213.0,false,H
2022-01-01,city_center,observation,dsdp_individuals,127.0,false,H
2022-01-01,city_center,observation,dsdp_tents,48.0,false,H
2022-01-01,city_center,observation,dsdp_vehicles,1.0,false,H
2022-01-01,columbia,observation,dsdp_adjusted_total,61.0,false,H
2022-01-01,columbia,observation,dsdp_individuals,49.0,false,H
2022-01-01,columbia,observation,dsdp_tents,7.0,false,H
2022-01-01,columbia,observation,dsdp_vehicles,0.0,false,H
2022-01-01,columbia,complaint,gid_requests,11.0,false,C
2022-01-01,core,complaint,gid_requests,125.0,false,C
2022-01-01,core,enforcement,violations_72hr_reports,10.0,false,D
2022-01-01,cortez,observation,dsdp_adjusted_total,92.0,false,H
2022-01-01,cortez,observation,dsdp_individuals,37.0,false,H
2022-01-01,cortez,observation,dsdp_tents,28.0,false,H
2022-01-01,cortez,observation,dsdp_vehicles,3.0,false,H
2022-01-01,cortez,complaint,gid_requests,25.0,false,C
2022-01-01,cortez,enforcement,violations_72hr_reports,6.0,false,D
2022-01-01,east_village,observation,dsdp_adjusted_total,678.0,false,H
2022-01-01,east_village,observation,dsdp_individuals,256.0,false,H
2022-01-01,east_village,observation,dsdp_tents,225.0,false,H
2022-01-01,east_village,observation,dsdp_vehicles,14.0,false,H
2022-01-01,east_village,complaint,gid_requests,332.0,false,C
2022-01-01,east_village,enforcement,violations_72hr_reports,2.0,false,D
2022-01-01,gaslamp,observation,dsdp_adjusted_total,64.0,false,H
2022-01-01,gaslamp,observation,dsdp_individuals,60.0,false,H
2022-01-01,gaslamp,observation,dsdp_tents,2.0,false,H
2022-01-01,gaslamp,observation,dsdp_vehicles,0.0,false,H
2022-01-01,gaslamp,complaint,gid_requests,33.0,false,C
2022-01-01,gaslamp,enforcement,violations_72hr_reports,5.0,false,D
2022-01-01,marina,observation,dsdp_adjusted_total,42.0,false,H
2022-01-01,marina,observation,dsdp_individuals,24.0,false,H
2022-01-01,marina,observation,dsdp_tents,9.0,false,H
2022-01-01,marina,observation,dsdp_vehicles,1.0,false,H
2022-01-01,marina,complaint,gid_requests,132.0,false,C
2022-02-01,city_center,observation,dsdp_adjusted_total,186.0,false,H
2022-02-01,city_center,observation,dsdp_individuals,100.0,false,H
2022-02-01,city_center,observation,dsdp_tents,48.0,false,H
2022-02-01,city_center,observation,dsdp_vehicles,1.0,false,H
2022-02-01,columbia,observation,dsdp_adjusted_total,71.0,false,H
2022-02-01,columbia,observation,dsdp_individuals,55.0,false,H
2022-02-01,columbia,observation,dsdp_tents,9.0,false,H
2022-02-01,columbia,observation,dsdp_vehicles,0.0,false,H
2022-02-01,columbia,complaint,gid_requests,8.0,false,C
2022-02-01,core,complaint,gid_requests,88.0,false,C
2022-02-01,core,enforcement,violations_72hr_reports,8.0,false,D
2022-02-01,cortez,observation,dsdp_adjusted_total,118.0,false,H
2022-02-01,cortez,observation,dsdp_individuals,40.0,false,H
2022-02-01,cortez,observation,dsdp_tents,39.0,false,H
2022-02-01,cortez,observation,dsdp_vehicles,5.0,false,H
2022-02-01,cortez,complaint,gid_requests,18.0,false,C
2022-02-01,cortez,enforcement,violations_72hr_reports,2.0,false,D
2022-02-01,east_village,observation,dsdp_adjusted_total,741.0,false,H
2022-02-01,east_village,observation,dsdp_individuals,294.0,false,H
2022-02-01,east_village,observation,dsdp_tents,232.0,false,H
2022-02-01,east_village,observation,dsdp_vehicles,20.0,false,H
2022-02-01,east_village,complaint,gid_requests,401.0,false,C
2022-02-01,east_village,enforcement,violations_72hr_reports,3.0,false,D
2022-02-01,gaslamp,observation,dsdp_adjusted_total,41.0,false,H
2022-02-01,gaslamp,observation,dsdp_individuals,37.0,false,H
2022-02-01,gaslamp,observation,dsdp_tents,1.0,false,H
2022-02-01,gaslamp,observation,dsdp_vehicles,1.0,false,H
2022-02-01,gaslamp,complaint,gid_requests,31.0,false,C
2022-02-01,marina,observation,dsdp_adjusted_total,18.0,false,H
2022-02-01,marina,observation,dsdp_individuals,16.0,false,H
2022-02-01,marina,observation,dsdp_tents,1.0,false,H
2022-02-01,marina,observation,dsdp_vehicles,0.0,false,H
2022-02-01,marina,complaint,gid_requests,110.0,false,C
2022-03-01,city_center,observation,dsdp_adjusted_total,214.0,false,H
2022-03-01,city_center,observation,dsdp_individuals,97.0,false,H
2022-03-01,city_center,observation,dsdp_tents,67.0,false,H
2022-03-01,city_center,observation,dsdp_vehicles,0.0,false,H
2022-03-01,columbia,observation,dsdp_adjusted_total,63.0,false,H
2022-03-01,columbia,observation,dsdp_individuals,45.0,false,H
2022-03-01,columbia,observation,dsdp_tents,10.0,false,H
2022-03-01,columbia,observation,dsdp_vehicles,0.0,false,H
2022-03-01,columbia,complaint,gid_requests,10.0,false,C
2022-03-01,core,complaint,gid_requests,166.0,false,C
2022-03-01,core,enforcement,violations_72hr_reports,8.0,false,D
2022-03-01,cortez,observation,dsdp_adjusted_total,36.0,false,H
2022-03-01,cortez,observation,dsdp_individuals,24.0,false,H
2022-03-01,cortez,observation,dsdp_tents,7.0,false,H
2022-03-01,cortez,observation,dsdp_vehicles,0.0,false,H
2022-03-01,cortez,complaint,gid_requests,43.0,false,C
2022-03-01,cortez,enforcement,violations_72hr_reports,2.0,false,D
2022-03-01,east_village,observation,dsdp_adjusted_total,622.0,false,H
2022-03-01,east_village,observation,dsdp_individuals,248.0,false,H
2022-03-01,east_village,observation,dsdp_tents,200.0,false,H
2022-03-01,east_village,observation,dsdp_vehicles,12.0,false,H
2022-03-01,east_village,complaint,gid_requests,797.0,false,C
2022-03-01,east_village,enforcement,violations_72hr_reports,5.0,false,D
2022-03-01,gaslamp,observation,dsdp_adjusted_total,70.0,false,H
2022-03-01,gaslamp,observation,dsdp_individuals,66.0,false,H
2022-03-01,gaslamp,observation,dsdp_tents,2.0,false,H
2022-03-01,gaslamp,observation,dsdp_vehicles,0.0,false,H
2022-03-01,gaslamp,complaint,gid_requests,20.0,false,C
2022-03-01,gaslamp,enforcement,violations_72hr_reports,1.0,false,D
2022-03-01,marina,observation,dsdp_adjusted_total,37.0,false,H
2022-03-01,marina,observation,dsdp_individuals,28.0,false,H
2022-03-01,marina,observation,dsdp_tents,5.0,false,H
2022-03-01,marina,observation,dsdp_vehicles,0.0,false,H
2022-03-01,marina,complaint,gid_requests,102.0,false,C
2022-04-01,city_center,observation,dsdp_adjusted_total,275.0,false,H
2022-04-01,city_center,observation,dsdp_individuals,149.0,false,H
2022-04-01,city_center,observation,dsdp_tents,71.0,false,H
2022-04-01,city_center,observation,dsdp_vehicles,1.0,false,H
2022-04-01,columbia,observation,dsdp_adjusted_total,63.0,false,H
2022-04-01,columbia,observation,dsdp_individuals,47.0,false,H
2022-04-01,columbia,observation,dsdp_tents,9.0,false,H
2022-04-01,columbia,observation,dsdp_vehicles,0.0,false,H
2022-04-01,columbia,complaint,gid_requests,11.0,false,C
2022-04-01,core,complaint,gid_requests,228.0,false,C
2022-04-01,core,enforcement,violations_72hr_reports,5.0,false,D
2022-04-01,cortez,observation,dsdp_adjusted_total,73.0,false,H
2022-04-01,cortez,observation,dsdp_individuals,35.0,false,H
2022-04-01,cortez,observation,dsdp_tents,17.0,false,H
2022-04-01,cortez,observation,dsdp_vehicles,4.0,false,H
2022-04-01,cortez,complaint,gid_requests,23.0,false,C
2022-04-01,cortez,enforcement,violations_72hr_reports,2.0,false,D
2022-04-01,east_village,observation,dsdp_adjusted_total,655.0,false,H
2022-04-01,east_village,observation,dsdp_individuals,302.0,false,H
2022-04-01,east_village,observation,dsdp_tents,194.0,false,H
2022-04-01,east_village,observation,dsdp_vehicles,7.0,false,H
2022-04-01,east_village,complaint,gid_requests,443.0,false,C
2022-04-01,east_village,enforcement,violations_72hr_reports,4.0,false,D
2022-04-01,gaslamp,observation,dsdp_adjusted_total,44.0,false,H
2022-04-01,gaslamp,observation,dsdp_individuals,44.0,false,H
2022-04-01,gaslamp,observation,dsdp_tents,0.0,false,H
2022-04-01,gaslamp,observation,dsdp_vehicles,0.0,false,H
2022-04-01,gaslamp,complaint,gid_requests,12.0,false,C
2022-04-01,gaslamp,enforcement,violations_72hr_reports,1.0,false,D
2022-04-01,marina,observation,dsdp_adjusted_total,44.0,false,H
2022-04-01,marina,observation,dsdp_individuals,25.0,false,H
2022-04-01,marina,observation,dsdp_tents,6.0,false,H
2022-04-01,marina,observation,dsdp_vehicles,4.0,false,H
2022-04-01,marina,complaint,gid_requests,100.0,false,C
2022-04-01,marina,enforcement,violations_72hr_reports,2.0,false,D
2022-05-01,city_center,observation,dsdp_adjusted_total,224.0,false,H
2022-05-01,city_center,observation,dsdp_individuals,80.0,false,H
2022-05-01,city_center,observation,dsdp_tents,81.0,false,H
2022-05-01,city_center,observation,dsdp_vehicles,1.0,false,H
2022-05-01,columbia,observation,dsdp_adjusted_total,47.0,false,H
2022-05-01,columbia,observation,dsdp_individuals,33.0,false,H
2022-05-01,columbia,observation,dsdp_tents,8.0,false,H
2022-05-01,columbia,observation,dsdp_vehicles,0.0,false,H
2022-05-01,columbia,complaint,gid_requests,30.0,false,C
2022-05-01,core,complaint,gid_requests,179.0,false,C
2022-05-01,core,enforcement,violations_72hr_reports,11.0,false,D
2022-05-01,cortez,observation,dsdp_adjusted_total,60.0,false,H
2022-05-01,cortez,observation,dsdp_individuals,18.0,false,H
2022-05-01,cortez,observation,dsdp_tents,23.0,false,H
2022-05-01,cortez,observation,dsdp_vehicles,1.0,false,H
2022-05-01,cortez,complaint,gid_requests,84.0,false,C
2022-05-01,cortez,enforcement,violations_72hr_reports,3.0,false,D
2022-05-01,east_village,observation,dsdp_adjusted_total,624.0,false,H
2022-05-01,east_village,observation,dsdp_individuals,169.0,false,H
2022-05-01,east_village,observation,dsdp_tents,253.0,false,H
2022-05-01,east_village,observation,dsdp_vehicles,6.0,false,H
2022-05-01,east_village,complaint,gid_requests,446.0,false,C
2022-05-01,east_village,enforcement,violations_72hr_reports,5.0,false,D
2022-05-01,gaslamp,observation,dsdp_adjusted_total,44.0,false,H
2022-05-01,gaslamp,observation,dsdp_individuals,42.0,false,H
2022-05-01,gaslamp,observation,dsdp_tents,1.0,false,H
2022-05-01,gaslamp,observation,dsdp_vehicles,0.0,false,H
2022-05-01,gaslamp,complaint,gid_requests,9.0,false,C
2022-05-01,gaslamp,enforcement,violations_72hr_reports,2.0,false,D
2022-05-01,marina,observation,dsdp_adjusted_total,10.0,false,H
2022-05-01,marina,observation,dsdp_individuals,8.0,false,H
2022-05-01,marina,observation,dsdp_tents,0.0,false,H
2022-05-01,marina,observation,dsdp_vehicles,1.0,false,H
2022-05-01,marina,complaint,gid_requests,38.0,false,C
2022-06-01,city_center,observation,dsdp_adjusted_total,241.0,false,H
2022-06-01,city_center,observation,dsdp_individuals,141.0,false,H
2022-06-01,city_center,observation,dsdp_tents,57.0,false,H
2022-06-01,city_center,observation,dsdp_vehicles,0.0,false,H
2022-06-01,columbia,observation,dsdp_adjusted_total,85.0,false,H
2022-06-01,columbia,observation,dsdp_individuals,67.0,false,H
2022-06-01,columbia,observation,dsdp_tents,10.0,false,H
2022-06-01,columbia,observation,dsdp_vehicles,0.0,false,H
2022-06-01,columbia,complaint,gid_requests,19.0,false,C
2022-06-01,core,complaint,gid_requests,93.0,false,C
2022-06-01,core,enforcement,violations_72hr_reports,25.0,false,D
2022-06-01,cortez,observation,dsdp_adjusted_total,51.0,false,H
2022-06-01,cortez,observation,dsdp_individuals,28.0,false,H
2022-06-01,cortez,observation,dsdp_tents,11.0,false,H
2022-06-01,cortez,observation,dsdp_vehicles,2.0,false,H
2022-06-01,cortez,complaint,gid_requests,58.0,false,C
2022-06-01,cortez,enforcement,violations_72hr_reports,3.0,false,D
2022-06-01,east_village,observation,dsdp_adjusted_total,712.0,false,H
2022-06-01,east_village,observation,dsdp_individuals,343.0,false,H
2022-06-01,east_village,observation,dsdp_tents,183.0,false,H
2022-06-01,east_village,observation,dsdp_vehicles,24.0,false,H
2022-06-01,east_village,complaint,gid_requests,220.0,false,C
2022-06-01,east_village,enforcement,violations_72hr_reports,5.0,false,D
2022-06-01,gaslamp,observation,dsdp_adjusted_total,50.0,false,H
2022-06-01,gaslamp,observation,dsdp_individuals,50.0,false,H
2022-06-01,gaslamp,observation,dsdp_tents,0.0,false,H
2022-06-01,gaslamp,observation,dsdp_vehicles,0.0,false,H
2022-06-01,gaslamp,complaint,gid_requests,14.0,false,C
2022-06-01,marina,observation,dsdp_adjusted_total,52.0,false,H
2022-06-01,marina,observation,dsdp_individuals,39.0,false,H
2022-06-01,marina,observation,dsdp_tents,5.0,false,H
2022-06-01,marina,observation,dsdp_vehicles,2.0,false,H
2022-06-01,marina,complaint,gid_requests,82.0,false,C
2022-06-01,marina,enforcement,violations_72hr_reports,14.0,false,D
2022-07-01,city_center,observation,dsdp_adjusted_total,234.0,false,H
2022-07-01,city_center,observation,dsdp_individuals,110.0,false,H
2022-07-01,city_center,observation,dsdp_tents,71.0,false,H
2022-07-01,city_center,observation,dsdp_vehicles,0.0,false,H
2022-07-01,columbia,observation,dsdp_adjusted_total,35.0,false,H
2022-07-01,columbia,observation,dsdp_individuals,26.0,false,H
2022-07-01,columbia,observation,dsdp_tents,5.0,false,H
2022-07-01,columbia,observation,dsdp_vehicles,0.0,false,H
2022-07-01,columbia,complaint,gid_requests,10.0,false,C
2022-07-01,columbia,enforcement,violations_72hr_reports,1.0,false,D
2022-07-01,core,complaint,gid_requests,98.0,false,C
2022-07-01,core,enforcement,violations_72hr_reports,20.0,false,D
2022-07-01,cortez,observation,dsdp_adjusted_total,90.0,false,H
2022-07-01,cortez,observation,dsdp_individuals,42.0,false,H
2022-07-01,cortez,observation,dsdp_tents,20.0,false,H
2022-07-01,cortez,observation,dsdp_vehicles,1.0,false,H
2022-07-01,cortez,complaint,gid_requests,37.0,false,C
2022-07-01,cortez,enforcement,violations_72hr_reports,4.0,false,D
2022-07-01,east_village,observation,dsdp_adjusted_total,598.0,false,H
2022-07-01,east_village,observation,dsdp_individuals,204.0,false,H
2022-07-01,east_village,observation,dsdp_tents,208.0,false,H
2022-07-01,east_village,observation,dsdp_vehicles,15.0,false,H
2022-07-01,east_village,complaint,gid_requests,241.0,false,C
2022-07-01,east_village,enforcement,violations_72hr_reports,7.0,false,D
2022-07-01,gaslamp,observation,dsdp_adjusted_total,28.0,false,H
2022-07-01,gaslamp,observation,dsdp_individuals,26.0,false,H
2022-07-01,gaslamp,observation,dsdp_tents,1.0,false,H
2022-07-01,gaslamp,observation,dsdp_vehicles,0.0,false,H
2022-07-01,gaslamp,complaint,gid_requests,14.0,false,C
2022-07-01,marina,observation,dsdp_adjusted_total,12.0,false,H
2022-07-01,marina,observation,dsdp_individuals,0.0,false,H
2022-07-01,marina,observation,dsdp_tents,0.0,false,H
2022-07-01,marina,observation,dsdp_vehicles,2.0,false,H
2022-07-01,marina,complaint,gid_requests,65.0,false,C
2022-08-01,city_center,observation,dsdp_adjusted_total,268.0,false,H
2022-08-01,city_center,observation,dsdp_individuals,173.0,false,H
2022-08-01,city_center,observation,dsdp_tents,53.0,false,H
2022-08-01,city_center,observation,dsdp_vehicles,1.0,false,H
2022-08-01,columbia,observation,dsdp_adjusted_total,56.0,false,H
2022-08-01,columbia,observation,dsdp_individuals,44.0,false,H
2022-08-01,columbia,observation,dsdp_tents,7.0,false,H
2022-08-01,columbia,observation,dsdp_vehicles,0.0,false,H
2022-08-01,columbia,complaint,gid_requests,13.0,false,C
2022-08-01,core,complaint,gid_requests,124.0,false,C
2022-08-01,core,enforcement,violations_72hr_reports,13.0,false,D
2022-08-01,cortez,observation,dsdp_adjusted_total,83.0,false,H
2022-08-01,cortez,observation,dsdp_individuals,53.0,false,H
2022-08-01,cortez,observation,dsdp_tents,16.0,false,H
2022-08-01,cortez,observation,dsdp_vehicles,1.0,false,H
2022-08-01,cortez,complaint,gid_requests,43.0,false,C
2022-08-01,cortez,enforcement,violations_72hr_reports,3.0,false,D
2022-08-01,east_village,observation,dsdp_adjusted_total,790.0,false,H
2022-08-01,east_village,observation,dsdp_individuals,357.0,false,H
2022-08-01,east_village,observation,dsdp_tents,217.0,false,H
2022-08-01,east_village,observation,dsdp_vehicles,26.0,false,H
2022-08-01,east_village,complaint,gid_requests,280.0,false,C
2022-08-01,east_village,enforcement,violations_72hr_reports,6.0,false,D
2022-08-01,gaslamp,observation,dsdp_adjusted_total,44.0,false,H
2022-08-01,gaslamp,observation,dsdp_individuals,44.0,false,H
2022-08-01,gaslamp,observation,dsdp_tents,0.0,false,H
2022-08-01,gaslamp,observation,dsdp_vehicles,0.0,false,H
2022-08-01,gaslamp,complaint,gid_requests,21.0,false,C
2022-08-01,marina,observation,dsdp_adjusted_total,44.0,false,H
2022-08-01,marina,observation,dsdp_individuals,29.0,false,H
2022-08-01,marina,observation,dsdp_tents,6.0,false,H
2022-08-01,marina,observation,dsdp_vehicles,2.0,false,H
2022-08-01,marina,complaint,gid_requests,37.0,false,C
2022-08-01,marina,enforcement,violations_72hr_reports,2.0,false,D
2022-09-01,city_center,observation,dsdp_adjusted_total,235.0,false,H
2022-09-01,city_center,observation,dsdp_individuals,136.0,false,H
2022-09-01,city_center,observation,dsdp_tents,54.0,false,H
2022-09-01,city_center,observation,dsdp_vehicles,2.0,false,H
2022-09-01,columbia,observation,dsdp_adjusted_total,31.0,false,H
2022-09-01,columbia,observation,dsdp_individuals,24.0,false,H
2022-09-01,columbia,observation,dsdp_tents,4.0,false,H
2022-09-01,columbia,observation,dsdp_vehicles,0.0,false,H
2022-09-01,columbia,complaint,gid_requests,13.0,false,C
2022-09-01,columbia,enforcement,violations_72hr_reports,1.0,false,D
2022-09-01,core,complaint,gid_requests,163.0,false,C
2022-09-01,core,enforcement,violations_72hr_reports,14.0,false,D
2022-09-01,cortez,observation,dsdp_adjusted_total,77.0,false,H
2022-09-01,cortez,observation,dsdp_individuals,38.0,false,H
2022-09-01,cortez,observation,dsdp_tents,22.0,false,H
2022-09-01,cortez,observation,dsdp_vehicles,0.0,false,H
2022-09-01,cortez,complaint,gid_requests,44.0,false,C
2022-09-01,cortez,enforcement,violations_72hr_reports,6.0,false,D
2022-09-01,east_village,observation,dsdp_adjusted_total,846.0,false,H
2022-09-01,east_village,observation,dsdp_individuals,318.0,false,H
2022-09-01,east_village,observation,dsdp_tents,276.0,false,H
2022-09-01,east_village,observation,dsdp_vehicles,22.0,false,H
2022-09-01,east_village,complaint,gid_requests,275.0,false,C
2022-09-01,east_village,enforcement,violations_72hr_reports,5.0,false,D
2022-09-01,gaslamp,observation,dsdp_adjusted_total,62.0,false,H
2022-09-01,gaslamp,observation,dsdp_individuals,57.0,false,H
2022-09-01,gaslamp,observation,dsdp_tents,3.0,false,H
2022-09-01,gaslamp,observation,dsdp_vehicles,0.0,false,H
2022-09-01,gaslamp,complaint,gid_requests,28.0,false,C
2022-09-01,marina,observation,dsdp_adjusted_total,21.0,false,H
2022-09-01,marina,observation,dsdp_individuals,16.0,false,H
2022-09-01,marina,observation,dsdp_tents,3.0,false,H
2022-09-01,marina,observation,dsdp_vehicles,0.0,false,H
2022-09-01,marina,complaint,gid_requests,28.0,false,C
2022-10-01,city_center,observation,dsdp_adjusted_total,284.0,false,H
2022-10-01,city_center,observation,dsdp_individuals,180.0,false,H
2022-10-01,city_center,observation,dsdp_tents,57.0,false,H
2022-10-01,city_center,observation,dsdp_vehicles,2.0,false,H
2022-10-01,columbia,observation,dsdp_adjusted_total,29.0,false,H
2022-10-01,columbia,observation,dsdp_individuals,22.0,false,H
2022-10-01,columbia,observation,dsdp_tents,4.0,false,H
2022-10-01,columbia,observation,dsdp_vehicles,0.0,false,H
2022-10-01,columbia,complaint,gid_requests,11.0,false,C
2022-10-01,columbia,enforcement,violations_72hr_reports,1.0,false,D
2022-10-01,core,complaint,gid_requests,171.0,false,C
2022-10-01,core,enforcement,violations_72hr_reports,13.0,false,D
2022-10-01,cortez,observation,dsdp_adjusted_total,90.0,false,H
2022-10-01,cortez,observation,dsdp_individuals,51.0,false,H
2022-10-01,cortez,observation,dsdp_tents,21.0,false,H
2022-10-01,cortez,observation,dsdp_vehicles,1.0,false,H
2022-10-01,cortez,complaint,gid_requests,32.0,false,C
2022-10-01,cortez,enforcement,violations_72hr_reports,2.0,false,D
2022-10-01,east_village,observation,dsdp_adjusted_total,713.0,false,H
2022-10-01,east_village,observation,dsdp_individuals,354.0,false,H
2022-10-01,east_village,observation,dsdp_tents,172.0,false,H
2022-10-01,east_village,observation,dsdp_vehicles,24.0,false,H
2022-10-01,east_village,complaint,gid_requests,317.0,false,C
2022-10-01,east_village,enforcement,violations_72hr_reports,14.0,false,D
2022-10-01,gaslamp,observation,dsdp_adjusted_total,60.0,false,H
2022-10-01,gaslamp,observation,dsdp_individuals,60.0,false,H
2022-10-01,gaslamp,observation,dsdp_tents,0.0,false,H
2022-10-01,gaslamp,observation,dsdp_vehicles,0.0,false,H
2022-10-01,gaslamp,complaint,gid_requests,16.0,false,C
2022-10-01,gaslamp,enforcement,violations_72hr_reports,4.0,false,D
2022-10-01,marina,observation,dsdp_adjusted_total,27.0,false,H
2022-10-01,marina,observation,dsdp_individuals,18.0,false,H
2022-10-01,marina,observation,dsdp_tents,5.0,false,H
2022-10-01,marina,observation,dsdp_vehicles,0.0,false,H
2022-10-01,marina,complaint,gid_requests,35.0,false,C
2022-10-01,marina,enforcement,violations_72hr_reports,2.0,false,D
2022-11-01,city_center,observation,dsdp_adjusted_total,235.0,false,H
2022-11-01,city_center,observation,dsdp_individuals,125.0,false,H
2022-11-01,city_center,observation,dsdp_tents,63.0,false,H
2022-11-01,city_center,observation,dsdp_vehicles,0.0,false,H
2022-11-01,columbia,observation,dsdp_adjusted_total,33.0,false,H
2022-11-01,columbia,observation,dsdp_individuals,28.0,false,H
2022-11-01,columbia,observation,dsdp_tents,3.0,false,H
2022-11-01,columbia,observation,dsdp_vehicles,0.0,false,H
2022-11-01,columbia,complaint,gid_requests,13.0,false,C
2022-11-01,columbia,enforcement,violations_72hr_reports,4.0,false,D
2022-11-01,core,complaint,gid_requests,135.0,false,C
2022-11-01,core,enforcement,violations_72hr_reports,4.0,false,D
2022-11-01,cortez,observation,dsdp_adjusted_total,114.0,false,H
2022-11-01,cortez,observation,dsdp_individuals,42.0,false,H
2022-11-01,cortez,observation,dsdp_tents,34.0,false,H
2022-11-01,cortez,observation,dsdp_vehicles,6.0,false,H
2022-11-01,cortez,complaint,gid_requests,29.0,false,C
2022-11-01,cortez,enforcement,violations_72hr_reports,3.0,false,D
2022-11-01,east_village,observation,dsdp_adjusted_total,760.0,false,H
2022-11-01,east_village,observation,dsdp_individuals,297.0,false,H
2022-11-01,east_village,observation,dsdp_tents,240.0,false,H
2022-11-01,east_village,observation,dsdp_vehicles,21.0,false,H
2022-11-01,east_village,complaint,gid_requests,296.0,false,C
2022-11-01,east_village,enforcement,violations_72hr_reports,6.0,false,D
2022-11-01,gaslamp,observation,dsdp_adjusted_total,54.0,false,H
2022-11-01,gaslamp,observation,dsdp_individuals,49.0,false,H
2022-11-01,gaslamp,observation,dsdp_tents,3.0,false,H
2022-11-01,gaslamp,observation,dsdp_vehicles,0.0,false,H
2022-11-01,gaslamp,complaint,gid_requests,15.0,false,C
2022-11-01,gaslamp,enforcement,violations_72hr_reports,3.0,false,D
2022-11-01,marina,observation,dsdp_adjusted_total,44.0,false,H
2022-11-01,marina,observation,dsdp_individuals,49.0,false,H
2022-11-01,marina,observation,dsdp_tents,6.0,false,H
2022-11-01,marina,observation,dsdp_vehicles,2.0,false,H
2022-11-01,marina,complaint,gid_requests,35.0,false,C
2022-12-01,city_center,observation,dsdp_adjusted_total,271.0,false,H
2022-12-01,city_center,observation,dsdp_individuals,125.0,false,H
2022-12-01,city_center,observation,dsdp_tents,81.0,false,H
2022-12-01,city_center,observation,dsdp_vehicles,2.0,false,H
2022-12-01,columbia,observation,dsdp_adjusted_total,27.0,false,H
2022-12-01,columbia,observation,dsdp_individuals,22.0,false,H
2022-12-01,columbia,observation,dsdp_tents,3.0,false,H
2022-12-01,columbia,observation,dsdp_vehicles,0.0,false,H
2022-12-01,columbia,complaint,gid_requests,6.0,false,C
2022-12-01,core,complaint,gid_requests,156.0,false,C
2022-12-01,cortez,observation,dsdp_adjusted_total,107.0,false,H
2022-12-01,cortez,observation,dsdp_individuals,38.0,false,H
2022-12-01,cortez,observation,dsdp_tents,36.0,false,H
2022-12-01,cortez,observation,dsdp_vehicles,3.0,false,H
2022-12-01,cortez,complaint,gid_requests,26.0,false,C
2022-12-01,cortez,enforcement,violations_72hr_reports,3.0,false,D
2022-12-01,east_village,observation,dsdp_adjusted_total,850.0,false,H
2022-12-01,east_village,observation,dsdp_individuals,297.0,false,H
2022-12-01,east_village,observation,dsdp_tents,288.0,false,H
2022-12-01,east_village,observation,dsdp_vehicles,24.0,false,H
2022-12-01,east_village,complaint,gid_requests,330.0,false,C
2022-12-01,east_village,enforcement,violations_72hr_reports,8.0,false,D
2022-12-01,gaslamp,observation,dsdp_adjusted_total,67.0,false,H
2022-12-01,gaslamp,observation,dsdp_individuals,63.0,false,H
2022-12-01,gaslamp,observation,dsdp_tents,2.0,false,H
2022-12-01,gaslamp,observation,dsdp_vehicles,0.0,false,H
2022-12-01,gaslamp,complaint,gid_requests,13.0,false,C
2022-12-01,gaslamp,enforcement,violations_72hr_reports,1.0,false,D
2022-12-01,marina,observation,dsdp_adjusted_total,26.0,false,H
2022-12-01,marina,observation,dsdp_individuals,12.0,false,H
2022-12-01,marina,observation,dsdp_tents,8.0,false,H
2022-12-01,marina,observation,dsdp_vehicles,0.0,false,H
2022-12-01,marina,complaint,gid_requests,26.0,false,C
2022-12-01,marina,enforcement,violations_72hr_reports,1.0,false,D
2023-01-01,city_center,observation,dsdp_adjusted_total,270.0,false,H
2023-01-01,city_center,observation,dsdp_individuals,111.0,false,H
2023-01-01,city_center,observation,dsdp_tents,91.0,false,H
2023-01-01,city_center,observation,dsdp_vehicles,0.0,false,H
2023-01-01,columbia,observation,dsdp_adjusted_total,36.0,false,H
2023-01-01,columbia,observation,dsdp_individuals,29.0,false,H
2023-01-01,columbia,observation,dsdp_tents,3.0,false,H
2023-01-01,columbia,observation,dsdp_vehicles,1.0,false,H
2023-01-01,columbia,complaint,gid_requests,17.0,false,C
2023-01-01,core,complaint,gid_requests,134.0,false,C
2023-01-01,core,enforcement,violations_72hr_reports,1.0,false,D
2023-01-01,cortez,observation,dsdp_adjusted_total,129.0,false,H
2023-01-01,cortez,observation,dsdp_individuals,30.0,false,H
2023-01-01,cortez,observation,dsdp_tents,51.0,false,H
2023-01-01,cortez,observation,dsdp_vehicles,5.0,false,H
2023-01-01,cortez,complaint,gid_requests,47.0,false,C
2023-01-01,cortez,enforcement,violations_72hr_reports,2.0,false,D
2023-01-01,east_village,observation,dsdp_adjusted_total,794.0,false,H
2023-01-01,east_village,observation,dsdp_individuals,201.0,false,H
2023-01-01,east_village,observation,dsdp_tents,310.0,false,H
2023-01-01,east_village,observation,dsdp_vehicles,25.0,false,H
2023-01-01,east_village,complaint,gid_requests,285.0,false,C
2023-01-01,east_village,enforcement,violations_72hr_reports,7.0,false,D
2023-01-01,gaslamp,observation,dsdp_adjusted_total,46.0,false,H
2023-01-01,gaslamp,observation,dsdp_individuals,42.0,false,H
2023-01-01,gaslamp,observation,dsdp_tents,2.0,false,H
2023-01-01,gaslamp,observation,dsdp_vehicles,0.0,false,H
2023-01-01,gaslamp,complaint,gid_requests,11.0,false,C
2023-01-01,gaslamp,enforcement,violations_72hr_reports,1.0,false,D
2023-01-01,marina,observation,dsdp_adjusted_total,23.0,false,H
2023-01-01,marina,observation,dsdp_individuals,12.0,false,H
2023-01-01,marina,observation,dsdp_tents,4.0,false,H
2023-01-01,marina,observation,dsdp_vehicles,2.0,false,H
2023-01-01,marina,complaint,gid_requests,34.0,false,C
2023-01-01,marina,enforcement,violations_72hr_reports,2.0,false,D
2023-02-01,city_center,observation,dsdp_adjusted_total,266.0,false,H
2023-02-01,city_center,observation,dsdp_individuals,129.0,false,H
2023-02-01,city_center,observation,dsdp_tents,77.0,false,H
2023-02-01,city_center,observation,dsdp_vehicles,3.0,false,H
2023-02-01,columbia,observation,dsdp_adjusted_total,48.0,false,H
2023-02-01,columbia,observation,dsdp_individuals,37.0,false,H
2023-02-01,columbia,observation,dsdp_tents,6.0,false,H
2023-02-01,columbia,observation,dsdp_vehicles,0.0,false,H
2023-02-01,columbia,complaint,gid_requests,16.0,false,C
2023-02-01,columbia,enforcement,violations_72hr_reports,1.0,false,D
2023-02-01,core,complaint,gid_requests,181.0,false,C
2023-02-01,core,enforcement,violations_72hr_reports,7.0,false,D
2023-02-01,cortez,observation,dsdp_adjusted_total,98.0,false,H
2023-02-01,cortez,observation,dsdp_individuals,26.0,false,H
2023-02-01,cortez,observation,dsdp_tents,39.0,false,H
2023-02-01,cortez,observation,dsdp_vehicles,2.0,false,H
2023-02-01,cortez,complaint,gid_requests,30.0,false,C
2023-02-01,cortez,enforcement,violations_72hr_reports,2.0,false,D
2023-02-01,east_village,observation,dsdp_adjusted_total,781.0,false,H
2023-02-01,east_village,observation,dsdp_individuals,220.0,false,H
2023-02-01,east_village,observation,dsdp_tents,294.0,false,H
2023-02-01,east_village,observation,dsdp_vehicles,28.0,false,H
2023-02-01,east_village,complaint,gid_requests,316.0,false,C
2023-02-01,east_village,enforcement,violations_72hr_reports,9.0,false,D
2023-02-01,gaslamp,observation,dsdp_adjusted_total,72.0,false,H
2023-02-01,gaslamp,observation,dsdp_individuals,42.0,false,H
2023-02-01,gaslamp,observation,dsdp_tents,2.0,false,H
2023-02-01,gaslamp,observation,dsdp_vehicles,0.0,false,H
2023-02-01,gaslamp,complaint,gid_requests,16.0,false,C
2023-02-01,marina,observation,dsdp_adjusted_total,25.0,false,H
2023-02-01,marina,observation,dsdp_individuals,16.0,false,H
2023-02-01,marina,observation,dsdp_tents,4.0,false,H
2023-02-01,marina,observation,dsdp_vehicles,1.0,false,H
2023-02-01,marina,complaint,gid_requests,25.0,false,C
2023-03-01,city_center,observation,dsdp_adjusted_total,342.0,false,H
2023-03-01,city_center,observation,dsdp_individuals,172.0,false,H
2023-03-01,city_center,observation,dsdp_tents,97.0,false,H
2023-03-01,city_center,observation,dsdp_vehicles,0.0,false,H
2023-03-01,columbia,observation,dsdp_adjusted_total,45.0,false,H
2023-03-01,columbia,observation,dsdp_individuals,38.0,false,H
2023-03-01,columbia,observation,dsdp_tents,4.0,false,H
2023-03-01,columbia,observation,dsdp_vehicles,0.0,false,H
2023-03-01,columbia,complaint,gid_requests,16.0,false,C
2023-03-01,core,complaint,gid_requests,178.0,false,C
2023-03-01,core,enforcement,violations_72hr_reports,4.0,false,D
2023-03-01,cortez,observation,dsdp_adjusted_total,100.0,false,H
2023-03-01,cortez,observation,dsdp_individuals,31.0,false,H
2023-03-01,cortez,observation,dsdp_tents,38.0,false,H
2023-03-01,cortez,observation,dsdp_vehicles,1.0,false,H
2023-03-01,cortez,complaint,gid_requests,37.0,false,C
2023-03-01,cortez,enforcement,violations_72hr_reports,3.0,false,D
2023-03-01,east_village,observation,dsdp_adjusted_total,665.0,false,H
2023-03-01,east_village,observation,dsdp_individuals,221.0,false,H
2023-03-01,east_village,observation,dsdp_tents,243.0,false,H
2023-03-01,east_village,observation,dsdp_vehicles,9.0,false,H
2023-03-01,east_village,complaint,gid_requests,394.0,false,C
2023-03-01,east_village,enforcement,violations_72hr_reports,11.0,false,D
2023-03-01,gaslamp,observation,dsdp_adjusted_total,64.0,false,H
2023-03-01,gaslamp,observation,dsdp_individuals,64.0,false,H
2023-03-01,gaslamp,observation,dsdp_tents,0.0,false,H
2023-03-01,gaslamp,observation,dsdp_vehicles,0.0,false,H
2023-03-01,gaslamp,complaint,gid_requests,21.0,false,C
2023-03-01,marina,observation,dsdp_adjusted_total,21.0,false,H
2023-03-01,marina,observation,dsdp_individuals,7.0,false,H
2023-03-01,marina,observation,dsdp_tents,8.0,false,H
2023-03-01,marina,observation,dsdp_vehicles,0.0,false,H
2023-03-01,marina,complaint,gid_requests,35.0,false,C
2023-04-01,city_center,observation,dsdp_adjusted_total,290.0,false,H
2023-04-01,city_center,observation,dsdp_individuals,173.0,false,H
2023-04-01,city_center,observation,dsdp_tents,67.0,false,H
2023-04-01,city_center,observation,dsdp_vehicles,0.0,false,H
2023-04-01,columbia,observation,dsdp_adjusted_total,46.0,false,H
2023-04-01,columbia,observation,dsdp_individuals,44.0,false,H
2023-04-01,columbia,observation,dsdp_tents,1.0,false,H
2023-04-01,columbia,observation,dsdp_vehicles,0.0,false,H
2023-04-01,columbia,complaint,gid_requests,10.0,false,C
2023-04-01,core,complaint,gid_requests,171.0,false,C
2023-04-01,core,enforcement,violations_72hr_reports,3.0,false,D
2023-04-01,cortez,observation,dsdp_adjusted_total,113.0,false,H
2023-04-01,cortez,observation,dsdp_individuals,36.0,false,H
2023-04-01,cortez,observation,dsdp_tents,43.0,false,H
2023-04-01,cortez,observation,dsdp_vehicles,1.0,false,H
2023-04-01,cortez,complaint,gid_requests,32.0,false,C
2023-04-01,cortez,enforcement,violations_72hr_reports,4.0,false,D
2023-04-01,east_village,observation,dsdp_adjusted_total,823.0,false,H
2023-04-01,east_village,observation,dsdp_individuals,300.0,false,H
2023-04-01,east_village,observation,dsdp_tents,287.0,false,H
2023-04-01,east_village,observation,dsdp_vehicles,10.0,false,H
2023-04-01,east_village,complaint,gid_requests,490.0,false,C
2023-04-01,east_village,enforcement,violations_72hr_reports,4.0,false,D
2023-04-01,gaslamp,observation,dsdp_adjusted_total,46.0,false,H
2023-04-01,gaslamp,observation,dsdp_individuals,44.0,false,H
2023-04-01,gaslamp,observation,dsdp_tents,1.0,false,H
2023-04-01,gaslamp,observation,dsdp_vehicles,0.0,false,H
2023-04-01,gaslamp,complaint,gid_requests,28.0,false,C
2023-04-01,gaslamp,enforcement,violations_72hr_reports,1.0,false,D
2023-04-01,marina,observation,dsdp_adjusted_total,33.0,false,H
2023-04-01,marina,observation,dsdp_individuals,19.0,false,H
2023-04-01,marina,observation,dsdp_tents,8.0,false,H
2023-04-01,marina,observation,dsdp_vehicles,0.0,false,H
2023-04-01,marina,complaint,gid_requests,40.0,false,C
2023-05-01,city_center,observation,dsdp_adjusted_total,342.0,false,H
2023-05-01,city_center,observation,dsdp_individuals,158.0,false,H
2023-05-01,city_center,observation,dsdp_tents,103.0,false,H
2023-05-01,city_center,observation,dsdp_vehicles,2.0,false,H
2023-05-01,columbia,observation,dsdp_adjusted_total,38.0,false,H
2023-05-01,columbia,observation,dsdp_individuals,31.0,false,H
2023-05-01,columbia,observation,dsdp_tents,4.0,false,H
2023-05-01,columbia,observation,dsdp_vehicles,0.0,false,H
2023-05-01,columbia,complaint,gid_requests,9.0,false,C
2023-05-01,columbia,enforcement,violations_72hr_reports,1.0,false,D
2023-05-01,core,complaint,gid_requests,275.0,false,C
2023-05-01,core,enforcement,violations_72hr_reports,3.0,false,D
2023-05-01,cortez,observation,dsdp_adjusted_total,121.0,false,H
2023-05-01,cortez,observation,dsdp_individuals,53.0,false,H
2023-05-01,cortez,observation,dsdp_tents,39.0,false,H
2023-05-01,cortez,observation,dsdp_vehicles,0.0,false,H
2023-05-01,cortez,complaint,gid_requests,45.0,false,C
2023-05-01,east_village,observation,dsdp_adjusted_total,918.0,false,H
2023-05-01,east_village,observation,dsdp_individuals,297.0,false,H
2023-05-01,east_village,observation,dsdp_tents,345.0,false,H
2023-05-01,east_village,observation,dsdp_vehicles,8.0,false,H
2023-05-01,east_village,complaint,gid_requests,575.0,false,C
2023-05-01,east_village,enforcement,violations_72hr_reports,5.0,false,D
2023-05-01,gaslamp,observation,dsdp_adjusted_total,57.0,false,H
2023-05-01,gaslamp,observation,dsdp_individuals,57.0,false,H
2023-05-01,gaslamp,observation,dsdp_tents,0.0,false,H
2023-05-01,gaslamp,observation,dsdp_vehicles,0.0,false,H
2023-05-01,gaslamp,complaint,gid_requests,13.0,false,C
2023-05-01,gaslamp,enforcement,violations_72hr_reports,1.0,false,D
2023-05-01,marina,observation,dsdp_adjusted_total,51.0,false,H
2023-05-01,marina,observation,dsdp_individuals,28.0,false,H
2023-05-01,marina,observation,dsdp_tents,13.0,false,H
2023-05-01,marina,observation,dsdp_vehicles,0.0,false,H
2023-05-01,marina,complaint,gid_requests,40.0,false,C
2023-05-01,marina,enforcement,violations_72hr_reports,3.0,false,D
2023-06-01,city_center,observation,dsdp_adjusted_total,236.0,false,H
2023-06-01,city_center,observation,dsdp_individuals,106.0,false,H
2023-06-01,city_center,observation,dsdp_tents,74.0,false,H
2023-06-01,city_center,observation,dsdp_vehicles,0.0,false,H
2023-06-01,columbia,observation,dsdp_adjusted_total,34.0,false,H
2023-06-01,columbia,observation,dsdp_individuals,29.0,false,H
2023-06-01,columbia,observation,dsdp_tents,3.0,false,H
2023-06-01,columbia,observation,dsdp_vehicles,0.0,false,H
2023-06-01,columbia,complaint,gid_requests,5.0,false,C
2023-06-01,core,complaint,gid_requests,165.0,false,C
2023-06-01,core,enforcement,violations_72hr_reports,1.0,false,D
2023-06-01,cortez,observation,dsdp_adjusted_total,109.0,false,H
2023-06-01,cortez,observation,dsdp_individuals,42.0,false,H
2023-06-01,cortez,observation,dsdp_tents,38.0,false,H
2023-06-01,cortez,observation,dsdp_vehicles,0.0,false,H
2023-06-01,cortez,complaint,gid_requests,44.0,false,C
2023-06-01,cortez,enforcement,violations_72hr_reports,1.0,false,D
2023-06-01,east_village,observation,dsdp_adjusted_total,728.0,false,H
2023-06-01,east_village,observation,dsdp_individuals,216.0,false,H
2023-06-01,east_village,observation,dsdp_tents,287.0,false,H
2023-06-01,east_village,observation,dsdp_vehicles,5.0,false,H
2023-06-01,east_village,complaint,gid_requests,421.0,false,C
2023-06-01,east_village,enforcement,violations_72hr_reports,5.0,false,D
2023-06-01,gaslamp,observation,dsdp_adjusted_total,19.0,false,H
2023-06-01,gaslamp,observation,dsdp_individuals,15.0,false,H
2023-06-01,gaslamp,observation,dsdp_tents,2.0,false,H
2023-06-01,gaslamp,observation,dsdp_vehicles,0.0,false,H
2023-06-01,gaslamp,complaint,gid_requests,7.0,false,C
2023-06-01,gaslamp,enforcement,violations_72hr_reports,2.0,false,D
2023-06-01,marina,observation,dsdp_adjusted_total,17.0,false,H
2023-06-01,marina,observation,dsdp_individuals,15.0,false,H
2023-06-01,marina,observation,dsdp_tents,1.0,false,H
2023-06-01,marina,observation,dsdp_vehicles,0.0,false,H
2023-06-01,marina,complaint,gid_requests,38.0,false,C
2023-06-01,marina,enforcement,violations_72hr_reports,2.0,false,D
2023-07-01,city_center,observation,dsdp_adjusted_total,187.0,false,H
2023-07-01,city_center,observation,dsdp_individuals,92.0,false,H
2023-07-01,city_center,observation,dsdp_tents,54.0,false,H
2023-07-01,city_center,observation,dsdp_vehicles,0.0,false,H
2023-07-01,columbia,observation,dsdp_adjusted_total,21.0,false,H
2023-07-01,columbia,observation,dsdp_individuals,17.0,false,H
2023-07-01,columbia,observation,dsdp_tents,2.0,false,H
2023-07-01,columbia,observation,dsdp_vehicles,0.0,false,H
2023-07-01,columbia,complaint,gid_requests,11.0,false,C
2023-07-01,core,complaint,gid_requests,156.0,false,C
2023-07-01,core,enforcement,violations_72hr_reports,1.0,false,D
2023-07-01,cortez,observation,dsdp_adjusted_total,104.0,false,H
2023-07-01,cortez,observation,dsdp_individuals,36.0,false,H
2023-07-01,cortez,observation,dsdp_tents,39.0,false,H
2023-07-01,cortez,observation,dsdp_vehicles,0.0,false,H
2023-07-01,cortez,complaint,gid_requests,45.0,false,C
2023-07-01,cortez,enforcement,violations_72hr_reports,1.0,false,D
2023-07-01,east_village,observation,dsdp_adjusted_total,921.0,false,H
2023-07-01,east_village,observation,dsdp_individuals,262.0,false,H
2023-07-01,east_village,observation,dsdp_tents,365.0,false,H
2023-07-01,east_village,observation,dsdp_vehicles,10.0,false,H
2023-07-01,east_village,complaint,gid_requests,474.0,false,C
2023-07-01,gaslamp,observation,dsdp_adjusted_total,25.0,false,H
2023-07-01,gaslamp,observation,dsdp_individuals,25.0,false,H
2023-07-01,gaslamp,observation,dsdp_tents,0.0,false,H
2023-07-01,gaslamp,observation,dsdp_vehicles,0.0,false,H
2023-07-01,gaslamp,complaint,gid_requests,12.0,false,C
2023-07-01,marina,observation,dsdp_adjusted_total,12.0,false,H
2023-07-01,marina,observation,dsdp_individuals,7.0,false,H
2023-07-01,marina,observation,dsdp_tents,3.0,false,H
2023-07-01,marina,observation,dsdp_vehicles,0.0,false,H
2023-07-01,marina,complaint,gid_requests,35.0,false,C
2023-08-01,city_center,observation,dsdp_adjusted_total,203.0,false,H
2023-08-01,city_center,observation,dsdp_individuals,117.0,false,H
2023-08-01,city_center,observation,dsdp_tents,49.0,false,H
2023-08-01,city_center,observation,dsdp_vehicles,0.0,false,H
2023-08-01,columbia,observation,dsdp_adjusted_total,14.0,false,H
2023-08-01,columbia,observation,dsdp_individuals,12.0,false,H
2023-08-01,columbia,observation,dsdp_tents,1.0,false,H
2023-08-01,columbia,observation,dsdp_vehicles,0.0,false,H
2023-08-01,columbia,complaint,gid_requests,8.0,false,C
2023-08-01,core,complaint,gid_requests,184.0,false,C
2023-08-01,core,enforcement,violations_72hr_reports,9.0,false,D
2023-08-01,cortez,observation,dsdp_adjusted_total,65.0,false,H
2023-08-01,cortez,observation,dsdp_individuals,32.0,false,H
2023-08-01,cortez,observation,dsdp_tents,19.0,false,H
2023-08-01,cortez,observation,dsdp_vehicles,0.0,false,H
2023-08-01,cortez,complaint,gid_requests,63.0,false,C
2023-08-01,east_village,observation,dsdp_adjusted_total,861.0,false,H
2023-08-01,east_village,observation,dsdp_individuals,334.0,false,H
2023-08-01,east_village,observation,dsdp_tents,294.0,false,H
2023-08-01,east_village,observation,dsdp_vehicles,6.0,false,H
2023-08-01,east_village,complaint,gid_requests,588.0,false,C
2023-08-01,gaslamp,observation,dsdp_adjusted_total,44.0,false,H
2023-08-01,gaslamp,observation,dsdp_individuals,44.0,false,H
2023-08-01,gaslamp,observation,dsdp_tents,0.0,false,H
2023-08-01,gaslamp,observation,dsdp_vehicles,0.0,false,H
2023-08-01,gaslamp,complaint,gid_requests,10.0,false,C
2023-08-01,marina,observation,dsdp_adjusted_total,20.0,false,H
2023-08-01,marina,observation,dsdp_individuals,20.0,false,H
2023-08-01,marina,observation,dsdp_tents,0.0,false,H
2023-08-01,marina,observation,dsdp_vehicles,0.0,false,H
2023-08-01,marina,complaint,gid_requests,49.0,false,C
2023-09-01,city_center,observation,dsdp_adjusted_total,173.0,false,H
2023-09-01,city_center,observation,dsdp_individuals,111.0,false,H
2023-09-01,city_center,observation,dsdp_tents,34.0,false,H
2023-09-01,city_center,observation,dsdp_vehicles,1.0,false,H
2023-09-01,columbia,observation,dsdp_adjusted_total,30.0,false,H
2023-09-01,columbia,observation,dsdp_individuals,28.0,false,H
2023-09-01,columbia,observation,dsdp_tents,1.0,false,H
2023-09-01,columbia,observation,dsdp_vehicles,0.0,false,H
2023-09-01,columbia,complaint,gid_requests,8.0,false,C
2023-09-01,core,complaint,gid_requests,152.0,false,C
2023-09-01,core,enforcement,violations_72hr_reports,1.0,false,D
2023-09-01,cortez,observation,dsdp_adjusted_total,103.0,false,H
2023-09-01,cortez,observation,dsdp_individuals,45.0,false,H
2023-09-01,cortez,observation,dsdp_tents,33.0,false,H
2023-09-01,cortez,observation,dsdp_vehicles,0.0,false,H
2023-09-01,cortez,complaint,gid_requests,58.0,false,C
2023-09-01,cortez,enforcement,violations_72hr_reports,2.0,false,D
2023-09-01,east_village,observation,dsdp_adjusted_total,907.0,false,H
2023-09-01,east_village,observation,dsdp_individuals,338.0,false,H
2023-09-01,east_village,observation,dsdp_tents,312.0,false,H
2023-09-01,east_village,observation,dsdp_vehicles,11.0,false,H
2023-09-01,east_village,complaint,gid_requests,448.0,false,C
2023-09-01,east_village,enforcement,violations_72hr_reports,8.0,false,D
2023-09-01,gaslamp,observation,dsdp_adjusted_total,51.0,false,H
2023-09-01,gaslamp,observation,dsdp_individuals,49.0,false,H
2023-09-01,gaslamp,observation,dsdp_tents,1.0,false,H
2023-09-01,gaslamp,observation,dsdp_vehicles,0.0,false,H
2023-09-01,gaslamp,complaint,gid_requests,9.0,false,C
2023-09-01,marina,observation,dsdp_adjusted_total,13.0,false,H
2023-09-01,marina,observation,dsdp_individuals,13.0,false,H
2023-09-01,marina,observation,dsdp_tents,0.0,false,H
2023-09-01,marina,observation,dsdp_vehicles,0.0,false,H
2023-09-01,marina,complaint,gid_requests,39.0,false,C
2023-09-01,marina,enforcement,violations_72hr_reports,7.0,false,D
2023-10-01,city_center,observation,dsdp_adjusted_total,204.0,false,H
2023-10-01,city_center,observation,dsdp_individuals,148.0,false,H
2023-10-01,city_center,observation,dsdp_tents,32.0,false,H
2023-10-01,city_center,observation,dsdp_vehicles,0.0,false,H
2023-10-01,columbia,observation,dsdp_adjusted_total,28.0,false,H
2023-10-01,columbia,observation,dsdp_individuals,24.0,false,H
2023-10-01,columbia,observation,dsdp_tents,2.0,false,H
2023-10-01,columbia,observation,dsdp_vehicles,0.0,false,H
2023-10-01,columbia,complaint,gid_requests,2.0,false,C
2023-10-01,core,complaint,gid_requests,159.0,false,C
2023-10-01,core,enforcement,violations_72hr_reports,7.0,false,D
2023-10-01,cortez,observation,dsdp_adjusted_total,63.0,false,H
2023-10-01,cortez,observation,dsdp_individuals,35.0,false,H
2023-10-01,cortez,observation,dsdp_tents,15.0,false,H
2023-10-01,cortez,observation,dsdp_vehicles,1.0,false,H
2023-10-01,cortez,complaint,gid_requests,74.0,false,C
2023-10-01,cortez,enforcement,violations_72hr_reports,2.0,false,D
2023-10-01,east_village,observation,dsdp_adjusted_total,869.0,false,H
2023-10-01,east_village,observation,dsdp_individuals,310.0,false,H
2023-10-01,east_village,observation,dsdp_tents,308.0,false,H
2023-10-01,east_village,observation,dsdp_vehicles,10.0,false,H
2023-10-01,east_village,complaint,gid_requests,526.0,false,C
2023-10-01,east_village,enforcement,violations_72hr_reports,11.0,false,D
2023-10-01,gaslamp,observation,dsdp_adjusted_total,52.0,false,H
2023-10-01,gaslamp,observation,dsdp_individuals,50.0,false,H
2023-10-01,gaslamp,observation,dsdp_tents,1.0,false,H
2023-10-01,gaslamp,observation,dsdp_vehicles,0.0,false,H
2023-10-01,gaslamp,complaint,gid_requests,13.0,false,C
2023-10-01,gaslamp,enforcement,violations_72hr_reports,2.0,false,D
2023-10-01,marina,observation,dsdp_adjusted_total,22.0,false,H
2023-10-01,marina,observation,dsdp_individuals,17.0,false,H
2023-10-01,marina,observation,dsdp_tents,3.0,false,H
2023-10-01,marina,observation,dsdp_vehicles,0.0,false,H
2023-10-01,marina,complaint,gid_requests,35.0,false,C
2023-11-01,city_center,observation,dsdp_adjusted_total,235.0,false,H
2023-11-01,city_center,observation,dsdp_individuals,175.0,false,H
2023-11-01,city_center,observation,dsdp_tents,34.0,false,H
2023-11-01,city_center,observation,dsdp_vehicles,0.0,false,H
2023-11-01,columbia,observation,dsdp_adjusted_total,37.0,false,H
2023-11-01,columbia,observation,dsdp_individuals,32.0,false,H
2023-11-01,columbia,observation,dsdp_tents,3.0,false,H
2023-11-01,columbia,observation,dsdp_vehicles,0.0,false,H
2023-11-01,columbia,complaint,gid_requests,10.0,false,C
2023-11-01,core,complaint,gid_requests,260.0,false,C
2023-11-01,core,enforcement,violations_72hr_reports,6.0,false,D
2023-11-01,cortez,observation,dsdp_adjusted_total,95.0,false,H
2023-11-01,cortez,observation,dsdp_individuals,47.0,false,H
2023-11-01,cortez,observation,dsdp_tents,26.0,false,H
2023-11-01,cortez,observation,dsdp_vehicles,1.0,false,H
2023-11-01,cortez,complaint,gid_requests,39.0,false,C
2023-11-01,cortez,enforcement,violations_72hr_reports,1.0,false,D
2023-11-01,east_village,observation,dsdp_adjusted_total,679.0,false,H
2023-11-01,east_village,observation,dsdp_individuals,208.0,false,H
2023-11-01,east_village,observation,dsdp_tents,262.0,false,H
2023-11-01,east_village,observation,dsdp_vehicles,6.0,false,H
2023-11-01,east_village,complaint,gid_requests,836.0,false,C
2023-11-01,east_village,enforcement,violations_72hr_reports,8.0,false,D
2023-11-01,gaslamp,observation,dsdp_adjusted_total,36.0,false,H
2023-11-01,gaslamp,observation,dsdp_individuals,36.0,false,H
2023-11-01,gaslamp,observation,dsdp_tents,0.0,false,H
2023-11-01,gaslamp,observation,dsdp_vehicles,0.0,false,H
2023-11-01,gaslamp,complaint,gid_requests,9.0,false,C
2023-11-01,gaslamp,enforcement,violations_72hr_reports,3.0,false,D
2023-11-01,marina,observation,dsdp_adjusted_total,13.0,false,H
2023-11-01,marina,observation,dsdp_individuals,11.0,false,H
2023-11-01,marina,observation,dsdp_tents,1.0,false,H
2023-11-01,marina,observation,dsdp_vehicles,0.0,false,H
2023-11-01,marina,complaint,gid_requests,36.0,false,C
2023-11-01,marina,enforcement,violations_72hr_reports,1.0,false,D
2023-12-01,city_center,observation,dsdp_adjusted_total,129.0,false,H
2023-12-01,city_center,observation,dsdp_individuals,89.0,false,H
2023-12-01,city_center,observation,dsdp_tents,23.0,false,H
2023-12-01,city_center,observation,dsdp_vehicles,0.0,false,H
2023-12-01,columbia,observation,dsdp_adjusted_total,29.0,false,H
2023-12-01,columbia,observation,dsdp_individuals,18.0,false,H
2023-12-01,columbia,observation,dsdp_tents,6.0,false,H
2023-12-01,columbia,observation,dsdp_vehicles,0.0,false,H
2023-12-01,columbia,complaint,gid_requests,10.0,false,C
2023-12-01,core,complaint,gid_requests,290.0,false,C
2023-12-01,core,enforcement,violations_72hr_reports,6.0,false,D
2023-12-01,cortez,observation,dsdp_adjusted_total,105.0,false,H
2023-12-01,cortez,observation,dsdp_individuals,40.0,false,H
2023-12-01,cortez,observation,dsdp_tents,37.0,false,H
2023-12-01,cortez,observation,dsdp_vehicles,0.0,false,H
2023-12-01,cortez,complaint,gid_requests,48.0,false,C
2023-12-01,cortez,enforcement,violations_72hr_reports,1.0,false,D
2023-12-01,east_village,observation,dsdp_adjusted_total,498.0,false,H
2023-12-01,east_village,observation,dsdp_individuals,274.0,false,H
2023-12-01,east_village,observation,dsdp_tents,155.0,false,H
2023-12-01,east_village,observation,dsdp_vehicles,5.0,false,H
2023-12-01,east_village,complaint,gid_requests,847.0,false,C
2023-12-01,east_village,enforcement,violations_72hr_reports,16.0,false,D
2023-12-01,gaslamp,observation,dsdp_adjusted_total,31.0,false,H
2023-12-01,gaslamp,observation,dsdp_individuals,31.0,false,H
2023-12-01,gaslamp,observation,dsdp_tents,0.0,false,H
2023-12-01,gaslamp,observation,dsdp_vehicles,0.0,false,H
2023-12-01,gaslamp,complaint,gid_requests,20.0,false,C
2023-12-01,gaslamp,enforcement,violations_72hr_reports,2.0,false,D
2023-12-01,marina,observation,dsdp_adjusted_total,17.0,false,H
2023-12-01,marina,observation,dsdp_individuals,8.0,false,H
2023-12-01,marina,observation,dsdp_tents,5.0,false,H
2023-12-01,marina,observation,dsdp_vehicles,0.0,false,H
2023-12-01,marina,complaint,gid_requests,49.0,false,C
2023-12-01,marina,enforcement,violations_72hr_reports,4.0,false,D
2024-01-01,city_center,observation,dsdp_adjusted_total,198.0,false,H
2024-01-01,city_center,observation,dsdp_individuals,131.0,false,H
2024-01-01,city_center,observation,dsdp_tents,38.0,false,H
2024-01-01,city_center,observation,dsdp_vehicles,0.0,false,H
2024-01-01,columbia,observation,dsdp_adjusted_total,34.0,false,H
2024-01-01,columbia,observation,dsdp_individuals,23.0,false,H
2024-01-01,columbia,observation,dsdp_tents,6.0,false,H
2024-01-01,columbia,observation,dsdp_vehicles,0.0,false,H
2024-01-01,columbia,complaint,gid_requests,13.0,false,C
2024-01-01,core,complaint,gid_requests,397.0,false,C
2024-01-01,cortez,observation,dsdp_adjusted_total,154.0,false,H
2024-01-01,cortez,observation,dsdp_individuals,45.0,false,H
2024-01-01,cortez,observation,dsdp_tents,59.0,false,H
2024-01-01,cortez,observation,dsdp_vehicles,3.0,false,H
2024-01-01,cortez,complaint,gid_requests,73.0,false,C
2024-01-01,cortez,enforcement,violations_72hr_reports,5.0,false,D
2024-01-01,east_village,observation,dsdp_adjusted_total,530.0,false,H
2024-01-01,east_village,observation,dsdp_individuals,247.0,false,H
2024-01-01,east_village,observation,dsdp_tents,150.0,false,H
2024-01-01,east_village,observation,dsdp_vehicles,10.0,false,H
2024-01-01,east_village,complaint,gid_requests,993.0,false,C
2024-01-01,east_village,enforcement,violations_72hr_reports,10.0,false,D
2024-01-01,gaslamp,observation,dsdp_adjusted_total,47.0,false,H
2024-01-01,gaslamp,observation,dsdp_individuals,47.0,false,H
2024-01-01,gaslamp,observation,dsdp_tents,0.0,false,H
2024-01-01,gaslamp,observation,dsdp_vehicles,0.0,false,H
2024-01-01,gaslamp,complaint,gid_requests,22.0,false,C
2024-01-01,gaslamp,enforcement,violations_72hr_reports,4.0,false,D
2024-01-01,marina,observation,dsdp_adjusted_total,19.0,false,H
2024-01-01,marina,observation,dsdp_individuals,12.0,false,H
2024-01-01,marina,observation,dsdp_tents,4.0,false,H
2024-01-01,marina,observation,dsdp_vehicles,0.0,false,H
2024-01-01,marina,complaint,gid_requests,85.0,false,C
2024-01-01,marina,enforcement,violations_72hr_reports,2.0,false,D
2024-02-01,city_center,observation,dsdp_adjusted_total,172.0,false,H
2024-02-01,city_center,observation,dsdp_individuals,133.0,false,H
2024-02-01,city_center,observation,dsdp_tents,22.0,false,H
2024-02-01,city_center,observation,dsdp_vehicles,0.0,false,H
2024-02-01,columbia,observation,dsdp_adjusted_total,40.0,false,H
2024-02-01,columbia,observation,dsdp_individuals,35.0,false,H
2024-02-01,columbia,observation,dsdp_tents,3.0,false,H
2024-02-01,columbia,observation,dsdp_vehicles,0.0,false,H
2024-02-01,columbia,complaint,gid_requests,12.0,false,C
2024-02-01,core,complaint,gid_requests,330.0,false,C
2024-02-01,core,enforcement,violations_72hr_reports,2.0,false,D
2024-02-01,cortez,observation,dsdp_adjusted_total,170.0,false,H
2024-02-01,cortez,observation,dsdp_individuals,39.0,false,H
2024-02-01,cortez,observation,dsdp_tents,67.0,false,H
2024-02-01,cortez,observation,dsdp_vehicles,7.0,false,H
2024-02-01,cortez,complaint,gid_requests,95.0,false,C
2024-02-01,cortez,enforcement,violations_72hr_reports,1.0,false,D
2024-02-01,east_village,observation,dsdp_adjusted_total,553.0,false,H
2024-02-01,east_village,observation,dsdp_individuals,272.0,false,H
2024-02-01,east_village,observation,dsdp_tents,150.0,false,H
2024-02-01,east_village,observation,dsdp_vehicles,9.0,false,H
2024-02-01,east_village,complaint,gid_requests,739.0,false,C
2024-02-01,east_village,enforcement,violations_72hr_reports,7.0,false,D
2024-02-01,gaslamp,observation,dsdp_adjusted_total,55.0,false,H
2024-02-01,gaslamp,observation,dsdp_individuals,53.0,false,H
2024-02-01,gaslamp,observation,dsdp_tents,1.0,false,H
2024-02-01,gaslamp,observation,dsdp_vehicles,0.0,false,H
2024-02-01,gaslamp,complaint,gid_requests,26.0,false,C
2024-02-01,marina,observation,dsdp_adjusted_total,17.0,false,H
2024-02-01,marina,observation,dsdp_individuals,15.0,false,H
2024-02-01,marina,observation,dsdp_tents,1.0,false,H
2024-02-01,marina,observation,dsdp_vehicles,0.0,false,H
2024-02-01,marina,complaint,gid_requests,39.0,false,C
2024-02-01,marina,enforcement,violations_72hr_reports,5.0,false,D
2024-03-01,city_center,observation,dsdp_adjusted_total,221.0,false,H
2024-03-01,city_center,observation,dsdp_individuals,189.0,false,H
2024-03-01,city_center,observation,dsdp_tents,8.0,false,H
2024-03-01,city_center,observation,dsdp_vehicles,0.0,false,H
2024-03-01,columbia,observation,dsdp_adjusted_total,41.0,false,H
2024-03-01,columbia,observation,dsdp_individuals,36.0,false,H
2024-03-01,columbia,observation,dsdp_tents,3.0,false,H
2024-03-01,columbia,observation,dsdp_vehicles,0.0,false,H
2024-03-01,columbia,complaint,gid_requests,26.0,false,C
2024-03-01,columbia,enforcement,violations_72hr_reports,2.0,false,D
2024-03-01,core,complaint,gid_requests,342.0,false,C
2024-03-01,core,enforcement,violations_72hr_reports,3.0,false,D
2024-03-01,cortez,observation,dsdp_adjusted_total,76.0,false,H
2024-03-01,cortez,observation,dsdp_individuals,36.0,false,H
2024-03-01,cortez,observation,dsdp_tents,23.0,false,H
2024-03-01,cortez,observation,dsdp_vehicles,0.0,false,H
2024-03-01,cortez,complaint,gid_requests,131.0,false,C
2024-03-01,cortez,enforcement,violations_72hr_reports,2.0,false,D
2024-03-01,east_village,observation,dsdp_adjusted_total,380.0,false,H
2024-03-01,east_village,observation,dsdp_individuals,227.0,false,H
2024-03-01,east_village,observation,dsdp_tents,78.0,false,H
2024-03-01,east_village,observation,dsdp_vehicles,8.0,false,H
2024-03-01,east_village,complaint,gid_requests,566.0,false,C
2024-03-01,east_village,enforcement,violations_72hr_reports,9.0,false,D
2024-03-01,gaslamp,observation,dsdp_adjusted_total,36.0,false,H
2024-03-01,gaslamp,observation,dsdp_individuals,36.0,false,H
2024-03-01,gaslamp,observation,dsdp_tents,0.0,false,H
2024-03-01,gaslamp,observation,dsdp_vehicles,0.0,false,H
2024-03-01,gaslamp,complaint,gid_requests,45.0,false,C
2024-03-01,marina,observation,dsdp_adjusted_total,21.0,false,H
2024-03-01,marina,observation,dsdp_individuals,16.0,false,H
2024-03-01,marina,observation,dsdp_tents,3.0,false,H
2024-03-01,marina,observation,dsdp_vehicles,0.0,false,H
2024-03-01,marina,complaint,gid_requests,72.0,false,C
2024-04-01,city_center,observation,dsdp_adjusted_total,237.0,false,H
2024-04-01,city_center,observation,dsdp_individuals,181.0,false,H
2024-04-01,city_center,observation,dsdp_tents,31.0,false,H
2024-04-01,city_center,observation,dsdp_vehicles,1.0,false,H
2024-04-01,columbia,observation,dsdp_adjusted_total,34.0,false,H
2024-04-01,columbia,observation,dsdp_individuals,22.0,false,H
2024-04-01,columbia,observation,dsdp_tents,7.0,false,H
2024-04-01,columbia,observation,dsdp_vehicles,0.0,false,H
2024-04-01,columbia,complaint,gid_requests,21.0,false,C
2024-04-01,core,complaint,gid_requests,238.0,false,C
2024-04-01,core,enforcement,violations_72hr_reports,12.0,false,D
2024-04-01,cortez,observation,dsdp_adjusted_total,75.0,false,H
2024-04-01,cortez,observation,dsdp_individuals,24.0,false,H
2024-04-01,cortez,observation,dsdp_tents,29.0,false,H
2024-04-01,cortez,observation,dsdp_vehicles,0.0,false,H
2024-04-01,cortez,complaint,gid_requests,105.0,false,C
2024-04-01,cortez,enforcement,violations_72hr_reports,6.0,false,D
2024-04-01,east_village,observation,dsdp_adjusted_total,366.0,false,H
2024-04-01,east_village,observation,dsdp_individuals,202.0,false,H
2024-04-01,east_village,observation,dsdp_tents,87.0,false,H
2024-04-01,east_village,observation,dsdp_vehicles,6.0,false,H
2024-04-01,east_village,complaint,gid_requests,480.0,false,C
2024-04-01,east_village,enforcement,violations_72hr_reports,11.0,false,D
2024-04-01,gaslamp,observation,dsdp_adjusted_total,52.0,false,H
2024-04-01,gaslamp,observation,dsdp_individuals,50.0,false,H
2024-04-01,gaslamp,observation,dsdp_tents,1.0,false,H
2024-04-01,gaslamp,observation,dsdp_vehicles,0.0,false,H
2024-04-01,gaslamp,complaint,gid_requests,35.0,false,C
2024-04-01,gaslamp,enforcement,violations_72hr_reports,2.0,false,D
2024-04-01,marina,observation,dsdp_adjusted_total,13.0,false,H
2024-04-01,marina,observation,dsdp_individuals,8.0,false,H
2024-04-01,marina,observation,dsdp_tents,3.0,false,H
2024-04-01,marina,observation,dsdp_vehicles,0.0,false,H
2024-04-01,marina,complaint,gid_requests,49.0,false,C
2024-04-01,marina,enforcement,violations_72hr_reports,1.0,false,D
2024-05-01,city_center,observation,dsdp_adjusted_total,219.0,false,H
2024-05-01,city_center,observation,dsdp_individuals,165.0,false,H
2024-05-01,city_center,observation,dsdp_tents,31.0,false,H
2024-05-01,city_center,observation,dsdp_vehicles,0.0,false,H
2024-05-01,columbia,observation,dsdp_adjusted_total,36.0,false,H
2024-05-01,columbia,observation,dsdp_individuals,18.0,false,H
2024-05-01,columbia,observation,dsdp_tents,10.0,false,H
2024-05-01,columbia,observation,dsdp_vehicles,0.0,false,H
2024-05-01,columbia,complaint,gid_requests,38.0,false,C
2024-05-01,core,complaint,gid_requests,194.0,false,C
2024-05-01,core,enforcement,violations_72hr_reports,2.0,false,D
2024-05-01,cortez,observation,dsdp_adjusted_total,51.0,false,H
2024-05-01,cortez,observation,dsdp_individuals,35.0,false,H
2024-05-01,cortez,observation,dsdp_tents,9.0,false,H
2024-05-01,cortez,observation,dsdp_vehicles,0.0,false,H
2024-05-01,cortez,complaint,gid_requests,161.0,false,C
2024-05-01,cortez,enforcement,violations_72hr_reports,4.0,false,D
2024-05-01,east_village,observation,dsdp_adjusted_total,407.0,false,H
2024-05-01,east_village,observation,dsdp_individuals,237.0,false,H
2024-05-01,east_village,observation,dsdp_tents,95.0,false,H
2024-05-01,east_village,observation,dsdp_vehicles,2.0,false,H
2024-05-01,east_village,complaint,gid_requests,479.0,false,C
2024-05-01,east_village,enforcement,violations_72hr_reports,9.0,false,D
2024-05-01,gaslamp,observation,dsdp_adjusted_total,77.0,false,H
2024-05-01,gaslamp,observation,dsdp_individuals,75.0,false,H
2024-05-01,gaslamp,observation,dsdp_tents,1.0,false,H
2024-05-01,gaslamp,observation,dsdp_vehicles,0.0,false,H
2024-05-01,gaslamp,complaint,gid_requests,38.0,false,C
2024-05-01,gaslamp,enforcement,violations_72hr_reports,1.0,false,D
2024-05-01,marina,observation,dsdp_adjusted_total,16.0,false,H
2024-05-01,marina,observation,dsdp_individuals,11.0,false,H
2024-05-01,marina,observation,dsdp_tents,3.0,false,H
2024-05-01,marina,observation,dsdp_vehicles,0.0,false,H
2024-05-01,marina,complaint,gid_requests,67.0,false,C
2024-06-01,city_center,observation,dsdp_adjusted_total,199.0,false,H
2024-06-01,city_center,observation,dsdp_individuals,155.0,false,H
2024-06-01,city_center,observation,dsdp_tents,25.0,false,H
2024-06-01,city_center,observation,dsdp_vehicles,0.0,false,H
2024-06-01,columbia,observation,dsdp_adjusted_total,40.0,false,H
2024-06-01,columbia,observation,dsdp_individuals,21.0,false,H
2024-06-01,columbia,observation,dsdp_tents,11.0,false,H
2024-06-01,columbia,observation,dsdp_vehicles,0.0,false,H
2024-06-01,columbia,complaint,gid_requests,35.0,false,C
2024-06-01,core,complaint,gid_requests,208.0,false,C
2024-06-01,core,enforcement,violations_72hr_reports,4.0,false,D
2024-06-01,cortez,observation,dsdp_adjusted_total,59.0,false,H
2024-06-01,cortez,observation,dsdp_individuals,36.0,false,H
2024-06-01,cortez,observation,dsdp_tents,13.0,false,H
2024-06-01,cortez,observation,dsdp_vehicles,0.0,false,H
2024-06-01,cortez,complaint,gid_requests,119.0,false,C
2024-06-01,cortez,enforcement,violations_72hr_reports,8.0,false,D
2024-06-01,east_village,observation,dsdp_adjusted_total,451.0,false,H
2024-06-01,east_village,observation,dsdp_individuals,293.0,false,H
2024-06-01,east_village,observation,dsdp_tents,89.0,false,H
2024-06-01,east_village,observation,dsdp_vehicles,1.0,false,H
2024-06-01,east_village,complaint,gid_requests,382.0,false,C
2024-06-01,east_village,enforcement,violations_72hr_reports,3.0,false,D
2024-06-01,gaslamp,observation,dsdp_adjusted_total,56.0,false,H
2024-06-01,gaslamp,observation,dsdp_individuals,56.0,false,H
2024-06-01,gaslamp,observation,dsdp_tents,0.0,false,H
2024-06-01,gaslamp,observation,dsdp_vehicles,0.0,false,H
2024-06-01,gaslamp,complaint,gid_requests,42.0,false,C
2024-06-01,gaslamp,enforcement,violations_72hr_reports,1.0,false,D
2024-06-01,marina,observation,dsdp_adjusted_total,25.0,false,H
2024-06-01,marina,observation,dsdp_individuals,16.0,false,H
2024-06-01,marina,observation,dsdp_tents,5.0,false,H
2024-06-01,marina,observation,dsdp_vehicles,0.0,false,H
2024-06-01,marina,complaint,gid_requests,101.0,false,C
2024-06-01,marina,enforcement,violations_72hr_reports,1.0,false,D
2024-07-01,city_center,observation,dsdp_adjusted_total,208.0,false,H
2024-07-01,city_center,observation,dsdp_individuals,176.0,false,H
2024-07-01,city_center,observation,dsdp_tents,17.0,false,H
2024-07-01,city_center,observation,dsdp_vehicles,1.0,false,H
2024-07-01,columbia,observation,dsdp_adjusted_total,33.0,false,H
2024-07-01,columbia,observation,dsdp_individuals,17.0,false,H
2024-07-01,columbia,observation,dsdp_tents,9.0,false,H
2024-07-01,columbia,observation,dsdp_vehicles,0.0,false,H
2024-07-01,columbia,complaint,gid_requests,36.0,false,C
2024-07-01,core,complaint,gid_requests,223.0,false,C
2024-07-01,core,enforcement,violations_72hr_reports,2.0,false,D
2024-07-01,cortez,observation,dsdp_adjusted_total,69.0,false,H
2024-07-01,cortez,observation,dsdp_individuals,34.0,false,H
2024-07-01,cortez,observation,dsdp_tents,20.0,false,H
2024-07-01,cortez,observation,dsdp_vehicles,0.0,false,H
2024-07-01,cortez,complaint,gid_requests,132.0,false,C
2024-07-01,cortez,enforcement,violations_72hr_reports,9.0,false,D
2024-07-01,east_village,observation,dsdp_adjusted_total,458.0,false,H
2024-07-01,east_village,observation,dsdp_individuals,301.0,false,H
2024-07-01,east_village,observation,dsdp_tents,86.0,false,H
2024-07-01,east_village,observation,dsdp_vehicles,3.0,false,H
2024-07-01,east_village,complaint,gid_requests,415.0,false,C
2024-07-01,east_village,enforcement,violations_72hr_reports,14.0,false,D
2024-07-01,gaslamp,observation,dsdp_adjusted_total,54.0,false,H
2024-07-01,gaslamp,observation,dsdp_individuals,54.0,false,H
2024-07-01,gaslamp,observation,dsdp_tents,0.0,false,H
2024-07-01,gaslamp,observation,dsdp_vehicles,0.0,false,H
2024-07-01,gaslamp,complaint,gid_requests,38.0,false,C
2024-07-01,gaslamp,enforcement,violations_72hr_reports,2.0,false,D
2024-07-01,marina,observation,dsdp_adjusted_total,11.0,false,H
2024-07-01,marina,observation,dsdp_individuals,11.0,false,H
2024-07-01,marina,observation,dsdp_tents,0.0,false,H
2024-07-01,marina,observation,dsdp_vehicles,0.0,false,H
2024-07-01,marina,complaint,gid_requests,111.0,false,C
2024-08-01,city_center,observation,dsdp_adjusted_total,209.0,false,H
2024-08-01,city_center,observation,dsdp_individuals,184.0,false,H
2024-08-01,city_center,observation,dsdp_tents,12.0,false,H
2024-08-01,city_center,observation,dsdp_vehicles,2.0,false,H
2024-08-01,columbia,observation,dsdp_adjusted_total,35.0,false,H
2024-08-01,columbia,observation,dsdp_individuals,19.0,false,H
2024-08-01,columbia,observation,dsdp_tents,9.0,false,H
2024-08-01,columbia,observation,dsdp_vehicles,0.0,false,H
2024-08-01,columbia,complaint,gid_requests,29.0,false,C
2024-08-01,core,complaint,gid_requests,153.0,false,C
2024-08-01,core,enforcement,violations_72hr_reports,22.0,false,D
2024-08-01,cortez,observation,dsdp_adjusted_total,49.0,false,H
2024-08-01,cortez,observation,dsdp_individuals,26.0,false,H
2024-08-01,cortez,observation,dsdp_tents,13.0,false,H
2024-08-01,cortez,observation,dsdp_vehicles,0.0,false,H
2024-08-01,cortez,complaint,gid_requests,102.0,false,C
2024-08-01,cortez,enforcement,violations_72hr_reports,10.0,false,D
2024-08-01,east_village,observation,dsdp_adjusted_total,449.0,false,H
2024-08-01,east_village,observation,dsdp_individuals,287.0,false,H
2024-08-01,east_village,observation,dsdp_tents,88.0,false,H
2024-08-01,east_village,observation,dsdp_vehicles,4.0,false,H
2024-08-01,east_village,complaint,gid_requests,314.0,false,C
2024-08-01,east_village,enforcement,violations_72hr_reports,12.0,false,D
2024-08-01,gaslamp,observation,dsdp_adjusted_total,37.0,false,H
2024-08-01,gaslamp,observation,dsdp_individuals,37.0,false,H
2024-08-01,gaslamp,observation,dsdp_tents,0.0,false,H
2024-08-01,gaslamp,observation,dsdp_vehicles,0.0,false,H
2024-08-01,gaslamp,complaint,gid_requests,38.0,false,C
2024-08-01,gaslamp,enforcement,violations_72hr_reports,2.0,false,D
2024-08-01,marina,observation,dsdp_adjusted_total,26.0,false,H
2024-08-01,marina,observation,dsdp_individuals,26.0,false,H
2024-08-01,marina,observation,dsdp_tents,0.0,false,H
2024-08-01,marina,observation,dsdp_vehicles,0.0,false,H
2024-08-01,marina,complaint,gid_requests,76.0,false,C
2024-09-01,city_center,observation,dsdp_adjusted_total,134.0,false,H
2024-09-01,city_center,observation,dsdp_individuals,115.0,false,H
2024-09-01,city_center,observation,dsdp_tents,11.0,false,H
2024-09-01,city_center,observation,dsdp_vehicles,0.0,false,H
2024-09-01,columbia,observation,dsdp_adjusted_total,24.0,false,H
2024-09-01,columbia,observation,dsdp_individuals,12.0,false,H
2024-09-01,columbia,observation,dsdp_tents,7.0,false,H
2024-09-01,columbia,observation,dsdp_vehicles,0.0,false,H
2024-09-01,columbia,complaint,gid_requests,24.0,false,C
2024-09-01,columbia,enforcement,violations_72hr_reports,2.0,false,D
2024-09-01,core,complaint,gid_requests,148.0,false,C
2024-09-01,core,enforcement,violations_72hr_reports,6.0,false,D
2024-09-01,cortez,observation,dsdp_adjusted_total,68.0,false,H
2024-09-01,cortez,observation,dsdp_individuals,40.0,false,H
2024-09-01,cortez,observation,dsdp_tents,15.0,false,H
2024-09-01,cortez,observation,dsdp_vehicles,1.0,false,H
2024-09-01,cortez,complaint,gid_requests,112.0,false,C
2024-09-01,cortez,enforcement,violations_72hr_reports,5.0,false,D
2024-09-01,east_village,observation,dsdp_adjusted_total,445.0,false,H
2024-09-01,east_village,observation,dsdp_individuals,241.0,false,H
2024-09-01,east_village,observation,dsdp_tents,111.0,false,H
2024-09-01,east_village,observation,dsdp_vehicles,5.0,false,H
2024-09-01,east_village,complaint,gid_requests,288.0,false,C
2024-09-01,east_village,enforcement,violations_72hr_reports,7.0,false,D
2024-09-01,gaslamp,observation,dsdp_adjusted_total,46.0,false,H
2024-09-01,gaslamp,observation,dsdp_individuals,44.0,false,H
2024-09-01,gaslamp,observation,dsdp_tents,1.0,false,H
2024-09-01,gaslamp,observation,dsdp_vehicles,0.0,false,H
2024-09-01,gaslamp,complaint,gid_requests,44.0,false,C
2024-09-01,gaslamp,enforcement,violations_72hr_reports,2.0,false,D
2024-09-01,marina,observation,dsdp_adjusted_total,24.0,false,H
2024-09-01,marina,observation,dsdp_individuals,22.0,false,H
2024-09-01,marina,observation,dsdp_tents,0.0,false,H
2024-09-01,marina,observation,dsdp_vehicles,1.0,false,H
2024-09-01,marina,complaint,gid_requests,78.0,false,C
2024-09-01,marina,enforcement,violations_72hr_reports,1.0,false,D
2024-10-01,city_center,observation,dsdp_adjusted_total,227.0,false,H
2024-10-01,city_center,observation,dsdp_individuals,197.0,false,H
2024-10-01,city_center,observation,dsdp_tents,17.0,false,H
2024-10-01,city_center,observation,dsdp_vehicles,0.0,false,H
2024-10-01,columbia,observation,dsdp_adjusted_total,34.0,false,H
2024-10-01,columbia,observation,dsdp_individuals,23.0,false,H
2024-10-01,columbia,observation,dsdp_tents,6.0,false,H
2024-10-01,columbia,observation,dsdp_vehicles,0.0,false,H
2024-10-01,columbia,complaint,gid_requests,25.0,false,C
2024-10-01,columbia,enforcement,violations_72hr_reports,3.0,false,D
2024-10-01,core,complaint,gid_requests,104.0,false,C
2024-10-01,core,enforcement,violations_72hr_reports,6.0,false,D
2024-10-01,cortez,observation,dsdp_adjusted_total,69.0,false,H
2024-10-01,cortez,observation,dsdp_individuals,34.0,false,H
2024-10-01,cortez,observation,dsdp_tents,20.0,false,H
2024-10-01,cortez,observation,dsdp_vehicles,0.0,false,H
2024-10-01,cortez,complaint,gid_requests,120.0,false,C
2024-10-01,cortez,enforcement,violations_72hr_reports,2.0,false,D
2024-10-01,east_village,observation,dsdp_adjusted_total,396.0,false,H
2024-10-01,east_village,observation,dsdp_individuals,263.0,false,H
2024-10-01,east_village,observation,dsdp_tents,69.0,false,H
2024-10-01,east_village,observation,dsdp_vehicles,6.0,false,H
2024-10-01,east_village,complaint,gid_requests,317.0,false,C
2024-10-01,east_village,enforcement,violations_72hr_reports,16.0,false,D
2024-10-01,gaslamp,observation,dsdp_adjusted_total,35.0,false,H
2024-10-01,gaslamp,observation,dsdp_individuals,35.0,false,H
2024-10-01,gaslamp,observation,dsdp_tents,0.0,false,H
2024-10-01,gaslamp,observation,dsdp_vehicles,0.0,false,H
2024-10-01,gaslamp,complaint,gid_requests,37.0,false,C
2024-10-01,gaslamp,enforcement,violations_72hr_reports,4.0,false,D
2024-10-01,marina,observation,dsdp_adjusted_total,11.0,false,H
2024-10-01,marina,observation,dsdp_individuals,11.0,false,H
2024-10-01,marina,observation,dsdp_tents,0.0,false,H
2024-10-01,marina,observation,dsdp_vehicles,0.0,false,H
2024-10-01,marina,complaint,gid_requests,51.0,false,C
2024-10-01,marina,enforcement,violations_72hr_reports,9.0,false,D
2024-11-01,city_center,observation,dsdp_adjusted_total,151.0,false,H
2024-11-01,city_center,observation,dsdp_individuals,140.0,false,H
2024-11-01,city_center,observation,dsdp_tents,6.0,false,H
2024-11-01,city_center,observation,dsdp_vehicles,0.0,false,H
2024-11-01,columbia,observation,dsdp_adjusted_total,45.0,false,H
2024-11-01,columbia,observation,dsdp_individuals,33.0,false,H
2024-11-01,columbia,observation,dsdp_tents,7.0,false,H
2024-11-01,columbia,observation,dsdp_vehicles,0.0,false,H
2024-11-01,columbia,complaint,gid_requests,20.0,false,C
2024-11-01,columbia,enforcement,violations_72hr_reports,1.0,false,D
2024-11-01,core,complaint,gid_requests,130.0,false,C
2024-11-01,core,enforcement,violations_72hr_reports,9.0,false,D
2024-11-01,cortez,observation,dsdp_adjusted_total,69.0,false,H
2024-11-01,cortez,observation,dsdp_individuals,53.0,false,H
2024-11-01,cortez,observation,dsdp_tents,8.0,false,H
2024-11-01,cortez,observation,dsdp_vehicles,1.0,false,H
2024-11-01,cortez,complaint,gid_requests,116.0,false,C
2024-11-01,cortez,enforcement,violations_72hr_reports,6.0,false,D
2024-11-01,east_village,observation,dsdp_adjusted_total,390.0,false,H
2024-11-01,east_village,observation,dsdp_individuals,245.0,false,H
2024-11-01,east_village,observation,dsdp_tents,76.0,false,H
2024-11-01,east_village,observation,dsdp_vehicles,6.0,false,H
2024-11-01,east_village,complaint,gid_requests,298.0,false,C
2024-11-01,east_village,enforcement,violations_72hr_reports,11.0,false,D
2024-11-01,gaslamp,observation,dsdp_adjusted_total,40.0,false,H
2024-11-01,gaslamp,observation,dsdp_individuals,40.0,false,H
2024-11-01,gaslamp,observation,dsdp_tents,0.0,false,H
2024-11-01,gaslamp,observation,dsdp_vehicles,0.0,false,H
2024-11-01,gaslamp,complaint,gid_requests,39.0,false,C
2024-11-01,gaslamp,enforcement,violations_72hr_reports,2.0,false,D
2024-11-01,marina,observation,dsdp_adjusted_total,26.0,false,H
2024-11-01,marina,observation,dsdp_individuals,24.0,false,H
2024-11-01,marina,observation,dsdp_tents,1.0,false,H
2024-11-01,marina,observation,dsdp_vehicles,0.0,false,H
2024-11-01,marina,complaint,gid_requests,35.0,false,C
2024-11-01,marina,enforcement,violations_72hr_reports,7.0,false,D
2024-12-01,city_center,observation,dsdp_adjusted_total,156.0,false,H
2024-12-01,city_center,observation,dsdp_individuals,136.0,false,H
2024-12-01,city_center,observation,dsdp_tents,8.0,false,H
2024-12-01,city_center,observation,dsdp_vehicles,3.0,false,H
2024-12-01,columbia,observation,dsdp_adjusted_total,40.0,false,H
2024-12-01,columbia,observation,dsdp_individuals,33.0,false,H
2024-12-01,columbia,observation,dsdp_tents,4.0,false,H
2024-12-01,columbia,observation,dsdp_vehicles,0.0,false,H
2024-12-01,columbia,complaint,gid_requests,20.0,false,C
2024-12-01,core,complaint,gid_requests,110.0,false,C
2024-12-01,core,enforcement,violations_72hr_reports,1.0,false,D
2024-12-01,cortez,observation,dsdp_adjusted_total,74.0,false,H
2024-12-01,cortez,observation,dsdp_individuals,47.0,false,H
2024-12-01,cortez,observation,dsdp_tents,13.0,false,H
2024-12-01,cortez,observation,dsdp_vehicles,2.0,false,H
2024-12-01,cortez,complaint,gid_requests,109.0,false,C
2024-12-01,cortez,enforcement,violations_72hr_reports,4.0,false,D
2024-12-01,east_village,observation,dsdp_adjusted_total,492.0,false,H
2024-12-01,east_village,observation,dsdp_individuals,311.0,false,H
2024-12-01,east_village,observation,dsdp_tents,94.0,false,H
2024-12-01,east_village,observation,dsdp_vehicles,8.0,false,H
2024-12-01,east_village,complaint,gid_requests,258.0,false,C
2024-12-01,east_village,enforcement,violations_72hr_reports,13.0,false,D
2024-12-01,gaslamp,observation,dsdp_adjusted_total,42.0,false,H
2024-12-01,gaslamp,observation,dsdp_individuals,40.0,false,H
2024-12-01,gaslamp,observation,dsdp_tents,1.0,false,H
2024-12-01,gaslamp,observation,dsdp_vehicles,0.0,false,H
2024-12-01,gaslamp,complaint,gid_requests,36.0,false,C
2024-12-01,gaslamp,enforcement,violations_72hr_reports,1.0,false,D
2024-12-01,marina,observation,dsdp_adjusted_total,14.0,false,H
2024-12-01,marina,observation,dsdp_individuals,10.0,false,H
2024-12-01,marina,observation,dsdp_tents,1.0,false,H
2024-12-01,marina,observation,dsdp_vehicles,1.0,false,H
2024-12-01,marina,complaint,gid_requests,45.0,false,C
2024-12-01,marina,enforcement,violations_72hr_reports,2.0,false,D
2025-01-01,city_center,observation,dsdp_adjusted_total,179.0,false,H
2025-01-01,city_center,observation,dsdp_individuals,165.0,false,H
2025-01-01,city_center,observation,dsdp_tents,8.0,false,H
2025-01-01,city_center,observation,dsdp_vehicles,0.0,false,H
2025-01-01,columbia,observation,dsdp_adjusted_total,37.0,false,H
2025-01-01,columbia,observation,dsdp_individuals,32.0,false,H
2025-01-01,columbia,observation,dsdp_tents,3.0,false,H
2025-01-01,columbia,observation,dsdp_vehicles,0.0,false,H
2025-01-01,columbia,complaint,gid_requests,19.0,false,C
2025-01-01,columbia,enforcement,violations_72hr_reports,1.0,false,D
2025-01-01,core,complaint,gid_requests,123.0,false,C
2025-01-01,core,enforcement,violations_72hr_reports,7.0,false,D
2025-01-01,cortez,observation,dsdp_adjusted_total,50.0,false,H
2025-01-01,cortez,observation,dsdp_individuals,44.0,false,H
2025-01-01,cortez,observation,dsdp_tents,2.0,false,H
2025-01-01,cortez,observation,dsdp_vehicles,1.0,false,H
2025-01-01,cortez,complaint,gid_requests,90.0,false,C
2025-01-01,cortez,enforcement,violations_72hr_reports,5.0,false,D
2025-01-01,east_village,observation,dsdp_adjusted_total,435.0,false,H
2025-01-01,east_village,observation,dsdp_individuals,245.0,false,H
2025-01-01,east_village,observation,dsdp_tents,104.0,false,H
2025-01-01,east_village,observation,dsdp_vehicles,4.0,false,H
2025-01-01,east_village,complaint,gid_requests,310.0,false,C
2025-01-01,east_village,enforcement,violations_72hr_reports,14.0,false,D
2025-01-01,gaslamp,observation,dsdp_adjusted_total,41.0,false,H
2025-01-01,gaslamp,observation,dsdp_individuals,41.0,false,H
2025-01-01,gaslamp,observation,dsdp_tents,0.0,false,H
2025-01-01,gaslamp,observation,dsdp_vehicles,0.0,false,H
2025-01-01,gaslamp,complaint,gid_requests,31.0,false,C
2025-01-01,marina,observation,dsdp_adjusted_total,17.0,false,H
2025-01-01,marina,observation,dsdp_individuals,17.0,false,H
2025-01-01,marina,observation,dsdp_tents,0.0,false,H
2025-01-01,marina,observation,dsdp_vehicles,0.0,false,H
2025-01-01,marina,complaint,gid_requests,26.0,false,C
2025-01-01,marina,enforcement,violations_72hr_reports,1.0,false,D
2025-02-01,city_center,observation,dsdp_adjusted_total,176.0,false,H
2025-02-01,city_center,observation,dsdp_individuals,158.0,false,H
2025-02-01,city_center,observation,dsdp_tents,10.0,false,H
2025-02-01,city_center,observation,dsdp_vehicles,0.0,false,H
2025-02-01,columbia,observation,dsdp_adjusted_total,39.0,false,H
2025-02-01,columbia,observation,dsdp_individuals,39.0,false,H
2025-02-01,columbia,observation,dsdp_tents,0.0,false,H
2025-02-01,columbia,observation,dsdp_vehicles,0.0,false,H
2025-02-01,columbia,complaint,gid_requests,4.0,false,C
2025-02-01,columbia,enforcement,violations_72hr_reports,1.0,false,D
2025-02-01,core,complaint,gid_requests,111.0,false,C
2025-02-01,core,enforcement,violations_72hr_reports,7.0,false,D
2025-02-01,cortez,observation,dsdp_adjusted_total,63.0,false,H
2025-02-01,cortez,observation,dsdp_individuals,49.0,false,H
2025-02-01,cortez,observation,dsdp_tents,8.0,false,H
2025-02-01,cortez,observation,dsdp_vehicles,0.0,false,H
2025-02-01,cortez,complaint,gid_requests,106.0,false,C
2025-02-01,cortez,enforcement,violations_72hr_reports,4.0,false,D
2025-02-01,east_village,observation,dsdp_adjusted_total,409.0,false,H
2025-02-01,east_village,observation,dsdp_individuals,294.0,false,H
2025-02-01,east_village,observation,dsdp_tents,60.0,false,H
2025-02-01,east_village,observation,dsdp_vehicles,6.0,false,H
2025-02-01,east_village,complaint,gid_requests,270.0,false,C
2025-02-01,east_village,enforcement,violations_72hr_reports,11.0,false,D
2025-02-01,gaslamp,observation,dsdp_adjusted_total,27.0,false,H
2025-02-01,gaslamp,observation,dsdp_individuals,27.0,false,H
2025-02-01,gaslamp,observation,dsdp_tents,0.0,false,H
2025-02-01,gaslamp,observation,dsdp_vehicles,0.0,false,H
2025-02-01,gaslamp,complaint,gid_requests,34.0,false,C
2025-02-01,marina,observation,dsdp_adjusted_total,17.0,false,H
2025-02-01,marina,observation,dsdp_individuals,13.0,false,H
2025-02-01,marina,observation,dsdp_tents,2.0,false,H
2025-02-01,marina,observation,dsdp_vehicles,0.0,false,H
2025-02-01,marina,complaint,gid_requests,24.0,false,C
2025-02-01,marina,enforcement,violations_72hr_reports,4.0,false,D
2025-03-01,city_center,observation,dsdp_adjusted_total,161.0,false,H
2025-03-01,city_center,observation,dsdp_individuals,147.0,false,H
2025-03-01,city_center,observation,dsdp_tents,8.0,false,H
2025-03-01,city_center,observation,dsdp_vehicles,0.0,false,H
2025-03-01,columbia,observation,dsdp_adjusted_total,14.0,false,H
2025-03-01,columbia,observation,dsdp_individuals,14.0,false,H
2025-03-01,columbia,observation,dsdp_tents,0.0,false,H
2025-03-01,columbia,observation,dsdp_vehicles,0.0,false,H
2025-03-01,columbia,complaint,gid_requests,14.0,false,C
2025-03-01,core,complaint,gid_requests,136.0,false,C
2025-03-01,core,enforcement,violations_72hr_reports,2.0,false,D
2025-03-01,cortez,observation,dsdp_adjusted_total,34.0,false,H
2025-03-01,cortez,observation,dsdp_individuals,22.0,false,H
2025-03-01,cortez,observation,dsdp_tents,7.0,false,H
2025-03-01,cortez,observation,dsdp_vehicles,0.0,false,H
2025-03-01,cortez,complaint,gid_requests,96.0,false,C
2025-03-01,cortez,enforcement,violations_72hr_reports,4.0,false,D
2025-03-01,east_village,observation,dsdp_adjusted_total,413.0,false,H
2025-03-01,east_village,observation,dsdp_individuals,288.0,false,H
2025-03-01,east_village,observation,dsdp_tents,67.0,false,H
2025-03-01,east_village,observation,dsdp_vehicles,4.0,false,H
2025-03-01,east_village,complaint,gid_requests,304.0,false,C
2025-03-01,east_village,enforcement,violations_72hr_reports,15.0,false,D
2025-03-01,gaslamp,observation,dsdp_adjusted_total,32.0,false,H
2025-03-01,gaslamp,observation,dsdp_individuals,30.0,false,H
2025-03-01,gaslamp,observation,dsdp_tents,1.0,false,H
2025-03-01,gaslamp,observation,dsdp_vehicles,0.0,false,H
2025-03-01,gaslamp,complaint,gid_requests,59.0,false,C
2025-03-01,marina,observation,dsdp_adjusted_total,16.0,false,H
2025-03-01,marina,observation,dsdp_individuals,14.0,false,H
2025-03-01,marina,observation,dsdp_tents,0.0,false,H
2025-03-01,marina,observation,dsdp_vehicles,1.0,false,H
2025-03-01,marina,complaint,gid_requests,32.0,false,C
2025-03-01,marina,enforcement,violations_72hr_reports,2.0,false,D
2025-04-01,city_center,observation,dsdp_adjusted_total,154.0,false,H
2025-04-01,city_center,observation,dsdp_individuals,140.0,false,H
2025-04-01,city_center,observation,dsdp_tents,8.0,false,H
2025-04-01,city_center,observation,dsdp_vehicles,0.0,false,H
2025-04-01,columbia,observation,dsdp_adjusted_total,29.0,false,H
2025-04-01,columbia,observation,dsdp_individuals,27.0,false,H
2025-04-01,columbia,observation,dsdp_tents,1.0,false,H
2025-04-01,columbia,observation,dsdp_vehicles,0.0,false,H
2025-04-01,columbia,complaint,gid_requests,23.0,false,C
2025-04-01,core,complaint,gid_requests,115.0,false,C
2025-04-01,core,enforcement,violations_72hr_reports,3.0,false,D
2025-04-01,cortez,observation,dsdp_adjusted_total,77.0,false,H
2025-04-01,cortez,observation,dsdp_individuals,49.0,false,H
2025-04-01,cortez,observation,dsdp_tents,15.0,false,H
2025-04-01,cortez,observation,dsdp_vehicles,1.0,false,H
2025-04-01,cortez,complaint,gid_requests,127.0,false,C
2025-04-01,cortez,enforcement,violations_72hr_reports,4.0,false,D
2025-04-01,east_village,observation,dsdp_adjusted_total,401.0,false,H
2025-04-01,east_village,observation,dsdp_individuals,303.0,false,H
2025-04-01,east_village,observation,dsdp_tents,48.0,false,H
2025-04-01,east_village,observation,dsdp_vehicles,7.0,false,H
2025-04-01,east_village,complaint,gid_requests,282.0,false,C
2025-04-01,east_village,enforcement,violations_72hr_reports,9.0,false,D
2025-04-01,gaslamp,observation,dsdp_adjusted_total,40.0,false,H
2025-04-01,gaslamp,observation,dsdp_individuals,40.0,false,H
2025-04-01,gaslamp,observation,dsdp_tents,0.0,false,H
2025-04-01,gaslamp,observation,dsdp_vehicles,0.0,false,H
2025-04-01,gaslamp,complaint,gid_requests,30.0,false,C
2025-04-01,gaslamp,enforcement,violations_72hr_reports,4.0,false,D
2025-04-01,marina,observation,dsdp_adjusted_total,7.0,false,H
2025-04-01,marina,observation,dsdp_individuals,5.0,false,H
2025-04-01,marina,observation,dsdp_tents,1.0,false,H
2025-04-01,marina,observation,dsdp_vehicles,0.0,false,H
2025-04-01,marina,complaint,gid_requests,46.0,false,C
2025-04-01,marina,enforcement,violations_72hr_reports,4.0,false,D
2025-05-01,city_center,observation,dsdp_adjusted_total,148.0,false,H
2025-05-01,city_center,observation,dsdp_individuals,110.0,false,H
2025-05-01,city_center,observation,dsdp_tents,18.0,false,H
2025-05-01,city_center,observation,dsdp_vehicles,3.0,false,H
2025-05-01,columbia,observation,dsdp_adjusted_total,33.0,false,H
2025-05-01,columbia,observation,dsdp_individuals,28.0,false,H
2025-05-01,columbia,observation,dsdp_tents,3.0,false,H
2025-05-01,columbia,observation,dsdp_vehicles,0.0,false,H
2025-05-01,columbia,complaint,gid_requests,20.0,false,C
2025-05-01,core,complaint,gid_requests,94.0,false,C
2025-05-01,core,enforcement,violations_72hr_reports,11.0,false,D
2025-05-01,cortez,observation,dsdp_adjusted_total,74.0,false,H
2025-05-01,cortez,observation,dsdp_individuals,53.0,false,H
2025-05-01,cortez,observation,dsdp_tents,11.0,false,H
2025-05-01,cortez,observation,dsdp_vehicles,1.0,false,H
2025-05-01,cortez,complaint,gid_requests,135.0,false,C
2025-05-01,cortez,enforcement,violations_72hr_reports,22.0,false,D
2025-05-01,east_village,observation,dsdp_adjusted_total,405.0,false,H
2025-05-01,east_village,observation,dsdp_individuals,318.0,false,H
2025-05-01,east_village,observation,dsdp_tents,46.0,false,H
2025-05-01,east_village,observation,dsdp_vehicles,3.0,false,H
2025-05-01,east_village,complaint,gid_requests,259.0,false,C
2025-05-01,east_village,enforcement,violations_72hr_reports,21.0,false,D
2025-05-01,gaslamp,observation,dsdp_adjusted_total,23.0,false,H
2025-05-01,gaslamp,observation,dsdp_individuals,23.0,false,H
2025-05-01,gaslamp,observation,dsdp_tents,0.0,false,H
2025-05-01,gaslamp,observation,dsdp_vehicles,0.0,false,H
2025-05-01,gaslamp,complaint,gid_requests,44.0,false,C
2025-05-01,marina,observation,dsdp_adjusted_total,8.0,false,H
2025-05-01,marina,observation,dsdp_individuals,6.0,false,H
2025-05-01,marina,observation,dsdp_tents,1.0,false,H
2025-05-01,marina,observation,dsdp_vehicles,0.0,false,H
2025-05-01,marina,complaint,gid_requests,81.0,false,C
2025-05-01,marina,enforcement,violations_72hr_reports,4.0,false,D
2025-06-01,city_center,observation,dsdp_adjusted_total,129.0,false,H
2025-06-01,city_center,observation,dsdp_individuals,117.0,false,H
2025-06-01,city_center,observation,dsdp_tents,7.0,false,H
2025-06-01,city_center,observation,dsdp_vehicles,0.0,false,H
2025-06-01,columbia,observation,dsdp_adjusted_total,21.0,false,H
2025-06-01,columbia,observation,dsdp_individuals,14.0,false,H
2025-06-01,columbia,observation,dsdp_tents,4.0,false,H
2025-06-01,columbia,observation,dsdp_vehicles,0.0,false,H
2025-06-01,columbia,complaint,gid_requests,25.0,false,C
2025-06-01,core,complaint,gid_requests,121.0,false,C
2025-06-01,core,enforcement,violations_72hr_reports,3.0,false,D
2025-06-01,cortez,observation,dsdp_adjusted_total,44.0,false,H
2025-06-01,cortez,observation,dsdp_individuals,35.0,false,H
2025-06-01,cortez,observation,dsdp_tents,5.0,false,H
2025-06-01,cortez,observation,dsdp_vehicles,0.0,false,H
2025-06-01,cortez,complaint,gid_requests,121.0,false,C
2025-06-01,cortez,enforcement,violations_72hr_reports,11.0,false,D
2025-06-01,east_village,observation,dsdp_adjusted_total,408.0,false,H
2025-06-01,east_village,observation,dsdp_individuals,291.0,false,H
2025-06-01,east_village,observation,dsdp_tents,62.0,false,H
2025-06-01,east_village,observation,dsdp_vehicles,4.0,false,H
2025-06-01,east_village,complaint,gid_requests,233.0,false,C
2025-06-01,east_village,enforcement,violations_72hr_reports,24.0,false,D
2025-06-01,gaslamp,observation,dsdp_adjusted_total,40.0,false,H
2025-06-01,gaslamp,observation,dsdp_individuals,38.0,false,H
2025-06-01,gaslamp,observation,dsdp_tents,1.0,false,H
2025-06-01,gaslamp,observation,dsdp_vehicles,0.0,false,H
2025-06-01,gaslamp,complaint,gid_requests,33.0,false,C
2025-06-01,gaslamp,enforcement,violations_72hr_reports,1.0,false,D
2025-06-01,marina,observation,dsdp_adjusted_total,11.0,false,H
2025-06-01,marina,observation,dsdp_individuals,11.0,false,H
2025-06-01,marina,observation,dsdp_tents,0.0,false,H
2025-06-01,marina,observation,dsdp_vehicles,0.0,false,H
2025-06-01,marina,complaint,gid_requests,87.0,false,C
2025-06-01,marina,enforcement,violations_72hr_reports,3.0,false,D
2025-07-01,columbia,complaint,gid_requests,36.0,false,C
2025-07-01,core,complaint,gid_requests,104.0,false,C
2025-07-01,core,enforcement,violations_72hr_reports,12.0,false,D
2025-07-01,cortez,complaint,gid_requests,102.0,false,C
2025-07-01,cortez,enforcement,violations_72hr_reports,16.0,false,D
2025-07-01,east_village,complaint,gid_requests,272.0,false,C
2025-07-01,east_village,enforcement,violations_72hr_reports,17.0,false,D
2025-07-01,gaslamp,complaint,gid_requests,32.0,false,C
2025-07-01,gaslamp,enforcement,violations_72hr_reports,3.0,false,D
2025-07-01,marina,complaint,gid_requests,62.0,false,C
2025-07-01,marina,enforcement,violations_72hr_reports,3.0,false,D
2025-08-01,columbia,complaint,gid_requests,23.0,false,C
2025-08-01,core,complaint,gid_requests,99.0,false,C
2025-08-01,core,enforcement,violations_72hr_reports,5.0,false,D
2025-08-01,cortez,complaint,gid_requests,94.0,false,C
2025-08-01,cortez,enforcement,violations_72hr_reports,10.0,false,D
2025-08-01,east_village,complaint,gid_requests,285.0,false,C
2025-08-01,east_village,enforcement,violations_72hr_reports,27.0,false,D
2025-08-01,gaslamp,complaint,gid_requests,44.0,false,C
2025-08-01,gaslamp,enforcement,violations_72hr_reports,2.0,false,D
2025-08-01,marina,complaint,gid_requests,49.0,false,C
2025-08-01,marina,enforcement,violations_72hr_reports,1.0,false,D
2025-09-01,city_center,observation,dsdp_adjusted_total,125.0,false,H
2025-09-01,city_center,observation,dsdp_individuals,107.0,false,H
2025-09-01,city_center,observation,dsdp_tents,10.0,false,H
2025-09-01,city_center,observation,dsdp_vehicles,0.0,false,H
2025-09-01,columbia,observation,dsdp_adjusted_total,31.0,false,H
2025-09-01,columbia,observation,dsdp_individuals,25.0,false,H
2025-09-01,columbia,observation,dsdp_tents,2.0,false,H
2025-09-01,columbia,observation,dsdp_vehicles,1.0,false,H
2025-09-01,columbia,complaint,gid_requests,24.0,false,C
2025-09-01,core,complaint,gid_requests,91.0,false,C
2025-09-01,core,enforcement,violations_72hr_reports,10.0,false,D
2025-09-01,cortez,observation,dsdp_adjusted_total,45.0,false,H
2025-09-01,cortez,observation,dsdp_individuals,32.0,false,H
2025-09-01,cortez,observation,dsdp_tents,6.0,false,H
2025-09-01,cortez,observation,dsdp_vehicles,1.0,false,H
2025-09-01,cortez,complaint,gid_requests,86.0,false,C
2025-09-01,cortez,enforcement,violations_72hr_reports,3.0,false,D
2025-09-01,east_village,observation,dsdp_adjusted_total,445.0,false,H
2025-09-01,east_village,observation,dsdp_individuals,283.0,false,H
2025-09-01,east_village,observation,dsdp_tents,60.0,false,H
2025-09-01,east_village,observation,dsdp_vehicles,9.0,false,H
2025-09-01,east_village,complaint,gid_requests,295.0,false,C
2025-09-01,east_village,enforcement,violations_72hr_reports,23.0,false,D
2025-09-01,gaslamp,observation,dsdp_adjusted_total,52.0,false,H
2025-09-01,gaslamp,observation,dsdp_individuals,52.0,false,H
2025-09-01,gaslamp,observation,dsdp_tents,0.0,false,H
2025-09-01,gaslamp,observation,dsdp_vehicles,0.0,false,H
2025-09-01,gaslamp,complaint,gid_requests,50.0,false,C
2025-09-01,gaslamp,enforcement,violations_72hr_reports,2.0,false,D
2025-09-01,marina,observation,dsdp_adjusted_total,24.0,false,H
2025-09-01,marina,observation,dsdp_individuals,24.0,false,H
2025-09-01,marina,observation,dsdp_tents,0.0,false,H
2025-09-01,marina,observation,dsdp_vehicles,0.0,false,H
2025-09-01,marina,complaint,gid_requests,32.0,false,C
2025-09-01,marina,enforcement,violations_72hr_reports,7.0,false,D
2025-10-01,columbia,complaint,gid_requests,18.0,false,C
2025-10-01,columbia,enforcement,violations_72hr_reports,2.0,false,D
2025-10-01,core,complaint,gid_requests,110.0,false,C
2025-10-01,core,enforcement,violations_72hr_reports,1.0,false,D
2025-10-01,cortez,complaint,gid_requests,173.0,false,C
2025-10-01,cortez,enforcement,violations_72hr_reports,4.0,false,D
2025-10-01,east_village,complaint,gid_requests,305.0,false,C
2025-10-01,east_village,enforcement,violations_72hr_reports,23.0,false,D
2025-10-01,gaslamp,complaint,gid_requests,51.0,false,C
2025-10-01,gaslamp,enforcement,violations_72hr_reports,4.0,false,D
2025-10-01,marina,complaint,gid_requests,44.0,false,C
2025-10-01,marina,enforcement,violations_72hr_reports,4.0,false,D
2025-11-01,columbia,complaint,gid_requests,17.0,false,C
2025-11-01,core,complaint,gid_requests,115.0,false,C
2025-11-01,core,enforcement,violations_72hr_reports,4.0,false,D
2025-11-01,cortez,complaint,gid_requests,128.0,false,C
2025-11-01,cortez,enforcement,violations_72hr_reports,11.0,false,D
2025-11-01,east_village,complaint,gid_requests,300.0,false,C
2025-11-01,east_village,enforcement,violations_72hr_reports,25.0,false,D
2025-11-01,gaslamp,complaint,gid_requests,61.0,false,C
2025-11-01,gaslamp,enforcement,violations_72hr_reports,4.0,false,D
2025-11-01,marina,complaint,gid_requests,15.0,false,C
2025-11-01,marina,enforcement,violations_72hr_reports,3.0,false,D
2025-12-01,city_center,observation,dsdp_adjusted_total,195.0,false,H
2025-12-01,city_center,observation,dsdp_individuals,163.0,false,H
2025-12-01,city_center,observation,dsdp_tents,15.0,false,H
2025-12-01,city_center,observation,dsdp_vehicles,3.0,false,H
2025-12-01,columbia,observation,dsdp_adjusted_total,32.0,false,H
2025-12-01,columbia,observation,dsdp_individuals,28.0,false,H
2025-12-01,columbia,observation,dsdp_tents,2.0,false,H
2025-12-01,columbia,observation,dsdp_vehicles,0.0,false,H
2025-12-01,columbia,complaint,gid_requests,17.0,false,C
2025-12-01,core,complaint,gid_requests,108.0,false,C
2025-12-01,core,enforcement,violations_72hr_reports,5.0,false,D
2025-12-01,cortez,observation,dsdp_adjusted_total,83.0,false,H
2025-12-01,cortez,observation,dsdp_individuals,57.0,false,H
2025-12-01,cortez,observation,dsdp_tents,10.0,false,H
2025-12-01,cortez,observation,dsdp_vehicles,4.0,false,H
2025-12-01,cortez,complaint,gid_requests,119.0,false,C
2025-12-01,cortez,enforcement,violations_72hr_reports,15.0,false,D
2025-12-01,east_village,observation,dsdp_adjusted_total,555.0,false,H
2025-12-01,east_village,observation,dsdp_individuals,313.0,false,H
2025-12-01,east_village,observation,dsdp_tents,122.0,false,H
2025-12-01,east_village,observation,dsdp_vehicles,14.0,false,H
2025-12-01,east_village,complaint,gid_requests,342.0,false,C
2025-12-01,east_village,enforcement,violations_72hr_reports,26.0,false,D
2025-12-01,gaslamp,observation,dsdp_adjusted_total,42.0,false,H
2025-12-01,gaslamp,observation,dsdp_individuals,42.0,false,H
2025-12-01,gaslamp,observation,dsdp_tents,0.0,false,H
2025-12-01,gaslamp,observation,dsdp_vehicles,0.0,false,H
2025-12-01,gaslamp,complaint,gid_requests,27.0,false,C
2025-12-01,marina,observation,dsdp_adjusted_total,11.0,false,H
2025-12-01,marina,observation,dsdp_individuals,11.0,false,H
2025-12-01,marina,observation,dsdp_tents,0.0,false,H
2025-12-01,marina,observation,dsdp_vehicles,0.0,false,H
2025-12-01,marina,complaint,gid_requests,21.0,false,C
2025-12-01,marina,enforcement,violations_72hr_reports,9.0,false,D
2026-01-01,columbia,complaint,gid_requests,14.0,false,C
2026-01-01,core,complaint,gid_requests,100.0,false,C
2026-01-01,core,enforcement,violations_72hr_reports,12.0,false,D
2026-01-01,cortez,complaint,gid_requests,123.0,false,C
2026-01-01,cortez,enforcement,violations_72hr_reports,14.0,false,D
2026-01-01,east_village,complaint,gid_requests,384.0,false,C
2026-01-01,east_village,enforcement,violations_72hr_reports,33.0,false,D
2026-01-01,gaslamp,complaint,gid_requests,19.0,false,C
2026-01-01,gaslamp,enforcement,violations_72hr_reports,4.0,false,D
2026-01-01,marina,complaint,gid_requests,19.0,false,C
2026-01-01,marina,enforcement,violations_72hr_reports,5.0,false,D
2026-02-01,columbia,complaint,gid_requests,18.0,false,C
2026-02-01,core,complaint,gid_requests,99.0,false,C
2026-02-01,core,enforcement,violations_72hr_reports,8.0,false,D
2026-02-01,cortez,complaint,gid_requests,120.0,false,C
2026-02-01,cortez,enforcement,violations_72hr_reports,18.0,false,D
2026-02-01,east_village,complaint,gid_requests,412.0,false,C
2026-02-01,east_village,enforcement,violations_72hr_reports,13.0,false,D
2026-02-01,gaslamp,complaint,gid_requests,22.0,false,C
2026-02-01,gaslamp,enforcement,violations_72hr_reports,3.0,false,D
2026-02-01,marina,complaint,gid_requests,11.0,false,C
2026-02-01,marina,enforcement,violations_72hr_reports,1.0,false,D
2026-03-01,columbia,complaint,gid_requests,18.0,false,C
2026-03-01,columbia,enforcement,violations_72hr_reports,2.0,false,D
2026-03-01,core,complaint,gid_requests,64.0,false,C
2026-03-01,core,enforcement,violations_72hr_reports,4.0,false,D
2026-03-01,cortez,complaint,gid_requests,115.0,false,C
2026-03-01,cortez,enforcement,violations_72hr_reports,17.0,false,D
2026-03-01,east_village,complaint,gid_requests,361.0,false,C
2026-03-01,east_village,enforcement,violations_72hr_reports,41.0,false,D
2026-03-01,gaslamp,complaint,gid_requests,21.0,false,C
2026-03-01,gaslamp,enforcement,violations_72hr_reports,3.0,false,D
2026-03-01,marina,complaint,gid_requests,29.0,false,C
2026-03-01,marina,enforcement,violations_72hr_reports,3.0,false,D
2026-04-01,columbia,complaint,gid_requests,23.0,false,C
2026-04-01,core,complaint,gid_requests,48.0,false,C
2026-04-01,core,enforcement,violations_72hr_reports,6.0,false,D
2026-04-01,cortez,complaint,gid_requests,73.0,false,C
2026-04-01,cortez,enforcement,violations_72hr_reports,17.0,false,D
2026-04-01,east_village,complaint,gid_requests,430.0,false,C
2026-04-01,east_village,enforcement,violations_72hr_reports,21.0,false,D
2026-04-01,gaslamp,complaint,gid_requests,30.0,false,C
2026-04-01,gaslamp,enforcement,violations_72hr_reports,1.0,false,D
2026-04-01,marina,complaint,gid_requests,41.0,false,C
2026-04-01,marina,enforcement,violations_72hr_reports,2.0,false,D
2026-05-01,columbia,complaint,gid_requests,15.0,false,C
2026-05-01,core,complaint,gid_requests,68.0,false,C
2026-05-01,core,enforcement,violations_72hr_reports,3.0,false,D
2026-05-01,cortez,complaint,gid_requests,87.0,false,C
2026-05-01,cortez,enforcement,violations_72hr_reports,12.0,false,D
2026-05-01,east_village,complaint,gid_requests,382.0,false,C
2026-05-01,east_village,enforcement,violations_72hr_reports,9.0,false,D
2026-05-01,gaslamp,complaint,gid_requests,25.0,false,C
2026-05-01,gaslamp,enforcement,violations_72hr_reports,1.0,false,D
2026-05-01,marina,complaint,gid_requests,35.0,false,C
2026-06-01,columbia,complaint,gid_requests,9.0,false,C
2026-06-01,core,complaint,gid_requests,123.0,false,C
2026-06-01,core,enforcement,violations_72hr_reports,4.0,false,D
2026-06-01,cortez,complaint,gid_requests,93.0,false,C
2026-06-01,cortez,enforcement,violations_72hr_reports,6.0,false,D
2026-06-01,east_village,complaint,gid_requests,396.0,false,C
2026-06-01,east_village,enforcement,violations_72hr_reports,14.0,false,D
2026-06-01,gaslamp,complaint,gid_requests,17.0,false,C
2026-06-01,marina,complaint,gid_requests,33.0,false,C
2026-06-01,marina,enforcement,violations_72hr_reports,3.0,false,D
2026-07-01,columbia,complaint,gid_requests,15.0,false,C
2026-07-01,core,complaint,gid_requests,224.0,false,C
2026-07-01,core,enforcement,violations_72hr_reports,30.0,false,D
2026-07-01,cortez,complaint,gid_requests,100.0,false,C
2026-07-01,cortez,enforcement,violations_72hr_reports,6.0,false,D
2026-07-01,east_village,complaint,gid_requests,500.0,false,C
2026-07-01,east_village,enforcement,violations_72hr_reports,25.0,false,D
2026-07-01,gaslamp,complaint,gid_requests,27.0,false,C
2026-07-01,gaslamp,enforcement,violations_72hr_reports,1.0,false,D
2026-07-01,marina,complaint,gid_requests,54.0,false,C
2026-08-01,columbia,complaint,gid_requests,16.0,false,C
2026-08-01,core,complaint,gid_requests,146.0,false,C
2026-08-01,core,enforcement,violations_72hr_reports,5.0,false,D
2026-08-01,cortez,complaint,gid_requests,69.0,false,C
2026-08-01,cortez,enforcement,violations_72hr_reports,4.0,false,D
2026-08-01,east_village,complaint,gid_requests,337.0,false,C
2026-08-01,east_village,enforcement,violations_72hr_reports,6.0,false,D
2026-08-01,gaslamp,complaint,gid_requests,24.0,false,C
2026-08-01,marina,complaint,gid_requests,28.0,false,C
