block_id,neighborhood_source,area,count_date,report_month,individuals,tents_structures,vehicles,in_panel_261
01ST_AV_I-5_SB,Cortez,Cortez,2018-01-24,2018-01-01,0,0,0,True
01ST_AV_W_ASH_ST,Cortez,Cortez,2018-01-24,2018-01-01,0,0,0,True
01ST_AV_W_A_ST,City Center,City Center,2018-01-24,2018-01-01,0,0,0,True
01ST_AV_W_BEECH_ST,Cortez,Cortez,2018-01-24,2018-01-01,5,0,0,True
01ST_AV_W_BROADWAY,City Center,City Center,2018-01-24,2018-01-01,0,0,0,True
01ST_AV_W_B_ST,City Center,City Center,2018-01-24,2018-01-01,0,0,0,True
01ST_AV_W_CEDAR_ST,Cortez,Cortez,2018-01-24,2018-01-01,0,0,0,True
01ST_AV_W_C_ST,City Center,City Center,2018-01-24,2018-01-01,1,0,0,True
01ST_AV_W_E_ST,City Center,City Center,2018-01-24,2018-01-01,0,0,0,True
01ST_AV_W_F_ST,City Center,City Center,2018-01-24,2018-01-01,4,0,0,True
01ST_AV_W_G_ST,Marina,Marina,2018-01-24,2018-01-01,0,0,0,True
01ST_AV_W_ISLAND_AV,Marina,Marina,2018-01-24,2018-01-01,1,2,0,True
01ST_AV_W_MARKET_ST,Marina,Marina,2018-01-24,2018-01-01,0,0,0,True
02ND_AV_ASH_ST,Cortez,Cortez,2018-01-24,2018-01-01,0,0,0,True
02ND_AV_BEECH_ST,Cortez,Cortez,2018-01-24,2018-01-01,2,0,0,True
02ND_AV_CEDAR_ST,Cortez,Cortez,2018-01-24,2018-01-01,1,1,0,True
02ND_AV_C_ST,City Center,City Center,2018-01-24,2018-01-01,1,0,0,True
02ND_AV_G_ST,Marina,Marina,2018-01-24,2018-01-01,2,0,0,True
02ND_AV_I-5_SB,Cortez,Cortez,2018-01-24,2018-01-01,0,0,0,True
02ND_AV_ISLAND_AV,Marina,Marina,2018-01-24,2018-01-01,3,0,0,True
02ND_AV_MARKET_ST,Marina,Marina,2018-01-24,2018-01-01,0,0,0,True
03RD_AV_ASH_ST,Cortez,Cortez,2018-01-24,2018-01-01,15,0,0,True
03RD_AV_A_ST,City Center,City Center,2018-01-24,2018-01-01,2,0,0,True
03RD_AV_BEECH_ST,Cortez,Cortez,2018-01-24,2018-01-01,1,0,0,True
03RD_AV_CEDAR_ST,Cortez,Cortez,2018-01-24,2018-01-01,1,0,0,True
03RD_AV_C_ST,City Center,City Center,2018-01-24,2018-01-01,0,0,0,True
03RD_AV_G_ST,Marina,Marina,2018-01-24,2018-01-01,3,0,0,True
03RD_AV_I-5_SB,Cortez,Cortez,2018-01-24,2018-01-01,0,0,0,True
03RD_AV_ISLAND_AV,Marina,Marina,2018-01-24,2018-01-01,0,0,0,True
03RD_AV_J_ST,Marina,Marina,2018-01-24,2018-01-01,6,0,0,True
03RD_AV_MARKET_ST,Marina,Marina,2018-01-24,2018-01-01,0,0,0,True
04TH_AV_ASH_ST,Cortez,Cortez,2018-01-24,2018-01-01,0,0,0,True
04TH_AV_A_ST,City Center,City Center,2018-01-24,2018-01-01,4,0,0,True
04TH_AV_BEECH_ST,Cortez,Cortez,2018-01-24,2018-01-01,1,0,0,True
04TH_AV_BROADWAY,City Center,City Center,2018-01-24,2018-01-01,8,0,0,True
04TH_AV_B_ST,City Center,City Center,2018-01-24,2018-01-01,4,0,0,True
04TH_AV_CEDAR_ST,Cortez,Cortez,2018-01-24,2018-01-01,0,0,0,True
04TH_AV_C_ST,City Center,City Center,2018-01-24,2018-01-01,4,0,0,True
04TH_AV_G_ST,Marina,Marina,2018-01-24,2018-01-01,3,0,0,True
04TH_AV_I-5_SB,Cortez,Cortez,2018-01-24,2018-01-01,0,0,0,True
04TH_AV_ISLAND_AV,Marina,Marina,2018-01-24,2018-01-01,0,0,0,True
04TH_AV_J_ST,Marina,Marina,2018-01-24,2018-01-01,2,0,1,True
04TH_AV_MARKET_ST,Marina,Marina,2018-01-24,2018-01-01,0,0,0,True
05TH_AV_ASH_ST,Cortez,Cortez,2018-01-24,2018-01-01,2,1,0,True
05TH_AV_A_ST,City Center,City Center,2018-01-24,2018-01-01,1,0,0,True
05TH_AV_BEECH_ST,Cortez,Cortez,2018-01-24,2018-01-01,0,0,0,True
05TH_AV_BROADWAY,Gaslamp,Gaslamp,2018-01-24,2018-01-01,3,0,0,True
05TH_AV_B_ST,City Center,City Center,2018-01-24,2018-01-01,10,1,0,True
05TH_AV_CEDAR_ST,Cortez,Cortez,2018-01-24,2018-01-01,0,0,0,True
05TH_AV_C_ST,City Center,City Center,2018-01-24,2018-01-01,5,0,0,True
05TH_AV_E_ST,Gaslamp,Gaslamp,2018-01-24,2018-01-01,4,0,0,True
05TH_AV_F_ST,Gaslamp,Gaslamp,2018-01-24,2018-01-01,1,0,0,True
05TH_AV_G_ST,Gaslamp,Gaslamp,2018-01-24,2018-01-01,1,0,0,True
05TH_AV_I-5_SB,Cortez,Cortez,2018-01-24,2018-01-01,1,0,0,True
05TH_AV_ISLAND_AV,Gaslamp,Gaslamp,2018-01-24,2018-01-01,3,0,0,True
05TH_AV_J_ST,Gaslamp,Gaslamp,2018-01-24,2018-01-01,0,0,0,True
05TH_AV_K_ST,Gaslamp,Gaslamp,2018-01-24,2018-01-01,1,0,0,True
05TH_AV_MARKET_ST,Gaslamp,Gaslamp,2018-01-24,2018-01-01,2,0,0,True
06TH_AV_ASH_ST,Cortez,Cortez,2018-01-24,2018-01-01,0,0,0,True
06TH_AV_A_ST,City Center,City Center,2018-01-24,2018-01-01,4,0,0,True
06TH_AV_BEECH_ST,Cortez,Cortez,2018-01-24,2018-01-01,0,0,0,True
06TH_AV_BROADWAY,Gaslamp,Gaslamp,2018-01-24,2018-01-01,2,0,0,True
06TH_AV_B_ST,City Center,City Center,2018-01-24,2018-01-01,1,0,0,True
06TH_AV_CEDAR_ST,Cortez,Cortez,2018-01-24,2018-01-01,7,0,0,True
06TH_AV_C_ST,City Center,City Center,2018-01-24,2018-01-01,3,0,0,True
06TH_AV_E_ST,Gaslamp,Gaslamp,2018-01-24,2018-01-01,2,0,0,True
06TH_AV_F_ST,Gaslamp,Gaslamp,2018-01-24,2018-01-01,8,0,0,True
06TH_AV_G_ST,Gaslamp,Gaslamp,2018-01-24,2018-01-01,2,0,0,True
06TH_AV_I-5_SB,Cortez,Cortez,2018-01-24,2018-01-01,2,0,0,True
06TH_AV_ISLAND_AV,Gaslamp,Gaslamp,2018-01-24,2018-01-01,1,0,0,True
06TH_AV_J_ST,Gaslamp,Gaslamp,2018-01-24,2018-01-01,2,0,0,True
06TH_AV_K_ST,Gaslamp,Gaslamp,2018-01-24,2018-01-01,3,0,0,True
06TH_AV_L_ST,Gaslamp,Gaslamp,2018-01-24,2018-01-01,5,0,0,True
06TH_AV_MARKET_ST,Gaslamp,Gaslamp,2018-01-24,2018-01-01,4,0,0,True
07TH_AV_ASH_ST,Cortez,Cortez,2018-01-24,2018-01-01,4,0,0,True
07TH_AV_A_ST,City Center,City Center,2018-01-24,2018-01-01,3,0,0,True
07TH_AV_BEECH_ST,Cortez,Cortez,2018-01-24,2018-01-01,0,0,0,True
07TH_AV_BROADWAY,City Center,City Center,2018-01-24,2018-01-01,0,0,0,True
07TH_AV_B_ST,City Center,City Center,2018-01-24,2018-01-01,0,0,0,True
07TH_AV_CEDAR_ST,Cortez,Cortez,2018-01-24,2018-01-01,0,0,0,True
07TH_AV_C_ST,City Center,City Center,2018-01-24,2018-01-01,1,0,0,True
07TH_AV_E_ST,East Village,East Village,2018-01-24,2018-01-01,1,0,0,True
07TH_AV_F_ST,East Village,East Village,2018-01-24,2018-01-01,1,0,0,True
07TH_AV_G_ST,East Village,East Village,2018-01-24,2018-01-01,1,0,0,True
07TH_AV_I-5_SB,Cortez,Cortez,2018-01-24,2018-01-01,1,0,0,True
07TH_AV_ISLAND_AV,South East Village,East Village,2018-01-24,2018-01-01,6,4,0,True
07TH_AV_J_ST,South East Village,East Village,2018-01-24,2018-01-01,0,0,0,True
07TH_AV_MARKET_ST,South East Village,East Village,2018-01-24,2018-01-01,1,0,0,True
08TH_AV_ASH_ST,Cortez,Cortez,2018-01-24,2018-01-01,1,0,0,True
08TH_AV_A_ST,City Center,City Center,2018-01-24,2018-01-01,0,0,0,True
08TH_AV_BEECH_ST,Cortez,Cortez,2018-01-24,2018-01-01,0,0,0,True
08TH_AV_BROADWAY,City Center,City Center,2018-01-24,2018-01-01,0,0,0,True
08TH_AV_B_ST,City Center,City Center,2018-01-24,2018-01-01,1,0,0,True
08TH_AV_CEDAR_ST,Cortez,Cortez,2018-01-24,2018-01-01,0,0,0,True
08TH_AV_C_ST,City Center,City Center,2018-01-24,2018-01-01,2,0,0,True
08TH_AV_DATE_ST,Cortez,Cortez,2018-01-24,2018-01-01,0,0,0,True
08TH_AV_E_ST,East Village,East Village,2018-01-24,2018-01-01,8,0,0,True
08TH_AV_F_ST,East Village,East Village,2018-01-24,2018-01-01,2,2,0,True
08TH_AV_G_ST,East Village,East Village,2018-01-24,2018-01-01,2,0,0,True
08TH_AV_ISLAND_AV,South East Village,East Village,2018-01-24,2018-01-01,0,0,0,True
08TH_AV_MARKET_ST,South East Village,East Village,2018-01-24,2018-01-01,2,0,0,True
09TH_AV_ASH_ST,Cortez,Cortez,2018-01-24,2018-01-01,0,0,0,True
09TH_AV_A_ST,City Center,City Center,2018-01-24,2018-01-01,0,0,0,True
09TH_AV_BEECH_ST,Cortez,Cortez,2018-01-24,2018-01-01,0,0,0,True
09TH_AV_BROADWAY,City Center,City Center,2018-01-24,2018-01-01,15,0,0,True
09TH_AV_B_ST,City Center,City Center,2018-01-24,2018-01-01,0,0,0,True
09TH_AV_CEDAR_ST,Cortez,Cortez,2018-01-24,2018-01-01,0,0,0,True
09TH_AV_C_ST,City Center,City Center,2018-01-24,2018-01-01,2,2,0,True
09TH_AV_DATE_ST,Cortez,Cortez,2018-01-24,2018-01-01,0,0,0,True
09TH_AV_E_ST,East Village,East Village,2018-01-24,2018-01-01,21,9,0,True
09TH_AV_F_ST,East Village,East Village,2018-01-24,2018-01-01,4,0,0,True
09TH_AV_G_ST,East Village,East Village,2018-01-24,2018-01-01,4,0,0,True
09TH_AV_ISLAND_AV,South East Village,East Village,2018-01-24,2018-01-01,1,0,0,True
09TH_AV_MARKET_ST,South East Village,East Village,2018-01-24,2018-01-01,0,0,0,True
10TH_AV_ASH_ST,Cortez,Cortez,2018-01-24,2018-01-01,4,0,0,True
10TH_AV_A_ST,City Center,City Center,2018-01-24,2018-01-01,0,0,0,True
10TH_AV_BEECH_ST,Cortez,Cortez,2018-01-24,2018-01-01,0,0,0,True
10TH_AV_BROADWAY,City Center,City Center,2018-01-24,2018-01-01,2,0,0,True
10TH_AV_B_ST,City Center,City Center,2018-01-24,2018-01-01,6,2,0,True
10TH_AV_CEDAR_ST,Cortez,Cortez,2018-01-24,2018-01-01,0,0,0,True
10TH_AV_C_ST,City Center,City Center,2018-01-24,2018-01-01,1,3,0,True
10TH_AV_DATE_ST,Cortez,Cortez,2018-01-24,2018-01-01,0,0,0,True
10TH_AV_E_ST,East Village,East Village,2018-01-24,2018-01-01,0,0,0,True
10TH_AV_F_ST,East Village,East Village,2018-01-24,2018-01-01,0,0,0,True
10TH_AV_G_ST,East Village,East Village,2018-01-24,2018-01-01,1,0,0,True
10TH_AV_ISLAND_AV,South East Village,East Village,2018-01-24,2018-01-01,2,0,0,True
10TH_AV_J_ST,South East Village,East Village,2018-01-24,2018-01-01,4,0,0,True
10TH_AV_MARKET_ST,South East Village,East Village,2018-01-24,2018-01-01,1,0,0,True
11TH_AV_A_ST,City Center,City Center,2018-01-24,2018-01-01,6,0,0,True
11TH_AV_BROADWAY,City Center,City Center,2018-01-24,2018-01-01,0,0,0,True
11TH_AV_B_ST,City Center,City Center,2018-01-24,2018-01-01,2,0,0,True
11TH_AV_C_ST,City Center,City Center,2018-01-24,2018-01-01,2,0,0,True
11TH_AV_E_ST,East Village,East Village,2018-01-24,2018-01-01,0,0,0,True
11TH_AV_F_ST,East Village,East Village,2018-01-24,2018-01-01,0,0,0,True
11TH_AV_G_ST,East Village,East Village,2018-01-24,2018-01-01,0,0,0,True
11TH_AV_ISLAND_AV,South East Village,East Village,2018-01-24,2018-01-01,0,0,0,True
11TH_AV_J_ST,South East Village,East Village,2018-01-24,2018-01-01,0,0,0,True
11TH_AV_K_ST,South East Village,East Village,2018-01-24,2018-01-01,0,0,0,True
11TH_AV_MARKET_ST,South East Village,East Village,2018-01-24,2018-01-01,0,0,0,True
12TH_AV_PARK_BL,South East Village,East Village,2018-01-24,2018-01-01,0,0,0,True
13TH_ST_BROADWAY,East Village,East Village,2018-01-24,2018-01-01,0,0,0,True
13TH_ST_C_ST,East Village,East Village,2018-01-24,2018-01-01,0,0,0,True
13TH_ST_E_ST,East Village,East Village,2018-01-24,2018-01-01,0,1,1,True
13TH_ST_F_ST,East Village,East Village,2018-01-24,2018-01-01,1,0,0,True
13TH_ST_G_ST,East Village,East Village,2018-01-24,2018-01-01,7,0,0,True
13TH_ST_IMPERIAL_AV,South East Village,East Village,2018-01-24,2018-01-01,0,0,0,True
13TH_ST_ISLAND_AV,South East Village,East Village,2018-01-24,2018-01-01,9,1,0,True
13TH_ST_J_ST,South East Village,East Village,2018-01-24,2018-01-01,5,6,0,True
13TH_ST_K_ST,South East Village,East Village,2018-01-24,2018-01-01,6,0,0,True
13TH_ST_L_ST,South East Village,East Village,2018-01-24,2018-01-01,1,4,0,True
13TH_ST_MARKET_ST,South East Village,East Village,2018-01-24,2018-01-01,6,0,0,True
14TH_ST_BROADWAY,East Village,East Village,2018-01-24,2018-01-01,5,5,0,True
14TH_ST_C_ST,East Village,East Village,2018-01-24,2018-01-01,0,0,0,True
14TH_ST_E_ST,East Village,East Village,2018-01-24,2018-01-01,2,0,0,True
14TH_ST_F_ST,East Village,East Village,2018-01-24,2018-01-01,0,0,0,True
14TH_ST_G_ST,East Village,East Village,2018-01-24,2018-01-01,5,0,0,True
14TH_ST_IMPERIAL_AV,South East Village,East Village,2018-01-24,2018-01-01,2,0,0,True
14TH_ST_ISLAND_AV,South East Village,East Village,2018-01-24,2018-01-01,8,9,1,True
14TH_ST_J_ST,South East Village,East Village,2018-01-24,2018-01-01,0,0,0,True
14TH_ST_K_ST,South East Village,East Village,2018-01-24,2018-01-01,1,0,0,True
14TH_ST_L_ST,South East Village,East Village,2018-01-24,2018-01-01,5,4,1,True
14TH_ST_MARKET_ST,South East Village,East Village,2018-01-24,2018-01-01,7,0,0,True
15TH_ST_BROADWAY,East Village,East Village,2018-01-24,2018-01-01,1,0,0,True
15TH_ST_C_ST,East Village,East Village,2018-01-24,2018-01-01,0,0,0,True
15TH_ST_E_ST,East Village,East Village,2018-01-24,2018-01-01,3,2,0,True
15TH_ST_F_ST,East Village,East Village,2018-01-24,2018-01-01,0,0,0,True
15TH_ST_G_ST,East Village,East Village,2018-01-24,2018-01-01,4,0,0,True
15TH_ST_IMPERIAL_AV,South East Village,East Village,2018-01-24,2018-01-01,25,1,1,True
15TH_ST_ISLAND_AV,South East Village,East Village,2018-01-24,2018-01-01,0,0,0,True
15TH_ST_J_ST,South East Village,East Village,2018-01-24,2018-01-01,1,0,0,True
15TH_ST_MARKET_ST,South East Village,East Village,2018-01-24,2018-01-01,8,3,1,True
16TH_ST_BROADWAY,East Village,East Village,2018-01-24,2018-01-01,0,0,0,True
16TH_ST_C_ST,East Village,East Village,2018-01-24,2018-01-01,0,0,0,True
16TH_ST_E_ST,East Village,East Village,2018-01-24,2018-01-01,0,0,0,True
16TH_ST_F_ST,East Village,East Village,2018-01-24,2018-01-01,0,0,0,True
16TH_ST_G_ST,East Village,East Village,2018-01-24,2018-01-01,5,3,0,True
16TH_ST_IMPERIAL_AV,South East Village,East Village,2018-01-24,2018-01-01,7,0,3,True
16TH_ST_ISLAND_AV,South East Village,East Village,2018-01-24,2018-01-01,0,0,0,True
16TH_ST_J_ST,South East Village,East Village,2018-01-24,2018-01-01,15,4,0,True
16TH_ST_K_ST,South East Village,East Village,2018-01-24,2018-01-01,6,0,0,True
16TH_ST_MARKET_ST,South East Village,East Village,2018-01-24,2018-01-01,33,6,0,True
17TH_ST_BROADWAY,East Village,East Village,2018-01-24,2018-01-01,0,0,0,True
17TH_ST_C_ST,East Village,East Village,2018-01-24,2018-01-01,0,0,0,True
17TH_ST_E_ST,East Village,East Village,2018-01-24,2018-01-01,0,0,0,True
17TH_ST_F_ST,East Village,East Village,2018-01-24,2018-01-01,1,1,0,True
17TH_ST_G_ST,East Village,East Village,2018-01-24,2018-01-01,1,0,0,True
17TH_ST_IMPERIAL_AV,South East Village,East Village,2018-01-24,2018-01-01,4,0,1,True
17TH_ST_ISLAND_AV,South East Village,East Village,2018-01-24,2018-01-01,18,12,0,True
17TH_ST_J_ST,South East Village,East Village,2018-01-24,2018-01-01,8,1,0,True
17TH_ST_K_ST,South East Village,East Village,2018-01-24,2018-01-01,21,2,1,True
17TH_ST_MARKET_ST,South East Village,East Village,2018-01-24,2018-01-01,12,2,1,True
CALIFORNIA_ST_W_ASH_ST,Columbia,Columbia,2018-01-24,2018-01-01,0,0,0,True
CALIFORNIA_ST_W_BROADWAY,Columbia,Columbia,2018-01-24,2018-01-01,0,0,0,True
COLUMBIA_ST_W_ASH_ST,Columbia,Columbia,2018-01-24,2018-01-01,0,0,0,True
COLUMBIA_ST_W_A_ST,Columbia,Columbia,2018-01-24,2018-01-01,0,0,0,True
COLUMBIA_ST_W_B_ST,Columbia,Columbia,2018-01-24,2018-01-01,0,0,0,True
COLUMBIA_ST_W_C_ST,Columbia,Columbia,2018-01-24,2018-01-01,2,0,0,True
COLUMBIA_ST_W_G_ST,Marina,Marina,2018-01-24,2018-01-01,1,0,0,True
FRONT_ST_W_ASH_ST,Cortez,Cortez,2018-01-24,2018-01-01,8,1,0,True
FRONT_ST_W_A_ST,City Center,City Center,2018-01-24,2018-01-01,0,0,0,True
FRONT_ST_W_BROADWAY,City Center,City Center,2018-01-24,2018-01-01,0,0,0,True
FRONT_ST_W_B_ST,City Center,City Center,2018-01-24,2018-01-01,0,0,0,True
FRONT_ST_W_C_ST,City Center,City Center,2018-01-24,2018-01-01,0,0,0,True
FRONT_ST_W_E_ST,City Center,City Center,2018-01-24,2018-01-01,0,0,0,True
FRONT_ST_W_F_ST,Marina,Marina,2018-01-24,2018-01-01,2,0,0,True
FRONT_ST_W_G_ST,Marina,Marina,2018-01-24,2018-01-01,0,0,0,True
FRONT_ST_W_MARKET_ST,Marina,Marina,2018-01-24,2018-01-01,0,0,0,True
FRONT_ST_W_MARKET_ST__2,Marina,Marina,2018-01-24,2018-01-01,0,0,0,True
I-5_SB_IMPERIAL_AV,South East Village,East Village,2018-01-24,2018-01-01,1,0,0,True
I-5_SB_ISLAND_AV,South East Village,East Village,2018-01-24,2018-01-01,1,0,1,True
I-5_SB_MARKET_ST,South East Village,East Village,2018-01-24,2018-01-01,0,0,1,True
I-5_SB_OFF_RA_J_ST,South East Village,East Village,2018-01-24,2018-01-01,2,2,0,True
I-5_SB_OFF_RA_Map_Border,South East Village,East Village,2018-01-24,2018-01-01,1,0,0,True
I-5_SB_ON_RA_BROADWAY,East Village,East Village,2018-01-24,2018-01-01,0,0,0,True
I-5_SB_ON_RA_C_ST,East Village,East Village,2018-01-24,2018-01-01,0,0,0,True
I-5_SB_ON_RA_E_ST,East Village,East Village,2018-01-24,2018-01-01,0,0,0,True
I-5_SB_ON_RA_F_ST,East Village,East Village,2018-01-24,2018-01-01,0,0,0,True
I-5_SB_ON_RA_G_ST,East Village,East Village,2018-01-24,2018-01-01,0,0,0,True
I-5_SB_ON_RA_Map_Border,South East Village,East Village,2018-01-24,2018-01-01,0,0,0,True
INDIA_ST_W_ASH_ST,Columbia,Columbia,2018-01-24,2018-01-01,0,0,0,True
INDIA_ST_W_A_ST,Columbia,Columbia,2018-01-24,2018-01-01,1,0,0,True
INDIA_ST_W_B_ST,Columbia,Columbia,2018-01-24,2018-01-01,0,0,0,True
KETTNER_BL_W_ASH_ST,Columbia,Columbia,2018-01-24,2018-01-01,0,0,0,True
KETTNER_BL_W_A_ST,Columbia,Columbia,2018-01-24,2018-01-01,5,0,0,True
KETTNER_BL_W_BROADWAY,Columbia,Columbia,2018-01-24,2018-01-01,0,0,0,True
KETTNER_BL_W_E_ST,Marina,Marina,2018-01-24,2018-01-01,0,0,0,True
KETTNER_BL_W_F_ST,Marina,Marina,2018-01-24,2018-01-01,2,0,0,True
KETTNER_BL_W_G_ST,Marina,Marina,2018-01-24,2018-01-01,1,0,0,True
Map_Border_BROADWAY,City Center,City Center,2018-01-24,2018-01-01,1,0,0,True
Map_Border_IMPERIAL_AV,South East Village,East Village,2018-01-24,2018-01-01,1,0,0,True
Map_Border_NATIONAL_AV,South East Village,East Village,2018-01-24,2018-01-01,1,0,0,True
NATIONAL_AV_IMPERIAL_AV,South East Village,East Village,2018-01-24,2018-01-01,0,0,0,True
PARK_BL_A_ST,City Center,City Center,2018-01-24,2018-01-01,7,0,0,True
PARK_BL_BROADWAY,City Center,City Center,2018-01-24,2018-01-01,1,0,0,True
PARK_BL_B_ST,City Center,City Center,2018-01-24,2018-01-01,2,0,0,True
PARK_BL_C_ST,City Center,City Center,2018-01-24,2018-01-01,4,0,0,True
PARK_BL_E_ST,East Village,East Village,2018-01-24,2018-01-01,3,0,0,True
PARK_BL_F_ST,East Village,East Village,2018-01-24,2018-01-01,0,0,0,True
PARK_BL_G_ST,East Village,East Village,2018-01-24,2018-01-01,0,0,0,True
PARK_BL_ISLAND_AV,South East Village,East Village,2018-01-24,2018-01-01,2,0,0,True
PARK_BL_J_ST,South East Village,East Village,2018-01-24,2018-01-01,5,0,0,True
PARK_BL_MARKET_ST,South East Village,East Village,2018-01-24,2018-01-01,4,0,0,True
PARK_BL_RUSS_BL,City Center,City Center,2018-01-24,2018-01-01,0,0,0,True
SR-163_NB_ON_RA_ASH_ST,Cortez,Cortez,2018-01-24,2018-01-01,0,0,0,True
STATE_ST_Map_Border,Marina,Marina,2018-01-24,2018-01-01,0,0,0,True
STATE_ST_W_ASH_ST,Columbia,Columbia,2018-01-24,2018-01-01,0,0,0,True
STATE_ST_W_A_ST,Columbia,Columbia,2018-01-24,2018-01-01,0,0,0,True
STATE_ST_W_BROADWAY,Columbia,Columbia,2018-01-24,2018-01-01,0,0,0,True
STATE_ST_W_B_ST,Columbia,Columbia,2018-01-24,2018-01-01,0,0,0,True
STATE_ST_W_C_ST,Columbia,Columbia,2018-01-24,2018-01-01,1,0,0,True
STATE_ST_W_G_ST,Marina,Marina,2018-01-24,2018-01-01,0,0,0,True
TONY_GWYNN_DR_K_ST,South East Village,East Village,2018-01-24,2018-01-01,0,0,0,True
TONY_GWYNN_DR_L_ST,South East Village,East Village,2018-01-24,2018-01-01,0,0,0,True
UNION_ST_W_ASH_ST,Columbia,Columbia,2018-01-24,2018-01-01,10,1,0,True
UNION_ST_W_A_ST,Columbia,Columbia,2018-01-24,2018-01-01,10,9,0,True
UNION_ST_W_BROADWAY,Columbia,Columbia,2018-01-24,2018-01-01,0,0,0,True
UNION_ST_W_B_ST,Columbia,Columbia,2018-01-24,2018-01-01,0,0,0,True
UNION_ST_W_C_ST,Columbia,Columbia,2018-01-24,2018-01-01,3,0,0,True
UNION_ST_W_E_ST,Marina,Marina,2018-01-24,2018-01-01,0,0,0,True
UNION_ST_W_F_ST,Marina,Marina,2018-01-24,2018-01-01,0,0,0,True
UNION_ST_W_G_ST,Marina,Marina,2018-01-24,2018-01-01,0,0,0,True
01ST_AV_I-5_SB,Cortez,Cortez,2018-02-21,2018-02-01,0,0,0,True
01ST_AV_W_ASH_ST,Cortez,Cortez,2018-02-21,2018-02-01,0,0,0,True
01ST_AV_W_A_ST,City Center,City Center,2018-02-21,2018-02-01,0,0,0,True
01ST_AV_W_BEECH_ST,Cortez,Cortez,2018-02-21,2018-02-01,2,0,0,True
01ST_AV_W_BROADWAY,City Center,City Center,2018-02-21,2018-02-01,1,0,0,True
01ST_AV_W_B_ST,City Center,City Center,2018-02-21,2018-02-01,2,0,0,True
01ST_AV_W_CEDAR_ST,Cortez,Cortez,2018-02-21,2018-02-01,0,0,0,True
01ST_AV_W_C_ST,City Center,City Center,2018-02-21,2018-02-01,2,0,0,True
01ST_AV_W_E_ST,City Center,City Center,2018-02-21,2018-02-01,0,0,0,True
01ST_AV_W_F_ST,City Center,City Center,2018-02-21,2018-02-01,8,0,0,True
01ST_AV_W_G_ST,Marina,Marina,2018-02-21,2018-02-01,0,0,0,True
01ST_AV_W_ISLAND_AV,Marina,Marina,2018-02-21,2018-02-01,1,0,0,True
01ST_AV_W_MARKET_ST,Marina,Marina,2018-02-21,2018-02-01,0,0,0,True
02ND_AV_ASH_ST,Cortez,Cortez,2018-02-21,2018-02-01,0,0,0,True
02ND_AV_BEECH_ST,Cortez,Cortez,2018-02-21,2018-02-01,0,0,0,True
02ND_AV_CEDAR_ST,Cortez,Cortez,2018-02-21,2018-02-01,0,0,0,True
02ND_AV_C_ST,City Center,City Center,2018-02-21,2018-02-01,0,0,0,True
02ND_AV_G_ST,Marina,Marina,2018-02-21,2018-02-01,0,0,0,True
02ND_AV_I-5_SB,Cortez,Cortez,2018-02-21,2018-02-01,0,0,0,True
02ND_AV_ISLAND_AV,Marina,Marina,2018-02-21,2018-02-01,1,2,0,True
02ND_AV_MARKET_ST,Marina,Marina,2018-02-21,2018-02-01,0,0,0,True
03RD_AV_ASH_ST,Cortez,Cortez,2018-02-21,2018-02-01,9,0,0,True
03RD_AV_A_ST,City Center,City Center,2018-02-21,2018-02-01,0,0,0,True
03RD_AV_BEECH_ST,Cortez,Cortez,2018-02-21,2018-02-01,0,0,0,True
03RD_AV_CEDAR_ST,Cortez,Cortez,2018-02-21,2018-02-01,3,0,0,True
03RD_AV_C_ST,City Center,City Center,2018-02-21,2018-02-01,2,0,0,True
03RD_AV_G_ST,Marina,Marina,2018-02-21,2018-02-01,1,0,1,True
03RD_AV_I-5_SB,Cortez,Cortez,2018-02-21,2018-02-01,0,0,0,True
03RD_AV_ISLAND_AV,Marina,Marina,2018-02-21,2018-02-01,0,0,1,True
03RD_AV_J_ST,Marina,Marina,2018-02-21,2018-02-01,13,0,0,True
03RD_AV_MARKET_ST,Marina,Marina,2018-02-21,2018-02-01,4,0,0,True
04TH_AV_ASH_ST,Cortez,Cortez,2018-02-21,2018-02-01,6,0,0,True
04TH_AV_A_ST,City Center,City Center,2018-02-21,2018-02-01,5,0,0,True
04TH_AV_BEECH_ST,Cortez,Cortez,2018-02-21,2018-02-01,4,1,0,True
04TH_AV_BROADWAY,City Center,City Center,2018-02-21,2018-02-01,7,0,0,True
04TH_AV_B_ST,City Center,City Center,2018-02-21,2018-02-01,20,0,0,True
04TH_AV_CEDAR_ST,Cortez,Cortez,2018-02-21,2018-02-01,0,0,0,True
04TH_AV_C_ST,City Center,City Center,2018-02-21,2018-02-01,0,0,0,True
04TH_AV_G_ST,Marina,Marina,2018-02-21,2018-02-01,0,0,0,True
04TH_AV_I-5_SB,Cortez,Cortez,2018-02-21,2018-02-01,0,0,0,True
04TH_AV_ISLAND_AV,Marina,Marina,2018-02-21,2018-02-01,0,0,0,True
04TH_AV_J_ST,Marina,Marina,2018-02-21,2018-02-01,1,0,0,True
04TH_AV_MARKET_ST,Marina,Marina,2018-02-21,2018-02-01,2,0,0,True
05TH_AV_ASH_ST,Cortez,Cortez,2018-02-21,2018-02-01,3,0,0,True
05TH_AV_A_ST,City Center,City Center,2018-02-21,2018-02-01,0,0,0,True
05TH_AV_BEECH_ST,Cortez,Cortez,2018-02-21,2018-02-01,0,0,0,True
05TH_AV_BROADWAY,Gaslamp,Gaslamp,2018-02-21,2018-02-01,3,0,0,True
05TH_AV_B_ST,City Center,City Center,2018-02-21,2018-02-01,0,0,0,True
05TH_AV_CEDAR_ST,Cortez,Cortez,2018-02-21,2018-02-01,2,0,0,True
05TH_AV_C_ST,City Center,City Center,2018-02-21,2018-02-01,2,0,0,True
05TH_AV_E_ST,Gaslamp,Gaslamp,2018-02-21,2018-02-01,3,0,0,True
05TH_AV_F_ST,Gaslamp,Gaslamp,2018-02-21,2018-02-01,6,0,0,True
05TH_AV_G_ST,Gaslamp,Gaslamp,2018-02-21,2018-02-01,1,0,0,True
05TH_AV_I-5_SB,Cortez,Cortez,2018-02-21,2018-02-01,4,0,0,True
05TH_AV_ISLAND_AV,Gaslamp,Gaslamp,2018-02-21,2018-02-01,7,0,0,True
05TH_AV_J_ST,Gaslamp,Gaslamp,2018-02-21,2018-02-01,1,0,0,True
05TH_AV_K_ST,Gaslamp,Gaslamp,2018-02-21,2018-02-01,0,0,0,True
05TH_AV_MARKET_ST,Gaslamp,Gaslamp,2018-02-21,2018-02-01,5,0,0,True
06TH_AV_ASH_ST,Cortez,Cortez,2018-02-21,2018-02-01,2,0,0,True
06TH_AV_A_ST,City Center,City Center,2018-02-21,2018-02-01,8,1,0,True
06TH_AV_BEECH_ST,Cortez,Cortez,2018-02-21,2018-02-01,0,0,0,True
06TH_AV_BROADWAY,Gaslamp,Gaslamp,2018-02-21,2018-02-01,6,0,0,True
06TH_AV_B_ST,City Center,City Center,2018-02-21,2018-02-01,4,1,0,True
06TH_AV_CEDAR_ST,Cortez,Cortez,2018-02-21,2018-02-01,0,0,0,True
06TH_AV_C_ST,City Center,City Center,2018-02-21,2018-02-01,8,0,0,True
06TH_AV_E_ST,Gaslamp,Gaslamp,2018-02-21,2018-02-01,7,0,0,True
06TH_AV_F_ST,Gaslamp,Gaslamp,2018-02-21,2018-02-01,20,0,0,True
06TH_AV_G_ST,Gaslamp,Gaslamp,2018-02-21,2018-02-01,4,0,0,True
06TH_AV_I-5_SB,Cortez,Cortez,2018-02-21,2018-02-01,0,0,0,True
06TH_AV_ISLAND_AV,Gaslamp,Gaslamp,2018-02-21,2018-02-01,1,0,0,True
06TH_AV_J_ST,Gaslamp,Gaslamp,2018-02-21,2018-02-01,3,0,0,True
06TH_AV_K_ST,Gaslamp,Gaslamp,2018-02-21,2018-02-01,0,0,0,True
06TH_AV_L_ST,Gaslamp,Gaslamp,2018-02-21,2018-02-01,5,0,0,True
06TH_AV_MARKET_ST,Gaslamp,Gaslamp,2018-02-21,2018-02-01,12,0,0,True
07TH_AV_ASH_ST,Cortez,Cortez,2018-02-21,2018-02-01,4,0,0,True
07TH_AV_A_ST,City Center,City Center,2018-02-21,2018-02-01,1,0,0,True
07TH_AV_BEECH_ST,Cortez,Cortez,2018-02-21,2018-02-01,1,0,0,True
07TH_AV_BROADWAY,City Center,City Center,2018-02-21,2018-02-01,2,0,0,True
07TH_AV_B_ST,City Center,City Center,2018-02-21,2018-02-01,0,0,0,True
07TH_AV_CEDAR_ST,Cortez,Cortez,2018-02-21,2018-02-01,0,0,0,True
07TH_AV_C_ST,City Center,City Center,2018-02-21,2018-02-01,2,0,0,True
07TH_AV_E_ST,East Village,East Village,2018-02-21,2018-02-01,0,1,0,True
07TH_AV_F_ST,East Village,East Village,2018-02-21,2018-02-01,0,0,0,True
07TH_AV_G_ST,East Village,East Village,2018-02-21,2018-02-01,7,0,0,True
07TH_AV_I-5_SB,Cortez,Cortez,2018-02-21,2018-02-01,1,0,0,True
07TH_AV_ISLAND_AV,South East Village,East Village,2018-02-21,2018-02-01,6,1,0,True
07TH_AV_J_ST,South East Village,East Village,2018-02-21,2018-02-01,2,0,0,True
07TH_AV_MARKET_ST,South East Village,East Village,2018-02-21,2018-02-01,3,0,0,True
08TH_AV_ASH_ST,Cortez,Cortez,2018-02-21,2018-02-01,0,0,0,True
08TH_AV_A_ST,City Center,City Center,2018-02-21,2018-02-01,0,0,0,True
08TH_AV_BEECH_ST,Cortez,Cortez,2018-02-21,2018-02-01,0,0,0,True
08TH_AV_BROADWAY,City Center,City Center,2018-02-21,2018-02-01,3,0,0,True
08TH_AV_B_ST,City Center,City Center,2018-02-21,2018-02-01,0,0,0,True
08TH_AV_CEDAR_ST,Cortez,Cortez,2018-02-21,2018-02-01,0,0,0,True
08TH_AV_C_ST,City Center,City Center,2018-02-21,2018-02-01,0,0,0,True
08TH_AV_DATE_ST,Cortez,Cortez,2018-02-21,2018-02-01,0,0,0,True
08TH_AV_E_ST,East Village,East Village,2018-02-21,2018-02-01,3,5,0,True
08TH_AV_F_ST,East Village,East Village,2018-02-21,2018-02-01,2,0,0,True
08TH_AV_G_ST,East Village,East Village,2018-02-21,2018-02-01,3,0,0,True
08TH_AV_ISLAND_AV,South East Village,East Village,2018-02-21,2018-02-01,0,0,0,True
08TH_AV_MARKET_ST,South East Village,East Village,2018-02-21,2018-02-01,0,0,0,True
09TH_AV_ASH_ST,Cortez,Cortez,2018-02-21,2018-02-01,1,0,0,True
09TH_AV_A_ST,City Center,City Center,2018-02-21,2018-02-01,0,0,0,True
09TH_AV_BEECH_ST,Cortez,Cortez,2018-02-21,2018-02-01,0,0,0,True
09TH_AV_BROADWAY,City Center,City Center,2018-02-21,2018-02-01,6,0,0,True
09TH_AV_B_ST,City Center,City Center,2018-02-21,2018-02-01,1,0,1,True
09TH_AV_CEDAR_ST,Cortez,Cortez,2018-02-21,2018-02-01,0,0,0,True
09TH_AV_C_ST,City Center,City Center,2018-02-21,2018-02-01,10,8,0,True
09TH_AV_DATE_ST,Cortez,Cortez,2018-02-21,2018-02-01,0,0,0,True
09TH_AV_E_ST,East Village,East Village,2018-02-21,2018-02-01,6,4,0,True
09TH_AV_F_ST,East Village,East Village,2018-02-21,2018-02-01,3,0,0,True
09TH_AV_G_ST,East Village,East Village,2018-02-21,2018-02-01,0,0,0,True
09TH_AV_ISLAND_AV,South East Village,East Village,2018-02-21,2018-02-01,3,0,0,True
09TH_AV_MARKET_ST,South East Village,East Village,2018-02-21,2018-02-01,0,0,0,True
10TH_AV_ASH_ST,Cortez,Cortez,2018-02-21,2018-02-01,1,0,0,True
10TH_AV_A_ST,City Center,City Center,2018-02-21,2018-02-01,5,0,0,True
10TH_AV_BEECH_ST,Cortez,Cortez,2018-02-21,2018-02-01,0,0,0,True
10TH_AV_BROADWAY,City Center,City Center,2018-02-21,2018-02-01,0,0,0,True
10TH_AV_B_ST,City Center,City Center,2018-02-21,2018-02-01,5,0,0,True
10TH_AV_CEDAR_ST,Cortez,Cortez,2018-02-21,2018-02-01,0,0,0,True
10TH_AV_C_ST,City Center,City Center,2018-02-21,2018-02-01,1,0,0,True
10TH_AV_DATE_ST,Cortez,Cortez,2018-02-21,2018-02-01,0,0,0,True
10TH_AV_E_ST,East Village,East Village,2018-02-21,2018-02-01,0,0,0,True
10TH_AV_F_ST,East Village,East Village,2018-02-21,2018-02-01,1,0,0,True
10TH_AV_G_ST,East Village,East Village,2018-02-21,2018-02-01,0,0,0,True
10TH_AV_ISLAND_AV,South East Village,East Village,2018-02-21,2018-02-01,0,0,0,True
10TH_AV_J_ST,South East Village,East Village,2018-02-21,2018-02-01,0,0,0,True
10TH_AV_MARKET_ST,South East Village,East Village,2018-02-21,2018-02-01,0,0,0,True
11TH_AV_A_ST,City Center,City Center,2018-02-21,2018-02-01,8,0,0,True
11TH_AV_BROADWAY,City Center,City Center,2018-02-21,2018-02-01,6,0,0,True
11TH_AV_B_ST,City Center,City Center,2018-02-21,2018-02-01,7,0,0,True
11TH_AV_C_ST,City Center,City Center,2018-02-21,2018-02-01,0,0,0,True
11TH_AV_E_ST,East Village,East Village,2018-02-21,2018-02-01,0,0,0,True
11TH_AV_F_ST,East Village,East Village,2018-02-21,2018-02-01,0,0,0,True
11TH_AV_G_ST,East Village,East Village,2018-02-21,2018-02-01,2,0,0,True
11TH_AV_ISLAND_AV,South East Village,East Village,2018-02-21,2018-02-01,2,0,0,True
11TH_AV_J_ST,South East Village,East Village,2018-02-21,2018-02-01,1,0,0,True
11TH_AV_K_ST,South East Village,East Village,2018-02-21,2018-02-01,0,0,0,True
11TH_AV_MARKET_ST,South East Village,East Village,2018-02-21,2018-02-01,0,0,0,True
12TH_AV_PARK_BL,South East Village,East Village,2018-02-21,2018-02-01,0,0,0,True
13TH_ST_BROADWAY,East Village,East Village,2018-02-21,2018-02-01,6,1,1,True
13TH_ST_C_ST,East Village,East Village,2018-02-21,2018-02-01,0,0,0,True
13TH_ST_E_ST,East Village,East Village,2018-02-21,2018-02-01,1,0,0,True
13TH_ST_F_ST,East Village,East Village,2018-02-21,2018-02-01,1,2,0,True
13TH_ST_G_ST,East Village,East Village,2018-02-21,2018-02-01,4,0,0,True
13TH_ST_IMPERIAL_AV,South East Village,East Village,2018-02-21,2018-02-01,0,0,0,True
13TH_ST_ISLAND_AV,South East Village,East Village,2018-02-21,2018-02-01,9,3,0,True
13TH_ST_J_ST,South East Village,East Village,2018-02-21,2018-02-01,7,5,0,True
13TH_ST_K_ST,South East Village,East Village,2018-02-21,2018-02-01,12,5,0,True
13TH_ST_L_ST,South East Village,East Village,2018-02-21,2018-02-01,0,4,0,True
13TH_ST_MARKET_ST,South East Village,East Village,2018-02-21,2018-02-01,8,0,0,True
14TH_ST_BROADWAY,East Village,East Village,2018-02-21,2018-02-01,0,0,0,True
14TH_ST_C_ST,East Village,East Village,2018-02-21,2018-02-01,1,0,1,True
14TH_ST_E_ST,East Village,East Village,2018-02-21,2018-02-01,0,0,0,True
14TH_ST_F_ST,East Village,East Village,2018-02-21,2018-02-01,0,1,0,True
14TH_ST_G_ST,East Village,East Village,2018-02-21,2018-02-01,0,0,0,True
14TH_ST_IMPERIAL_AV,South East Village,East Village,2018-02-21,2018-02-01,0,0,0,True
14TH_ST_ISLAND_AV,South East Village,East Village,2018-02-21,2018-02-01,3,4,0,True
14TH_ST_J_ST,South East Village,East Village,2018-02-21,2018-02-01,0,4,0,True
14TH_ST_K_ST,South East Village,East Village,2018-02-21,2018-02-01,1,4,2,True
14TH_ST_L_ST,South East Village,East Village,2018-02-21,2018-02-01,4,7,0,True
14TH_ST_MARKET_ST,South East Village,East Village,2018-02-21,2018-02-01,8,0,0,True
15TH_ST_BROADWAY,East Village,East Village,2018-02-21,2018-02-01,2,0,0,True
15TH_ST_C_ST,East Village,East Village,2018-02-21,2018-02-01,1,0,0,True
15TH_ST_E_ST,East Village,East Village,2018-02-21,2018-02-01,0,0,0,True
15TH_ST_F_ST,East Village,East Village,2018-02-21,2018-02-01,0,1,0,True
15TH_ST_G_ST,East Village,East Village,2018-02-21,2018-02-01,0,0,0,True
15TH_ST_IMPERIAL_AV,South East Village,East Village,2018-02-21,2018-02-01,20,1,2,True
15TH_ST_ISLAND_AV,South East Village,East Village,2018-02-21,2018-02-01,3,0,3,True
15TH_ST_J_ST,South East Village,East Village,2018-02-21,2018-02-01,3,0,1,True
15TH_ST_MARKET_ST,South East Village,East Village,2018-02-21,2018-02-01,12,0,0,True
16TH_ST_BROADWAY,East Village,East Village,2018-02-21,2018-02-01,5,1,0,True
16TH_ST_C_ST,East Village,East Village,2018-02-21,2018-02-01,0,0,0,True
16TH_ST_E_ST,East Village,East Village,2018-02-21,2018-02-01,2,0,0,True
16TH_ST_F_ST,East Village,East Village,2018-02-21,2018-02-01,6,1,0,True
16TH_ST_G_ST,East Village,East Village,2018-02-21,2018-02-01,1,2,0,True
16TH_ST_IMPERIAL_AV,South East Village,East Village,2018-02-21,2018-02-01,6,0,1,True
16TH_ST_ISLAND_AV,South East Village,East Village,2018-02-21,2018-02-01,0,0,0,True
16TH_ST_J_ST,South East Village,East Village,2018-02-21,2018-02-01,13,5,0,True
16TH_ST_K_ST,South East Village,East Village,2018-02-21,2018-02-01,2,0,1,True
16TH_ST_MARKET_ST,South East Village,East Village,2018-02-21,2018-02-01,18,6,0,True
17TH_ST_BROADWAY,East Village,East Village,2018-02-21,2018-02-01,0,1,0,True
17TH_ST_C_ST,East Village,East Village,2018-02-21,2018-02-01,0,0,0,True
17TH_ST_E_ST,East Village,East Village,2018-02-21,2018-02-01,0,0,0,True
17TH_ST_F_ST,East Village,East Village,2018-02-21,2018-02-01,1,0,1,True
17TH_ST_G_ST,East Village,East Village,2018-02-21,2018-02-01,2,1,0,True
17TH_ST_IMPERIAL_AV,South East Village,East Village,2018-02-21,2018-02-01,6,0,1,True
17TH_ST_ISLAND_AV,South East Village,East Village,2018-02-21,2018-02-01,13,3,1,True
17TH_ST_J_ST,South East Village,East Village,2018-02-21,2018-02-01,9,1,0,True
17TH_ST_K_ST,South East Village,East Village,2018-02-21,2018-02-01,20,1,0,True
17TH_ST_MARKET_ST,South East Village,East Village,2018-02-21,2018-02-01,8,10,1,True
CALIFORNIA_ST_W_ASH_ST,Columbia,Columbia,2018-02-21,2018-02-01,0,1,0,True
CALIFORNIA_ST_W_BROADWAY,Columbia,Columbia,2018-02-21,2018-02-01,0,0,0,True
COLUMBIA_ST_W_ASH_ST,Columbia,Columbia,2018-02-21,2018-02-01,0,0,0,True
COLUMBIA_ST_W_A_ST,Columbia,Columbia,2018-02-21,2018-02-01,0,0,0,True
COLUMBIA_ST_W_B_ST,Columbia,Columbia,2018-02-21,2018-02-01,0,0,0,True
COLUMBIA_ST_W_C_ST,Columbia,Columbia,2018-02-21,2018-02-01,1,0,0,True
COLUMBIA_ST_W_G_ST,Marina,Marina,2018-02-21,2018-02-01,1,0,0,True
FRONT_ST_W_ASH_ST,Cortez,Cortez,2018-02-21,2018-02-01,10,0,0,True
FRONT_ST_W_A_ST,City Center,City Center,2018-02-21,2018-02-01,0,0,0,True
FRONT_ST_W_BROADWAY,City Center,City Center,2018-02-21,2018-02-01,0,0,0,True
FRONT_ST_W_B_ST,City Center,City Center,2018-02-21,2018-02-01,0,0,0,True
FRONT_ST_W_C_ST,City Center,City Center,2018-02-21,2018-02-01,0,0,0,True
FRONT_ST_W_E_ST,City Center,City Center,2018-02-21,2018-02-01,0,0,0,True
FRONT_ST_W_F_ST,Marina,Marina,2018-02-21,2018-02-01,0,0,0,True
FRONT_ST_W_G_ST,Marina,Marina,2018-02-21,2018-02-01,0,0,0,True
FRONT_ST_W_MARKET_ST,Marina,Marina,2018-02-21,2018-02-01,0,0,0,True
FRONT_ST_W_MARKET_ST__2,Marina,Marina,2018-02-21,2018-02-01,0,0,0,True
I-5_SB_IMPERIAL_AV,South East Village,East Village,2018-02-21,2018-02-01,3,0,1,True
I-5_SB_ISLAND_AV,South East Village,East Village,2018-02-21,2018-02-01,1,0,0,True
I-5_SB_MARKET_ST,South East Village,East Village,2018-02-21,2018-02-01,2,0,0,True
I-5_SB_OFF_RA_J_ST,South East Village,East Village,2018-02-21,2018-02-01,1,2,0,True
I-5_SB_OFF_RA_Map_Border,South East Village,East Village,2018-02-21,2018-02-01,1,0,0,True
I-5_SB_ON_RA_BROADWAY,East Village,East Village,2018-02-21,2018-02-01,0,1,0,True
I-5_SB_ON_RA_C_ST,East Village,East Village,2018-02-21,2018-02-01,0,0,0,True
I-5_SB_ON_RA_E_ST,East Village,East Village,2018-02-21,2018-02-01,0,0,0,True
I-5_SB_ON_RA_F_ST,East Village,East Village,2018-02-21,2018-02-01,1,0,1,True
I-5_SB_ON_RA_G_ST,East Village,East Village,2018-02-21,2018-02-01,0,0,0,True
I-5_SB_ON_RA_Map_Border,South East Village,East Village,2018-02-21,2018-02-01,0,1,0,True
INDIA_ST_W_ASH_ST,Columbia,Columbia,2018-02-21,2018-02-01,0,1,0,True
INDIA_ST_W_A_ST,Columbia,Columbia,2018-02-21,2018-02-01,0,0,0,True
INDIA_ST_W_B_ST,Columbia,Columbia,2018-02-21,2018-02-01,3,0,0,True
KETTNER_BL_W_ASH_ST,Columbia,Columbia,2018-02-21,2018-02-01,0,0,0,True
KETTNER_BL_W_A_ST,Columbia,Columbia,2018-02-21,2018-02-01,6,0,0,True
KETTNER_BL_W_BROADWAY,Columbia,Columbia,2018-02-21,2018-02-01,0,1,0,True
KETTNER_BL_W_E_ST,Marina,Marina,2018-02-21,2018-02-01,1,0,0,True
KETTNER_BL_W_F_ST,Marina,Marina,2018-02-21,2018-02-01,0,0,0,True
KETTNER_BL_W_G_ST,Marina,Marina,2018-02-21,2018-02-01,0,0,0,True
Map_Border_BROADWAY,City Center,City Center,2018-02-21,2018-02-01,0,0,0,True
Map_Border_IMPERIAL_AV,South East Village,East Village,2018-02-21,2018-02-01,0,0,0,True
Map_Border_NATIONAL_AV,South East Village,East Village,2018-02-21,2018-02-01,0,0,0,True
NATIONAL_AV_IMPERIAL_AV,South East Village,East Village,2018-02-21,2018-02-01,0,0,0,True
PARK_BL_A_ST,City Center,City Center,2018-02-21,2018-02-01,5,0,0,True
PARK_BL_BROADWAY,City Center,City Center,2018-02-21,2018-02-01,0,0,0,True
PARK_BL_B_ST,City Center,City Center,2018-02-21,2018-02-01,1,0,0,True
PARK_BL_C_ST,City Center,City Center,2018-02-21,2018-02-01,5,0,0,True
PARK_BL_E_ST,East Village,East Village,2018-02-21,2018-02-01,0,0,0,True
PARK_BL_F_ST,East Village,East Village,2018-02-21,2018-02-01,0,0,0,True
PARK_BL_G_ST,East Village,East Village,2018-02-21,2018-02-01,0,0,0,True
PARK_BL_ISLAND_AV,South East Village,East Village,2018-02-21,2018-02-01,1,0,0,True
PARK_BL_J_ST,South East Village,East Village,2018-02-21,2018-02-01,6,0,0,True
PARK_BL_MARKET_ST,South East Village,East Village,2018-02-21,2018-02-01,3,0,0,True
PARK_BL_RUSS_BL,City Center,City Center,2018-02-21,2018-02-01,0,0,0,True
SR-163_NB_ON_RA_ASH_ST,Cortez,Cortez,2018-02-21,2018-02-01,0,0,0,True
STATE_ST_Map_Border,Marina,Marina,2018-02-21,2018-02-01,0,0,0,True
STATE_ST_W_ASH_ST,Columbia,Columbia,2018-02-21,2018-02-01,3,5,0,True
STATE_ST_W_A_ST,Columbia,Columbia,2018-02-21,2018-02-01,0,0,0,True
STATE_ST_W_BROADWAY,Columbia,Columbia,2018-02-21,2018-02-01,0,0,0,True
STATE_ST_W_B_ST,Columbia,Columbia,2018-02-21,2018-02-01,0,1,0,True
STATE_ST_W_C_ST,Columbia,Columbia,2018-02-21,2018-02-01,0,0,0,True
STATE_ST_W_G_ST,Marina,Marina,2018-02-21,2018-02-01,1,0,0,True
TONY_GWYNN_DR_K_ST,South East Village,East Village,2018-02-21,2018-02-01,1,0,0,True
TONY_GWYNN_DR_L_ST,South East Village,East Village,2018-02-21,2018-02-01,0,0,0,True
UNION_ST_W_ASH_ST,Columbia,Columbia,2018-02-21,2018-02-01,13,3,0,True
UNION_ST_W_A_ST,Columbia,Columbia,2018-02-21,2018-02-01,4,4,0,True
UNION_ST_W_BROADWAY,Columbia,Columbia,2018-02-21,2018-02-01,0,0,0,True
UNION_ST_W_B_ST,Columbia,Columbia,2018-02-21,2018-02-01,0,0,0,True
UNION_ST_W_C_ST,Columbia,Columbia,2018-02-21,2018-02-01,0,0,0,True
UNION_ST_W_E_ST,Marina,Marina,2018-02-21,2018-02-01,0,0,0,True
UNION_ST_W_F_ST,Marina,Marina,2018-02-21,2018-02-01,0,0,0,True
UNION_ST_W_G_ST,Marina,Marina,2018-02-21,2018-02-01,1,0,0,True
01ST_AV_I-5_SB,Cortez,Cortez,2019-01-31,2019-01-01,0,0,0,True
01ST_AV_W_ASH_ST,Cortez,Cortez,2019-01-31,2019-01-01,0,0,0,True
01ST_AV_W_A_ST,City Center,City Center,2019-01-31,2019-01-01,0,0,0,True
01ST_AV_W_BEECH_ST,Cortez,Cortez,2019-01-31,2019-01-01,0,0,0,True
01ST_AV_W_BROADWAY,City Center,City Center,2019-01-31,2019-01-01,0,0,0,True
01ST_AV_W_B_ST,City Center,City Center,2019-01-31,2019-01-01,7,0,0,True
01ST_AV_W_CEDAR_ST,Cortez,Cortez,2019-01-31,2019-01-01,0,0,0,True
01ST_AV_W_C_ST,City Center,City Center,2019-01-31,2019-01-01,2,0,0,True
01ST_AV_W_E_ST,City Center,City Center,2019-01-31,2019-01-01,0,0,0,True
01ST_AV_W_F_ST,City Center,City Center,2019-01-31,2019-01-01,1,0,0,True
01ST_AV_W_G_ST,Marina,Marina,2019-01-31,2019-01-01,0,0,0,True
01ST_AV_W_ISLAND_AV,Marina,Marina,2019-01-31,2019-01-01,1,0,0,True
01ST_AV_W_MARKET_ST,Marina,Marina,2019-01-31,2019-01-01,0,0,0,True
02ND_AV_ASH_ST,Cortez,Cortez,2019-01-31,2019-01-01,0,0,0,True
02ND_AV_BEECH_ST,Cortez,Cortez,2019-01-31,2019-01-01,1,0,0,True
02ND_AV_CEDAR_ST,Cortez,Cortez,2019-01-31,2019-01-01,0,0,0,True
02ND_AV_C_ST,City Center,City Center,2019-01-31,2019-01-01,0,0,0,True
02ND_AV_G_ST,Marina,Marina,2019-01-31,2019-01-01,0,0,0,True
02ND_AV_I-5_SB,Cortez,Cortez,2019-01-31,2019-01-01,0,2,0,True
02ND_AV_ISLAND_AV,Marina,Marina,2019-01-31,2019-01-01,1,7,0,True
02ND_AV_MARKET_ST,Marina,Marina,2019-01-31,2019-01-01,0,0,0,True
03RD_AV_ASH_ST,Cortez,Cortez,2019-01-31,2019-01-01,4,0,0,True
03RD_AV_A_ST,City Center,City Center,2019-01-31,2019-01-01,0,0,0,True
03RD_AV_BEECH_ST,Cortez,Cortez,2019-01-31,2019-01-01,0,0,0,True
03RD_AV_CEDAR_ST,Cortez,Cortez,2019-01-31,2019-01-01,0,0,0,True
03RD_AV_C_ST,City Center,City Center,2019-01-31,2019-01-01,0,1,0,True
03RD_AV_G_ST,Marina,Marina,2019-01-31,2019-01-01,0,0,0,True
03RD_AV_I-5_SB,Cortez,Cortez,2019-01-31,2019-01-01,0,0,0,True
03RD_AV_ISLAND_AV,Marina,Marina,2019-01-31,2019-01-01,2,0,0,True
03RD_AV_J_ST,Marina,Marina,2019-01-31,2019-01-01,7,0,0,True
03RD_AV_MARKET_ST,Marina,Marina,2019-01-31,2019-01-01,1,0,0,True
04TH_AV_ASH_ST,Cortez,Cortez,2019-01-31,2019-01-01,2,1,0,True
04TH_AV_A_ST,City Center,City Center,2019-01-31,2019-01-01,1,0,0,True
04TH_AV_BEECH_ST,Cortez,Cortez,2019-01-31,2019-01-01,1,0,0,True
04TH_AV_BROADWAY,City Center,City Center,2019-01-31,2019-01-01,26,1,0,True
04TH_AV_B_ST,City Center,City Center,2019-01-31,2019-01-01,0,0,0,True
04TH_AV_CEDAR_ST,Cortez,Cortez,2019-01-31,2019-01-01,0,0,0,True
04TH_AV_C_ST,City Center,City Center,2019-01-31,2019-01-01,14,2,0,True
04TH_AV_G_ST,Marina,Marina,2019-01-31,2019-01-01,1,0,0,True
04TH_AV_I-5_SB,Cortez,Cortez,2019-01-31,2019-01-01,0,0,0,True
04TH_AV_ISLAND_AV,Marina,Marina,2019-01-31,2019-01-01,0,0,0,True
04TH_AV_J_ST,Marina,Marina,2019-01-31,2019-01-01,1,0,0,True
04TH_AV_MARKET_ST,Marina,Marina,2019-01-31,2019-01-01,0,0,0,True
05TH_AV_ASH_ST,Cortez,Cortez,2019-01-31,2019-01-01,3,0,0,True
05TH_AV_A_ST,City Center,City Center,2019-01-31,2019-01-01,3,0,0,True
05TH_AV_BEECH_ST,Cortez,Cortez,2019-01-31,2019-01-01,0,0,0,True
05TH_AV_BROADWAY,Gaslamp,Gaslamp,2019-01-31,2019-01-01,5,2,0,True
05TH_AV_B_ST,City Center,City Center,2019-01-31,2019-01-01,2,0,0,True
05TH_AV_CEDAR_ST,Cortez,Cortez,2019-01-31,2019-01-01,7,0,0,True
05TH_AV_C_ST,City Center,City Center,2019-01-31,2019-01-01,0,1,0,True
05TH_AV_E_ST,Gaslamp,Gaslamp,2019-01-31,2019-01-01,0,0,0,True
05TH_AV_F_ST,Gaslamp,Gaslamp,2019-01-31,2019-01-01,2,0,0,True
05TH_AV_G_ST,Gaslamp,Gaslamp,2019-01-31,2019-01-01,5,0,0,True
05TH_AV_I-5_SB,Cortez,Cortez,2019-01-31,2019-01-01,0,0,0,True
05TH_AV_ISLAND_AV,Gaslamp,Gaslamp,2019-01-31,2019-01-01,6,0,0,True
05TH_AV_J_ST,Gaslamp,Gaslamp,2019-01-31,2019-01-01,2,0,0,True
05TH_AV_K_ST,Gaslamp,Gaslamp,2019-01-31,2019-01-01,1,0,0,True
05TH_AV_MARKET_ST,Gaslamp,Gaslamp,2019-01-31,2019-01-01,1,0,0,True
06TH_AV_ASH_ST,Cortez,Cortez,2019-01-31,2019-01-01,6,0,0,True
06TH_AV_A_ST,City Center,City Center,2019-01-31,2019-01-01,2,0,0,True
06TH_AV_BEECH_ST,Cortez,Cortez,2019-01-31,2019-01-01,2,0,0,True
06TH_AV_BROADWAY,Gaslamp,Gaslamp,2019-01-31,2019-01-01,4,0,0,True
06TH_AV_B_ST,City Center,City Center,2019-01-31,2019-01-01,0,0,0,True
06TH_AV_CEDAR_ST,Cortez,Cortez,2019-01-31,2019-01-01,4,1,0,True
06TH_AV_C_ST,City Center,City Center,2019-01-31,2019-01-01,3,0,0,True
06TH_AV_E_ST,Gaslamp,Gaslamp,2019-01-31,2019-01-01,2,0,0,True
06TH_AV_F_ST,Gaslamp,Gaslamp,2019-01-31,2019-01-01,2,0,0,True
06TH_AV_G_ST,Gaslamp,Gaslamp,2019-01-31,2019-01-01,3,0,0,True
06TH_AV_I-5_SB,Cortez,Cortez,2019-01-31,2019-01-01,0,0,0,True
06TH_AV_ISLAND_AV,Gaslamp,Gaslamp,2019-01-31,2019-01-01,2,0,0,True
06TH_AV_J_ST,Gaslamp,Gaslamp,2019-01-31,2019-01-01,0,0,0,True
06TH_AV_K_ST,Gaslamp,Gaslamp,2019-01-31,2019-01-01,5,0,0,True
06TH_AV_L_ST,Gaslamp,Gaslamp,2019-01-31,2019-01-01,4,0,0,True
06TH_AV_MARKET_ST,Gaslamp,Gaslamp,2019-01-31,2019-01-01,11,0,0,True
07TH_AV_ASH_ST,Cortez,Cortez,2019-01-31,2019-01-01,0,0,0,True
07TH_AV_A_ST,City Center,City Center,2019-01-31,2019-01-01,1,0,0,True
07TH_AV_BEECH_ST,Cortez,Cortez,2019-01-31,2019-01-01,1,0,0,True
07TH_AV_BROADWAY,City Center,City Center,2019-01-31,2019-01-01,0,1,0,True
07TH_AV_B_ST,City Center,City Center,2019-01-31,2019-01-01,2,0,0,True
07TH_AV_CEDAR_ST,Cortez,Cortez,2019-01-31,2019-01-01,0,0,0,True
07TH_AV_C_ST,City Center,City Center,2019-01-31,2019-01-01,2,0,0,True
07TH_AV_E_ST,East Village,East Village,2019-01-31,2019-01-01,0,0,0,True
07TH_AV_F_ST,East Village,East Village,2019-01-31,2019-01-01,0,0,0,True
07TH_AV_G_ST,East Village,East Village,2019-01-31,2019-01-01,1,0,0,True
07TH_AV_I-5_SB,Cortez,Cortez,2019-01-31,2019-01-01,1,0,0,True
07TH_AV_ISLAND_AV,South East Village,East Village,2019-01-31,2019-01-01,12,4,0,True
07TH_AV_J_ST,South East Village,East Village,2019-01-31,2019-01-01,0,0,0,True
07TH_AV_MARKET_ST,South East Village,East Village,2019-01-31,2019-01-01,0,0,0,True
08TH_AV_ASH_ST,Cortez,Cortez,2019-01-31,2019-01-01,0,0,0,True
08TH_AV_A_ST,City Center,City Center,2019-01-31,2019-01-01,0,0,0,True
08TH_AV_BEECH_ST,Cortez,Cortez,2019-01-31,2019-01-01,2,0,0,True
08TH_AV_BROADWAY,City Center,City Center,2019-01-31,2019-01-01,0,0,0,True
08TH_AV_B_ST,City Center,City Center,2019-01-31,2019-01-01,0,0,0,True
08TH_AV_CEDAR_ST,Cortez,Cortez,2019-01-31,2019-01-01,0,0,0,True
08TH_AV_C_ST,City Center,City Center,2019-01-31,2019-01-01,0,0,0,True
08TH_AV_DATE_ST,Cortez,Cortez,2019-01-31,2019-01-01,0,0,0,True
08TH_AV_E_ST,East Village,East Village,2019-01-31,2019-01-01,21,2,0,True
08TH_AV_F_ST,East Village,East Village,2019-01-31,2019-01-01,0,0,0,True
08TH_AV_G_ST,East Village,East Village,2019-01-31,2019-01-01,0,0,0,True
08TH_AV_ISLAND_AV,South East Village,East Village,2019-01-31,2019-01-01,0,0,0,True
08TH_AV_MARKET_ST,South East Village,East Village,2019-01-31,2019-01-01,6,1,0,True
09TH_AV_ASH_ST,Cortez,Cortez,2019-01-31,2019-01-01,0,0,0,True
09TH_AV_A_ST,City Center,City Center,2019-01-31,2019-01-01,3,3,0,True
09TH_AV_BEECH_ST,Cortez,Cortez,2019-01-31,2019-01-01,0,0,0,True
09TH_AV_BROADWAY,City Center,City Center,2019-01-31,2019-01-01,6,3,0,True
09TH_AV_B_ST,City Center,City Center,2019-01-31,2019-01-01,1,0,0,True
09TH_AV_CEDAR_ST,Cortez,Cortez,2019-01-31,2019-01-01,0,0,0,True
09TH_AV_C_ST,City Center,City Center,2019-01-31,2019-01-01,3,2,0,True
09TH_AV_DATE_ST,Cortez,Cortez,2019-01-31,2019-01-01,2,0,0,True
09TH_AV_E_ST,East Village,East Village,2019-01-31,2019-01-01,16,9,0,True
09TH_AV_F_ST,East Village,East Village,2019-01-31,2019-01-01,8,0,0,True
09TH_AV_G_ST,East Village,East Village,2019-01-31,2019-01-01,0,0,0,True
09TH_AV_ISLAND_AV,South East Village,East Village,2019-01-31,2019-01-01,1,0,0,True
09TH_AV_MARKET_ST,South East Village,East Village,2019-01-31,2019-01-01,0,0,0,True
10TH_AV_ASH_ST,Cortez,Cortez,2019-01-31,2019-01-01,0,0,0,True
10TH_AV_A_ST,City Center,City Center,2019-01-31,2019-01-01,1,0,0,True
10TH_AV_BEECH_ST,Cortez,Cortez,2019-01-31,2019-01-01,0,0,0,True
10TH_AV_BROADWAY,City Center,City Center,2019-01-31,2019-01-01,0,0,0,True
10TH_AV_B_ST,City Center,City Center,2019-01-31,2019-01-01,1,0,0,True
10TH_AV_CEDAR_ST,Cortez,Cortez,2019-01-31,2019-01-01,0,0,0,True
10TH_AV_C_ST,City Center,City Center,2019-01-31,2019-01-01,0,0,0,True
10TH_AV_DATE_ST,Cortez,Cortez,2019-01-31,2019-01-01,0,0,0,True
10TH_AV_E_ST,East Village,East Village,2019-01-31,2019-01-01,3,1,0,True
10TH_AV_F_ST,East Village,East Village,2019-01-31,2019-01-01,1,0,0,True
10TH_AV_G_ST,East Village,East Village,2019-01-31,2019-01-01,6,2,0,True
10TH_AV_ISLAND_AV,South East Village,East Village,2019-01-31,2019-01-01,0,0,0,True
10TH_AV_J_ST,South East Village,East Village,2019-01-31,2019-01-01,0,0,0,True
10TH_AV_MARKET_ST,South East Village,East Village,2019-01-31,2019-01-01,0,0,0,True
11TH_AV_A_ST,City Center,City Center,2019-01-31,2019-01-01,1,0,0,True
11TH_AV_BROADWAY,City Center,City Center,2019-01-31,2019-01-01,2,0,0,True
11TH_AV_B_ST,City Center,City Center,2019-01-31,2019-01-01,0,1,0,True
11TH_AV_C_ST,City Center,City Center,2019-01-31,2019-01-01,1,0,0,True
11TH_AV_E_ST,East Village,East Village,2019-01-31,2019-01-01,0,0,0,True
11TH_AV_F_ST,East Village,East Village,2019-01-31,2019-01-01,0,0,0,True
11TH_AV_G_ST,East Village,East Village,2019-01-31,2019-01-01,9,1,0,True
11TH_AV_ISLAND_AV,South East Village,East Village,2019-01-31,2019-01-01,0,0,0,True
11TH_AV_J_ST,South East Village,East Village,2019-01-31,2019-01-01,0,0,0,True
11TH_AV_K_ST,South East Village,East Village,2019-01-31,2019-01-01,1,0,0,True
11TH_AV_MARKET_ST,South East Village,East Village,2019-01-31,2019-01-01,2,0,0,True
12TH_AV_PARK_BL,South East Village,East Village,2019-01-31,2019-01-01,3,2,0,True
13TH_ST_BROADWAY,East Village,East Village,2019-01-31,2019-01-01,0,1,0,True
13TH_ST_C_ST,East Village,East Village,2019-01-31,2019-01-01,0,0,0,True
13TH_ST_E_ST,East Village,East Village,2019-01-31,2019-01-01,0,0,0,True
13TH_ST_F_ST,East Village,East Village,2019-01-31,2019-01-01,2,0,0,True
13TH_ST_G_ST,East Village,East Village,2019-01-31,2019-01-01,10,0,0,True
13TH_ST_IMPERIAL_AV,South East Village,East Village,2019-01-31,2019-01-01,0,0,0,True
13TH_ST_ISLAND_AV,South East Village,East Village,2019-01-31,2019-01-01,15,3,0,True
13TH_ST_J_ST,South East Village,East Village,2019-01-31,2019-01-01,14,0,0,True
13TH_ST_K_ST,South East Village,East Village,2019-01-31,2019-01-01,0,0,0,True
13TH_ST_L_ST,South East Village,East Village,2019-01-31,2019-01-01,0,0,0,True
13TH_ST_MARKET_ST,South East Village,East Village,2019-01-31,2019-01-01,5,0,0,True
14TH_ST_BROADWAY,East Village,East Village,2019-01-31,2019-01-01,2,0,0,True
14TH_ST_C_ST,East Village,East Village,2019-01-31,2019-01-01,1,0,0,True
14TH_ST_E_ST,East Village,East Village,2019-01-31,2019-01-01,0,0,0,True
14TH_ST_F_ST,East Village,East Village,2019-01-31,2019-01-01,4,2,0,True
14TH_ST_G_ST,East Village,East Village,2019-01-31,2019-01-01,0,0,0,True
14TH_ST_IMPERIAL_AV,South East Village,East Village,2019-01-31,2019-01-01,1,0,0,True
14TH_ST_ISLAND_AV,South East Village,East Village,2019-01-31,2019-01-01,0,0,0,True
14TH_ST_J_ST,South East Village,East Village,2019-01-31,2019-01-01,0,0,0,True
14TH_ST_K_ST,South East Village,East Village,2019-01-31,2019-01-01,0,0,0,True
14TH_ST_L_ST,South East Village,East Village,2019-01-31,2019-01-01,4,0,0,True
14TH_ST_MARKET_ST,South East Village,East Village,2019-01-31,2019-01-01,8,2,0,True
15TH_ST_BROADWAY,East Village,East Village,2019-01-31,2019-01-01,0,0,0,True
15TH_ST_C_ST,East Village,East Village,2019-01-31,2019-01-01,0,0,0,True
15TH_ST_E_ST,East Village,East Village,2019-01-31,2019-01-01,0,0,0,True
15TH_ST_F_ST,East Village,East Village,2019-01-31,2019-01-01,0,0,0,True
15TH_ST_G_ST,East Village,East Village,2019-01-31,2019-01-01,1,0,0,True
15TH_ST_IMPERIAL_AV,South East Village,East Village,2019-01-31,2019-01-01,53,4,1,True
15TH_ST_ISLAND_AV,South East Village,East Village,2019-01-31,2019-01-01,0,0,0,True
15TH_ST_J_ST,South East Village,East Village,2019-01-31,2019-01-01,6,3,0,True
15TH_ST_MARKET_ST,South East Village,East Village,2019-01-31,2019-01-01,0,0,0,True
16TH_ST_BROADWAY,East Village,East Village,2019-01-31,2019-01-01,2,1,0,True
16TH_ST_C_ST,East Village,East Village,2019-01-31,2019-01-01,0,0,0,True
16TH_ST_E_ST,East Village,East Village,2019-01-31,2019-01-01,0,0,0,True
16TH_ST_F_ST,East Village,East Village,2019-01-31,2019-01-01,4,4,0,True
16TH_ST_G_ST,East Village,East Village,2019-01-31,2019-01-01,4,4,0,True
16TH_ST_IMPERIAL_AV,South East Village,East Village,2019-01-31,2019-01-01,3,0,1,True
16TH_ST_ISLAND_AV,South East Village,East Village,2019-01-31,2019-01-01,0,0,0,True
16TH_ST_J_ST,South East Village,East Village,2019-01-31,2019-01-01,14,3,0,True
16TH_ST_K_ST,South East Village,East Village,2019-01-31,2019-01-01,0,0,0,True
16TH_ST_MARKET_ST,South East Village,East Village,2019-01-31,2019-01-01,15,3,2,True
17TH_ST_BROADWAY,East Village,East Village,2019-01-31,2019-01-01,0,0,0,True
17TH_ST_C_ST,East Village,East Village,2019-01-31,2019-01-01,1,0,0,True
17TH_ST_E_ST,East Village,East Village,2019-01-31,2019-01-01,0,0,0,True
17TH_ST_F_ST,East Village,East Village,2019-01-31,2019-01-01,1,0,0,True
17TH_ST_G_ST,East Village,East Village,2019-01-31,2019-01-01,1,0,0,True
17TH_ST_IMPERIAL_AV,South East Village,East Village,2019-01-31,2019-01-01,0,0,1,True
17TH_ST_ISLAND_AV,South East Village,East Village,2019-01-31,2019-01-01,10,0,1,True
17TH_ST_J_ST,South East Village,East Village,2019-01-31,2019-01-01,11,5,0,True
17TH_ST_K_ST,South East Village,East Village,2019-01-31,2019-01-01,55,11,1,True
17TH_ST_MARKET_ST,South East Village,East Village,2019-01-31,2019-01-01,16,8,0,True
CALIFORNIA_ST_W_ASH_ST,Columbia,Columbia,2019-01-31,2019-01-01,0,0,0,True
CALIFORNIA_ST_W_BROADWAY,Columbia,Columbia,2019-01-31,2019-01-01,0,0,0,True
COLUMBIA_ST_W_ASH_ST,Columbia,Columbia,2019-01-31,2019-01-01,1,0,0,True
COLUMBIA_ST_W_A_ST,Columbia,Columbia,2019-01-31,2019-01-01,0,0,0,True
COLUMBIA_ST_W_B_ST,Columbia,Columbia,2019-01-31,2019-01-01,2,0,0,True
COLUMBIA_ST_W_C_ST,Columbia,Columbia,2019-01-31,2019-01-01,7,0,0,True
COLUMBIA_ST_W_G_ST,Marina,Marina,2019-01-31,2019-01-01,1,0,0,True
FRONT_ST_W_ASH_ST,Cortez,Cortez,2019-01-31,2019-01-01,11,0,0,True
FRONT_ST_W_A_ST,City Center,City Center,2019-01-31,2019-01-01,2,0,0,True
FRONT_ST_W_BROADWAY,City Center,City Center,2019-01-31,2019-01-01,1,0,0,True
FRONT_ST_W_B_ST,City Center,City Center,2019-01-31,2019-01-01,1,0,0,True
FRONT_ST_W_C_ST,City Center,City Center,2019-01-31,2019-01-01,1,0,0,True
FRONT_ST_W_E_ST,City Center,City Center,2019-01-31,2019-01-01,0,0,0,True
FRONT_ST_W_F_ST,Marina,Marina,2019-01-31,2019-01-01,0,0,0,True
FRONT_ST_W_G_ST,Marina,Marina,2019-01-31,2019-01-01,0,0,0,True
FRONT_ST_W_MARKET_ST,Marina,Marina,2019-01-31,2019-01-01,0,0,0,True
FRONT_ST_W_MARKET_ST__2,Marina,Marina,2019-01-31,2019-01-01,0,0,0,True
I-5_SB_IMPERIAL_AV,South East Village,East Village,2019-01-31,2019-01-01,0,0,0,True
I-5_SB_ISLAND_AV,South East Village,East Village,2019-01-31,2019-01-01,0,0,0,True
I-5_SB_MARKET_ST,South East Village,East Village,2019-01-31,2019-01-01,0,0,0,True
I-5_SB_OFF_RA_J_ST,South East Village,East Village,2019-01-31,2019-01-01,5,7,0,True
I-5_SB_OFF_RA_Map_Border,South East Village,East Village,2019-01-31,2019-01-01,0,0,0,True
I-5_SB_ON_RA_BROADWAY,East Village,East Village,2019-01-31,2019-01-01,0,0,0,True
I-5_SB_ON_RA_C_ST,East Village,East Village,2019-01-31,2019-01-01,1,0,0,True
I-5_SB_ON_RA_E_ST,East Village,East Village,2019-01-31,2019-01-01,0,0,0,True
I-5_SB_ON_RA_F_ST,East Village,East Village,2019-01-31,2019-01-01,0,0,0,True
I-5_SB_ON_RA_G_ST,East Village,East Village,2019-01-31,2019-01-01,0,0,0,True
I-5_SB_ON_RA_Map_Border,South East Village,East Village,2019-01-31,2019-01-01,0,0,0,True
INDIA_ST_W_ASH_ST,Columbia,Columbia,2019-01-31,2019-01-01,0,0,0,True
INDIA_ST_W_A_ST,Columbia,Columbia,2019-01-31,2019-01-01,5,0,0,True
INDIA_ST_W_B_ST,Columbia,Columbia,2019-01-31,2019-01-01,0,0,0,True
KETTNER_BL_W_ASH_ST,Columbia,Columbia,2019-01-31,2019-01-01,0,0,0,True
KETTNER_BL_W_A_ST,Columbia,Columbia,2019-01-31,2019-01-01,0,0,0,True
KETTNER_BL_W_BROADWAY,Columbia,Columbia,2019-01-31,2019-01-01,0,0,0,True
KETTNER_BL_W_E_ST,Marina,Marina,2019-01-31,2019-01-01,15,1,0,True
KETTNER_BL_W_F_ST,Marina,Marina,2019-01-31,2019-01-01,0,6,0,True
KETTNER_BL_W_G_ST,Marina,Marina,2019-01-31,2019-01-01,0,0,0,True
Map_Border_BROADWAY,City Center,City Center,2019-01-31,2019-01-01,0,0,0,True
Map_Border_IMPERIAL_AV,South East Village,East Village,2019-01-31,2019-01-01,1,0,0,True
Map_Border_NATIONAL_AV,South East Village,East Village,2019-01-31,2019-01-01,0,0,0,True
NATIONAL_AV_IMPERIAL_AV,South East Village,East Village,2019-01-31,2019-01-01,0,0,0,True
PARK_BL_A_ST,City Center,City Center,2019-01-31,2019-01-01,0,0,0,True
PARK_BL_BROADWAY,City Center,City Center,2019-01-31,2019-01-01,0,1,0,True
PARK_BL_B_ST,City Center,City Center,2019-01-31,2019-01-01,7,2,0,True
PARK_BL_C_ST,City Center,City Center,2019-01-31,2019-01-01,2,0,0,True
PARK_BL_E_ST,East Village,East Village,2019-01-31,2019-01-01,5,0,0,True
PARK_BL_F_ST,East Village,East Village,2019-01-31,2019-01-01,0,0,0,True
PARK_BL_G_ST,East Village,East Village,2019-01-31,2019-01-01,0,0,0,True
PARK_BL_ISLAND_AV,South East Village,East Village,2019-01-31,2019-01-01,0,0,0,True
PARK_BL_J_ST,South East Village,East Village,2019-01-31,2019-01-01,12,0,0,True
PARK_BL_MARKET_ST,South East Village,East Village,2019-01-31,2019-01-01,1,0,0,True
PARK_BL_RUSS_BL,City Center,City Center,2019-01-31,2019-01-01,1,0,0,True
SR-163_NB_ON_RA_ASH_ST,Cortez,Cortez,2019-01-31,2019-01-01,0,0,0,True
STATE_ST_Map_Border,Marina,Marina,2019-01-31,2019-01-01,0,0,0,True
STATE_ST_W_ASH_ST,Columbia,Columbia,2019-01-31,2019-01-01,4,1,0,True
STATE_ST_W_A_ST,Columbia,Columbia,2019-01-31,2019-01-01,0,0,0,True
STATE_ST_W_BROADWAY,Columbia,Columbia,2019-01-31,2019-01-01,0,0,0,True
STATE_ST_W_B_ST,Columbia,Columbia,2019-01-31,2019-01-01,0,0,0,True
STATE_ST_W_C_ST,Columbia,Columbia,2019-01-31,2019-01-01,0,0,0,True
STATE_ST_W_G_ST,Marina,Marina,2019-01-31,2019-01-01,1,0,0,True
TONY_GWYNN_DR_K_ST,South East Village,East Village,2019-01-31,2019-01-01,0,0,0,True
TONY_GWYNN_DR_L_ST,South East Village,East Village,2019-01-31,2019-01-01,0,0,0,True
UNION_ST_W_ASH_ST,Columbia,Columbia,2019-01-31,2019-01-01,6,10,0,True
UNION_ST_W_A_ST,Columbia,Columbia,2019-01-31,2019-01-01,1,4,0,True
UNION_ST_W_BROADWAY,Columbia,Columbia,2019-01-31,2019-01-01,0,0,0,True
UNION_ST_W_B_ST,Columbia,Columbia,2019-01-31,2019-01-01,0,0,0,True
UNION_ST_W_C_ST,Columbia,Columbia,2019-01-31,2019-01-01,1,0,0,True
UNION_ST_W_E_ST,Marina,Marina,2019-01-31,2019-01-01,0,0,0,True
UNION_ST_W_F_ST,Marina,Marina,2019-01-31,2019-01-01,1,0,0,True
UNION_ST_W_G_ST,Marina,Marina,2019-01-31,2019-01-01,0,0,0,True
01ST_AV_I-5_SB,Cortez,Cortez,2020-01-31,2020-01-01,1,0,0,True
01ST_AV_W_ASH_ST,Cortez,Cortez,2020-01-31,2020-01-01,0,0,0,True
01ST_AV_W_A_ST,City Center,City Center,2020-01-31,2020-01-01,0,0,0,True
01ST_AV_W_BEECH_ST,Cortez,Cortez,2020-01-31,2020-01-01,0,0,0,True
01ST_AV_W_BROADWAY,City Center,City Center,2020-01-31,2020-01-01,0,0,0,True
01ST_AV_W_B_ST,City Center,City Center,2020-01-31,2020-01-01,0,0,0,True
01ST_AV_W_CEDAR_ST,Cortez,Cortez,2020-01-31,2020-01-01,0,0,0,True
01ST_AV_W_C_ST,City Center,City Center,2020-01-31,2020-01-01,2,0,0,True
01ST_AV_W_E_ST,City Center,City Center,2020-01-31,2020-01-01,0,0,0,True
01ST_AV_W_F_ST,City Center,City Center,2020-01-31,2020-01-01,1,0,0,True
01ST_AV_W_G_ST,Marina,Marina,2020-01-31,2020-01-01,0,0,0,True
01ST_AV_W_ISLAND_AV,Marina,Marina,2020-01-31,2020-01-01,3,0,0,True
01ST_AV_W_MARKET_ST,Marina,Marina,2020-01-31,2020-01-01,0,0,0,True
02ND_AV_ASH_ST,Cortez,Cortez,2020-01-31,2020-01-01,1,0,0,True
02ND_AV_BEECH_ST,Cortez,Cortez,2020-01-31,2020-01-01,1,0,0,True
02ND_AV_CEDAR_ST,Cortez,Cortez,2020-01-31,2020-01-01,0,0,0,True
02ND_AV_C_ST,City Center,City Center,2020-01-31,2020-01-01,0,0,0,True
02ND_AV_G_ST,Marina,Marina,2020-01-31,2020-01-01,0,0,0,True
02ND_AV_I-5_SB,Cortez,Cortez,2020-01-31,2020-01-01,0,0,0,True
02ND_AV_ISLAND_AV,Marina,Marina,2020-01-31,2020-01-01,2,0,0,True
02ND_AV_MARKET_ST,Marina,Marina,2020-01-31,2020-01-01,0,0,0,True
03RD_AV_ASH_ST,Cortez,Cortez,2020-01-31,2020-01-01,3,0,0,True
03RD_AV_A_ST,City Center,City Center,2020-01-31,2020-01-01,2,0,0,True
03RD_AV_BEECH_ST,Cortez,Cortez,2020-01-31,2020-01-01,0,0,0,True
03RD_AV_CEDAR_ST,Cortez,Cortez,2020-01-31,2020-01-01,0,0,0,True
03RD_AV_C_ST,City Center,City Center,2020-01-31,2020-01-01,0,0,0,True
03RD_AV_G_ST,Marina,Marina,2020-01-31,2020-01-01,3,0,0,True
03RD_AV_I-5_SB,Cortez,Cortez,2020-01-31,2020-01-01,1,0,0,True
03RD_AV_ISLAND_AV,Marina,Marina,2020-01-31,2020-01-01,3,0,0,True
03RD_AV_J_ST,Marina,Marina,2020-01-31,2020-01-01,3,2,0,True
03RD_AV_MARKET_ST,Marina,Marina,2020-01-31,2020-01-01,1,0,0,True
04TH_AV_ASH_ST,Cortez,Cortez,2020-01-31,2020-01-01,1,0,0,True
04TH_AV_A_ST,City Center,City Center,2020-01-31,2020-01-01,0,0,0,True
04TH_AV_BEECH_ST,Cortez,Cortez,2020-01-31,2020-01-01,0,0,0,True
04TH_AV_BROADWAY,City Center,City Center,2020-01-31,2020-01-01,5,1,0,True
04TH_AV_B_ST,City Center,City Center,2020-01-31,2020-01-01,7,0,0,True
04TH_AV_CEDAR_ST,Cortez,Cortez,2020-01-31,2020-01-01,2,0,1,True
04TH_AV_C_ST,City Center,City Center,2020-01-31,2020-01-01,1,0,0,True
04TH_AV_G_ST,Marina,Marina,2020-01-31,2020-01-01,13,0,0,True
04TH_AV_I-5_SB,Cortez,Cortez,2020-01-31,2020-01-01,0,0,0,True
04TH_AV_ISLAND_AV,Marina,Marina,2020-01-31,2020-01-01,0,0,0,True
04TH_AV_J_ST,Marina,Marina,2020-01-31,2020-01-01,0,0,0,True
04TH_AV_MARKET_ST,Marina,Marina,2020-01-31,2020-01-01,0,0,0,True
05TH_AV_ASH_ST,Cortez,Cortez,2020-01-31,2020-01-01,3,1,0,True
05TH_AV_A_ST,City Center,City Center,2020-01-31,2020-01-01,0,0,0,True
05TH_AV_BEECH_ST,Cortez,Cortez,2020-01-31,2020-01-01,0,0,0,True
05TH_AV_BROADWAY,Gaslamp,Gaslamp,2020-01-31,2020-01-01,15,0,0,True
05TH_AV_B_ST,City Center,City Center,2020-01-31,2020-01-01,28,0,0,True
05TH_AV_CEDAR_ST,Cortez,Cortez,2020-01-31,2020-01-01,19,0,0,True
05TH_AV_C_ST,City Center,City Center,2020-01-31,2020-01-01,0,0,0,True
05TH_AV_E_ST,Gaslamp,Gaslamp,2020-01-31,2020-01-01,1,0,0,True
05TH_AV_F_ST,Gaslamp,Gaslamp,2020-01-31,2020-01-01,6,0,0,True
05TH_AV_G_ST,Gaslamp,Gaslamp,2020-01-31,2020-01-01,5,1,0,True
05TH_AV_I-5_SB,Cortez,Cortez,2020-01-31,2020-01-01,0,0,0,True
05TH_AV_ISLAND_AV,Gaslamp,Gaslamp,2020-01-31,2020-01-01,0,0,0,True
05TH_AV_J_ST,Gaslamp,Gaslamp,2020-01-31,2020-01-01,0,0,0,True
05TH_AV_K_ST,Gaslamp,Gaslamp,2020-01-31,2020-01-01,1,0,0,True
05TH_AV_MARKET_ST,Gaslamp,Gaslamp,2020-01-31,2020-01-01,1,0,0,True
06TH_AV_ASH_ST,Cortez,Cortez,2020-01-31,2020-01-01,0,0,0,True
06TH_AV_A_ST,City Center,City Center,2020-01-31,2020-01-01,0,0,0,True
06TH_AV_BEECH_ST,Cortez,Cortez,2020-01-31,2020-01-01,0,0,0,True
06TH_AV_BROADWAY,Gaslamp,Gaslamp,2020-01-31,2020-01-01,3,0,0,True
06TH_AV_B_ST,City Center,City Center,2020-01-31,2020-01-01,0,0,0,True
06TH_AV_CEDAR_ST,Cortez,Cortez,2020-01-31,2020-01-01,0,0,0,True
06TH_AV_C_ST,City Center,City Center,2020-01-31,2020-01-01,3,0,0,True
06TH_AV_E_ST,Gaslamp,Gaslamp,2020-01-31,2020-01-01,2,0,0,True
06TH_AV_F_ST,Gaslamp,Gaslamp,2020-01-31,2020-01-01,12,0,0,True
06TH_AV_G_ST,Gaslamp,Gaslamp,2020-01-31,2020-01-01,3,0,0,True
06TH_AV_I-5_SB,Cortez,Cortez,2020-01-31,2020-01-01,0,0,0,True
06TH_AV_ISLAND_AV,Gaslamp,Gaslamp,2020-01-31,2020-01-01,0,0,0,True
06TH_AV_J_ST,Gaslamp,Gaslamp,2020-01-31,2020-01-01,1,0,0,True
06TH_AV_K_ST,Gaslamp,Gaslamp,2020-01-31,2020-01-01,5,0,0,True
06TH_AV_L_ST,Gaslamp,Gaslamp,2020-01-31,2020-01-01,1,0,0,True
06TH_AV_MARKET_ST,Gaslamp,Gaslamp,2020-01-31,2020-01-01,1,0,0,True
07TH_AV_ASH_ST,Cortez,Cortez,2020-01-31,2020-01-01,0,0,0,True
07TH_AV_A_ST,City Center,City Center,2020-01-31,2020-01-01,2,0,0,True
07TH_AV_BEECH_ST,Cortez,Cortez,2020-01-31,2020-01-01,0,0,0,True
07TH_AV_BROADWAY,City Center,City Center,2020-01-31,2020-01-01,0,0,0,True
07TH_AV_B_ST,City Center,City Center,2020-01-31,2020-01-01,4,0,0,True
07TH_AV_CEDAR_ST,Cortez,Cortez,2020-01-31,2020-01-01,0,0,0,True
07TH_AV_C_ST,City Center,City Center,2020-01-31,2020-01-01,0,0,0,True
07TH_AV_E_ST,East Village,East Village,2020-01-31,2020-01-01,9,0,0,True
07TH_AV_F_ST,East Village,East Village,2020-01-31,2020-01-01,0,0,0,True
07TH_AV_G_ST,East Village,East Village,2020-01-31,2020-01-01,1,0,0,True
07TH_AV_I-5_SB,Cortez,Cortez,2020-01-31,2020-01-01,0,0,0,True
07TH_AV_ISLAND_AV,South East Village,East Village,2020-01-31,2020-01-01,2,1,0,True
07TH_AV_J_ST,South East Village,East Village,2020-01-31,2020-01-01,0,0,0,True
07TH_AV_MARKET_ST,South East Village,East Village,2020-01-31,2020-01-01,0,0,0,True
08TH_AV_ASH_ST,Cortez,Cortez,2020-01-31,2020-01-01,0,0,0,True
08TH_AV_A_ST,City Center,City Center,2020-01-31,2020-01-01,0,0,0,True
08TH_AV_BEECH_ST,Cortez,Cortez,2020-01-31,2020-01-01,0,0,0,True
08TH_AV_BROADWAY,City Center,City Center,2020-01-31,2020-01-01,0,0,0,True
08TH_AV_B_ST,City Center,City Center,2020-01-31,2020-01-01,2,0,0,True
08TH_AV_CEDAR_ST,Cortez,Cortez,2020-01-31,2020-01-01,1,0,0,True
08TH_AV_C_ST,City Center,City Center,2020-01-31,2020-01-01,0,0,0,True
08TH_AV_DATE_ST,Cortez,Cortez,2020-01-31,2020-01-01,0,0,0,True
08TH_AV_E_ST,East Village,East Village,2020-01-31,2020-01-01,9,3,0,True
08TH_AV_F_ST,East Village,East Village,2020-01-31,2020-01-01,0,0,0,True
08TH_AV_G_ST,East Village,East Village,2020-01-31,2020-01-01,0,0,0,True
08TH_AV_ISLAND_AV,South East Village,East Village,2020-01-31,2020-01-01,0,0,0,True
08TH_AV_MARKET_ST,South East Village,East Village,2020-01-31,2020-01-01,0,0,0,True
09TH_AV_ASH_ST,Cortez,Cortez,2020-01-31,2020-01-01,0,0,0,True
09TH_AV_A_ST,City Center,City Center,2020-01-31,2020-01-01,0,0,0,True
09TH_AV_BEECH_ST,Cortez,Cortez,2020-01-31,2020-01-01,1,0,0,True
09TH_AV_BROADWAY,City Center,City Center,2020-01-31,2020-01-01,0,0,0,True
09TH_AV_B_ST,City Center,City Center,2020-01-31,2020-01-01,0,0,0,True
09TH_AV_CEDAR_ST,Cortez,Cortez,2020-01-31,2020-01-01,0,0,0,True
09TH_AV_C_ST,City Center,City Center,2020-01-31,2020-01-01,2,0,0,True
09TH_AV_DATE_ST,Cortez,Cortez,2020-01-31,2020-01-01,0,0,0,True
09TH_AV_E_ST,East Village,East Village,2020-01-31,2020-01-01,21,3,0,True
09TH_AV_F_ST,East Village,East Village,2020-01-31,2020-01-01,8,2,0,True
09TH_AV_G_ST,East Village,East Village,2020-01-31,2020-01-01,0,0,0,True
09TH_AV_ISLAND_AV,South East Village,East Village,2020-01-31,2020-01-01,3,0,0,True
09TH_AV_MARKET_ST,South East Village,East Village,2020-01-31,2020-01-01,0,0,0,True
10TH_AV_ASH_ST,Cortez,Cortez,2020-01-31,2020-01-01,0,0,0,True
10TH_AV_A_ST,City Center,City Center,2020-01-31,2020-01-01,0,0,0,True
10TH_AV_BEECH_ST,Cortez,Cortez,2020-01-31,2020-01-01,0,0,0,True
10TH_AV_BROADWAY,City Center,City Center,2020-01-31,2020-01-01,1,1,0,True
10TH_AV_B_ST,City Center,City Center,2020-01-31,2020-01-01,0,1,0,True
10TH_AV_CEDAR_ST,Cortez,Cortez,2020-01-31,2020-01-01,0,1,0,True
10TH_AV_C_ST,City Center,City Center,2020-01-31,2020-01-01,3,0,0,True
10TH_AV_DATE_ST,Cortez,Cortez,2020-01-31,2020-01-01,0,0,1,True
10TH_AV_E_ST,East Village,East Village,2020-01-31,2020-01-01,0,0,0,True
10TH_AV_F_ST,East Village,East Village,2020-01-31,2020-01-01,3,2,0,True
10TH_AV_G_ST,East Village,East Village,2020-01-31,2020-01-01,6,3,0,True
10TH_AV_ISLAND_AV,South East Village,East Village,2020-01-31,2020-01-01,3,0,0,True
10TH_AV_J_ST,South East Village,East Village,2020-01-31,2020-01-01,6,0,0,True
10TH_AV_MARKET_ST,South East Village,East Village,2020-01-31,2020-01-01,0,0,0,True
11TH_AV_A_ST,City Center,City Center,2020-01-31,2020-01-01,0,0,0,True
11TH_AV_BROADWAY,City Center,City Center,2020-01-31,2020-01-01,2,0,0,True
11TH_AV_B_ST,City Center,City Center,2020-01-31,2020-01-01,4,0,0,True
11TH_AV_C_ST,City Center,City Center,2020-01-31,2020-01-01,4,1,0,True
11TH_AV_E_ST,East Village,East Village,2020-01-31,2020-01-01,1,0,0,True
11TH_AV_F_ST,East Village,East Village,2020-01-31,2020-01-01,3,0,0,True
11TH_AV_G_ST,East Village,East Village,2020-01-31,2020-01-01,0,0,0,True
11TH_AV_ISLAND_AV,South East Village,East Village,2020-01-31,2020-01-01,0,0,0,True
11TH_AV_J_ST,South East Village,East Village,2020-01-31,2020-01-01,0,0,0,True
11TH_AV_K_ST,South East Village,East Village,2020-01-31,2020-01-01,0,0,0,True
11TH_AV_MARKET_ST,South East Village,East Village,2020-01-31,2020-01-01,3,0,0,True
12TH_AV_PARK_BL,South East Village,East Village,2020-01-31,2020-01-01,6,1,0,True
13TH_ST_BROADWAY,East Village,East Village,2020-01-31,2020-01-01,3,2,0,True
13TH_ST_C_ST,East Village,East Village,2020-01-31,2020-01-01,0,0,0,True
13TH_ST_E_ST,East Village,East Village,2020-01-31,2020-01-01,3,0,0,True
13TH_ST_F_ST,East Village,East Village,2020-01-31,2020-01-01,3,1,0,True
13TH_ST_G_ST,East Village,East Village,2020-01-31,2020-01-01,3,0,0,True
13TH_ST_IMPERIAL_AV,South East Village,East Village,2020-01-31,2020-01-01,0,0,0,True
13TH_ST_ISLAND_AV,South East Village,East Village,2020-01-31,2020-01-01,4,0,0,True
13TH_ST_J_ST,South East Village,East Village,2020-01-31,2020-01-01,0,0,0,True
13TH_ST_K_ST,South East Village,East Village,2020-01-31,2020-01-01,8,0,0,True
13TH_ST_L_ST,South East Village,East Village,2020-01-31,2020-01-01,1,0,0,True
13TH_ST_MARKET_ST,South East Village,East Village,2020-01-31,2020-01-01,8,0,0,True
14TH_ST_BROADWAY,East Village,East Village,2020-01-31,2020-01-01,0,0,0,True
14TH_ST_C_ST,East Village,East Village,2020-01-31,2020-01-01,0,0,0,True
14TH_ST_E_ST,East Village,East Village,2020-01-31,2020-01-01,0,0,0,True
14TH_ST_F_ST,East Village,East Village,2020-01-31,2020-01-01,14,1,0,True
14TH_ST_G_ST,East Village,East Village,2020-01-31,2020-01-01,0,0,0,True
14TH_ST_IMPERIAL_AV,South East Village,East Village,2020-01-31,2020-01-01,1,0,0,True
14TH_ST_ISLAND_AV,South East Village,East Village,2020-01-31,2020-01-01,8,1,0,True
14TH_ST_J_ST,South East Village,East Village,2020-01-31,2020-01-01,1,0,0,True
14TH_ST_K_ST,South East Village,East Village,2020-01-31,2020-01-01,4,1,0,True
14TH_ST_L_ST,South East Village,East Village,2020-01-31,2020-01-01,8,0,0,True
14TH_ST_MARKET_ST,South East Village,East Village,2020-01-31,2020-01-01,5,0,0,True
15TH_ST_BROADWAY,East Village,East Village,2020-01-31,2020-01-01,0,0,0,True
15TH_ST_C_ST,East Village,East Village,2020-01-31,2020-01-01,0,0,0,True
15TH_ST_E_ST,East Village,East Village,2020-01-31,2020-01-01,1,0,0,True
15TH_ST_F_ST,East Village,East Village,2020-01-31,2020-01-01,2,1,0,True
15TH_ST_G_ST,East Village,East Village,2020-01-31,2020-01-01,0,0,0,True
15TH_ST_IMPERIAL_AV,South East Village,East Village,2020-01-31,2020-01-01,40,2,0,True
15TH_ST_ISLAND_AV,South East Village,East Village,2020-01-31,2020-01-01,0,0,0,True
15TH_ST_J_ST,South East Village,East Village,2020-01-31,2020-01-01,3,0,0,True
15TH_ST_MARKET_ST,South East Village,East Village,2020-01-31,2020-01-01,9,0,0,True
16TH_ST_BROADWAY,East Village,East Village,2020-01-31,2020-01-01,4,1,0,True
16TH_ST_C_ST,East Village,East Village,2020-01-31,2020-01-01,0,,0,True
16TH_ST_E_ST,East Village,East Village,2020-01-31,2020-01-01,1,0,0,True
16TH_ST_F_ST,East Village,East Village,2020-01-31,2020-01-01,3,0,0,True
16TH_ST_G_ST,East Village,East Village,2020-01-31,2020-01-01,7,0,0,True
16TH_ST_IMPERIAL_AV,South East Village,East Village,2020-01-31,2020-01-01,2,0,1,True
16TH_ST_ISLAND_AV,South East Village,East Village,2020-01-31,2020-01-01,2,0,0,True
16TH_ST_J_ST,South East Village,East Village,2020-01-31,2020-01-01,10,4,0,True
16TH_ST_K_ST,South East Village,East Village,2020-01-31,2020-01-01,4,0,1,True
16TH_ST_MARKET_ST,South East Village,East Village,2020-01-31,2020-01-01,28,1,1,True
17TH_ST_BROADWAY,East Village,East Village,2020-01-31,2020-01-01,0,0,0,True
17TH_ST_C_ST,East Village,East Village,2020-01-31,2020-01-01,0,0,0,True
17TH_ST_E_ST,East Village,East Village,2020-01-31,2020-01-01,1,0,0,True
17TH_ST_F_ST,East Village,East Village,2020-01-31,2020-01-01,2,0,0,True
17TH_ST_G_ST,East Village,East Village,2020-01-31,2020-01-01,0,0,0,True
17TH_ST_IMPERIAL_AV,South East Village,East Village,2020-01-31,2020-01-01,2,0,2,True
17TH_ST_ISLAND_AV,South East Village,East Village,2020-01-31,2020-01-01,9,0,0,True
17TH_ST_J_ST,South East Village,East Village,2020-01-31,2020-01-01,7,2,0,True
17TH_ST_K_ST,South East Village,East Village,2020-01-31,2020-01-01,58,0,0,True
17TH_ST_MARKET_ST,South East Village,East Village,2020-01-31,2020-01-01,14,3,0,True
CALIFORNIA_ST_W_ASH_ST,Columbia,Columbia,2020-01-31,2020-01-01,0,0,0,True
CALIFORNIA_ST_W_BROADWAY,Columbia,Columbia,2020-01-31,2020-01-01,0,0,0,True
COLUMBIA_ST_W_ASH_ST,Columbia,Columbia,2020-01-31,2020-01-01,1,0,0,True
COLUMBIA_ST_W_A_ST,Columbia,Columbia,2020-01-31,2020-01-01,0,0,0,True
COLUMBIA_ST_W_B_ST,Columbia,Columbia,2020-01-31,2020-01-01,1,0,0,True
COLUMBIA_ST_W_C_ST,Columbia,Columbia,2020-01-31,2020-01-01,1,0,0,True
COLUMBIA_ST_W_G_ST,Marina,Marina,2020-01-31,2020-01-01,2,0,0,True
FRONT_ST_W_ASH_ST,Cortez,Cortez,2020-01-31,2020-01-01,3,2,0,True
FRONT_ST_W_A_ST,City Center,City Center,2020-01-31,2020-01-01,8,2,0,True
FRONT_ST_W_BROADWAY,City Center,City Center,2020-01-31,2020-01-01,0,0,0,True
FRONT_ST_W_B_ST,City Center,City Center,2020-01-31,2020-01-01,17,2,0,True
FRONT_ST_W_C_ST,City Center,City Center,2020-01-31,2020-01-01,5,0,0,True
FRONT_ST_W_E_ST,City Center,City Center,2020-01-31,2020-01-01,0,0,0,True
FRONT_ST_W_F_ST,Marina,Marina,2020-01-31,2020-01-01,0,0,0,True
FRONT_ST_W_G_ST,Marina,Marina,2020-01-31,2020-01-01,0,0,0,True
FRONT_ST_W_MARKET_ST,Marina,Marina,2020-01-31,2020-01-01,2,0,0,True
FRONT_ST_W_MARKET_ST__2,Marina,Marina,2020-01-31,2020-01-01,0,0,0,True
I-5_SB_IMPERIAL_AV,South East Village,East Village,2020-01-31,2020-01-01,1,0,0,True
I-5_SB_ISLAND_AV,South East Village,East Village,2020-01-31,2020-01-01,1,0,0,True
I-5_SB_MARKET_ST,South East Village,East Village,2020-01-31,2020-01-01,0,0,1,True
I-5_SB_OFF_RA_J_ST,South East Village,East Village,2020-01-31,2020-01-01,4,0,1,True
I-5_SB_OFF_RA_Map_Border,South East Village,East Village,2020-01-31,2020-01-01,0,0,0,True
I-5_SB_ON_RA_BROADWAY,East Village,East Village,2020-01-31,2020-01-01,0,0,0,True
I-5_SB_ON_RA_C_ST,East Village,East Village,2020-01-31,2020-01-01,0,0,3,True
I-5_SB_ON_RA_E_ST,East Village,East Village,2020-01-31,2020-01-01,0,0,0,True
I-5_SB_ON_RA_F_ST,East Village,East Village,2020-01-31,2020-01-01,0,0,0,True
I-5_SB_ON_RA_G_ST,East Village,East Village,2020-01-31,2020-01-01,0,0,0,True
I-5_SB_ON_RA_Map_Border,South East Village,East Village,2020-01-31,2020-01-01,0,0,0,True
INDIA_ST_W_ASH_ST,Columbia,Columbia,2020-01-31,2020-01-01,1,1,0,True
INDIA_ST_W_A_ST,Columbia,Columbia,2020-01-31,2020-01-01,0,0,0,True
INDIA_ST_W_B_ST,Columbia,Columbia,2020-01-31,2020-01-01,0,0,0,True
KETTNER_BL_W_ASH_ST,Columbia,Columbia,2020-01-31,2020-01-01,0,0,0,True
KETTNER_BL_W_A_ST,Columbia,Columbia,2020-01-31,2020-01-01,1,0,0,True
KETTNER_BL_W_BROADWAY,Columbia,Columbia,2020-01-31,2020-01-01,0,0,0,True
KETTNER_BL_W_E_ST,Marina,Marina,2020-01-31,2020-01-01,5,1,0,True
KETTNER_BL_W_F_ST,Marina,Marina,2020-01-31,2020-01-01,0,0,0,True
KETTNER_BL_W_G_ST,Marina,Marina,2020-01-31,2020-01-01,1,0,0,True
Map_Border_BROADWAY,City Center,City Center,2020-01-31,2020-01-01,1,0,0,True
Map_Border_IMPERIAL_AV,South East Village,East Village,2020-01-31,2020-01-01,2,0,0,True
Map_Border_NATIONAL_AV,South East Village,East Village,2020-01-31,2020-01-01,1,0,0,True
NATIONAL_AV_IMPERIAL_AV,South East Village,East Village,2020-01-31,2020-01-01,0,0,0,True
PARK_BL_A_ST,City Center,City Center,2020-01-31,2020-01-01,1,0,0,True
PARK_BL_BROADWAY,City Center,City Center,2020-01-31,2020-01-01,2,0,0,True
PARK_BL_B_ST,City Center,City Center,2020-01-31,2020-01-01,1,0,0,True
PARK_BL_C_ST,City Center,City Center,2020-01-31,2020-01-01,5,0,0,True
PARK_BL_E_ST,East Village,East Village,2020-01-31,2020-01-01,0,2,0,True
PARK_BL_F_ST,East Village,East Village,2020-01-31,2020-01-01,1,0,0,True
PARK_BL_G_ST,East Village,East Village,2020-01-31,2020-01-01,0,0,0,True
PARK_BL_ISLAND_AV,South East Village,East Village,2020-01-31,2020-01-01,0,0,0,True
PARK_BL_J_ST,South East Village,East Village,2020-01-31,2020-01-01,0,0,0,True
PARK_BL_MARKET_ST,South East Village,East Village,2020-01-31,2020-01-01,2,0,0,True
PARK_BL_RUSS_BL,City Center,City Center,2020-01-31,2020-01-01,0,0,0,True
SR-163_NB_ON_RA_ASH_ST,Cortez,Cortez,2020-01-31,2020-01-01,0,0,0,True
STATE_ST_Map_Border,Marina,Marina,2020-01-31,2020-01-01,2,0,0,True
STATE_ST_W_ASH_ST,Columbia,Columbia,2020-01-31,2020-01-01,1,0,0,True
STATE_ST_W_A_ST,Columbia,Columbia,2020-01-31,2020-01-01,0,1,0,True
STATE_ST_W_BROADWAY,Columbia,Columbia,2020-01-31,2020-01-01,2,0,0,True
STATE_ST_W_B_ST,Columbia,Columbia,2020-01-31,2020-01-01,1,0,0,True
STATE_ST_W_C_ST,Columbia,Columbia,2020-01-31,2020-01-01,0,0,0,True
STATE_ST_W_G_ST,Marina,Marina,2020-01-31,2020-01-01,1,0,0,True
TONY_GWYNN_DR_K_ST,South East Village,East Village,2020-01-31,2020-01-01,0,0,0,True
TONY_GWYNN_DR_L_ST,South East Village,East Village,2020-01-31,2020-01-01,0,0,0,True
UNION_ST_W_ASH_ST,Columbia,Columbia,2020-01-31,2020-01-01,2,0,0,True
UNION_ST_W_A_ST,Columbia,Columbia,2020-01-31,2020-01-01,11,3,0,True
UNION_ST_W_BROADWAY,Columbia,Columbia,2020-01-31,2020-01-01,0,0,0,True
UNION_ST_W_B_ST,Columbia,Columbia,2020-01-31,2020-01-01,0,0,0,True
UNION_ST_W_C_ST,Columbia,Columbia,2020-01-31,2020-01-01,10,0,0,True
UNION_ST_W_E_ST,Marina,Marina,2020-01-31,2020-01-01,0,0,0,True
UNION_ST_W_F_ST,Marina,Marina,2020-01-31,2020-01-01,0,0,1,True
UNION_ST_W_G_ST,Marina,Marina,2020-01-31,2020-01-01,0,0,0,True
01ST_AV_I-5_SB,Cortez,Cortez,2020-02-26,2020-02-01,0,0,0,True
01ST_AV_W_ASH_ST,Cortez,Cortez,2020-02-26,2020-02-01,1,0,0,True
01ST_AV_W_A_ST,City Center,City Center,2020-02-26,2020-02-01,0,0,0,True
01ST_AV_W_BEECH_ST,Cortez,Cortez,2020-02-26,2020-02-01,0,0,0,True
01ST_AV_W_BROADWAY,City Center,City Center,2020-02-26,2020-02-01,1,0,0,True
01ST_AV_W_B_ST,City Center,City Center,2020-02-26,2020-02-01,0,0,0,True
01ST_AV_W_CEDAR_ST,Cortez,Cortez,2020-02-26,2020-02-01,0,0,0,True
01ST_AV_W_C_ST,City Center,City Center,2020-02-26,2020-02-01,2,0,0,True
01ST_AV_W_E_ST,City Center,City Center,2020-02-26,2020-02-01,0,0,0,True
01ST_AV_W_F_ST,City Center,City Center,2020-02-26,2020-02-01,1,0,0,True
01ST_AV_W_G_ST,Marina,Marina,2020-02-26,2020-02-01,0,0,0,True
01ST_AV_W_ISLAND_AV,Marina,Marina,2020-02-26,2020-02-01,1,0,0,True
01ST_AV_W_MARKET_ST,Marina,Marina,2020-02-26,2020-02-01,0,0,0,True
02ND_AV_ASH_ST,Cortez,Cortez,2020-02-26,2020-02-01,0,0,0,True
02ND_AV_BEECH_ST,Cortez,Cortez,2020-02-26,2020-02-01,2,0,0,True
02ND_AV_CEDAR_ST,Cortez,Cortez,2020-02-26,2020-02-01,2,0,0,True
02ND_AV_C_ST,City Center,City Center,2020-02-26,2020-02-01,1,0,0,True
02ND_AV_G_ST,Marina,Marina,2020-02-26,2020-02-01,1,0,0,True
02ND_AV_I-5_SB,Cortez,Cortez,2020-02-26,2020-02-01,2,0,0,True
02ND_AV_ISLAND_AV,Marina,Marina,2020-02-26,2020-02-01,3,1,0,True
02ND_AV_MARKET_ST,Marina,Marina,2020-02-26,2020-02-01,0,0,0,True
03RD_AV_ASH_ST,Cortez,Cortez,2020-02-26,2020-02-01,0,0,0,True
03RD_AV_A_ST,City Center,City Center,2020-02-26,2020-02-01,14,0,0,True
03RD_AV_BEECH_ST,Cortez,Cortez,2020-02-26,2020-02-01,0,0,0,True
03RD_AV_CEDAR_ST,Cortez,Cortez,2020-02-26,2020-02-01,4,0,0,True
03RD_AV_C_ST,City Center,City Center,2020-02-26,2020-02-01,2,0,0,True
03RD_AV_G_ST,Marina,Marina,2020-02-26,2020-02-01,1,0,0,True
03RD_AV_I-5_SB,Cortez,Cortez,2020-02-26,2020-02-01,0,0,0,True
03RD_AV_ISLAND_AV,Marina,Marina,2020-02-26,2020-02-01,1,0,0,True
03RD_AV_J_ST,Marina,Marina,2020-02-26,2020-02-01,0,0,1,True
03RD_AV_MARKET_ST,Marina,Marina,2020-02-26,2020-02-01,1,0,0,True
04TH_AV_ASH_ST,Cortez,Cortez,2020-02-26,2020-02-01,0,0,0,True
04TH_AV_A_ST,City Center,City Center,2020-02-26,2020-02-01,5,1,0,True
04TH_AV_BEECH_ST,Cortez,Cortez,2020-02-26,2020-02-01,0,0,0,True
04TH_AV_BROADWAY,City Center,City Center,2020-02-26,2020-02-01,2,0,0,True
04TH_AV_B_ST,City Center,City Center,2020-02-26,2020-02-01,31,1,0,True
04TH_AV_CEDAR_ST,Cortez,Cortez,2020-02-26,2020-02-01,4,0,0,True
04TH_AV_C_ST,City Center,City Center,2020-02-26,2020-02-01,5,0,0,True
04TH_AV_G_ST,Marina,Marina,2020-02-26,2020-02-01,8,0,0,True
04TH_AV_I-5_SB,Cortez,Cortez,2020-02-26,2020-02-01,0,0,0,True
04TH_AV_ISLAND_AV,Marina,Marina,2020-02-26,2020-02-01,1,0,0,True
04TH_AV_J_ST,Marina,Marina,2020-02-26,2020-02-01,2,0,0,True
04TH_AV_MARKET_ST,Marina,Marina,2020-02-26,2020-02-01,0,0,0,True
05TH_AV_ASH_ST,Cortez,Cortez,2020-02-26,2020-02-01,0,0,0,True
05TH_AV_A_ST,City Center,City Center,2020-02-26,2020-02-01,0,0,0,True
05TH_AV_BEECH_ST,Cortez,Cortez,2020-02-26,2020-02-01,0,0,0,True
05TH_AV_BROADWAY,Gaslamp,Gaslamp,2020-02-26,2020-02-01,8,0,0,True
05TH_AV_B_ST,City Center,City Center,2020-02-26,2020-02-01,1,0,0,True
05TH_AV_CEDAR_ST,Cortez,Cortez,2020-02-26,2020-02-01,21,1,0,True
05TH_AV_C_ST,City Center,City Center,2020-02-26,2020-02-01,2,0,0,True
05TH_AV_E_ST,Gaslamp,Gaslamp,2020-02-26,2020-02-01,5,0,0,True
05TH_AV_F_ST,Gaslamp,Gaslamp,2020-02-26,2020-02-01,6,0,0,True
05TH_AV_G_ST,Gaslamp,Gaslamp,2020-02-26,2020-02-01,1,0,0,True
05TH_AV_I-5_SB,Cortez,Cortez,2020-02-26,2020-02-01,0,0,0,True
05TH_AV_ISLAND_AV,Gaslamp,Gaslamp,2020-02-26,2020-02-01,0,0,0,True
05TH_AV_J_ST,Gaslamp,Gaslamp,2020-02-26,2020-02-01,0,0,0,True
05TH_AV_K_ST,Gaslamp,Gaslamp,2020-02-26,2020-02-01,0,0,0,True
05TH_AV_MARKET_ST,Gaslamp,Gaslamp,2020-02-26,2020-02-01,6,1,0,True
06TH_AV_ASH_ST,Cortez,Cortez,2020-02-26,2020-02-01,0,0,0,True
06TH_AV_A_ST,City Center,City Center,2020-02-26,2020-02-01,0,0,0,True
06TH_AV_BEECH_ST,Cortez,Cortez,2020-02-26,2020-02-01,0,0,0,True
06TH_AV_BROADWAY,Gaslamp,Gaslamp,2020-02-26,2020-02-01,0,0,0,True
06TH_AV_B_ST,City Center,City Center,2020-02-26,2020-02-01,0,0,0,True
06TH_AV_CEDAR_ST,Cortez,Cortez,2020-02-26,2020-02-01,2,2,0,True
06TH_AV_C_ST,City Center,City Center,2020-02-26,2020-02-01,0,0,1,True
06TH_AV_E_ST,Gaslamp,Gaslamp,2020-02-26,2020-02-01,2,0,0,True
06TH_AV_F_ST,Gaslamp,Gaslamp,2020-02-26,2020-02-01,7,0,0,True
06TH_AV_G_ST,Gaslamp,Gaslamp,2020-02-26,2020-02-01,0,1,0,True
06TH_AV_I-5_SB,Cortez,Cortez,2020-02-26,2020-02-01,0,0,0,True
06TH_AV_ISLAND_AV,Gaslamp,Gaslamp,2020-02-26,2020-02-01,0,0,0,True
06TH_AV_J_ST,Gaslamp,Gaslamp,2020-02-26,2020-02-01,0,0,0,True
06TH_AV_K_ST,Gaslamp,Gaslamp,2020-02-26,2020-02-01,4,0,0,True
06TH_AV_L_ST,Gaslamp,Gaslamp,2020-02-26,2020-02-01,6,0,0,True
06TH_AV_MARKET_ST,Gaslamp,Gaslamp,2020-02-26,2020-02-01,3,0,0,True
07TH_AV_ASH_ST,Cortez,Cortez,2020-02-26,2020-02-01,0,0,0,True
07TH_AV_A_ST,City Center,City Center,2020-02-26,2020-02-01,0,0,0,True
07TH_AV_BEECH_ST,Cortez,Cortez,2020-02-26,2020-02-01,0,0,0,True
07TH_AV_BROADWAY,City Center,City Center,2020-02-26,2020-02-01,0,0,0,True
07TH_AV_B_ST,City Center,City Center,2020-02-26,2020-02-01,1,0,0,True
07TH_AV_CEDAR_ST,Cortez,Cortez,2020-02-26,2020-02-01,1,0,0,True
07TH_AV_C_ST,City Center,City Center,2020-02-26,2020-02-01,5,0,0,True
07TH_AV_E_ST,East Village,East Village,2020-02-26,2020-02-01,3,2,0,True
07TH_AV_F_ST,East Village,East Village,2020-02-26,2020-02-01,0,0,0,True
07TH_AV_G_ST,East Village,East Village,2020-02-26,2020-02-01,1,0,0,True
07TH_AV_I-5_SB,Cortez,Cortez,2020-02-26,2020-02-01,0,0,0,True
07TH_AV_ISLAND_AV,South East Village,East Village,2020-02-26,2020-02-01,0,0,0,True
07TH_AV_J_ST,South East Village,East Village,2020-02-26,2020-02-01,1,0,0,True
07TH_AV_MARKET_ST,South East Village,East Village,2020-02-26,2020-02-01,0,0,0,True
08TH_AV_ASH_ST,Cortez,Cortez,2020-02-26,2020-02-01,0,0,0,True
08TH_AV_A_ST,City Center,City Center,2020-02-26,2020-02-01,0,0,0,True
08TH_AV_BEECH_ST,Cortez,Cortez,2020-02-26,2020-02-01,0,0,0,True
08TH_AV_BROADWAY,City Center,City Center,2020-02-26,2020-02-01,0,0,0,True
08TH_AV_B_ST,City Center,City Center,2020-02-26,2020-02-01,0,0,0,True
08TH_AV_CEDAR_ST,Cortez,Cortez,2020-02-26,2020-02-01,0,0,0,True
08TH_AV_C_ST,City Center,City Center,2020-02-26,2020-02-01,1,0,0,True
08TH_AV_DATE_ST,Cortez,Cortez,2020-02-26,2020-02-01,1,0,0,True
08TH_AV_E_ST,East Village,East Village,2020-02-26,2020-02-01,29,3,0,True
08TH_AV_F_ST,East Village,East Village,2020-02-26,2020-02-01,0,2,0,True
08TH_AV_G_ST,East Village,East Village,2020-02-26,2020-02-01,2,0,0,True
08TH_AV_ISLAND_AV,South East Village,East Village,2020-02-26,2020-02-01,0,0,0,True
08TH_AV_MARKET_ST,South East Village,East Village,2020-02-26,2020-02-01,4,0,0,True
09TH_AV_ASH_ST,Cortez,Cortez,2020-02-26,2020-02-01,0,0,0,True
09TH_AV_A_ST,City Center,City Center,2020-02-26,2020-02-01,0,0,0,True
09TH_AV_BEECH_ST,Cortez,Cortez,2020-02-26,2020-02-01,0,0,0,True
09TH_AV_BROADWAY,City Center,City Center,2020-02-26,2020-02-01,2,0,0,True
09TH_AV_B_ST,City Center,City Center,2020-02-26,2020-02-01,0,0,0,True
09TH_AV_CEDAR_ST,Cortez,Cortez,2020-02-26,2020-02-01,0,0,0,True
09TH_AV_C_ST,City Center,City Center,2020-02-26,2020-02-01,3,0,0,True
09TH_AV_DATE_ST,Cortez,Cortez,2020-02-26,2020-02-01,0,0,0,True
09TH_AV_E_ST,East Village,East Village,2020-02-26,2020-02-01,12,2,0,True
09TH_AV_F_ST,East Village,East Village,2020-02-26,2020-02-01,4,0,0,True
09TH_AV_G_ST,East Village,East Village,2020-02-26,2020-02-01,1,3,0,True
09TH_AV_ISLAND_AV,South East Village,East Village,2020-02-26,2020-02-01,2,0,0,True
09TH_AV_MARKET_ST,South East Village,East Village,2020-02-26,2020-02-01,0,0,0,True
10TH_AV_ASH_ST,Cortez,Cortez,2020-02-26,2020-02-01,0,0,0,True
10TH_AV_A_ST,City Center,City Center,2020-02-26,2020-02-01,0,0,0,True
10TH_AV_BEECH_ST,Cortez,Cortez,2020-02-26,2020-02-01,0,0,0,True
10TH_AV_BROADWAY,City Center,City Center,2020-02-26,2020-02-01,0,0,0,True
10TH_AV_B_ST,City Center,City Center,2020-02-26,2020-02-01,7,0,0,True
10TH_AV_CEDAR_ST,Cortez,Cortez,2020-02-26,2020-02-01,0,0,0,True
10TH_AV_C_ST,City Center,City Center,2020-02-26,2020-02-01,0,0,0,True
10TH_AV_DATE_ST,Cortez,Cortez,2020-02-26,2020-02-01,0,0,0,True
10TH_AV_E_ST,East Village,East Village,2020-02-26,2020-02-01,0,0,0,True
10TH_AV_F_ST,East Village,East Village,2020-02-26,2020-02-01,0,0,0,True
10TH_AV_G_ST,East Village,East Village,2020-02-26,2020-02-01,6,7,0,True
10TH_AV_ISLAND_AV,South East Village,East Village,2020-02-26,2020-02-01,0,0,0,True
10TH_AV_J_ST,South East Village,East Village,2020-02-26,2020-02-01,2,0,0,True
10TH_AV_MARKET_ST,South East Village,East Village,2020-02-26,2020-02-01,0,0,0,True
11TH_AV_A_ST,City Center,City Center,2020-02-26,2020-02-01,2,0,0,True
11TH_AV_BROADWAY,City Center,City Center,2020-02-26,2020-02-01,3,0,0,True
11TH_AV_B_ST,City Center,City Center,2020-02-26,2020-02-01,5,0,0,True
11TH_AV_C_ST,City Center,City Center,2020-02-26,2020-02-01,1,0,0,True
11TH_AV_E_ST,East Village,East Village,2020-02-26,2020-02-01,1,0,0,True
11TH_AV_F_ST,East Village,East Village,2020-02-26,2020-02-01,0,0,0,True
11TH_AV_G_ST,East Village,East Village,2020-02-26,2020-02-01,0,0,0,True
11TH_AV_ISLAND_AV,South East Village,East Village,2020-02-26,2020-02-01,0,0,0,True
11TH_AV_J_ST,South East Village,East Village,2020-02-26,2020-02-01,0,0,0,True
11TH_AV_K_ST,South East Village,East Village,2020-02-26,2020-02-01,1,0,0,True
11TH_AV_MARKET_ST,South East Village,East Village,2020-02-26,2020-02-01,3,0,0,True
12TH_AV_PARK_BL,South East Village,East Village,2020-02-26,2020-02-01,2,0,0,True
13TH_ST_BROADWAY,East Village,East Village,2020-02-26,2020-02-01,5,0,0,True
13TH_ST_C_ST,East Village,East Village,2020-02-26,2020-02-01,2,0,0,True
13TH_ST_E_ST,East Village,East Village,2020-02-26,2020-02-01,0,0,0,True
13TH_ST_F_ST,East Village,East Village,2020-02-26,2020-02-01,5,2,0,True
13TH_ST_G_ST,East Village,East Village,2020-02-26,2020-02-01,0,0,0,True
13TH_ST_IMPERIAL_AV,South East Village,East Village,2020-02-26,2020-02-01,0,0,0,True
13TH_ST_ISLAND_AV,South East Village,East Village,2020-02-26,2020-02-01,1,0,0,True
13TH_ST_J_ST,South East Village,East Village,2020-02-26,2020-02-01,0,0,0,True
13TH_ST_K_ST,South East Village,East Village,2020-02-26,2020-02-01,12,0,0,True
13TH_ST_L_ST,South East Village,East Village,2020-02-26,2020-02-01,3,0,0,True
13TH_ST_MARKET_ST,South East Village,East Village,2020-02-26,2020-02-01,5,0,0,True
14TH_ST_BROADWAY,East Village,East Village,2020-02-26,2020-02-01,0,0,0,True
14TH_ST_C_ST,East Village,East Village,2020-02-26,2020-02-01,1,0,0,True
14TH_ST_E_ST,East Village,East Village,2020-02-26,2020-02-01,0,0,0,True
14TH_ST_F_ST,East Village,East Village,2020-02-26,2020-02-01,12,0,0,True
14TH_ST_G_ST,East Village,East Village,2020-02-26,2020-02-01,3,0,0,True
14TH_ST_IMPERIAL_AV,South East Village,East Village,2020-02-26,2020-02-01,0,0,0,True
14TH_ST_ISLAND_AV,South East Village,East Village,2020-02-26,2020-02-01,14,0,0,True
14TH_ST_J_ST,South East Village,East Village,2020-02-26,2020-02-01,0,0,0,True
14TH_ST_K_ST,South East Village,East Village,2020-02-26,2020-02-01,8,1,1,True
14TH_ST_L_ST,South East Village,East Village,2020-02-26,2020-02-01,2,0,0,True
14TH_ST_MARKET_ST,South East Village,East Village,2020-02-26,2020-02-01,4,0,0,True
15TH_ST_BROADWAY,East Village,East Village,2020-02-26,2020-02-01,1,0,0,True
15TH_ST_C_ST,East Village,East Village,2020-02-26,2020-02-01,0,0,0,True
15TH_ST_E_ST,East Village,East Village,2020-02-26,2020-02-01,0,0,0,True
15TH_ST_F_ST,East Village,East Village,2020-02-26,2020-02-01,0,0,0,True
15TH_ST_G_ST,East Village,East Village,2020-02-26,2020-02-01,0,0,0,True
15TH_ST_IMPERIAL_AV,South East Village,East Village,2020-02-26,2020-02-01,32,1,0,True
15TH_ST_ISLAND_AV,South East Village,East Village,2020-02-26,2020-02-01,0,0,0,True
15TH_ST_J_ST,South East Village,East Village,2020-02-26,2020-02-01,5,1,0,True
15TH_ST_MARKET_ST,South East Village,East Village,2020-02-26,2020-02-01,6,0,0,True
16TH_ST_BROADWAY,East Village,East Village,2020-02-26,2020-02-01,7,0,0,True
16TH_ST_C_ST,East Village,East Village,2020-02-26,2020-02-01,0,0,0,True
16TH_ST_E_ST,East Village,East Village,2020-02-26,2020-02-01,0,0,0,True
16TH_ST_F_ST,East Village,East Village,2020-02-26,2020-02-01,0,0,0,True
16TH_ST_G_ST,East Village,East Village,2020-02-26,2020-02-01,0,0,0,True
16TH_ST_IMPERIAL_AV,South East Village,East Village,2020-02-26,2020-02-01,4,0,1,True
16TH_ST_ISLAND_AV,South East Village,East Village,2020-02-26,2020-02-01,1,0,0,True
16TH_ST_J_ST,South East Village,East Village,2020-02-26,2020-02-01,6,0,0,True
16TH_ST_K_ST,South East Village,East Village,2020-02-26,2020-02-01,3,0,0,True
16TH_ST_MARKET_ST,South East Village,East Village,2020-02-26,2020-02-01,24,1,2,True
17TH_ST_BROADWAY,East Village,East Village,2020-02-26,2020-02-01,0,0,0,True
17TH_ST_C_ST,East Village,East Village,2020-02-26,2020-02-01,0,0,0,True
17TH_ST_E_ST,East Village,East Village,2020-02-26,2020-02-01,2,0,0,True
17TH_ST_F_ST,East Village,East Village,2020-02-26,2020-02-01,1,0,0,True
17TH_ST_G_ST,East Village,East Village,2020-02-26,2020-02-01,1,0,0,True
17TH_ST_IMPERIAL_AV,South East Village,East Village,2020-02-26,2020-02-01,3,0,1,True
17TH_ST_ISLAND_AV,South East Village,East Village,2020-02-26,2020-02-01,8,5,0,True
17TH_ST_J_ST,South East Village,East Village,2020-02-26,2020-02-01,12,1,0,True
17TH_ST_K_ST,South East Village,East Village,2020-02-26,2020-02-01,38,0,0,True
17TH_ST_MARKET_ST,South East Village,East Village,2020-02-26,2020-02-01,3,3,0,True
CALIFORNIA_ST_W_ASH_ST,Columbia,Columbia,2020-02-26,2020-02-01,1,0,0,True
CALIFORNIA_ST_W_BROADWAY,Columbia,Columbia,2020-02-26,2020-02-01,0,0,0,True
COLUMBIA_ST_W_ASH_ST,Columbia,Columbia,2020-02-26,2020-02-01,0,0,0,True
COLUMBIA_ST_W_A_ST,Columbia,Columbia,2020-02-26,2020-02-01,0,0,0,True
COLUMBIA_ST_W_B_ST,Columbia,Columbia,2020-02-26,2020-02-01,0,0,0,True
COLUMBIA_ST_W_C_ST,Columbia,Columbia,2020-02-26,2020-02-01,0,0,0,True
COLUMBIA_ST_W_G_ST,Marina,Marina,2020-02-26,2020-02-01,3,0,0,True
FRONT_ST_W_ASH_ST,Cortez,Cortez,2020-02-26,2020-02-01,2,1,0,True
FRONT_ST_W_A_ST,City Center,City Center,2020-02-26,2020-02-01,8,2,0,True
FRONT_ST_W_BROADWAY,City Center,City Center,2020-02-26,2020-02-01,0,0,0,True
FRONT_ST_W_B_ST,City Center,City Center,2020-02-26,2020-02-01,16,1,0,True
FRONT_ST_W_C_ST,City Center,City Center,2020-02-26,2020-02-01,8,1,0,True
FRONT_ST_W_E_ST,City Center,City Center,2020-02-26,2020-02-01,0,0,0,True
FRONT_ST_W_F_ST,Marina,Marina,2020-02-26,2020-02-01,0,0,0,True
FRONT_ST_W_G_ST,Marina,Marina,2020-02-26,2020-02-01,0,0,0,True
FRONT_ST_W_MARKET_ST,Marina,Marina,2020-02-26,2020-02-01,0,0,0,True
FRONT_ST_W_MARKET_ST__2,Marina,Marina,2020-02-26,2020-02-01,0,0,0,True
I-5_SB_IMPERIAL_AV,South East Village,East Village,2020-02-26,2020-02-01,0,0,0,True
I-5_SB_ISLAND_AV,South East Village,East Village,2020-02-26,2020-02-01,0,0,0,True
I-5_SB_MARKET_ST,South East Village,East Village,2020-02-26,2020-02-01,0,0,0,True
I-5_SB_OFF_RA_J_ST,South East Village,East Village,2020-02-26,2020-02-01,0,0,0,True
I-5_SB_OFF_RA_Map_Border,South East Village,East Village,2020-02-26,2020-02-01,4,0,0,True
I-5_SB_ON_RA_BROADWAY,East Village,East Village,2020-02-26,2020-02-01,0,0,0,True
I-5_SB_ON_RA_C_ST,East Village,East Village,2020-02-26,2020-02-01,1,0,1,True
I-5_SB_ON_RA_E_ST,East Village,East Village,2020-02-26,2020-02-01,0,0,0,True
I-5_SB_ON_RA_F_ST,East Village,East Village,2020-02-26,2020-02-01,0,0,0,True
I-5_SB_ON_RA_G_ST,East Village,East Village,2020-02-26,2020-02-01,0,0,0,True
I-5_SB_ON_RA_Map_Border,South East Village,East Village,2020-02-26,2020-02-01,0,0,0,True
INDIA_ST_W_ASH_ST,Columbia,Columbia,2020-02-26,2020-02-01,2,0,0,True
INDIA_ST_W_A_ST,Columbia,Columbia,2020-02-26,2020-02-01,0,0,0,True
INDIA_ST_W_B_ST,Columbia,Columbia,2020-02-26,2020-02-01,1,0,0,True
KETTNER_BL_W_ASH_ST,Columbia,Columbia,2020-02-26,2020-02-01,0,0,0,True
KETTNER_BL_W_A_ST,Columbia,Columbia,2020-02-26,2020-02-01,4,0,0,True
KETTNER_BL_W_BROADWAY,Columbia,Columbia,2020-02-26,2020-02-01,0,0,0,True
KETTNER_BL_W_E_ST,Marina,Marina,2020-02-26,2020-02-01,0,0,0,True
KETTNER_BL_W_F_ST,Marina,Marina,2020-02-26,2020-02-01,0,0,0,True
KETTNER_BL_W_G_ST,Marina,Marina,2020-02-26,2020-02-01,0,0,0,True
Map_Border_BROADWAY,City Center,City Center,2020-02-26,2020-02-01,0,0,0,True
Map_Border_IMPERIAL_AV,South East Village,East Village,2020-02-26,2020-02-01,0,0,0,True
Map_Border_NATIONAL_AV,South East Village,East Village,2020-02-26,2020-02-01,16,2,0,True
NATIONAL_AV_IMPERIAL_AV,South East Village,East Village,2020-02-26,2020-02-01,0,0,0,True
PARK_BL_A_ST,City Center,City Center,2020-02-26,2020-02-01,0,2,0,True
PARK_BL_BROADWAY,City Center,City Center,2020-02-26,2020-02-01,7,0,0,True
PARK_BL_B_ST,City Center,City Center,2020-02-26,2020-02-01,4,0,0,True
PARK_BL_C_ST,City Center,City Center,2020-02-26,2020-02-01,4,0,0,True
PARK_BL_E_ST,East Village,East Village,2020-02-26,2020-02-01,0,0,0,True
PARK_BL_F_ST,East Village,East Village,2020-02-26,2020-02-01,0,0,0,True
PARK_BL_G_ST,East Village,East Village,2020-02-26,2020-02-01,0,0,0,True
PARK_BL_ISLAND_AV,South East Village,East Village,2020-02-26,2020-02-01,0,0,0,True
PARK_BL_J_ST,South East Village,East Village,2020-02-26,2020-02-01,5,0,0,True
PARK_BL_MARKET_ST,South East Village,East Village,2020-02-26,2020-02-01,0,0,0,True
PARK_BL_RUSS_BL,City Center,City Center,2020-02-26,2020-02-01,0,0,0,True
SR-163_NB_ON_RA_ASH_ST,Cortez,Cortez,2020-02-26,2020-02-01,0,0,0,True
STATE_ST_Map_Border,Marina,Marina,2020-02-26,2020-02-01,1,0,0,True
STATE_ST_W_ASH_ST,Columbia,Columbia,2020-02-26,2020-02-01,0,0,0,True
STATE_ST_W_A_ST,Columbia,Columbia,2020-02-26,2020-02-01,0,2,0,True
STATE_ST_W_BROADWAY,Columbia,Columbia,2020-02-26,2020-02-01,1,0,0,True
STATE_ST_W_B_ST,Columbia,Columbia,2020-02-26,2020-02-01,0,0,0,True
STATE_ST_W_C_ST,Columbia,Columbia,2020-02-26,2020-02-01,0,0,0,True
STATE_ST_W_G_ST,Marina,Marina,2020-02-26,2020-02-01,0,0,0,True
TONY_GWYNN_DR_K_ST,South East Village,East Village,2020-02-26,2020-02-01,0,0,0,True
TONY_GWYNN_DR_L_ST,South East Village,East Village,2020-02-26,2020-02-01,0,0,0,True
UNION_ST_W_ASH_ST,Columbia,Columbia,2020-02-26,2020-02-01,20,3,0,True
UNION_ST_W_A_ST,Columbia,Columbia,2020-02-26,2020-02-01,6,1,0,True
UNION_ST_W_BROADWAY,Columbia,Columbia,2020-02-26,2020-02-01,1,0,0,True
UNION_ST_W_B_ST,Columbia,Columbia,2020-02-26,2020-02-01,0,0,0,True
UNION_ST_W_C_ST,Columbia,Columbia,2020-02-26,2020-02-01,0,0,0,True
UNION_ST_W_E_ST,Marina,Marina,2020-02-26,2020-02-01,0,0,0,True
UNION_ST_W_F_ST,Marina,Marina,2020-02-26,2020-02-01,0,0,0,True
UNION_ST_W_G_ST,Marina,Marina,2020-02-26,2020-02-01,0,0,0,True
01ST_AV_I-5_SB,Cortez,Cortez,2021-01-28,2021-01-01,0,0,0,True
01ST_AV_W_ASH_ST,Cortez,Cortez,2021-01-28,2021-01-01,0,0,0,True
01ST_AV_W_A_ST,City Center,City Center,2021-01-28,2021-01-01,0,0,0,True
01ST_AV_W_BEECH_ST,Cortez,Cortez,2021-01-28,2021-01-01,0,0,0,True
01ST_AV_W_BROADWAY,City Center,City Center,2021-01-28,2021-01-01,0,0,0,True
01ST_AV_W_B_ST,City Center,City Center,2021-01-28,2021-01-01,0,0,0,True
01ST_AV_W_CEDAR_ST,Cortez,Cortez,2021-01-28,2021-01-01,0,0,0,True
01ST_AV_W_C_ST,City Center,City Center,2021-01-28,2021-01-01,0,0,0,True
01ST_AV_W_E_ST,City Center,City Center,2021-01-28,2021-01-01,0,0,0,True
01ST_AV_W_F_ST,City Center,City Center,2021-01-28,2021-01-01,0,0,0,True
01ST_AV_W_G_ST,Marina,Marina,2021-01-28,2021-01-01,0,0,0,True
01ST_AV_W_ISLAND_AV,Marina,Marina,2021-01-28,2021-01-01,0,0,0,True
01ST_AV_W_MARKET_ST,Marina,Marina,2021-01-28,2021-01-01,0,0,0,True
02ND_AV_ASH_ST,Cortez,Cortez,2021-01-28,2021-01-01,0,0,0,True
02ND_AV_BEECH_ST,Cortez,Cortez,2021-01-28,2021-01-01,1,0,0,True
02ND_AV_CEDAR_ST,Cortez,Cortez,2021-01-28,2021-01-01,0,0,0,True
02ND_AV_C_ST,City Center,City Center,2021-01-28,2021-01-01,0,0,0,True
02ND_AV_G_ST,Marina,Marina,2021-01-28,2021-01-01,1,0,0,True
02ND_AV_I-5_SB,Cortez,Cortez,2021-01-28,2021-01-01,7,0,0,True
02ND_AV_ISLAND_AV,Marina,Marina,2021-01-28,2021-01-01,0,0,0,True
02ND_AV_MARKET_ST,Marina,Marina,2021-01-28,2021-01-01,0,0,0,True
03RD_AV_ASH_ST,Cortez,Cortez,2021-01-28,2021-01-01,3,1,0,True
03RD_AV_A_ST,City Center,City Center,2021-01-28,2021-01-01,19,0,0,True
03RD_AV_BEECH_ST,Cortez,Cortez,2021-01-28,2021-01-01,0,1,0,True
03RD_AV_CEDAR_ST,Cortez,Cortez,2021-01-28,2021-01-01,2,0,0,True
03RD_AV_C_ST,City Center,City Center,2021-01-28,2021-01-01,5,0,0,True
03RD_AV_G_ST,Marina,Marina,2021-01-28,2021-01-01,1,0,0,True
03RD_AV_I-5_SB,Cortez,Cortez,2021-01-28,2021-01-01,0,2,0,True
03RD_AV_ISLAND_AV,Marina,Marina,2021-01-28,2021-01-01,0,0,0,True
03RD_AV_J_ST,Marina,Marina,2021-01-28,2021-01-01,1,4,0,True
03RD_AV_MARKET_ST,Marina,Marina,2021-01-28,2021-01-01,0,0,0,True
04TH_AV_ASH_ST,Cortez,Cortez,2021-01-28,2021-01-01,0,0,0,True
04TH_AV_A_ST,City Center,City Center,2021-01-28,2021-01-01,2,0,0,True
04TH_AV_BEECH_ST,Cortez,Cortez,2021-01-28,2021-01-01,1,0,0,True
04TH_AV_BROADWAY,City Center,City Center,2021-01-28,2021-01-01,3,0,0,True
04TH_AV_B_ST,City Center,City Center,2021-01-28,2021-01-01,9,0,0,True
04TH_AV_CEDAR_ST,Cortez,Cortez,2021-01-28,2021-01-01,0,0,0,True
04TH_AV_C_ST,City Center,City Center,2021-01-28,2021-01-01,0,0,0,True
04TH_AV_G_ST,Marina,Marina,2021-01-28,2021-01-01,3,0,0,True
04TH_AV_I-5_SB,Cortez,Cortez,2021-01-28,2021-01-01,0,0,0,True
04TH_AV_ISLAND_AV,Marina,Marina,2021-01-28,2021-01-01,0,0,0,True
04TH_AV_J_ST,Marina,Marina,2021-01-28,2021-01-01,1,0,0,True
04TH_AV_MARKET_ST,Marina,Marina,2021-01-28,2021-01-01,1,0,0,True
05TH_AV_ASH_ST,Cortez,Cortez,2021-01-28,2021-01-01,3,0,0,True
05TH_AV_A_ST,City Center,City Center,2021-01-28,2021-01-01,0,0,0,True
05TH_AV_BEECH_ST,Cortez,Cortez,2021-01-28,2021-01-01,1,0,0,True
05TH_AV_BROADWAY,Gaslamp,Gaslamp,2021-01-28,2021-01-01,4,0,0,True
05TH_AV_B_ST,City Center,City Center,2021-01-28,2021-01-01,4,0,0,True
05TH_AV_CEDAR_ST,Cortez,Cortez,2021-01-28,2021-01-01,11,0,0,True
05TH_AV_C_ST,City Center,City Center,2021-01-28,2021-01-01,1,0,0,True
05TH_AV_E_ST,Gaslamp,Gaslamp,2021-01-28,2021-01-01,2,0,0,True
05TH_AV_F_ST,Gaslamp,Gaslamp,2021-01-28,2021-01-01,4,0,0,True
05TH_AV_G_ST,Gaslamp,Gaslamp,2021-01-28,2021-01-01,3,0,0,True
05TH_AV_I-5_SB,Cortez,Cortez,2021-01-28,2021-01-01,0,0,0,True
05TH_AV_ISLAND_AV,Gaslamp,Gaslamp,2021-01-28,2021-01-01,2,0,0,True
05TH_AV_J_ST,Gaslamp,Gaslamp,2021-01-28,2021-01-01,0,0,0,True
05TH_AV_K_ST,Gaslamp,Gaslamp,2021-01-28,2021-01-01,0,0,0,True
05TH_AV_MARKET_ST,Gaslamp,Gaslamp,2021-01-28,2021-01-01,2,0,0,True
06TH_AV_ASH_ST,Cortez,Cortez,2021-01-28,2021-01-01,1,0,0,True
06TH_AV_A_ST,City Center,City Center,2021-01-28,2021-01-01,0,0,0,True
06TH_AV_BEECH_ST,Cortez,Cortez,2021-01-28,2021-01-01,0,0,0,True
06TH_AV_BROADWAY,Gaslamp,Gaslamp,2021-01-28,2021-01-01,1,0,0,True
06TH_AV_B_ST,City Center,City Center,2021-01-28,2021-01-01,0,0,0,True
06TH_AV_CEDAR_ST,Cortez,Cortez,2021-01-28,2021-01-01,0,0,0,True
06TH_AV_C_ST,City Center,City Center,2021-01-28,2021-01-01,0,0,0,True
06TH_AV_E_ST,Gaslamp,Gaslamp,2021-01-28,2021-01-01,0,0,0,True
06TH_AV_F_ST,Gaslamp,Gaslamp,2021-01-28,2021-01-01,6,1,0,True
06TH_AV_G_ST,Gaslamp,Gaslamp,2021-01-28,2021-01-01,2,0,0,True
06TH_AV_I-5_SB,Cortez,Cortez,2021-01-28,2021-01-01,0,0,0,True
06TH_AV_ISLAND_AV,Gaslamp,Gaslamp,2021-01-28,2021-01-01,0,0,0,True
06TH_AV_J_ST,Gaslamp,Gaslamp,2021-01-28,2021-01-01,0,0,0,True
06TH_AV_K_ST,Gaslamp,Gaslamp,2021-01-28,2021-01-01,3,0,0,True
06TH_AV_L_ST,Gaslamp,Gaslamp,2021-01-28,2021-01-01,0,0,0,True
06TH_AV_MARKET_ST,Gaslamp,Gaslamp,2021-01-28,2021-01-01,0,0,0,True
07TH_AV_ASH_ST,Cortez,Cortez,2021-01-28,2021-01-01,0,0,0,True
07TH_AV_A_ST,City Center,City Center,2021-01-28,2021-01-01,0,0,0,True
07TH_AV_BEECH_ST,Cortez,Cortez,2021-01-28,2021-01-01,2,0,0,True
07TH_AV_BROADWAY,City Center,City Center,2021-01-28,2021-01-01,0,0,0,True
07TH_AV_B_ST,City Center,City Center,2021-01-28,2021-01-01,0,0,0,True
07TH_AV_CEDAR_ST,Cortez,Cortez,2021-01-28,2021-01-01,0,0,0,True
07TH_AV_C_ST,City Center,City Center,2021-01-28,2021-01-01,0,0,0,True
07TH_AV_E_ST,East Village,East Village,2021-01-28,2021-01-01,0,0,0,True
07TH_AV_F_ST,East Village,East Village,2021-01-28,2021-01-01,1,0,0,True
07TH_AV_G_ST,East Village,East Village,2021-01-28,2021-01-01,2,0,0,True
07TH_AV_I-5_SB,Cortez,Cortez,2021-01-28,2021-01-01,1,0,0,True
07TH_AV_ISLAND_AV,South East Village,East Village,2021-01-28,2021-01-01,2,0,0,True
07TH_AV_J_ST,South East Village,East Village,2021-01-28,2021-01-01,1,0,0,True
07TH_AV_MARKET_ST,South East Village,East Village,2021-01-28,2021-01-01,1,0,0,True
08TH_AV_ASH_ST,Cortez,Cortez,2021-01-28,2021-01-01,0,0,0,True
08TH_AV_A_ST,City Center,City Center,2021-01-28,2021-01-01,1,0,0,True
08TH_AV_BEECH_ST,Cortez,Cortez,2021-01-28,2021-01-01,1,0,0,True
08TH_AV_BROADWAY,City Center,City Center,2021-01-28,2021-01-01,18,1,1,True
08TH_AV_B_ST,City Center,City Center,2021-01-28,2021-01-01,1,0,0,True
08TH_AV_CEDAR_ST,Cortez,Cortez,2021-01-28,2021-01-01,0,0,0,True
08TH_AV_C_ST,City Center,City Center,2021-01-28,2021-01-01,0,0,0,True
08TH_AV_DATE_ST,Cortez,Cortez,2021-01-28,2021-01-01,0,0,0,True
08TH_AV_E_ST,East Village,East Village,2021-01-28,2021-01-01,17,13,0,True
08TH_AV_F_ST,East Village,East Village,2021-01-28,2021-01-01,0,0,0,True
08TH_AV_G_ST,East Village,East Village,2021-01-28,2021-01-01,0,0,0,True
08TH_AV_ISLAND_AV,South East Village,East Village,2021-01-28,2021-01-01,0,0,0,True
08TH_AV_MARKET_ST,South East Village,East Village,2021-01-28,2021-01-01,2,0,0,True
09TH_AV_ASH_ST,Cortez,Cortez,2021-01-28,2021-01-01,0,0,0,True
09TH_AV_A_ST,City Center,City Center,2021-01-28,2021-01-01,0,0,0,True
09TH_AV_BEECH_ST,Cortez,Cortez,2021-01-28,2021-01-01,0,0,0,True
09TH_AV_BROADWAY,City Center,City Center,2021-01-28,2021-01-01,6,1,0,True
09TH_AV_B_ST,City Center,City Center,2021-01-28,2021-01-01,7,0,0,True
09TH_AV_CEDAR_ST,Cortez,Cortez,2021-01-28,2021-01-01,0,0,0,True
09TH_AV_C_ST,City Center,City Center,2021-01-28,2021-01-01,6,9,0,True
09TH_AV_DATE_ST,Cortez,Cortez,2021-01-28,2021-01-01,0,0,0,True
09TH_AV_E_ST,East Village,East Village,2021-01-28,2021-01-01,11,11,1,True
09TH_AV_F_ST,East Village,East Village,2021-01-28,2021-01-01,2,0,0,True
09TH_AV_G_ST,East Village,East Village,2021-01-28,2021-01-01,1,0,0,True
09TH_AV_ISLAND_AV,South East Village,East Village,2021-01-28,2021-01-01,0,0,0,True
09TH_AV_MARKET_ST,South East Village,East Village,2021-01-28,2021-01-01,0,0,0,True
10TH_AV_ASH_ST,Cortez,Cortez,2021-01-28,2021-01-01,0,0,0,True
10TH_AV_A_ST,City Center,City Center,2021-01-28,2021-01-01,0,0,0,True
10TH_AV_BEECH_ST,Cortez,Cortez,2021-01-28,2021-01-01,0,0,0,True
10TH_AV_BROADWAY,City Center,City Center,2021-01-28,2021-01-01,0,0,0,True
10TH_AV_B_ST,City Center,City Center,2021-01-28,2021-01-01,5,3,0,True
10TH_AV_CEDAR_ST,Cortez,Cortez,2021-01-28,2021-01-01,0,0,0,True
10TH_AV_C_ST,City Center,City Center,2021-01-28,2021-01-01,1,1,0,True
10TH_AV_DATE_ST,Cortez,Cortez,2021-01-28,2021-01-01,0,0,0,True
10TH_AV_E_ST,East Village,East Village,2021-01-28,2021-01-01,0,0,0,True
10TH_AV_F_ST,East Village,East Village,2021-01-28,2021-01-01,1,0,0,True
10TH_AV_G_ST,East Village,East Village,2021-01-28,2021-01-01,5,0,0,True
10TH_AV_ISLAND_AV,South East Village,East Village,2021-01-28,2021-01-01,0,0,0,True
10TH_AV_J_ST,South East Village,East Village,2021-01-28,2021-01-01,0,0,0,True
10TH_AV_MARKET_ST,South East Village,East Village,2021-01-28,2021-01-01,0,0,0,True
11TH_AV_A_ST,City Center,City Center,2021-01-28,2021-01-01,3,0,0,True
11TH_AV_BROADWAY,City Center,City Center,2021-01-28,2021-01-01,0,0,0,True
11TH_AV_B_ST,City Center,City Center,2021-01-28,2021-01-01,4,0,0,True
11TH_AV_C_ST,City Center,City Center,2021-01-28,2021-01-01,2,0,0,True
11TH_AV_E_ST,East Village,East Village,2021-01-28,2021-01-01,0,0,0,True
11TH_AV_F_ST,East Village,East Village,2021-01-28,2021-01-01,0,0,0,True
11TH_AV_G_ST,East Village,East Village,2021-01-28,2021-01-01,0,1,0,True
11TH_AV_ISLAND_AV,South East Village,East Village,2021-01-28,2021-01-01,0,0,0,True
11TH_AV_J_ST,South East Village,East Village,2021-01-28,2021-01-01,0,0,0,True
11TH_AV_K_ST,South East Village,East Village,2021-01-28,2021-01-01,0,0,0,True
11TH_AV_MARKET_ST,South East Village,East Village,2021-01-28,2021-01-01,1,0,0,True
12TH_AV_PARK_BL,South East Village,East Village,2021-01-28,2021-01-01,0,0,0,True
13TH_ST_BROADWAY,East Village,East Village,2021-01-28,2021-01-01,4,1,0,True
13TH_ST_C_ST,East Village,East Village,2021-01-28,2021-01-01,0,0,0,True
13TH_ST_E_ST,East Village,East Village,2021-01-28,2021-01-01,0,0,0,True
13TH_ST_F_ST,East Village,East Village,2021-01-28,2021-01-01,0,0,0,True
13TH_ST_G_ST,East Village,East Village,2021-01-28,2021-01-01,2,0,0,True
13TH_ST_IMPERIAL_AV,South East Village,East Village,2021-01-28,2021-01-01,0,0,0,True
13TH_ST_ISLAND_AV,South East Village,East Village,2021-01-28,2021-01-01,2,0,0,True
13TH_ST_J_ST,South East Village,East Village,2021-01-28,2021-01-01,1,0,0,True
13TH_ST_K_ST,South East Village,East Village,2021-01-28,2021-01-01,0,0,0,True
13TH_ST_L_ST,South East Village,East Village,2021-01-28,2021-01-01,0,0,0,True
13TH_ST_MARKET_ST,South East Village,East Village,2021-01-28,2021-01-01,0,0,0,True
14TH_ST_BROADWAY,East Village,East Village,2021-01-28,2021-01-01,0,0,0,True
14TH_ST_C_ST,East Village,East Village,2021-01-28,2021-01-01,1,0,0,True
14TH_ST_E_ST,East Village,East Village,2021-01-28,2021-01-01,0,1,0,True
14TH_ST_F_ST,East Village,East Village,2021-01-28,2021-01-01,2,1,0,True
14TH_ST_G_ST,East Village,East Village,2021-01-28,2021-01-01,0,0,0,True
14TH_ST_IMPERIAL_AV,South East Village,East Village,2021-01-28,2021-01-01,12,15,0,True
14TH_ST_ISLAND_AV,South East Village,East Village,2021-01-28,2021-01-01,0,0,0,True
14TH_ST_J_ST,South East Village,East Village,2021-01-28,2021-01-01,0,0,0,True
14TH_ST_K_ST,South East Village,East Village,2021-01-28,2021-01-01,3,1,1,True
14TH_ST_L_ST,South East Village,East Village,2021-01-28,2021-01-01,4,0,0,True
14TH_ST_MARKET_ST,South East Village,East Village,2021-01-28,2021-01-01,5,0,0,True
15TH_ST_BROADWAY,East Village,East Village,2021-01-28,2021-01-01,0,0,0,True
15TH_ST_C_ST,East Village,East Village,2021-01-28,2021-01-01,0,0,0,True
15TH_ST_E_ST,East Village,East Village,2021-01-28,2021-01-01,1,0,0,True
15TH_ST_F_ST,East Village,East Village,2021-01-28,2021-01-01,1,0,0,True
15TH_ST_G_ST,East Village,East Village,2021-01-28,2021-01-01,0,0,0,True
15TH_ST_IMPERIAL_AV,South East Village,East Village,2021-01-28,2021-01-01,11,2,0,True
15TH_ST_ISLAND_AV,South East Village,East Village,2021-01-28,2021-01-01,3,1,0,True
15TH_ST_J_ST,South East Village,East Village,2021-01-28,2021-01-01,6,5,0,True
15TH_ST_MARKET_ST,South East Village,East Village,2021-01-28,2021-01-01,10,1,0,True
16TH_ST_BROADWAY,East Village,East Village,2021-01-28,2021-01-01,0,0,0,True
16TH_ST_C_ST,East Village,East Village,2021-01-28,2021-01-01,0,0,0,True
16TH_ST_E_ST,East Village,East Village,2021-01-28,2021-01-01,1,0,0,True
16TH_ST_F_ST,East Village,East Village,2021-01-28,2021-01-01,0,0,0,True
16TH_ST_G_ST,East Village,East Village,2021-01-28,2021-01-01,8,5,0,True
16TH_ST_IMPERIAL_AV,South East Village,East Village,2021-01-28,2021-01-01,0,0,1,True
16TH_ST_ISLAND_AV,South East Village,East Village,2021-01-28,2021-01-01,0,0,0,True
16TH_ST_J_ST,South East Village,East Village,2021-01-28,2021-01-01,2,1,0,True
16TH_ST_K_ST,South East Village,East Village,2021-01-28,2021-01-01,3,0,0,True
16TH_ST_MARKET_ST,South East Village,East Village,2021-01-28,2021-01-01,3,2,0,True
17TH_ST_BROADWAY,East Village,East Village,2021-01-28,2021-01-01,0,0,0,True
17TH_ST_C_ST,East Village,East Village,2021-01-28,2021-01-01,0,0,1,True
17TH_ST_E_ST,East Village,East Village,2021-01-28,2021-01-01,0,0,0,True
17TH_ST_F_ST,East Village,East Village,2021-01-28,2021-01-01,0,0,0,True
17TH_ST_G_ST,East Village,East Village,2021-01-28,2021-01-01,0,0,0,True
17TH_ST_IMPERIAL_AV,South East Village,East Village,2021-01-28,2021-01-01,1,0,0,True
17TH_ST_ISLAND_AV,South East Village,East Village,2021-01-28,2021-01-01,3,3,0,True
17TH_ST_J_ST,South East Village,East Village,2021-01-28,2021-01-01,5,3,0,True
17TH_ST_K_ST,South East Village,East Village,2021-01-28,2021-01-01,32,27,0,True
17TH_ST_MARKET_ST,South East Village,East Village,2021-01-28,2021-01-01,0,0,0,True
CALIFORNIA_ST_W_ASH_ST,Columbia,Columbia,2021-01-28,2021-01-01,1,0,0,True
CALIFORNIA_ST_W_BROADWAY,Columbia,Columbia,2021-01-28,2021-01-01,0,0,0,True
COLUMBIA_ST_W_ASH_ST,Columbia,Columbia,2021-01-28,2021-01-01,0,0,0,True
COLUMBIA_ST_W_A_ST,Columbia,Columbia,2021-01-28,2021-01-01,0,0,0,True
COLUMBIA_ST_W_B_ST,Columbia,Columbia,2021-01-28,2021-01-01,0,0,0,True
COLUMBIA_ST_W_C_ST,Columbia,Columbia,2021-01-28,2021-01-01,0,0,0,True
COLUMBIA_ST_W_G_ST,Marina,Marina,2021-01-28,2021-01-01,0,0,0,True
FRONT_ST_W_ASH_ST,Cortez,Cortez,2021-01-28,2021-01-01,0,0,0,True
FRONT_ST_W_A_ST,City Center,City Center,2021-01-28,2021-01-01,6,1,0,True
FRONT_ST_W_BROADWAY,City Center,City Center,2021-01-28,2021-01-01,0,0,0,True
FRONT_ST_W_B_ST,City Center,City Center,2021-01-28,2021-01-01,6,0,0,True
FRONT_ST_W_C_ST,City Center,City Center,2021-01-28,2021-01-01,0,0,0,True
FRONT_ST_W_E_ST,City Center,City Center,2021-01-28,2021-01-01,0,0,0,True
FRONT_ST_W_F_ST,Marina,Marina,2021-01-28,2021-01-01,0,0,0,True
FRONT_ST_W_G_ST,Marina,Marina,2021-01-28,2021-01-01,0,0,0,True
FRONT_ST_W_MARKET_ST,Marina,Marina,2021-01-28,2021-01-01,0,0,0,True
FRONT_ST_W_MARKET_ST__2,Marina,Marina,2021-01-28,2021-01-01,0,0,0,True
I-5_SB_IMPERIAL_AV,South East Village,East Village,2021-01-28,2021-01-01,0,3,0,True
I-5_SB_ISLAND_AV,South East Village,East Village,2021-01-28,2021-01-01,0,0,0,True
I-5_SB_MARKET_ST,South East Village,East Village,2021-01-28,2021-01-01,1,0,0,True
I-5_SB_OFF_RA_J_ST,South East Village,East Village,2021-01-28,2021-01-01,0,0,0,True
I-5_SB_OFF_RA_Map_Border,South East Village,East Village,2021-01-28,2021-01-01,1,2,0,True
I-5_SB_ON_RA_BROADWAY,East Village,East Village,2021-01-28,2021-01-01,0,0,0,True
I-5_SB_ON_RA_C_ST,East Village,East Village,2021-01-28,2021-01-01,0,2,0,True
I-5_SB_ON_RA_E_ST,East Village,East Village,2021-01-28,2021-01-01,0,0,0,True
I-5_SB_ON_RA_F_ST,East Village,East Village,2021-01-28,2021-01-01,2,0,0,True
I-5_SB_ON_RA_G_ST,East Village,East Village,2021-01-28,2021-01-01,1,1,0,True
I-5_SB_ON_RA_Map_Border,South East Village,East Village,2021-01-28,2021-01-01,0,0,0,True
INDIA_ST_W_ASH_ST,Columbia,Columbia,2021-01-28,2021-01-01,1,0,0,True
INDIA_ST_W_A_ST,Columbia,Columbia,2021-01-28,2021-01-01,0,0,0,True
INDIA_ST_W_B_ST,Columbia,Columbia,2021-01-28,2021-01-01,3,0,0,True
KETTNER_BL_W_ASH_ST,Columbia,Columbia,2021-01-28,2021-01-01,0,0,0,True
KETTNER_BL_W_A_ST,Columbia,Columbia,2021-01-28,2021-01-01,2,2,0,True
KETTNER_BL_W_BROADWAY,Columbia,Columbia,2021-01-28,2021-01-01,2,0,0,True
KETTNER_BL_W_E_ST,Marina,Marina,2021-01-28,2021-01-01,1,0,0,True
KETTNER_BL_W_F_ST,Marina,Marina,2021-01-28,2021-01-01,1,0,0,True
KETTNER_BL_W_G_ST,Marina,Marina,2021-01-28,2021-01-01,0,0,0,True
Map_Border_BROADWAY,City Center,City Center,2021-01-28,2021-01-01,0,0,0,True
Map_Border_IMPERIAL_AV,South East Village,East Village,2021-01-28,2021-01-01,2,0,0,True
Map_Border_NATIONAL_AV,South East Village,East Village,2021-01-28,2021-01-01,7,9,0,True
NATIONAL_AV_IMPERIAL_AV,South East Village,East Village,2021-01-28,2021-01-01,0,0,0,True
PARK_BL_A_ST,City Center,City Center,2021-01-28,2021-01-01,2,0,0,True
PARK_BL_BROADWAY,City Center,City Center,2021-01-28,2021-01-01,1,0,0,True
PARK_BL_B_ST,City Center,City Center,2021-01-28,2021-01-01,5,0,0,True
PARK_BL_C_ST,City Center,City Center,2021-01-28,2021-01-01,6,0,0,True
PARK_BL_E_ST,East Village,East Village,2021-01-28,2021-01-01,1,0,0,True
PARK_BL_F_ST,East Village,East Village,2021-01-28,2021-01-01,0,0,0,True
PARK_BL_G_ST,East Village,East Village,2021-01-28,2021-01-01,0,0,0,True
PARK_BL_ISLAND_AV,South East Village,East Village,2021-01-28,2021-01-01,0,0,0,True
PARK_BL_J_ST,South East Village,East Village,2021-01-28,2021-01-01,8,0,0,True
PARK_BL_MARKET_ST,South East Village,East Village,2021-01-28,2021-01-01,4,0,0,True
PARK_BL_RUSS_BL,City Center,City Center,2021-01-28,2021-01-01,0,0,0,True
SR-163_NB_ON_RA_ASH_ST,Cortez,Cortez,2021-01-28,2021-01-01,0,0,0,True
STATE_ST_Map_Border,Marina,Marina,2021-01-28,2021-01-01,2,0,0,True
STATE_ST_W_ASH_ST,Columbia,Columbia,2021-01-28,2021-01-01,0,0,0,True
STATE_ST_W_A_ST,Columbia,Columbia,2021-01-28,2021-01-01,0,0,0,True
STATE_ST_W_BROADWAY,Columbia,Columbia,2021-01-28,2021-01-01,0,0,0,True
STATE_ST_W_B_ST,Columbia,Columbia,2021-01-28,2021-01-01,2,0,0,True
STATE_ST_W_C_ST,Columbia,Columbia,2021-01-28,2021-01-01,0,0,0,True
STATE_ST_W_G_ST,Marina,Marina,2021-01-28,2021-01-01,1,0,0,True
TONY_GWYNN_DR_K_ST,South East Village,East Village,2021-01-28,2021-01-01,1,0,0,True
TONY_GWYNN_DR_L_ST,South East Village,East Village,2021-01-28,2021-01-01,0,0,0,True
UNION_ST_W_ASH_ST,Columbia,Columbia,2021-01-28,2021-01-01,8,1,0,True
UNION_ST_W_A_ST,Columbia,Columbia,2021-01-28,2021-01-01,4,3,0,True
UNION_ST_W_BROADWAY,Columbia,Columbia,2021-01-28,2021-01-01,0,0,0,True
UNION_ST_W_B_ST,Columbia,Columbia,2021-01-28,2021-01-01,0,0,0,True
UNION_ST_W_C_ST,Columbia,Columbia,2021-01-28,2021-01-01,21,0,0,True
UNION_ST_W_E_ST,Marina,Marina,2021-01-28,2021-01-01,0,0,0,True
UNION_ST_W_F_ST,Marina,Marina,2021-01-28,2021-01-01,0,0,0,True
UNION_ST_W_G_ST,Marina,Marina,2021-01-28,2021-01-01,0,0,0,True
01ST_AV_I-5_SB,Cortez,Cortez,2021-02-25,2021-02-01,0,0,0,True
01ST_AV_W_ASH_ST,Cortez,Cortez,2021-02-25,2021-02-01,1,0,0,True
01ST_AV_W_A_ST,City Center,City Center,2021-02-25,2021-02-01,0,0,0,True
01ST_AV_W_BEECH_ST,Cortez,Cortez,2021-02-25,2021-02-01,0,0,0,True
01ST_AV_W_BROADWAY,City Center,City Center,2021-02-25,2021-02-01,0,0,0,True
01ST_AV_W_B_ST,City Center,City Center,2021-02-25,2021-02-01,0,0,0,True
01ST_AV_W_CEDAR_ST,Cortez,Cortez,2021-02-25,2021-02-01,0,0,0,True
01ST_AV_W_C_ST,City Center,City Center,2021-02-25,2021-02-01,0,0,0,True
01ST_AV_W_E_ST,City Center,City Center,2021-02-25,2021-02-01,0,0,0,True
01ST_AV_W_F_ST,City Center,City Center,2021-02-25,2021-02-01,0,0,0,True
01ST_AV_W_G_ST,Marina,Marina,2021-02-25,2021-02-01,0,0,0,True
01ST_AV_W_ISLAND_AV,Marina,Marina,2021-02-25,2021-02-01,0,0,0,True
01ST_AV_W_MARKET_ST,Marina,Marina,2021-02-25,2021-02-01,0,0,0,True
02ND_AV_ASH_ST,Cortez,Cortez,2021-02-25,2021-02-01,1,0,0,True
02ND_AV_BEECH_ST,Cortez,Cortez,2021-02-25,2021-02-01,0,0,0,True
02ND_AV_CEDAR_ST,Cortez,Cortez,2021-02-25,2021-02-01,4,0,0,True
02ND_AV_C_ST,City Center,City Center,2021-02-25,2021-02-01,0,0,0,True
02ND_AV_G_ST,Marina,Marina,2021-02-25,2021-02-01,0,0,0,True
02ND_AV_I-5_SB,Cortez,Cortez,2021-02-25,2021-02-01,1,4,0,True
02ND_AV_ISLAND_AV,Marina,Marina,2021-02-25,2021-02-01,0,0,0,True
02ND_AV_MARKET_ST,Marina,Marina,2021-02-25,2021-02-01,0,0,0,True
03RD_AV_ASH_ST,Cortez,Cortez,2021-02-25,2021-02-01,2,0,0,True
03RD_AV_A_ST,City Center,City Center,2021-02-25,2021-02-01,23,1,0,True
03RD_AV_BEECH_ST,Cortez,Cortez,2021-02-25,2021-02-01,1,0,0,True
03RD_AV_CEDAR_ST,Cortez,Cortez,2021-02-25,2021-02-01,0,0,0,True
03RD_AV_C_ST,City Center,City Center,2021-02-25,2021-02-01,4,0,0,True
03RD_AV_G_ST,Marina,Marina,2021-02-25,2021-02-01,0,0,0,True
03RD_AV_I-5_SB,Cortez,Cortez,2021-02-25,2021-02-01,2,3,0,True
03RD_AV_ISLAND_AV,Marina,Marina,2021-02-25,2021-02-01,0,0,0,True
03RD_AV_J_ST,Marina,Marina,2021-02-25,2021-02-01,3,0,0,True
03RD_AV_MARKET_ST,Marina,Marina,2021-02-25,2021-02-01,4,0,0,True
04TH_AV_ASH_ST,Cortez,Cortez,2021-02-25,2021-02-01,0,0,0,True
04TH_AV_A_ST,City Center,City Center,2021-02-25,2021-02-01,1,2,0,True
04TH_AV_BEECH_ST,Cortez,Cortez,2021-02-25,2021-02-01,0,0,0,True
04TH_AV_BROADWAY,City Center,City Center,2021-02-25,2021-02-01,1,0,0,True
04TH_AV_B_ST,City Center,City Center,2021-02-25,2021-02-01,18,0,0,True
04TH_AV_CEDAR_ST,Cortez,Cortez,2021-02-25,2021-02-01,1,0,0,True
04TH_AV_C_ST,City Center,City Center,2021-02-25,2021-02-01,1,0,0,True
04TH_AV_G_ST,Marina,Marina,2021-02-25,2021-02-01,7,0,0,True
04TH_AV_I-5_SB,Cortez,Cortez,2021-02-25,2021-02-01,0,0,0,True
04TH_AV_ISLAND_AV,Marina,Marina,2021-02-25,2021-02-01,0,0,0,True
04TH_AV_J_ST,Marina,Marina,2021-02-25,2021-02-01,0,0,0,True
04TH_AV_MARKET_ST,Marina,Marina,2021-02-25,2021-02-01,0,0,0,True
05TH_AV_ASH_ST,Cortez,Cortez,2021-02-25,2021-02-01,4,0,0,True
05TH_AV_A_ST,City Center,City Center,2021-02-25,2021-02-01,0,0,0,True
05TH_AV_BEECH_ST,Cortez,Cortez,2021-02-25,2021-02-01,0,0,0,True
05TH_AV_BROADWAY,Gaslamp,Gaslamp,2021-02-25,2021-02-01,6,0,0,True
05TH_AV_B_ST,City Center,City Center,2021-02-25,2021-02-01,1,0,0,True
05TH_AV_CEDAR_ST,Cortez,Cortez,2021-02-25,2021-02-01,12,0,0,True
05TH_AV_C_ST,City Center,City Center,2021-02-25,2021-02-01,1,0,0,True
05TH_AV_E_ST,Gaslamp,Gaslamp,2021-02-25,2021-02-01,0,0,0,True
05TH_AV_F_ST,Gaslamp,Gaslamp,2021-02-25,2021-02-01,1,0,0,True
05TH_AV_G_ST,Gaslamp,Gaslamp,2021-02-25,2021-02-01,2,0,0,True
05TH_AV_I-5_SB,Cortez,Cortez,2021-02-25,2021-02-01,0,0,0,True
05TH_AV_ISLAND_AV,Gaslamp,Gaslamp,2021-02-25,2021-02-01,1,0,0,True
05TH_AV_J_ST,Gaslamp,Gaslamp,2021-02-25,2021-02-01,0,0,0,True
05TH_AV_K_ST,Gaslamp,Gaslamp,2021-02-25,2021-02-01,2,0,0,True
05TH_AV_MARKET_ST,Gaslamp,Gaslamp,2021-02-25,2021-02-01,0,0,0,True
06TH_AV_ASH_ST,Cortez,Cortez,2021-02-25,2021-02-01,0,0,0,True
06TH_AV_A_ST,City Center,City Center,2021-02-25,2021-02-01,0,0,0,True
06TH_AV_BEECH_ST,Cortez,Cortez,2021-02-25,2021-02-01,0,0,0,True
06TH_AV_BROADWAY,Gaslamp,Gaslamp,2021-02-25,2021-02-01,1,0,0,True
06TH_AV_B_ST,City Center,City Center,2021-02-25,2021-02-01,0,0,0,True
06TH_AV_CEDAR_ST,Cortez,Cortez,2021-02-25,2021-02-01,3,0,0,True
06TH_AV_C_ST,City Center,City Center,2021-02-25,2021-02-01,0,0,0,True
06TH_AV_E_ST,Gaslamp,Gaslamp,2021-02-25,2021-02-01,0,0,0,True
06TH_AV_F_ST,Gaslamp,Gaslamp,2021-02-25,2021-02-01,10,0,0,True
06TH_AV_G_ST,Gaslamp,Gaslamp,2021-02-25,2021-02-01,1,1,0,True
06TH_AV_I-5_SB,Cortez,Cortez,2021-02-25,2021-02-01,0,0,0,True
06TH_AV_ISLAND_AV,Gaslamp,Gaslamp,2021-02-25,2021-02-01,1,0,0,True
06TH_AV_J_ST,Gaslamp,Gaslamp,2021-02-25,2021-02-01,0,0,0,True
06TH_AV_K_ST,Gaslamp,Gaslamp,2021-02-25,2021-02-01,3,0,0,True
06TH_AV_L_ST,Gaslamp,Gaslamp,2021-02-25,2021-02-01,1,0,0,True
06TH_AV_MARKET_ST,Gaslamp,Gaslamp,2021-02-25,2021-02-01,1,0,0,True
07TH_AV_ASH_ST,Cortez,Cortez,2021-02-25,2021-02-01,2,0,0,True
07TH_AV_A_ST,City Center,City Center,2021-02-25,2021-02-01,0,0,0,True
07TH_AV_BEECH_ST,Cortez,Cortez,2021-02-25,2021-02-01,0,0,0,True
07TH_AV_BROADWAY,City Center,City Center,2021-02-25,2021-02-01,0,0,0,True
07TH_AV_B_ST,City Center,City Center,2021-02-25,2021-02-01,4,0,0,True
07TH_AV_CEDAR_ST,Cortez,Cortez,2021-02-25,2021-02-01,0,0,0,True
07TH_AV_C_ST,City Center,City Center,2021-02-25,2021-02-01,0,0,0,True
07TH_AV_E_ST,East Village,East Village,2021-02-25,2021-02-01,0,0,1,True
07TH_AV_F_ST,East Village,East Village,2021-02-25,2021-02-01,0,0,0,True
07TH_AV_G_ST,East Village,East Village,2021-02-25,2021-02-01,0,0,0,True
07TH_AV_I-5_SB,Cortez,Cortez,2021-02-25,2021-02-01,0,0,0,True
07TH_AV_ISLAND_AV,South East Village,East Village,2021-02-25,2021-02-01,1,0,0,True
07TH_AV_J_ST,South East Village,East Village,2021-02-25,2021-02-01,1,0,0,True
07TH_AV_MARKET_ST,South East Village,East Village,2021-02-25,2021-02-01,0,0,0,True
08TH_AV_ASH_ST,Cortez,Cortez,2021-02-25,2021-02-01,0,0,0,True
08TH_AV_A_ST,City Center,City Center,2021-02-25,2021-02-01,0,0,0,True
08TH_AV_BEECH_ST,Cortez,Cortez,2021-02-25,2021-02-01,0,0,0,True
08TH_AV_BROADWAY,City Center,City Center,2021-02-25,2021-02-01,0,0,0,True
08TH_AV_B_ST,City Center,City Center,2021-02-25,2021-02-01,1,0,0,True
08TH_AV_CEDAR_ST,Cortez,Cortez,2021-02-25,2021-02-01,0,0,0,True
08TH_AV_C_ST,City Center,City Center,2021-02-25,2021-02-01,0,0,0,True
08TH_AV_DATE_ST,Cortez,Cortez,2021-02-25,2021-02-01,0,0,0,True
08TH_AV_E_ST,East Village,East Village,2021-02-25,2021-02-01,13,4,2,True
08TH_AV_F_ST,East Village,East Village,2021-02-25,2021-02-01,1,0,0,True
08TH_AV_G_ST,East Village,East Village,2021-02-25,2021-02-01,1,0,0,True
08TH_AV_ISLAND_AV,South East Village,East Village,2021-02-25,2021-02-01,0,0,0,True
08TH_AV_MARKET_ST,South East Village,East Village,2021-02-25,2021-02-01,2,0,0,True
09TH_AV_ASH_ST,Cortez,Cortez,2021-02-25,2021-02-01,1,0,0,True
09TH_AV_A_ST,City Center,City Center,2021-02-25,2021-02-01,0,0,0,True
09TH_AV_BEECH_ST,Cortez,Cortez,2021-02-25,2021-02-01,0,0,0,True
09TH_AV_BROADWAY,City Center,City Center,2021-02-25,2021-02-01,14,1,0,True
09TH_AV_B_ST,City Center,City Center,2021-02-25,2021-02-01,1,0,0,True
09TH_AV_CEDAR_ST,Cortez,Cortez,2021-02-25,2021-02-01,0,0,0,True
09TH_AV_C_ST,City Center,City Center,2021-02-25,2021-02-01,3,7,0,True
09TH_AV_DATE_ST,Cortez,Cortez,2021-02-25,2021-02-01,0,0,0,True
09TH_AV_E_ST,East Village,East Village,2021-02-25,2021-02-01,4,10,0,True
09TH_AV_F_ST,East Village,East Village,2021-02-25,2021-02-01,1,0,0,True
09TH_AV_G_ST,East Village,East Village,2021-02-25,2021-02-01,0,0,0,True
09TH_AV_ISLAND_AV,South East Village,East Village,2021-02-25,2021-02-01,0,0,0,True
09TH_AV_MARKET_ST,South East Village,East Village,2021-02-25,2021-02-01,0,0,0,True
10TH_AV_ASH_ST,Cortez,Cortez,2021-02-25,2021-02-01,0,0,0,True
10TH_AV_A_ST,City Center,City Center,2021-02-25,2021-02-01,1,0,0,True
10TH_AV_BEECH_ST,Cortez,Cortez,2021-02-25,2021-02-01,0,0,0,True
10TH_AV_BROADWAY,City Center,City Center,2021-02-25,2021-02-01,0,0,0,True
10TH_AV_B_ST,City Center,City Center,2021-02-25,2021-02-01,2,3,0,True
10TH_AV_CEDAR_ST,Cortez,Cortez,2021-02-25,2021-02-01,0,0,0,True
10TH_AV_C_ST,City Center,City Center,2021-02-25,2021-02-01,1,1,0,True
10TH_AV_DATE_ST,Cortez,Cortez,2021-02-25,2021-02-01,0,0,0,True
10TH_AV_E_ST,East Village,East Village,2021-02-25,2021-02-01,0,0,0,True
10TH_AV_F_ST,East Village,East Village,2021-02-25,2021-02-01,0,0,0,True
10TH_AV_G_ST,East Village,East Village,2021-02-25,2021-02-01,5,0,0,True
10TH_AV_ISLAND_AV,South East Village,East Village,2021-02-25,2021-02-01,3,0,0,True
10TH_AV_J_ST,South East Village,East Village,2021-02-25,2021-02-01,0,0,0,True
10TH_AV_MARKET_ST,South East Village,East Village,2021-02-25,2021-02-01,0,0,0,True
11TH_AV_A_ST,City Center,City Center,2021-02-25,2021-02-01,1,0,0,True
11TH_AV_BROADWAY,City Center,City Center,2021-02-25,2021-02-01,1,0,0,True
11TH_AV_B_ST,City Center,City Center,2021-02-25,2021-02-01,6,0,0,True
11TH_AV_C_ST,City Center,City Center,2021-02-25,2021-02-01,3,1,0,True
11TH_AV_E_ST,East Village,East Village,2021-02-25,2021-02-01,0,0,0,True
11TH_AV_F_ST,East Village,East Village,2021-02-25,2021-02-01,0,0,0,True
11TH_AV_G_ST,East Village,East Village,2021-02-25,2021-02-01,0,0,0,True
11TH_AV_ISLAND_AV,South East Village,East Village,2021-02-25,2021-02-01,1,0,0,True
11TH_AV_J_ST,South East Village,East Village,2021-02-25,2021-02-01,0,0,0,True
11TH_AV_K_ST,South East Village,East Village,2021-02-25,2021-02-01,1,0,0,True
11TH_AV_MARKET_ST,South East Village,East Village,2021-02-25,2021-02-01,0,0,0,True
12TH_AV_PARK_BL,South East Village,East Village,2021-02-25,2021-02-01,0,1,0,True
13TH_ST_BROADWAY,East Village,East Village,2021-02-25,2021-02-01,7,0,1,True
13TH_ST_C_ST,East Village,East Village,2021-02-25,2021-02-01,0,0,0,True
13TH_ST_E_ST,East Village,East Village,2021-02-25,2021-02-01,0,0,0,True
13TH_ST_F_ST,East Village,East Village,2021-02-25,2021-02-01,0,0,0,True
13TH_ST_G_ST,East Village,East Village,2021-02-25,2021-02-01,6,0,0,True
13TH_ST_IMPERIAL_AV,South East Village,East Village,2021-02-25,2021-02-01,0,0,0,True
13TH_ST_ISLAND_AV,South East Village,East Village,2021-02-25,2021-02-01,1,0,0,True
13TH_ST_J_ST,South East Village,East Village,2021-02-25,2021-02-01,0,0,0,True
13TH_ST_K_ST,South East Village,East Village,2021-02-25,2021-02-01,0,0,0,True
13TH_ST_L_ST,South East Village,East Village,2021-02-25,2021-02-01,1,0,0,True
13TH_ST_MARKET_ST,South East Village,East Village,2021-02-25,2021-02-01,2,0,0,True
14TH_ST_BROADWAY,East Village,East Village,2021-02-25,2021-02-01,2,0,0,True
14TH_ST_C_ST,East Village,East Village,2021-02-25,2021-02-01,1,0,0,True
14TH_ST_E_ST,East Village,East Village,2021-02-25,2021-02-01,0,0,0,True
14TH_ST_F_ST,East Village,East Village,2021-02-25,2021-02-01,1,8,0,True
14TH_ST_G_ST,East Village,East Village,2021-02-25,2021-02-01,0,0,0,True
14TH_ST_IMPERIAL_AV,South East Village,East Village,2021-02-25,2021-02-01,0,18,0,True
14TH_ST_ISLAND_AV,South East Village,East Village,2021-02-25,2021-02-01,3,0,0,True
14TH_ST_J_ST,South East Village,East Village,2021-02-25,2021-02-01,0,0,0,True
14TH_ST_K_ST,South East Village,East Village,2021-02-25,2021-02-01,1,1,0,True
14TH_ST_L_ST,South East Village,East Village,2021-02-25,2021-02-01,7,0,0,True
14TH_ST_MARKET_ST,South East Village,East Village,2021-02-25,2021-02-01,10,0,0,True
15TH_ST_BROADWAY,East Village,East Village,2021-02-25,2021-02-01,0,1,0,True
15TH_ST_C_ST,East Village,East Village,2021-02-25,2021-02-01,1,0,0,True
15TH_ST_E_ST,East Village,East Village,2021-02-25,2021-02-01,0,0,0,True
15TH_ST_F_ST,East Village,East Village,2021-02-25,2021-02-01,0,0,0,True
15TH_ST_G_ST,East Village,East Village,2021-02-25,2021-02-01,0,0,0,True
15TH_ST_IMPERIAL_AV,South East Village,East Village,2021-02-25,2021-02-01,12,0,2,True
15TH_ST_ISLAND_AV,South East Village,East Village,2021-02-25,2021-02-01,3,2,0,True
15TH_ST_J_ST,South East Village,East Village,2021-02-25,2021-02-01,1,1,0,True
15TH_ST_MARKET_ST,South East Village,East Village,2021-02-25,2021-02-01,0,1,0,True
16TH_ST_BROADWAY,East Village,East Village,2021-02-25,2021-02-01,0,0,0,True
16TH_ST_C_ST,East Village,East Village,2021-02-25,2021-02-01,0,0,0,True
16TH_ST_E_ST,East Village,East Village,2021-02-25,2021-02-01,1,0,0,True
16TH_ST_F_ST,East Village,East Village,2021-02-25,2021-02-01,1,0,0,True
16TH_ST_G_ST,East Village,East Village,2021-02-25,2021-02-01,3,1,0,True
16TH_ST_IMPERIAL_AV,South East Village,East Village,2021-02-25,2021-02-01,1,0,4,True
16TH_ST_ISLAND_AV,South East Village,East Village,2021-02-25,2021-02-01,1,0,0,True
16TH_ST_J_ST,South East Village,East Village,2021-02-25,2021-02-01,8,0,0,True
16TH_ST_K_ST,South East Village,East Village,2021-02-25,2021-02-01,2,0,0,True
16TH_ST_MARKET_ST,South East Village,East Village,2021-02-25,2021-02-01,1,2,0,True
17TH_ST_BROADWAY,East Village,East Village,2021-02-25,2021-02-01,0,0,0,True
17TH_ST_C_ST,East Village,East Village,2021-02-25,2021-02-01,0,0,1,True
17TH_ST_E_ST,East Village,East Village,2021-02-25,2021-02-01,0,0,1,True
17TH_ST_F_ST,East Village,East Village,2021-02-25,2021-02-01,4,0,0,True
17TH_ST_G_ST,East Village,East Village,2021-02-25,2021-02-01,1,0,0,True
17TH_ST_IMPERIAL_AV,South East Village,East Village,2021-02-25,2021-02-01,1,4,0,True
17TH_ST_ISLAND_AV,South East Village,East Village,2021-02-25,2021-02-01,3,7,0,True
17TH_ST_J_ST,South East Village,East Village,2021-02-25,2021-02-01,8,2,0,True
17TH_ST_K_ST,South East Village,East Village,2021-02-25,2021-02-01,19,27,0,True
17TH_ST_MARKET_ST,South East Village,East Village,2021-02-25,2021-02-01,2,1,0,True
CALIFORNIA_ST_W_ASH_ST,Columbia,Columbia,2021-02-25,2021-02-01,1,0,0,True
CALIFORNIA_ST_W_BROADWAY,Columbia,Columbia,2021-02-25,2021-02-01,0,0,0,True
COLUMBIA_ST_W_ASH_ST,Columbia,Columbia,2021-02-25,2021-02-01,0,0,0,True
COLUMBIA_ST_W_A_ST,Columbia,Columbia,2021-02-25,2021-02-01,0,0,0,True
COLUMBIA_ST_W_B_ST,Columbia,Columbia,2021-02-25,2021-02-01,0,0,0,True
COLUMBIA_ST_W_C_ST,Columbia,Columbia,2021-02-25,2021-02-01,0,0,0,True
COLUMBIA_ST_W_G_ST,Marina,Marina,2021-02-25,2021-02-01,0,1,0,True
FRONT_ST_W_ASH_ST,Cortez,Cortez,2021-02-25,2021-02-01,0,0,0,True
FRONT_ST_W_A_ST,City Center,City Center,2021-02-25,2021-02-01,3,3,0,True
FRONT_ST_W_BROADWAY,City Center,City Center,2021-02-25,2021-02-01,0,0,0,True
FRONT_ST_W_B_ST,City Center,City Center,2021-02-25,2021-02-01,9,0,0,True
FRONT_ST_W_C_ST,City Center,City Center,2021-02-25,2021-02-01,0,0,0,True
FRONT_ST_W_E_ST,City Center,City Center,2021-02-25,2021-02-01,0,0,0,True
FRONT_ST_W_F_ST,Marina,Marina,2021-02-25,2021-02-01,0,0,0,True
FRONT_ST_W_G_ST,Marina,Marina,2021-02-25,2021-02-01,0,0,0,True
FRONT_ST_W_MARKET_ST,Marina,Marina,2021-02-25,2021-02-01,0,0,0,True
FRONT_ST_W_MARKET_ST__2,Marina,Marina,2021-02-25,2021-02-01,0,0,0,True
I-5_SB_IMPERIAL_AV,South East Village,East Village,2021-02-25,2021-02-01,3,5,0,True
I-5_SB_ISLAND_AV,South East Village,East Village,2021-02-25,2021-02-01,0,0,0,True
I-5_SB_MARKET_ST,South East Village,East Village,2021-02-25,2021-02-01,0,0,0,True
I-5_SB_OFF_RA_J_ST,South East Village,East Village,2021-02-25,2021-02-01,0,2,0,True
I-5_SB_OFF_RA_Map_Border,South East Village,East Village,2021-02-25,2021-02-01,0,6,0,True
I-5_SB_ON_RA_BROADWAY,East Village,East Village,2021-02-25,2021-02-01,0,0,0,True
I-5_SB_ON_RA_C_ST,East Village,East Village,2021-02-25,2021-02-01,0,0,1,True
I-5_SB_ON_RA_E_ST,East Village,East Village,2021-02-25,2021-02-01,0,0,0,True
I-5_SB_ON_RA_F_ST,East Village,East Village,2021-02-25,2021-02-01,0,0,0,True
I-5_SB_ON_RA_G_ST,East Village,East Village,2021-02-25,2021-02-01,0,0,0,True
I-5_SB_ON_RA_Map_Border,South East Village,East Village,2021-02-25,2021-02-01,1,0,0,True
INDIA_ST_W_ASH_ST,Columbia,Columbia,2021-02-25,2021-02-01,0,0,0,True
INDIA_ST_W_A_ST,Columbia,Columbia,2021-02-25,2021-02-01,0,0,0,True
INDIA_ST_W_B_ST,Columbia,Columbia,2021-02-25,2021-02-01,5,0,0,True
KETTNER_BL_W_ASH_ST,Columbia,Columbia,2021-02-25,2021-02-01,0,0,0,True
KETTNER_BL_W_A_ST,Columbia,Columbia,2021-02-25,2021-02-01,0,0,0,True
KETTNER_BL_W_BROADWAY,Columbia,Columbia,2021-02-25,2021-02-01,0,0,0,True
KETTNER_BL_W_E_ST,Marina,Marina,2021-02-25,2021-02-01,2,3,0,True
KETTNER_BL_W_F_ST,Marina,Marina,2021-02-25,2021-02-01,1,0,0,True
KETTNER_BL_W_G_ST,Marina,Marina,2021-02-25,2021-02-01,0,0,0,True
Map_Border_BROADWAY,City Center,City Center,2021-02-25,2021-02-01,0,0,0,True
Map_Border_IMPERIAL_AV,South East Village,East Village,2021-02-25,2021-02-01,0,0,0,True
Map_Border_NATIONAL_AV,South East Village,East Village,2021-02-25,2021-02-01,4,3,0,True
NATIONAL_AV_IMPERIAL_AV,South East Village,East Village,2021-02-25,2021-02-01,1,0,0,True
PARK_BL_A_ST,City Center,City Center,2021-02-25,2021-02-01,0,0,0,True
PARK_BL_BROADWAY,City Center,City Center,2021-02-25,2021-02-01,0,0,0,True
PARK_BL_B_ST,City Center,City Center,2021-02-25,2021-02-01,3,0,0,True
PARK_BL_C_ST,City Center,City Center,2021-02-25,2021-02-01,1,0,0,True
PARK_BL_E_ST,East Village,East Village,2021-02-25,2021-02-01,0,0,0,True
PARK_BL_F_ST,East Village,East Village,2021-02-25,2021-02-01,0,0,0,True
PARK_BL_G_ST,East Village,East Village,2021-02-25,2021-02-01,0,0,0,True
PARK_BL_ISLAND_AV,South East Village,East Village,2021-02-25,2021-02-01,0,0,0,True
PARK_BL_J_ST,South East Village,East Village,2021-02-25,2021-02-01,7,2,0,True
PARK_BL_MARKET_ST,South East Village,East Village,2021-02-25,2021-02-01,1,0,0,True
PARK_BL_RUSS_BL,City Center,City Center,2021-02-25,2021-02-01,0,0,0,True
SR-163_NB_ON_RA_ASH_ST,Cortez,Cortez,2021-02-25,2021-02-01,0,0,0,True
STATE_ST_Map_Border,Marina,Marina,2021-02-25,2021-02-01,0,0,0,True
STATE_ST_W_ASH_ST,Columbia,Columbia,2021-02-25,2021-02-01,3,0,0,True
STATE_ST_W_A_ST,Columbia,Columbia,2021-02-25,2021-02-01,0,0,0,True
STATE_ST_W_BROADWAY,Columbia,Columbia,2021-02-25,2021-02-01,4,0,0,True
STATE_ST_W_B_ST,Columbia,Columbia,2021-02-25,2021-02-01,0,0,0,True
STATE_ST_W_C_ST,Columbia,Columbia,2021-02-25,2021-02-01,0,0,0,True
STATE_ST_W_G_ST,Marina,Marina,2021-02-25,2021-02-01,0,0,0,True
TONY_GWYNN_DR_K_ST,South East Village,East Village,2021-02-25,2021-02-01,1,0,0,True
TONY_GWYNN_DR_L_ST,South East Village,East Village,2021-02-25,2021-02-01,0,0,0,True
UNION_ST_W_ASH_ST,Columbia,Columbia,2021-02-25,2021-02-01,0,5,1,True
UNION_ST_W_A_ST,Columbia,Columbia,2021-02-25,2021-02-01,1,3,0,True
UNION_ST_W_BROADWAY,Columbia,Columbia,2021-02-25,2021-02-01,0,0,0,True
UNION_ST_W_B_ST,Columbia,Columbia,2021-02-25,2021-02-01,1,0,0,True
UNION_ST_W_C_ST,Columbia,Columbia,2021-02-25,2021-02-01,16,0,0,True
UNION_ST_W_E_ST,Marina,Marina,2021-02-25,2021-02-01,0,0,0,True
UNION_ST_W_F_ST,Marina,Marina,2021-02-25,2021-02-01,0,0,0,True
UNION_ST_W_G_ST,Marina,Marina,2021-02-25,2021-02-01,0,0,0,True
01ST_AV_I-5_SB,Cortez,Cortez,2022-01-27,2022-01-01,0,0,0,True
01ST_AV_W_ASH_ST,Cortez,Cortez,2022-01-27,2022-01-01,0,0,0,True
01ST_AV_W_A_ST,City Center,City Center,2022-01-27,2022-01-01,0,0,0,True
01ST_AV_W_BEECH_ST,Cortez,Cortez,2022-01-27,2022-01-01,0,0,0,True
01ST_AV_W_BROADWAY,City Center,City Center,2022-01-27,2022-01-01,0,0,0,True
01ST_AV_W_B_ST,City Center,City Center,2022-01-27,2022-01-01,0,0,0,True
01ST_AV_W_CEDAR_ST,Cortez,Cortez,2022-01-27,2022-01-01,0,0,0,True
01ST_AV_W_C_ST,City Center,City Center,2022-01-27,2022-01-01,0,0,0,True
01ST_AV_W_E_ST,City Center,City Center,2022-01-27,2022-01-01,0,0,0,True
01ST_AV_W_F_ST,City Center,City Center,2022-01-27,2022-01-01,0,0,0,True
01ST_AV_W_G_ST,Marina,Marina,2022-01-27,2022-01-01,0,0,0,True
01ST_AV_W_ISLAND_AV,Marina,Marina,2022-01-27,2022-01-01,0,0,0,True
01ST_AV_W_MARKET_ST,Marina,Marina,2022-01-27,2022-01-01,0,0,0,True
02ND_AV_ASH_ST,Cortez,Cortez,2022-01-27,2022-01-01,0,0,0,True
02ND_AV_BEECH_ST,Cortez,Cortez,2022-01-27,2022-01-01,1,0,0,True
02ND_AV_CEDAR_ST,Cortez,Cortez,2022-01-27,2022-01-01,0,0,0,True
02ND_AV_C_ST,City Center,City Center,2022-01-27,2022-01-01,2,0,0,True
02ND_AV_G_ST,Marina,Marina,2022-01-27,2022-01-01,3,0,0,True
02ND_AV_I-5_SB,Cortez,Cortez,2022-01-27,2022-01-01,4,13,1,True
02ND_AV_ISLAND_AV,Marina,Marina,2022-01-27,2022-01-01,0,1,0,True
02ND_AV_MARKET_ST,Marina,Marina,2022-01-27,2022-01-01,0,0,0,True
03RD_AV_ASH_ST,Cortez,Cortez,2022-01-27,2022-01-01,3,0,1,True
03RD_AV_A_ST,City Center,City Center,2022-01-27,2022-01-01,13,0,0,True
03RD_AV_BEECH_ST,Cortez,Cortez,2022-01-27,2022-01-01,0,0,0,True
03RD_AV_CEDAR_ST,Cortez,Cortez,2022-01-27,2022-01-01,0,0,0,True
03RD_AV_C_ST,City Center,City Center,2022-01-27,2022-01-01,10,2,0,True
03RD_AV_G_ST,Marina,Marina,2022-01-27,2022-01-01,4,0,0,True
03RD_AV_I-5_SB,Cortez,Cortez,2022-01-27,2022-01-01,2,10,1,True
03RD_AV_ISLAND_AV,Marina,Marina,2022-01-27,2022-01-01,0,0,0,True
03RD_AV_J_ST,Marina,Marina,2022-01-27,2022-01-01,0,0,0,True
03RD_AV_MARKET_ST,Marina,Marina,2022-01-27,2022-01-01,0,0,0,True
04TH_AV_ASH_ST,Cortez,Cortez,2022-01-27,2022-01-01,0,0,0,True
04TH_AV_A_ST,City Center,City Center,2022-01-27,2022-01-01,4,1,0,True
04TH_AV_BEECH_ST,Cortez,Cortez,2022-01-27,2022-01-01,2,2,0,True
04TH_AV_BROADWAY,City Center,City Center,2022-01-27,2022-01-01,0,0,0,True
04TH_AV_B_ST,City Center,City Center,2022-01-27,2022-01-01,25,13,0,True
04TH_AV_CEDAR_ST,Cortez,Cortez,2022-01-27,2022-01-01,3,0,0,True
04TH_AV_C_ST,City Center,City Center,2022-01-27,2022-01-01,0,0,0,True
04TH_AV_G_ST,Marina,Marina,2022-01-27,2022-01-01,3,0,0,True
04TH_AV_I-5_SB,Cortez,Cortez,2022-01-27,2022-01-01,0,0,0,True
04TH_AV_ISLAND_AV,Marina,Marina,2022-01-27,2022-01-01,3,0,0,True
04TH_AV_J_ST,Marina,Marina,2022-01-27,2022-01-01,0,0,0,True
04TH_AV_MARKET_ST,Marina,Marina,2022-01-27,2022-01-01,0,0,0,True
05TH_AV_ASH_ST,Cortez,Cortez,2022-01-27,2022-01-01,2,1,0,True
05TH_AV_A_ST,City Center,City Center,2022-01-27,2022-01-01,0,0,0,True
05TH_AV_BEECH_ST,Cortez,Cortez,2022-01-27,2022-01-01,1,0,0,True
05TH_AV_BROADWAY,Gaslamp,Gaslamp,2022-01-27,2022-01-01,20,0,0,True
05TH_AV_B_ST,City Center,City Center,2022-01-27,2022-01-01,1,0,0,True
05TH_AV_CEDAR_ST,Cortez,Cortez,2022-01-27,2022-01-01,14,0,0,True
05TH_AV_C_ST,City Center,City Center,2022-01-27,2022-01-01,0,0,0,True
05TH_AV_E_ST,Gaslamp,Gaslamp,2022-01-27,2022-01-01,7,0,0,True
05TH_AV_F_ST,Gaslamp,Gaslamp,2022-01-27,2022-01-01,2,0,0,True
05TH_AV_G_ST,Gaslamp,Gaslamp,2022-01-27,2022-01-01,4,0,0,True
05TH_AV_I-5_SB,Cortez,Cortez,2022-01-27,2022-01-01,0,1,0,True
05TH_AV_ISLAND_AV,Gaslamp,Gaslamp,2022-01-27,2022-01-01,1,0,0,True
05TH_AV_J_ST,Gaslamp,Gaslamp,2022-01-27,2022-01-01,1,0,0,True
05TH_AV_K_ST,Gaslamp,Gaslamp,2022-01-27,2022-01-01,1,0,0,True
05TH_AV_MARKET_ST,Gaslamp,Gaslamp,2022-01-27,2022-01-01,1,0,0,True
06TH_AV_ASH_ST,Cortez,Cortez,2022-01-27,2022-01-01,1,0,0,True
06TH_AV_A_ST,City Center,City Center,2022-01-27,2022-01-01,3,0,0,True
06TH_AV_BEECH_ST,Cortez,Cortez,2022-01-27,2022-01-01,1,0,0,True
06TH_AV_BROADWAY,Gaslamp,Gaslamp,2022-01-27,2022-01-01,13,0,0,True
06TH_AV_B_ST,City Center,City Center,2022-01-27,2022-01-01,4,0,0,True
06TH_AV_CEDAR_ST,Cortez,Cortez,2022-01-27,2022-01-01,0,0,0,True
06TH_AV_C_ST,City Center,City Center,2022-01-27,2022-01-01,3,0,0,True
06TH_AV_E_ST,Gaslamp,Gaslamp,2022-01-27,2022-01-01,1,0,0,True
06TH_AV_F_ST,Gaslamp,Gaslamp,2022-01-27,2022-01-01,2,1,0,True
06TH_AV_G_ST,Gaslamp,Gaslamp,2022-01-27,2022-01-01,2,0,0,True
06TH_AV_I-5_SB,Cortez,Cortez,2022-01-27,2022-01-01,0,0,0,True
06TH_AV_ISLAND_AV,Gaslamp,Gaslamp,2022-01-27,2022-01-01,1,0,0,True
06TH_AV_J_ST,Gaslamp,Gaslamp,2022-01-27,2022-01-01,0,0,0,True
06TH_AV_K_ST,Gaslamp,Gaslamp,2022-01-27,2022-01-01,4,0,0,True
06TH_AV_L_ST,Gaslamp,Gaslamp,2022-01-27,2022-01-01,1,0,0,True
06TH_AV_MARKET_ST,Gaslamp,Gaslamp,2022-01-27,2022-01-01,0,0,0,True
07TH_AV_ASH_ST,Cortez,Cortez,2022-01-27,2022-01-01,0,0,0,True
07TH_AV_A_ST,City Center,City Center,2022-01-27,2022-01-01,3,0,0,True
07TH_AV_BEECH_ST,Cortez,Cortez,2022-01-27,2022-01-01,1,0,0,True
07TH_AV_BROADWAY,City Center,City Center,2022-01-27,2022-01-01,0,0,0,True
07TH_AV_B_ST,City Center,City Center,2022-01-27,2022-01-01,3,0,0,True
07TH_AV_CEDAR_ST,Cortez,Cortez,2022-01-27,2022-01-01,0,0,0,True
07TH_AV_C_ST,City Center,City Center,2022-01-27,2022-01-01,2,0,0,True
07TH_AV_E_ST,East Village,East Village,2022-01-27,2022-01-01,0,0,0,True
07TH_AV_F_ST,East Village,East Village,2022-01-27,2022-01-01,0,0,0,True
07TH_AV_G_ST,East Village,East Village,2022-01-27,2022-01-01,1,0,0,True
07TH_AV_I-5_SB,Cortez,Cortez,2022-01-27,2022-01-01,0,0,0,True
07TH_AV_ISLAND_AV,South East Village,East Village,2022-01-27,2022-01-01,1,3,0,True
07TH_AV_J_ST,South East Village,East Village,2022-01-27,2022-01-01,0,0,0,True
07TH_AV_MARKET_ST,South East Village,East Village,2022-01-27,2022-01-01,0,0,0,True
08TH_AV_ASH_ST,Cortez,Cortez,2022-01-27,2022-01-01,0,1,0,True
08TH_AV_A_ST,City Center,City Center,2022-01-27,2022-01-01,0,0,0,True
08TH_AV_BEECH_ST,Cortez,Cortez,2022-01-27,2022-01-01,0,0,0,True
08TH_AV_BROADWAY,City Center,City Center,2022-01-27,2022-01-01,0,0,0,True
08TH_AV_B_ST,City Center,City Center,2022-01-27,2022-01-01,1,0,0,True
08TH_AV_CEDAR_ST,Cortez,Cortez,2022-01-27,2022-01-01,0,0,0,True
08TH_AV_C_ST,City Center,City Center,2022-01-27,2022-01-01,0,0,0,True
08TH_AV_DATE_ST,Cortez,Cortez,2022-01-27,2022-01-01,0,0,0,True
08TH_AV_E_ST,East Village,East Village,2022-01-27,2022-01-01,14,20,0,True
08TH_AV_F_ST,East Village,East Village,2022-01-27,2022-01-01,0,1,0,True
08TH_AV_G_ST,East Village,East Village,2022-01-27,2022-01-01,0,0,0,True
08TH_AV_ISLAND_AV,South East Village,East Village,2022-01-27,2022-01-01,0,0,0,True
08TH_AV_MARKET_ST,South East Village,East Village,2022-01-27,2022-01-01,3,1,0,True
09TH_AV_ASH_ST,Cortez,Cortez,2022-01-27,2022-01-01,0,0,0,True
09TH_AV_A_ST,City Center,City Center,2022-01-27,2022-01-01,0,0,0,True
09TH_AV_BEECH_ST,Cortez,Cortez,2022-01-27,2022-01-01,0,0,0,True
09TH_AV_BROADWAY,City Center,City Center,2022-01-27,2022-01-01,15,4,0,True
09TH_AV_B_ST,City Center,City Center,2022-01-27,2022-01-01,1,2,0,True
09TH_AV_CEDAR_ST,Cortez,Cortez,2022-01-27,2022-01-01,0,0,0,True
09TH_AV_C_ST,City Center,City Center,2022-01-27,2022-01-01,2,0,0,True
09TH_AV_DATE_ST,Cortez,Cortez,2022-01-27,2022-01-01,0,0,0,True
09TH_AV_E_ST,East Village,East Village,2022-01-27,2022-01-01,5,18,1,True
09TH_AV_F_ST,East Village,East Village,2022-01-27,2022-01-01,3,0,1,True
09TH_AV_G_ST,East Village,East Village,2022-01-27,2022-01-01,0,0,0,True
09TH_AV_ISLAND_AV,South East Village,East Village,2022-01-27,2022-01-01,0,0,0,True
09TH_AV_MARKET_ST,South East Village,East Village,2022-01-27,2022-01-01,1,0,0,True
10TH_AV_ASH_ST,Cortez,Cortez,2022-01-27,2022-01-01,0,0,0,True
10TH_AV_A_ST,City Center,City Center,2022-01-27,2022-01-01,1,0,0,True
10TH_AV_BEECH_ST,Cortez,Cortez,2022-01-27,2022-01-01,0,0,0,True
10TH_AV_BROADWAY,City Center,City Center,2022-01-27,2022-01-01,1,0,0,True
10TH_AV_B_ST,City Center,City Center,2022-01-27,2022-01-01,4,10,0,True
10TH_AV_CEDAR_ST,Cortez,Cortez,2022-01-27,2022-01-01,0,0,0,True
10TH_AV_C_ST,City Center,City Center,2022-01-27,2022-01-01,0,0,0,True
10TH_AV_DATE_ST,Cortez,Cortez,2022-01-27,2022-01-01,0,0,0,True
10TH_AV_E_ST,East Village,East Village,2022-01-27,2022-01-01,1,1,0,True
10TH_AV_F_ST,East Village,East Village,2022-01-27,2022-01-01,0,0,0,True
10TH_AV_G_ST,East Village,East Village,2022-01-27,2022-01-01,2,0,0,True
10TH_AV_ISLAND_AV,South East Village,East Village,2022-01-27,2022-01-01,1,0,0,True
10TH_AV_J_ST,South East Village,East Village,2022-01-27,2022-01-01,1,0,0,True
10TH_AV_MARKET_ST,South East Village,East Village,2022-01-27,2022-01-01,1,0,0,True
11TH_AV_A_ST,City Center,City Center,2022-01-27,2022-01-01,4,0,0,True
11TH_AV_BROADWAY,City Center,City Center,2022-01-27,2022-01-01,4,1,0,True
11TH_AV_B_ST,City Center,City Center,2022-01-27,2022-01-01,1,1,0,True
11TH_AV_C_ST,City Center,City Center,2022-01-27,2022-01-01,4,2,0,True
11TH_AV_E_ST,East Village,East Village,2022-01-27,2022-01-01,0,0,0,True
11TH_AV_F_ST,East Village,East Village,2022-01-27,2022-01-01,1,0,0,True
11TH_AV_G_ST,East Village,East Village,2022-01-27,2022-01-01,1,0,0,True
11TH_AV_ISLAND_AV,South East Village,East Village,2022-01-27,2022-01-01,2,0,0,True
11TH_AV_J_ST,South East Village,East Village,2022-01-27,2022-01-01,2,0,0,True
11TH_AV_K_ST,South East Village,East Village,2022-01-27,2022-01-01,1,0,0,True
11TH_AV_MARKET_ST,South East Village,East Village,2022-01-27,2022-01-01,4,0,0,True
12TH_AV_PARK_BL,South East Village,East Village,2022-01-27,2022-01-01,1,0,0,True
13TH_ST_BROADWAY,East Village,East Village,2022-01-27,2022-01-01,4,0,0,True
13TH_ST_C_ST,East Village,East Village,2022-01-27,2022-01-01,0,0,0,True
13TH_ST_E_ST,East Village,East Village,2022-01-27,2022-01-01,0,0,0,True
13TH_ST_F_ST,East Village,East Village,2022-01-27,2022-01-01,2,0,0,True
13TH_ST_G_ST,East Village,East Village,2022-01-27,2022-01-01,0,0,0,True
13TH_ST_IMPERIAL_AV,South East Village,East Village,2022-01-27,2022-01-01,5,0,0,True
13TH_ST_ISLAND_AV,South East Village,East Village,2022-01-27,2022-01-01,2,0,0,True
13TH_ST_J_ST,South East Village,East Village,2022-01-27,2022-01-01,1,0,0,True
13TH_ST_K_ST,South East Village,East Village,2022-01-27,2022-01-01,6,0,0,True
13TH_ST_L_ST,South East Village,East Village,2022-01-27,2022-01-01,2,2,0,True
13TH_ST_MARKET_ST,South East Village,East Village,2022-01-27,2022-01-01,4,0,1,True
14TH_ST_BROADWAY,East Village,East Village,2022-01-27,2022-01-01,0,0,0,True
14TH_ST_C_ST,East Village,East Village,2022-01-27,2022-01-01,0,0,0,True
14TH_ST_E_ST,East Village,East Village,2022-01-27,2022-01-01,4,0,0,True
14TH_ST_F_ST,East Village,East Village,2022-01-27,2022-01-01,2,0,0,True
14TH_ST_G_ST,East Village,East Village,2022-01-27,2022-01-01,0,0,0,True
14TH_ST_IMPERIAL_AV,South East Village,East Village,2022-01-27,2022-01-01,2,14,0,True
14TH_ST_ISLAND_AV,South East Village,East Village,2022-01-27,2022-01-01,3,0,0,True
14TH_ST_J_ST,South East Village,East Village,2022-01-27,2022-01-01,0,0,0,True
14TH_ST_K_ST,South East Village,East Village,2022-01-27,2022-01-01,14,4,0,True
14TH_ST_L_ST,South East Village,East Village,2022-01-27,2022-01-01,9,0,1,True
14TH_ST_MARKET_ST,South East Village,East Village,2022-01-27,2022-01-01,0,0,0,True
15TH_ST_BROADWAY,East Village,East Village,2022-01-27,2022-01-01,0,0,0,True
15TH_ST_C_ST,East Village,East Village,2022-01-27,2022-01-01,0,0,0,True
15TH_ST_E_ST,East Village,East Village,2022-01-27,2022-01-01,0,0,0,True
15TH_ST_F_ST,East Village,East Village,2022-01-27,2022-01-01,0,1,0,True
15TH_ST_G_ST,East Village,East Village,2022-01-27,2022-01-01,0,0,0,True
15TH_ST_IMPERIAL_AV,South East Village,East Village,2022-01-27,2022-01-01,6,0,0,True
15TH_ST_ISLAND_AV,South East Village,East Village,2022-01-27,2022-01-01,0,0,0,True
15TH_ST_J_ST,South East Village,East Village,2022-01-27,2022-01-01,11,20,0,True
15TH_ST_MARKET_ST,South East Village,East Village,2022-01-27,2022-01-01,0,5,0,True
16TH_ST_BROADWAY,East Village,East Village,2022-01-27,2022-01-01,0,0,0,True
16TH_ST_C_ST,East Village,East Village,2022-01-27,2022-01-01,0,0,0,True
16TH_ST_E_ST,East Village,East Village,2022-01-27,2022-01-01,1,0,0,True
16TH_ST_F_ST,East Village,East Village,2022-01-27,2022-01-01,0,5,0,True
16TH_ST_G_ST,East Village,East Village,2022-01-27,2022-01-01,4,7,0,True
16TH_ST_IMPERIAL_AV,South East Village,East Village,2022-01-27,2022-01-01,2,0,3,True
16TH_ST_ISLAND_AV,South East Village,East Village,2022-01-27,2022-01-01,3,0,0,True
16TH_ST_J_ST,South East Village,East Village,2022-01-27,2022-01-01,5,3,0,True
16TH_ST_K_ST,South East Village,East Village,2022-01-27,2022-01-01,4,0,0,True
16TH_ST_MARKET_ST,South East Village,East Village,2022-01-27,2022-01-01,6,4,0,True
17TH_ST_BROADWAY,East Village,East Village,2022-01-27,2022-01-01,0,0,0,True
17TH_ST_C_ST,East Village,East Village,2022-01-27,2022-01-01,0,0,0,True
17TH_ST_E_ST,East Village,East Village,2022-01-27,2022-01-01,1,0,0,True
17TH_ST_F_ST,East Village,East Village,2022-01-27,2022-01-01,3,2,0,True
17TH_ST_G_ST,East Village,East Village,2022-01-27,2022-01-01,0,0,0,True
17TH_ST_IMPERIAL_AV,South East Village,East Village,2022-01-27,2022-01-01,1,0,3,True
17TH_ST_ISLAND_AV,South East Village,East Village,2022-01-27,2022-01-01,4,16,0,True
17TH_ST_J_ST,South East Village,East Village,2022-01-27,2022-01-01,6,5,1,True
17TH_ST_K_ST,South East Village,East Village,2022-01-27,2022-01-01,41,65,1,True
17TH_ST_MARKET_ST,South East Village,East Village,2022-01-27,2022-01-01,2,4,0,True
19TH_ST_I-5_SB_OFF_RA,Golden Hill,Outside Perimeter,2022-01-27,2022-01-01,2,3,0,False
19TH_ST_ISLAND_AV,Sherman Heights,Outside Perimeter,2022-01-27,2022-01-01,1,2,1,False
19TH_ST_J_ST,Sherman Heights,Outside Perimeter,2022-01-27,2022-01-01,1,4,2,False
19TH_ST_MARKET_ST,Sherman Heights,Outside Perimeter,2022-01-27,2022-01-01,0,7,1,False
20TH_ST_BROADWAY,Golden Hill,Outside Perimeter,2022-01-27,2022-01-01,0,0,0,False
20TH_ST_B_ST,Golden Hill,Outside Perimeter,2022-01-27,2022-01-01,0,0,0,False
20TH_ST_C_ST,Golden Hill,Outside Perimeter,2022-01-27,2022-01-01,0,0,0,False
20TH_ST_E_ST,Golden Hill,Outside Perimeter,2022-01-27,2022-01-01,0,0,0,False
20TH_ST_G_ST,Sherman Heights,Outside Perimeter,2022-01-27,2022-01-01,0,0,0,False
20TH_ST_ISLAND_AV,Sherman Heights,Outside Perimeter,2022-01-27,2022-01-01,0,0,0,False
20TH_ST_J_ST,Sherman Heights,Outside Perimeter,2022-01-27,2022-01-01,0,0,0,False
20TH_ST_K_ST,Sherman Heights,Outside Perimeter,2022-01-27,2022-01-01,0,0,0,False
20TH_ST_L_ST,Sherman Heights,Outside Perimeter,2022-01-27,2022-01-01,0,0,0,False
20TH_ST_MARKET_ST,Sherman Heights,Outside Perimeter,2022-01-27,2022-01-01,0,0,0,False
21ST_ST_BROADWAY,Golden Hill,Outside Perimeter,2022-01-27,2022-01-01,0,0,0,False
21ST_ST_B_ST,Golden Hill,Outside Perimeter,2022-01-27,2022-01-01,0,0,0,False
21ST_ST_C_ST,Golden Hill,Outside Perimeter,2022-01-27,2022-01-01,0,0,0,False
21ST_ST_E_ST,Golden Hill,Outside Perimeter,2022-01-27,2022-01-01,0,0,0,False
21ST_ST_G_ST,Sherman Heights,Outside Perimeter,2022-01-27,2022-01-01,0,0,0,False
21ST_ST_ISLAND_AV,Sherman Heights,Outside Perimeter,2022-01-27,2022-01-01,0,0,0,False
21ST_ST_J_ST,Sherman Heights,Outside Perimeter,2022-01-27,2022-01-01,0,0,0,False
21ST_ST_K_ST,Sherman Heights,Outside Perimeter,2022-01-27,2022-01-01,0,0,0,False
21ST_ST_L_ST,Sherman Heights,Outside Perimeter,2022-01-27,2022-01-01,0,0,0,False
21ST_ST_MARKET_ST,Sherman Heights,Outside Perimeter,2022-01-27,2022-01-01,0,0,0,False
21ST_ST_RUSS_BL,Golden Hill,Outside Perimeter,2022-01-27,2022-01-01,0,0,0,False
22ND_ST_A_ST,Golden Hill,Outside Perimeter,2022-01-27,2022-01-01,0,0,0,False
22ND_ST_BROADWAY,Golden Hill,Outside Perimeter,2022-01-27,2022-01-01,0,3,0,False
22ND_ST_BROADWAY__2,Golden Hill,Outside Perimeter,2022-01-27,2022-01-01,0,0,0,False
22ND_ST_B_ST,Golden Hill,Outside Perimeter,2022-01-27,2022-01-01,0,0,0,False
22ND_ST_C_ST,Golden Hill,Outside Perimeter,2022-01-27,2022-01-01,0,0,0,False
22ND_ST_E_ST,Golden Hill,Outside Perimeter,2022-01-27,2022-01-01,0,0,0,False
22ND_ST_G_ST,Sherman Heights,Outside Perimeter,2022-01-27,2022-01-01,0,0,0,False
22ND_ST_ISLAND_AV,Sherman Heights,Outside Perimeter,2022-01-27,2022-01-01,0,0,0,False
22ND_ST_J_ST,Sherman Heights,Outside Perimeter,2022-01-27,2022-01-01,0,0,0,False
22ND_ST_K_ST,Sherman Heights,Outside Perimeter,2022-01-27,2022-01-01,0,0,0,False
22ND_ST_L_ST,Sherman Heights,Outside Perimeter,2022-01-27,2022-01-01,0,0,0,False
22ND_ST_MARKET_ST,Sherman Heights,Outside Perimeter,2022-01-27,2022-01-01,0,0,0,False
22ND_ST_SR-94_EB_ON_RA,Sherman Heights,Outside Perimeter,2022-01-27,2022-01-01,0,1,0,False
23RD_ST_A_ST,Golden Hill,Outside Perimeter,2022-01-27,2022-01-01,0,0,0,False
23RD_ST_BROADWAY,Golden Hill,Outside Perimeter,2022-01-27,2022-01-01,0,0,0,False
23RD_ST_B_ST,Golden Hill,Outside Perimeter,2022-01-27,2022-01-01,0,0,0,False
23RD_ST_C_ST,Golden Hill,Outside Perimeter,2022-01-27,2022-01-01,0,0,0,False
23RD_ST_E_ST,Golden Hill,Outside Perimeter,2022-01-27,2022-01-01,0,0,0,False
24TH_ST_A_ST,Golden Hill,Outside Perimeter,2022-01-27,2022-01-01,0,0,0,False
24TH_ST_BROADWAY,Golden Hill,Outside Perimeter,2022-01-27,2022-01-01,0,0,0,False
24TH_ST_B_ST,Golden Hill,Outside Perimeter,2022-01-27,2022-01-01,0,0,0,False
24TH_ST_C_ST,Golden Hill,Outside Perimeter,2022-01-27,2022-01-01,0,0,0,False
24TH_ST_E_ST,Golden Hill,Outside Perimeter,2022-01-27,2022-01-01,0,0,0,False
24TH_ST_G_ST,Sherman Heights,Outside Perimeter,2022-01-27,2022-01-01,0,0,0,False
24TH_ST_ISLAND_AV,Sherman Heights,Outside Perimeter,2022-01-27,2022-01-01,0,0,0,False
24TH_ST_K_ST,Sherman Heights,Outside Perimeter,2022-01-27,2022-01-01,0,0,0,False
24TH_ST_L_ST,Sherman Heights,Outside Perimeter,2022-01-27,2022-01-01,0,0,0,False
24TH_ST_MARKET_ST,Sherman Heights,Outside Perimeter,2022-01-27,2022-01-01,0,0,0,False
25TH_ST_A_ST,Golden Hill,Outside Perimeter,2022-01-27,2022-01-01,0,0,0,False
25TH_ST_BROADWAY,Golden Hill,Outside Perimeter,2022-01-27,2022-01-01,0,0,0,False
25TH_ST_B_ST,Golden Hill,Outside Perimeter,2022-01-27,2022-01-01,0,0,0,False
25TH_ST_C_ST,Golden Hill,Outside Perimeter,2022-01-27,2022-01-01,0,0,0,False
25TH_ST_E_ST,Golden Hill,Outside Perimeter,2022-01-27,2022-01-01,0,0,0,False
25TH_ST_G_ST,Sherman Heights,Outside Perimeter,2022-01-27,2022-01-01,0,0,0,False
25TH_ST_ISLAND_AV,Sherman Heights,Outside Perimeter,2022-01-27,2022-01-01,0,0,0,False
25TH_ST_J_ST,Sherman Heights,Outside Perimeter,2022-01-27,2022-01-01,0,0,0,False
25TH_ST_K_ST,Sherman Heights,Outside Perimeter,2022-01-27,2022-01-01,0,0,0,False
25TH_ST_L_ST,Sherman Heights,Outside Perimeter,2022-01-27,2022-01-01,0,0,0,False
25TH_ST_MARKET_ST,Sherman Heights,Outside Perimeter,2022-01-27,2022-01-01,0,0,0,False
25TH_ST_RUSS_BL,Golden Hill,Outside Perimeter,2022-01-27,2022-01-01,0,0,0,False
25TH_ST_SR-94_EB,Sherman Heights,Outside Perimeter,2022-01-27,2022-01-01,0,0,0,False
25TH_ST_SR-94_WB,Golden Hill,Outside Perimeter,2022-01-27,2022-01-01,0,0,0,False
26TH_ST_A_ST,Golden Hill,Outside Perimeter,2022-01-27,2022-01-01,0,0,0,False
26TH_ST_BROADWAY,Golden Hill,Outside Perimeter,2022-01-27,2022-01-01,0,0,0,False
26TH_ST_B_ST,Golden Hill,Outside Perimeter,2022-01-27,2022-01-01,0,0,0,False
26TH_ST_C_ST,Golden Hill,Outside Perimeter,2022-01-27,2022-01-01,0,0,0,False
26TH_ST_E_ST,Golden Hill,Outside Perimeter,2022-01-27,2022-01-01,0,0,0,False
26TH_ST_RUSS_BL,Golden Hill,Outside Perimeter,2022-01-27,2022-01-01,0,0,0,False
27TH_ST_A_ST,Golden Hill,Outside Perimeter,2022-01-27,2022-01-01,0,0,0,False
27TH_ST_BROADWAY,Golden Hill,Outside Perimeter,2022-01-27,2022-01-01,0,0,0,False
27TH_ST_B_ST,Golden Hill,Outside Perimeter,2022-01-27,2022-01-01,0,0,0,False
27TH_ST_C_ST,Golden Hill,Outside Perimeter,2022-01-27,2022-01-01,0,0,0,False
27TH_ST_E_ST,Golden Hill,Outside Perimeter,2022-01-27,2022-01-01,0,0,0,False
27TH_ST_RUSS_BL,Golden Hill,Outside Perimeter,2022-01-27,2022-01-01,0,0,0,False
28TH_ST_A_ST,Golden Hill,Outside Perimeter,2022-01-27,2022-01-01,0,0,0,False
28TH_ST_BROADWAY,Golden Hill,Outside Perimeter,2022-01-27,2022-01-01,0,0,0,False
28TH_ST_B_ST,Golden Hill,Outside Perimeter,2022-01-27,2022-01-01,0,0,0,False
28TH_ST_C_ST,Golden Hill,Outside Perimeter,2022-01-27,2022-01-01,0,0,0,False
28TH_ST_E_ST,Golden Hill,Outside Perimeter,2022-01-27,2022-01-01,0,0,0,False
28TH_ST_RUSS_BL,Golden Hill,Outside Perimeter,2022-01-27,2022-01-01,0,0,0,False
28TH_ST_TREAT_ST,Golden Hill,Outside Perimeter,2022-01-27,2022-01-01,0,0,0,False
BEARDSLEY_ST_LOGAN_AV,Barrio Logan,Outside Perimeter,2022-01-27,2022-01-01,0,0,0,False
BEARDSLEY_ST_MAIN_ST,Barrio Logan,Outside Perimeter,2022-01-27,2022-01-01,0,0,0,False
BEARDSLEY_ST_NATIONAL_AV,Barrio Logan,Outside Perimeter,2022-01-27,2022-01-01,0,0,0,False
BEARDSLEY_ST_NEWTON_AV,Barrio Logan,Outside Perimeter,2022-01-27,2022-01-01,0,0,0,False
CALIFORNIA_ST_W_ASH_ST,Columbia,Columbia,2022-01-27,2022-01-01,1,0,0,True
CALIFORNIA_ST_W_BROADWAY,Columbia,Columbia,2022-01-27,2022-01-01,1,0,0,True
CESAR_E_CHAVEZ_PY_CROSBY_RD,Barrio Logan,Outside Perimeter,2022-01-27,2022-01-01,0,0,0,False
CESAR_E_CHAVEZ_PY_HARBOR_DR,Barrio Logan,Outside Perimeter,2022-01-27,2022-01-01,0,0,0,False
CESAR_E_CHAVEZ_PY_I-5_SB,Barrio Logan,Outside Perimeter,2022-01-27,2022-01-01,0,0,0,False
CESAR_E_CHAVEZ_PY_LOGAN_AV,Barrio Logan,Outside Perimeter,2022-01-27,2022-01-01,0,0,0,False
CESAR_E_CHAVEZ_PY_MAIN_ST,Barrio Logan,Outside Perimeter,2022-01-27,2022-01-01,0,0,0,False
CESAR_E_CHAVEZ_PY_NATIONAL_AV,Barrio Logan,Outside Perimeter,2022-01-27,2022-01-01,0,0,0,False
CESAR_E_CHAVEZ_PY_NEWTON_AV,Barrio Logan,Outside Perimeter,2022-01-27,2022-01-01,0,0,0,False
COLUMBIA_ST_W_ASH_ST,Columbia,Columbia,2022-01-27,2022-01-01,0,0,0,True
COLUMBIA_ST_W_A_ST,Columbia,Columbia,2022-01-27,2022-01-01,1,0,0,True
COLUMBIA_ST_W_B_ST,Columbia,Columbia,2022-01-27,2022-01-01,0,0,0,True
COLUMBIA_ST_W_C_ST,Columbia,Columbia,2022-01-27,2022-01-01,3,0,0,True
COLUMBIA_ST_W_G_ST,Marina,Marina,2022-01-27,2022-01-01,0,0,0,True
DEWEY_ST_NATIONAL_AV,Barrio Logan,Outside Perimeter,2022-01-27,2022-01-01,0,0,0,False
FRONT_ST_W_ASH_ST,Cortez,Cortez,2022-01-27,2022-01-01,2,0,0,True
FRONT_ST_W_A_ST,City Center,City Center,2022-01-27,2022-01-01,4,2,0,True
FRONT_ST_W_BROADWAY,City Center,City Center,2022-01-27,2022-01-01,0,0,0,True
FRONT_ST_W_B_ST,City Center,City Center,2022-01-27,2022-01-01,3,6,0,True
FRONT_ST_W_C_ST,City Center,City Center,2022-01-27,2022-01-01,0,0,0,True
FRONT_ST_W_E_ST,City Center,City Center,2022-01-27,2022-01-01,0,0,0,True
FRONT_ST_W_F_ST,Marina,Marina,2022-01-27,2022-01-01,0,0,0,True
FRONT_ST_W_G_ST,Marina,Marina,2022-01-27,2022-01-01,2,0,0,True
FRONT_ST_W_MARKET_ST,Marina,Marina,2022-01-27,2022-01-01,0,0,0,True
FRONT_ST_W_MARKET_ST__2,Marina,Marina,2022-01-27,2022-01-01,0,0,0,True
I-5_SB_IMPERIAL_AV,South East Village,East Village,2022-01-27,2022-01-01,0,3,0,True
I-5_SB_ISLAND_AV,South East Village,East Village,2022-01-27,2022-01-01,0,0,0,True
I-5_SB_MARKET_ST,South East Village,East Village,2022-01-27,2022-01-01,1,1,0,True
I-5_SB_OFF_RA_J_ST,South East Village,East Village,2022-01-27,2022-01-01,0,0,0,True
I-5_SB_OFF_RA_Map_Border,South East Village,East Village,2022-01-27,2022-01-01,1,7,1,True
I-5_SB_ON_RA_BROADWAY,East Village,East Village,2022-01-27,2022-01-01,0,0,0,True
I-5_SB_ON_RA_C_ST,East Village,East Village,2022-01-27,2022-01-01,1,0,1,True
I-5_SB_ON_RA_E_ST,East Village,East Village,2022-01-27,2022-01-01,0,0,0,True
I-5_SB_ON_RA_F_ST,East Village,East Village,2022-01-27,2022-01-01,0,0,0,True
I-5_SB_ON_RA_G_ST,East Village,East Village,2022-01-27,2022-01-01,0,0,0,True
I-5_SB_ON_RA_Map_Border,South East Village,East Village,2022-01-27,2022-01-01,0,0,0,True
INDIA_ST_W_ASH_ST,Columbia,Columbia,2022-01-27,2022-01-01,0,0,0,True
INDIA_ST_W_A_ST,Columbia,Columbia,2022-01-27,2022-01-01,1,0,0,True
INDIA_ST_W_B_ST,Columbia,Columbia,2022-01-27,2022-01-01,5,0,0,True
KETTNER_BL_W_ASH_ST,Columbia,Columbia,2022-01-27,2022-01-01,1,0,0,True
KETTNER_BL_W_A_ST,Columbia,Columbia,2022-01-27,2022-01-01,6,1,0,True
KETTNER_BL_W_BROADWAY,Columbia,Columbia,2022-01-27,2022-01-01,0,0,0,True
KETTNER_BL_W_E_ST,Marina,Marina,2022-01-27,2022-01-01,7,7,0,True
KETTNER_BL_W_F_ST,Marina,Marina,2022-01-27,2022-01-01,0,0,0,True
KETTNER_BL_W_G_ST,Marina,Marina,2022-01-27,2022-01-01,0,0,0,True
Map_Border_BAY_FRONT_ST,Barrio Logan,Outside Perimeter,2022-01-27,2022-01-01,0,0,0,False
Map_Border_BROADWAY,City Center,City Center,2022-01-27,2022-01-01,0,0,0,True
Map_Border_HARBOR_DR,Barrio Logan,Outside Perimeter,2022-01-27,2022-01-01,0,0,0,False
Map_Border_IMPERIAL_AV,South East Village,East Village,2022-01-27,2022-01-01,2,0,0,True
Map_Border_Map_Border,Barrio Logan,Outside Perimeter,2022-01-27,2022-01-01,0,0,0,False
Map_Border_NATIONAL_AV,South East Village,East Village,2022-01-27,2022-01-01,4,8,0,True
NATIONAL_AV_IMPERIAL_AV,South East Village,East Village,2022-01-27,2022-01-01,1,0,0,True
NEWTON_AV_Map_Border,Barrio Logan,Outside Perimeter,2022-01-27,2022-01-01,0,0,0,False
NEWTON_AV_PARK_BL,Barrio Logan,Outside Perimeter,2022-01-27,2022-01-01,0,0,0,False
PARK_BL_A_ST,City Center,City Center,2022-01-27,2022-01-01,1,4,1,True
PARK_BL_BROADWAY,City Center,City Center,2022-01-27,2022-01-01,0,0,0,True
PARK_BL_B_ST,City Center,City Center,2022-01-27,2022-01-01,2,0,0,True
PARK_BL_C_ST,City Center,City Center,2022-01-27,2022-01-01,6,0,0,True
PARK_BL_E_ST,East Village,East Village,2022-01-27,2022-01-01,0,0,0,True
PARK_BL_F_ST,East Village,East Village,2022-01-27,2022-01-01,0,0,0,True
PARK_BL_G_ST,East Village,East Village,2022-01-27,2022-01-01,3,0,0,True
PARK_BL_ISLAND_AV,South East Village,East Village,2022-01-27,2022-01-01,0,0,0,True
PARK_BL_J_ST,South East Village,East Village,2022-01-27,2022-01-01,37,5,0,True
PARK_BL_MARKET_ST,South East Village,East Village,2022-01-27,2022-01-01,0,0,0,True
PARK_BL_RUSS_BL,City Center,City Center,2022-01-27,2022-01-01,0,0,0,True
SAMPSON_ST_I-5_SB,Barrio Logan,Outside Perimeter,2022-01-27,2022-01-01,0,0,0,False
SAMPSON_ST_LOGAN_AV,Barrio Logan,Outside Perimeter,2022-01-27,2022-01-01,0,0,0,False
SAMPSON_ST_MAIN_ST,Barrio Logan,Outside Perimeter,2022-01-27,2022-01-01,0,0,0,False
SAMPSON_ST_NATIONAL_AV,Barrio Logan,Outside Perimeter,2022-01-27,2022-01-01,0,0,0,False
SAMPSON_ST_NEWTON_AV,Barrio Logan,Outside Perimeter,2022-01-27,2022-01-01,0,0,0,False
SIGSBEE_ST_LOGAN_AV,Barrio Logan,Outside Perimeter,2022-01-27,2022-01-01,0,0,0,False
SIGSBEE_ST_NATIONAL_AV,Barrio Logan,Outside Perimeter,2022-01-27,2022-01-01,0,8,0,False
SR-163_NB_ON_RA_ASH_ST,Cortez,Cortez,2022-01-27,2022-01-01,0,0,0,True
SR-75_NB_HARBOR_DR,Barrio Logan,Outside Perimeter,2022-01-27,2022-01-01,0,0,0,False
SR-75_NB_MAIN_ST,Barrio Logan,Outside Perimeter,2022-01-27,2022-01-01,0,0,0,False
SR-75_NB_NEWTON_AV,Barrio Logan,Outside Perimeter,2022-01-27,2022-01-01,0,0,0,False
STATE_ST_Map_Border,Marina,Marina,2022-01-27,2022-01-01,2,0,1,True
STATE_ST_W_ASH_ST,Columbia,Columbia,2022-01-27,2022-01-01,0,0,0,True
STATE_ST_W_A_ST,Columbia,Columbia,2022-01-27,2022-01-01,0,0,0,True
STATE_ST_W_BROADWAY,Columbia,Columbia,2022-01-27,2022-01-01,2,0,0,True
STATE_ST_W_B_ST,Columbia,Columbia,2022-01-27,2022-01-01,0,0,0,True
STATE_ST_W_C_ST,Columbia,Columbia,2022-01-27,2022-01-01,0,0,0,True
STATE_ST_W_G_ST,Marina,Marina,2022-01-27,2022-01-01,0,1,0,True
S_16TH_ST_COMMERCIAL_ST,Barrio Logan,Outside Perimeter,2022-01-27,2022-01-01,12,51,3,False
S_16TH_ST_NATIONAL_AV,Barrio Logan,Outside Perimeter,2022-01-27,2022-01-01,3,14,0,False
S_17TH_ST_COMMERCIAL_ST,Barrio Logan,Outside Perimeter,2022-01-27,2022-01-01,11,30,0,False
S_EVANS_ST_I-5_SB,Barrio Logan,Outside Perimeter,2022-01-27,2022-01-01,0,0,0,False
S_EVANS_ST_LOGAN_AV,Barrio Logan,Outside Perimeter,2022-01-27,2022-01-01,0,0,0,False
S_EVANS_ST_MAIN_ST,Barrio Logan,Outside Perimeter,2022-01-27,2022-01-01,0,0,0,False
S_EVANS_ST_NATIONAL_AV,Barrio Logan,Outside Perimeter,2022-01-27,2022-01-01,0,0,0,False
S_EVANS_ST_NEWTON_AV,Barrio Logan,Outside Perimeter,2022-01-27,2022-01-01,0,0,0,False
TONY_GWYNN_DR_K_ST,South East Village,East Village,2022-01-27,2022-01-01,0,0,0,True
TONY_GWYNN_DR_L_ST,South East Village,East Village,2022-01-27,2022-01-01,0,0,0,True
UNION_ST_W_ASH_ST,Columbia,Columbia,2022-01-27,2022-01-01,7,2,0,True
UNION_ST_W_A_ST,Columbia,Columbia,2022-01-27,2022-01-01,2,2,0,True
UNION_ST_W_BROADWAY,Columbia,Columbia,2022-01-27,2022-01-01,0,0,0,True
UNION_ST_W_B_ST,Columbia,Columbia,2022-01-27,2022-01-01,1,0,0,True
UNION_ST_W_C_ST,Columbia,Columbia,2022-01-27,2022-01-01,18,2,0,True
UNION_ST_W_E_ST,Marina,Marina,2022-01-27,2022-01-01,0,0,0,True
UNION_ST_W_F_ST,Marina,Marina,2022-01-27,2022-01-01,0,0,0,True
UNION_ST_W_G_ST,Marina,Marina,2022-01-27,2022-01-01,0,0,0,True
01ST_AV_I-5_SB,Cortez,Cortez,2022-03-01,2022-02-01,0,0,0,True
01ST_AV_W_ASH_ST,Cortez,Cortez,2022-03-01,2022-02-01,0,0,0,True
01ST_AV_W_A_ST,City Center,City Center,2022-03-01,2022-02-01,0,0,0,True
01ST_AV_W_BEECH_ST,Cortez,Cortez,2022-03-01,2022-02-01,1,3,0,True
01ST_AV_W_BROADWAY,City Center,City Center,2022-03-01,2022-02-01,0,0,0,True
01ST_AV_W_B_ST,City Center,City Center,2022-03-01,2022-02-01,0,0,0,True
01ST_AV_W_CEDAR_ST,Cortez,Cortez,2022-03-01,2022-02-01,0,0,0,True
01ST_AV_W_C_ST,City Center,City Center,2022-03-01,2022-02-01,1,0,0,True
01ST_AV_W_E_ST,City Center,City Center,2022-03-01,2022-02-01,0,0,0,True
01ST_AV_W_F_ST,City Center,City Center,2022-03-01,2022-02-01,0,0,0,True
01ST_AV_W_G_ST,Marina,Marina,2022-03-01,2022-02-01,0,0,0,True
01ST_AV_W_ISLAND_AV,Marina,Marina,2022-03-01,2022-02-01,0,1,0,True
01ST_AV_W_MARKET_ST,Marina,Marina,2022-03-01,2022-02-01,0,0,0,True
02ND_AV_ASH_ST,Cortez,Cortez,2022-03-01,2022-02-01,1,0,0,True
02ND_AV_BEECH_ST,Cortez,Cortez,2022-03-01,2022-02-01,1,0,0,True
02ND_AV_CEDAR_ST,Cortez,Cortez,2022-03-01,2022-02-01,1,0,0,True
02ND_AV_C_ST,City Center,City Center,2022-03-01,2022-02-01,3,0,0,True
02ND_AV_G_ST,Marina,Marina,2022-03-01,2022-02-01,4,0,0,True
02ND_AV_I-5_SB,Cortez,Cortez,2022-03-01,2022-02-01,3,9,1,True
02ND_AV_ISLAND_AV,Marina,Marina,2022-03-01,2022-02-01,0,0,0,True
02ND_AV_MARKET_ST,Marina,Marina,2022-03-01,2022-02-01,0,0,0,True
03RD_AV_ASH_ST,Cortez,Cortez,2022-03-01,2022-02-01,1,0,0,True
03RD_AV_A_ST,City Center,City Center,2022-03-01,2022-02-01,8,0,0,True
03RD_AV_BEECH_ST,Cortez,Cortez,2022-03-01,2022-02-01,1,0,0,True
03RD_AV_CEDAR_ST,Cortez,Cortez,2022-03-01,2022-02-01,0,0,0,True
03RD_AV_C_ST,City Center,City Center,2022-03-01,2022-02-01,15,1,0,True
03RD_AV_G_ST,Marina,Marina,2022-03-01,2022-02-01,4,0,0,True
03RD_AV_I-5_SB,Cortez,Cortez,2022-03-01,2022-02-01,3,11,0,True
03RD_AV_ISLAND_AV,Marina,Marina,2022-03-01,2022-02-01,0,0,0,True
03RD_AV_J_ST,Marina,Marina,2022-03-01,2022-02-01,0,0,0,True
03RD_AV_MARKET_ST,Marina,Marina,2022-03-01,2022-02-01,0,0,0,True
04TH_AV_ASH_ST,Cortez,Cortez,2022-03-01,2022-02-01,1,0,0,True
04TH_AV_A_ST,City Center,City Center,2022-03-01,2022-02-01,0,0,0,True
04TH_AV_BEECH_ST,Cortez,Cortez,2022-03-01,2022-02-01,2,8,0,True
04TH_AV_BROADWAY,City Center,City Center,2022-03-01,2022-02-01,1,0,0,True
04TH_AV_B_ST,City Center,City Center,2022-03-01,2022-02-01,0,0,0,True
04TH_AV_CEDAR_ST,Cortez,Cortez,2022-03-01,2022-02-01,6,0,1,True
04TH_AV_C_ST,City Center,City Center,2022-03-01,2022-02-01,3,0,0,True
04TH_AV_G_ST,Marina,Marina,2022-03-01,2022-02-01,3,0,0,True
04TH_AV_I-5_SB,Cortez,Cortez,2022-03-01,2022-02-01,0,0,0,True
04TH_AV_ISLAND_AV,Marina,Marina,2022-03-01,2022-02-01,0,0,0,True
04TH_AV_J_ST,Marina,Marina,2022-03-01,2022-02-01,0,0,0,True
04TH_AV_MARKET_ST,Marina,Marina,2022-03-01,2022-02-01,1,0,0,True
05TH_AV_ASH_ST,Cortez,Cortez,2022-03-01,2022-02-01,1,1,0,True
05TH_AV_A_ST,City Center,City Center,2022-03-01,2022-02-01,0,0,0,True
05TH_AV_BEECH_ST,Cortez,Cortez,2022-03-01,2022-02-01,4,7,0,True
05TH_AV_BROADWAY,Gaslamp,Gaslamp,2022-03-01,2022-02-01,9,0,0,True
05TH_AV_B_ST,City Center,City Center,2022-03-01,2022-02-01,0,0,0,True
05TH_AV_CEDAR_ST,Cortez,Cortez,2022-03-01,2022-02-01,10,0,0,True
05TH_AV_C_ST,City Center,City Center,2022-03-01,2022-02-01,2,0,0,True
05TH_AV_E_ST,Gaslamp,Gaslamp,2022-03-01,2022-02-01,2,0,0,True
05TH_AV_F_ST,Gaslamp,Gaslamp,2022-03-01,2022-02-01,1,0,0,True
05TH_AV_G_ST,Gaslamp,Gaslamp,2022-03-01,2022-02-01,0,0,0,True
05TH_AV_I-5_SB,Cortez,Cortez,2022-03-01,2022-02-01,0,0,0,True
05TH_AV_ISLAND_AV,Gaslamp,Gaslamp,2022-03-01,2022-02-01,0,0,0,True
05TH_AV_J_ST,Gaslamp,Gaslamp,2022-03-01,2022-02-01,3,0,0,True
05TH_AV_K_ST,Gaslamp,Gaslamp,2022-03-01,2022-02-01,0,0,0,True
05TH_AV_MARKET_ST,Gaslamp,Gaslamp,2022-03-01,2022-02-01,4,0,1,True
06TH_AV_ASH_ST,Cortez,Cortez,2022-03-01,2022-02-01,2,0,0,True
06TH_AV_A_ST,City Center,City Center,2022-03-01,2022-02-01,0,0,0,True
06TH_AV_BEECH_ST,Cortez,Cortez,2022-03-01,2022-02-01,0,0,0,True
06TH_AV_BROADWAY,Gaslamp,Gaslamp,2022-03-01,2022-02-01,3,0,0,True
06TH_AV_B_ST,City Center,City Center,2022-03-01,2022-02-01,0,0,0,True
06TH_AV_CEDAR_ST,Cortez,Cortez,2022-03-01,2022-02-01,0,0,0,True
06TH_AV_C_ST,City Center,City Center,2022-03-01,2022-02-01,2,0,0,True
06TH_AV_E_ST,Gaslamp,Gaslamp,2022-03-01,2022-02-01,2,0,0,True
06TH_AV_F_ST,Gaslamp,Gaslamp,2022-03-01,2022-02-01,1,0,0,True
06TH_AV_G_ST,Gaslamp,Gaslamp,2022-03-01,2022-02-01,3,1,0,True
06TH_AV_I-5_SB,Cortez,Cortez,2022-03-01,2022-02-01,0,0,0,True
06TH_AV_ISLAND_AV,Gaslamp,Gaslamp,2022-03-01,2022-02-01,1,0,0,True
06TH_AV_J_ST,Gaslamp,Gaslamp,2022-03-01,2022-02-01,0,0,0,True
06TH_AV_K_ST,Gaslamp,Gaslamp,2022-03-01,2022-02-01,5,0,0,True
06TH_AV_L_ST,Gaslamp,Gaslamp,2022-03-01,2022-02-01,1,0,0,True
06TH_AV_MARKET_ST,Gaslamp,Gaslamp,2022-03-01,2022-02-01,2,0,0,True
07TH_AV_ASH_ST,Cortez,Cortez,2022-03-01,2022-02-01,5,0,0,True
07TH_AV_A_ST,City Center,City Center,2022-03-01,2022-02-01,0,0,0,True
07TH_AV_BEECH_ST,Cortez,Cortez,2022-03-01,2022-02-01,0,0,0,True
07TH_AV_BROADWAY,City Center,City Center,2022-03-01,2022-02-01,2,0,0,True
07TH_AV_B_ST,City Center,City Center,2022-03-01,2022-02-01,0,0,0,True
07TH_AV_CEDAR_ST,Cortez,Cortez,2022-03-01,2022-02-01,0,0,0,True
07TH_AV_C_ST,City Center,City Center,2022-03-01,2022-02-01,3,0,0,True
07TH_AV_E_ST,East Village,East Village,2022-03-01,2022-02-01,0,0,0,True
07TH_AV_F_ST,East Village,East Village,2022-03-01,2022-02-01,0,0,0,True
07TH_AV_G_ST,East Village,East Village,2022-03-01,2022-02-01,5,0,0,True
07TH_AV_I-5_SB,Cortez,Cortez,2022-03-01,2022-02-01,0,0,0,True
07TH_AV_ISLAND_AV,South East Village,East Village,2022-03-01,2022-02-01,0,3,0,True
07TH_AV_J_ST,South East Village,East Village,2022-03-01,2022-02-01,2,0,0,True
07TH_AV_MARKET_ST,South East Village,East Village,2022-03-01,2022-02-01,3,2,0,True
08TH_AV_ASH_ST,Cortez,Cortez,2022-03-01,2022-02-01,0,0,0,True
08TH_AV_A_ST,City Center,City Center,2022-03-01,2022-02-01,0,0,0,True
08TH_AV_BEECH_ST,Cortez,Cortez,2022-03-01,2022-02-01,0,0,0,True
08TH_AV_BROADWAY,City Center,City Center,2022-03-01,2022-02-01,1,0,0,True
08TH_AV_B_ST,City Center,City Center,2022-03-01,2022-02-01,0,0,0,True
08TH_AV_CEDAR_ST,Cortez,Cortez,2022-03-01,2022-02-01,0,0,0,True
08TH_AV_C_ST,City Center,City Center,2022-03-01,2022-02-01,0,0,0,True
08TH_AV_DATE_ST,Cortez,Cortez,2022-03-01,2022-02-01,0,0,0,True
08TH_AV_E_ST,East Village,East Village,2022-03-01,2022-02-01,10,15,1,True
08TH_AV_F_ST,East Village,East Village,2022-03-01,2022-02-01,1,1,0,True
08TH_AV_G_ST,East Village,East Village,2022-03-01,2022-02-01,2,1,0,True
08TH_AV_ISLAND_AV,South East Village,East Village,2022-03-01,2022-02-01,1,0,0,True
08TH_AV_MARKET_ST,South East Village,East Village,2022-03-01,2022-02-01,3,3,0,True
09TH_AV_ASH_ST,Cortez,Cortez,2022-03-01,2022-02-01,0,0,0,True
09TH_AV_A_ST,City Center,City Center,2022-03-01,2022-02-01,1,0,0,True
09TH_AV_BEECH_ST,Cortez,Cortez,2022-03-01,2022-02-01,0,0,0,True
09TH_AV_BROADWAY,City Center,City Center,2022-03-01,2022-02-01,5,5,0,True
09TH_AV_B_ST,City Center,City Center,2022-03-01,2022-02-01,3,0,0,True
09TH_AV_CEDAR_ST,Cortez,Cortez,2022-03-01,2022-02-01,0,0,0,True
09TH_AV_C_ST,City Center,City Center,2022-03-01,2022-02-01,0,0,0,True
09TH_AV_DATE_ST,Cortez,Cortez,2022-03-01,2022-02-01,0,0,0,True
09TH_AV_E_ST,East Village,East Village,2022-03-01,2022-02-01,7,13,0,True
09TH_AV_F_ST,East Village,East Village,2022-03-01,2022-02-01,0,1,0,True
09TH_AV_G_ST,East Village,East Village,2022-03-01,2022-02-01,1,0,0,True
09TH_AV_ISLAND_AV,South East Village,East Village,2022-03-01,2022-02-01,0,0,0,True
09TH_AV_MARKET_ST,South East Village,East Village,2022-03-01,2022-02-01,0,0,0,True
10TH_AV_ASH_ST,Cortez,Cortez,2022-03-01,2022-02-01,0,0,0,True
10TH_AV_A_ST,City Center,City Center,2022-03-01,2022-02-01,0,0,0,True
10TH_AV_BEECH_ST,Cortez,Cortez,2022-03-01,2022-02-01,0,0,0,True
10TH_AV_BROADWAY,City Center,City Center,2022-03-01,2022-02-01,1,4,0,True
10TH_AV_B_ST,City Center,City Center,2022-03-01,2022-02-01,9,16,0,True
10TH_AV_CEDAR_ST,Cortez,Cortez,2022-03-01,2022-02-01,0,0,0,True
10TH_AV_C_ST,City Center,City Center,2022-03-01,2022-02-01,0,0,0,True
10TH_AV_DATE_ST,Cortez,Cortez,2022-03-01,2022-02-01,0,0,0,True
10TH_AV_E_ST,East Village,East Village,2022-03-01,2022-02-01,1,0,0,True
10TH_AV_F_ST,East Village,East Village,2022-03-01,2022-02-01,0,0,0,True
10TH_AV_G_ST,East Village,East Village,2022-03-01,2022-02-01,1,0,0,True
10TH_AV_ISLAND_AV,South East Village,East Village,2022-03-01,2022-02-01,0,0,0,True
10TH_AV_J_ST,South East Village,East Village,2022-03-01,2022-02-01,3,0,0,True
10TH_AV_MARKET_ST,South East Village,East Village,2022-03-01,2022-02-01,1,0,1,True
11TH_AV_A_ST,City Center,City Center,2022-03-01,2022-02-01,4,0,0,True
11TH_AV_BROADWAY,City Center,City Center,2022-03-01,2022-02-01,2,1,0,True
11TH_AV_B_ST,City Center,City Center,2022-03-01,2022-02-01,0,4,0,True
11TH_AV_C_ST,City Center,City Center,2022-03-01,2022-02-01,2,1,0,True
11TH_AV_E_ST,East Village,East Village,2022-03-01,2022-02-01,1,0,0,True
11TH_AV_F_ST,East Village,East Village,2022-03-01,2022-02-01,0,0,0,True
11TH_AV_G_ST,East Village,East Village,2022-03-01,2022-02-01,0,0,0,True
11TH_AV_ISLAND_AV,South East Village,East Village,2022-03-01,2022-02-01,2,0,0,True
11TH_AV_J_ST,South East Village,East Village,2022-03-01,2022-02-01,1,0,0,True
11TH_AV_K_ST,South East Village,East Village,2022-03-01,2022-02-01,0,0,0,True
11TH_AV_MARKET_ST,South East Village,East Village,2022-03-01,2022-02-01,0,0,0,True
12TH_AV_PARK_BL,South East Village,East Village,2022-03-01,2022-02-01,1,0,0,True
13TH_ST_BROADWAY,East Village,East Village,2022-03-01,2022-02-01,1,0,0,True
13TH_ST_C_ST,East Village,East Village,2022-03-01,2022-02-01,0,0,0,True
13TH_ST_E_ST,East Village,East Village,2022-03-01,2022-02-01,0,0,0,True
13TH_ST_F_ST,East Village,East Village,2022-03-01,2022-02-01,0,0,0,True
13TH_ST_G_ST,East Village,East Village,2022-03-01,2022-02-01,3,0,0,True
13TH_ST_IMPERIAL_AV,South East Village,East Village,2022-03-01,2022-02-01,0,0,0,True
13TH_ST_ISLAND_AV,South East Village,East Village,2022-03-01,2022-02-01,2,0,0,True
13TH_ST_J_ST,South East Village,East Village,2022-03-01,2022-02-01,0,0,0,True
13TH_ST_K_ST,South East Village,East Village,2022-03-01,2022-02-01,6,1,0,True
13TH_ST_L_ST,South East Village,East Village,2022-03-01,2022-02-01,2,1,0,True
13TH_ST_MARKET_ST,South East Village,East Village,2022-03-01,2022-02-01,6,0,1,True
14TH_ST_BROADWAY,East Village,East Village,2022-03-01,2022-02-01,0,0,0,True
14TH_ST_C_ST,East Village,East Village,2022-03-01,2022-02-01,1,2,0,True
14TH_ST_E_ST,East Village,East Village,2022-03-01,2022-02-01,0,0,0,True
14TH_ST_F_ST,East Village,East Village,2022-03-01,2022-02-01,2,2,0,True
14TH_ST_G_ST,East Village,East Village,2022-03-01,2022-02-01,0,0,0,True
14TH_ST_IMPERIAL_AV,South East Village,East Village,2022-03-01,2022-02-01,5,8,0,True
14TH_ST_ISLAND_AV,South East Village,East Village,2022-03-01,2022-02-01,7,3,1,True
14TH_ST_J_ST,South East Village,East Village,2022-03-01,2022-02-01,2,0,0,True
14TH_ST_K_ST,South East Village,East Village,2022-03-01,2022-02-01,19,1,4,True
14TH_ST_L_ST,South East Village,East Village,2022-03-01,2022-02-01,3,1,0,True
14TH_ST_MARKET_ST,South East Village,East Village,2022-03-01,2022-02-01,1,0,0,True
15TH_ST_BROADWAY,East Village,East Village,2022-03-01,2022-02-01,0,0,0,True
15TH_ST_C_ST,East Village,East Village,2022-03-01,2022-02-01,0,0,0,True
15TH_ST_E_ST,East Village,East Village,2022-03-01,2022-02-01,1,0,0,True
15TH_ST_F_ST,East Village,East Village,2022-03-01,2022-02-01,0,1,0,True
15TH_ST_G_ST,East Village,East Village,2022-03-01,2022-02-01,0,0,0,True
15TH_ST_IMPERIAL_AV,South East Village,East Village,2022-03-01,2022-02-01,17,0,4,True
15TH_ST_ISLAND_AV,South East Village,East Village,2022-03-01,2022-02-01,0,0,0,True
15TH_ST_J_ST,South East Village,East Village,2022-03-01,2022-02-01,7,16,0,True
15TH_ST_MARKET_ST,South East Village,East Village,2022-03-01,2022-02-01,5,0,0,True
16TH_ST_BROADWAY,East Village,East Village,2022-03-01,2022-02-01,0,0,0,True
16TH_ST_C_ST,East Village,East Village,2022-03-01,2022-02-01,0,0,0,True
16TH_ST_E_ST,East Village,East Village,2022-03-01,2022-02-01,0,0,0,True
16TH_ST_F_ST,East Village,East Village,2022-03-01,2022-02-01,0,8,0,True
16TH_ST_G_ST,East Village,East Village,2022-03-01,2022-02-01,5,3,0,True
16TH_ST_IMPERIAL_AV,South East Village,East Village,2022-03-01,2022-02-01,8,0,2,True
16TH_ST_ISLAND_AV,South East Village,East Village,2022-03-01,2022-02-01,0,0,0,True
16TH_ST_J_ST,South East Village,East Village,2022-03-01,2022-02-01,8,5,0,True
16TH_ST_K_ST,South East Village,East Village,2022-03-01,2022-02-01,6,0,1,True
16TH_ST_MARKET_ST,South East Village,East Village,2022-03-01,2022-02-01,13,7,0,True
17TH_ST_BROADWAY,East Village,East Village,2022-03-01,2022-02-01,0,0,0,True
17TH_ST_C_ST,East Village,East Village,2022-03-01,2022-02-01,0,0,1,True
17TH_ST_E_ST,East Village,East Village,2022-03-01,2022-02-01,1,2,0,True
17TH_ST_F_ST,East Village,East Village,2022-03-01,2022-02-01,1,0,0,True
17TH_ST_G_ST,East Village,East Village,2022-03-01,2022-02-01,1,0,0,True
17TH_ST_IMPERIAL_AV,South East Village,East Village,2022-03-01,2022-02-01,2,0,3,True
17TH_ST_ISLAND_AV,South East Village,East Village,2022-03-01,2022-02-01,8,17,0,True
17TH_ST_J_ST,South East Village,East Village,2022-03-01,2022-02-01,7,5,0,True
17TH_ST_K_ST,South East Village,East Village,2022-03-01,2022-02-01,29,76,0,True
17TH_ST_MARKET_ST,South East Village,East Village,2022-03-01,2022-02-01,2,3,1,True
19TH_ST_I-5_SB_OFF_RA,Golden Hill,Outside Perimeter,2022-03-01,2022-02-01,0,0,0,False
19TH_ST_ISLAND_AV,Sherman Heights,Outside Perimeter,2022-03-01,2022-02-01,3,1,0,False
19TH_ST_J_ST,Sherman Heights,Outside Perimeter,2022-03-01,2022-02-01,3,4,0,False
19TH_ST_MARKET_ST,Sherman Heights,Outside Perimeter,2022-03-01,2022-02-01,1,3,0,False
20TH_ST_BROADWAY,Golden Hill,Outside Perimeter,2022-03-01,2022-02-01,0,0,0,False
20TH_ST_B_ST,Golden Hill,Outside Perimeter,2022-03-01,2022-02-01,0,0,0,False
20TH_ST_C_ST,Golden Hill,Outside Perimeter,2022-03-01,2022-02-01,0,0,0,False
20TH_ST_E_ST,Golden Hill,Outside Perimeter,2022-03-01,2022-02-01,0,0,0,False
20TH_ST_G_ST,Sherman Heights,Outside Perimeter,2022-03-01,2022-02-01,0,0,0,False
20TH_ST_ISLAND_AV,Sherman Heights,Outside Perimeter,2022-03-01,2022-02-01,0,0,0,False
20TH_ST_J_ST,Sherman Heights,Outside Perimeter,2022-03-01,2022-02-01,0,0,0,False
20TH_ST_K_ST,Sherman Heights,Outside Perimeter,2022-03-01,2022-02-01,0,0,0,False
20TH_ST_L_ST,Sherman Heights,Outside Perimeter,2022-03-01,2022-02-01,0,0,0,False
20TH_ST_MARKET_ST,Sherman Heights,Outside Perimeter,2022-03-01,2022-02-01,0,0,0,False
21ST_ST_BROADWAY,Golden Hill,Outside Perimeter,2022-03-01,2022-02-01,0,0,0,False
21ST_ST_B_ST,Golden Hill,Outside Perimeter,2022-03-01,2022-02-01,0,0,0,False
21ST_ST_C_ST,Golden Hill,Outside Perimeter,2022-03-01,2022-02-01,0,0,0,False
21ST_ST_E_ST,Golden Hill,Outside Perimeter,2022-03-01,2022-02-01,0,0,0,False
21ST_ST_G_ST,Sherman Heights,Outside Perimeter,2022-03-01,2022-02-01,0,0,0,False
21ST_ST_ISLAND_AV,Sherman Heights,Outside Perimeter,2022-03-01,2022-02-01,0,0,0,False
21ST_ST_J_ST,Sherman Heights,Outside Perimeter,2022-03-01,2022-02-01,0,0,0,False
21ST_ST_K_ST,Sherman Heights,Outside Perimeter,2022-03-01,2022-02-01,0,0,0,False
21ST_ST_L_ST,Sherman Heights,Outside Perimeter,2022-03-01,2022-02-01,0,0,0,False
21ST_ST_MARKET_ST,Sherman Heights,Outside Perimeter,2022-03-01,2022-02-01,0,0,0,False
21ST_ST_RUSS_BL,Golden Hill,Outside Perimeter,2022-03-01,2022-02-01,0,0,0,False
22ND_ST_A_ST,Golden Hill,Outside Perimeter,2022-03-01,2022-02-01,0,0,0,False
22ND_ST_BROADWAY,Golden Hill,Outside Perimeter,2022-03-01,2022-02-01,1,0,0,False
22ND_ST_BROADWAY__2,Golden Hill,Outside Perimeter,2022-03-01,2022-02-01,0,0,0,False
22ND_ST_B_ST,Golden Hill,Outside Perimeter,2022-03-01,2022-02-01,0,0,0,False
22ND_ST_C_ST,Golden Hill,Outside Perimeter,2022-03-01,2022-02-01,0,0,0,False
22ND_ST_E_ST,Golden Hill,Outside Perimeter,2022-03-01,2022-02-01,0,0,0,False
22ND_ST_G_ST,Sherman Heights,Outside Perimeter,2022-03-01,2022-02-01,0,0,0,False
22ND_ST_ISLAND_AV,Sherman Heights,Outside Perimeter,2022-03-01,2022-02-01,0,0,0,False
22ND_ST_J_ST,Sherman Heights,Outside Perimeter,2022-03-01,2022-02-01,0,0,0,False
22ND_ST_K_ST,Sherman Heights,Outside Perimeter,2022-03-01,2022-02-01,0,0,0,False
22ND_ST_L_ST,Sherman Heights,Outside Perimeter,2022-03-01,2022-02-01,0,0,0,False
22ND_ST_MARKET_ST,Sherman Heights,Outside Perimeter,2022-03-01,2022-02-01,0,0,0,False
22ND_ST_SR-94_EB_ON_RA,Sherman Heights,Outside Perimeter,2022-03-01,2022-02-01,1,13,0,False
23RD_ST_A_ST,Golden Hill,Outside Perimeter,2022-03-01,2022-02-01,0,0,0,False
23RD_ST_BROADWAY,Golden Hill,Outside Perimeter,2022-03-01,2022-02-01,0,0,0,False
23RD_ST_B_ST,Golden Hill,Outside Perimeter,2022-03-01,2022-02-01,0,0,0,False
23RD_ST_C_ST,Golden Hill,Outside Perimeter,2022-03-01,2022-02-01,0,0,0,False
23RD_ST_E_ST,Golden Hill,Outside Perimeter,2022-03-01,2022-02-01,0,0,0,False
24TH_ST_A_ST,Golden Hill,Outside Perimeter,2022-03-01,2022-02-01,0,0,0,False
24TH_ST_BROADWAY,Golden Hill,Outside Perimeter,2022-03-01,2022-02-01,0,0,0,False
24TH_ST_B_ST,Golden Hill,Outside Perimeter,2022-03-01,2022-02-01,0,0,0,False
24TH_ST_C_ST,Golden Hill,Outside Perimeter,2022-03-01,2022-02-01,0,0,0,False
24TH_ST_E_ST,Golden Hill,Outside Perimeter,2022-03-01,2022-02-01,0,0,0,False
24TH_ST_G_ST,Sherman Heights,Outside Perimeter,2022-03-01,2022-02-01,0,0,0,False
24TH_ST_ISLAND_AV,Sherman Heights,Outside Perimeter,2022-03-01,2022-02-01,0,0,0,False
24TH_ST_K_ST,Sherman Heights,Outside Perimeter,2022-03-01,2022-02-01,0,0,0,False
24TH_ST_L_ST,Sherman Heights,Outside Perimeter,2022-03-01,2022-02-01,0,0,0,False
24TH_ST_MARKET_ST,Sherman Heights,Outside Perimeter,2022-03-01,2022-02-01,0,0,0,False
25TH_ST_A_ST,Golden Hill,Outside Perimeter,2022-03-01,2022-02-01,0,0,0,False
25TH_ST_BROADWAY,Golden Hill,Outside Perimeter,2022-03-01,2022-02-01,0,0,0,False
25TH_ST_B_ST,Golden Hill,Outside Perimeter,2022-03-01,2022-02-01,0,0,0,False
25TH_ST_C_ST,Golden Hill,Outside Perimeter,2022-03-01,2022-02-01,0,0,0,False
25TH_ST_E_ST,Golden Hill,Outside Perimeter,2022-03-01,2022-02-01,0,0,0,False
25TH_ST_G_ST,Sherman Heights,Outside Perimeter,2022-03-01,2022-02-01,0,0,0,False
25TH_ST_ISLAND_AV,Sherman Heights,Outside Perimeter,2022-03-01,2022-02-01,0,0,0,False
25TH_ST_J_ST,Sherman Heights,Outside Perimeter,2022-03-01,2022-02-01,0,0,0,False
25TH_ST_K_ST,Sherman Heights,Outside Perimeter,2022-03-01,2022-02-01,0,0,0,False
25TH_ST_L_ST,Sherman Heights,Outside Perimeter,2022-03-01,2022-02-01,0,0,0,False
25TH_ST_MARKET_ST,Sherman Heights,Outside Perimeter,2022-03-01,2022-02-01,0,0,0,False
25TH_ST_RUSS_BL,Golden Hill,Outside Perimeter,2022-03-01,2022-02-01,0,0,0,False
25TH_ST_SR-94_EB,Sherman Heights,Outside Perimeter,2022-03-01,2022-02-01,0,0,0,False
25TH_ST_SR-94_WB,Golden Hill,Outside Perimeter,2022-03-01,2022-02-01,0,0,0,False
26TH_ST_A_ST,Golden Hill,Outside Perimeter,2022-03-01,2022-02-01,0,0,0,False
26TH_ST_BROADWAY,Golden Hill,Outside Perimeter,2022-03-01,2022-02-01,0,0,0,False
26TH_ST_B_ST,Golden Hill,Outside Perimeter,2022-03-01,2022-02-01,0,0,0,False
26TH_ST_C_ST,Golden Hill,Outside Perimeter,2022-03-01,2022-02-01,0,0,0,False
26TH_ST_E_ST,Golden Hill,Outside Perimeter,2022-03-01,2022-02-01,0,0,0,False
26TH_ST_RUSS_BL,Golden Hill,Outside Perimeter,2022-03-01,2022-02-01,0,0,0,False
27TH_ST_A_ST,Golden Hill,Outside Perimeter,2022-03-01,2022-02-01,0,0,0,False
27TH_ST_BROADWAY,Golden Hill,Outside Perimeter,2022-03-01,2022-02-01,0,0,0,False
27TH_ST_B_ST,Golden Hill,Outside Perimeter,2022-03-01,2022-02-01,0,0,0,False
27TH_ST_C_ST,Golden Hill,Outside Perimeter,2022-03-01,2022-02-01,0,0,0,False
27TH_ST_E_ST,Golden Hill,Outside Perimeter,2022-03-01,2022-02-01,0,0,0,False
27TH_ST_RUSS_BL,Golden Hill,Outside Perimeter,2022-03-01,2022-02-01,0,0,0,False
28TH_ST_A_ST,Golden Hill,Outside Perimeter,2022-03-01,2022-02-01,0,0,0,False
28TH_ST_BROADWAY,Golden Hill,Outside Perimeter,2022-03-01,2022-02-01,0,0,0,False
28TH_ST_B_ST,Golden Hill,Outside Perimeter,2022-03-01,2022-02-01,0,0,0,False
28TH_ST_C_ST,Golden Hill,Outside Perimeter,2022-03-01,2022-02-01,0,0,0,False
28TH_ST_E_ST,Golden Hill,Outside Perimeter,2022-03-01,2022-02-01,0,0,0,False
28TH_ST_RUSS_BL,Golden Hill,Outside Perimeter,2022-03-01,2022-02-01,0,0,0,False
28TH_ST_TREAT_ST,Golden Hill,Outside Perimeter,2022-03-01,2022-02-01,0,0,0,False
BEARDSLEY_ST_LOGAN_AV,Barrio Logan,Outside Perimeter,2022-03-01,2022-02-01,0,0,0,False
BEARDSLEY_ST_MAIN_ST,Barrio Logan,Outside Perimeter,2022-03-01,2022-02-01,0,0,0,False
BEARDSLEY_ST_NATIONAL_AV,Barrio Logan,Outside Perimeter,2022-03-01,2022-02-01,0,0,0,False
BEARDSLEY_ST_NEWTON_AV,Barrio Logan,Outside Perimeter,2022-03-01,2022-02-01,0,0,0,False
CALIFORNIA_ST_W_ASH_ST,Columbia,Columbia,2022-03-01,2022-02-01,1,0,0,True
CALIFORNIA_ST_W_BROADWAY,Columbia,Columbia,2022-03-01,2022-02-01,0,0,0,True
CESAR_E_CHAVEZ_PY_CROSBY_RD,Barrio Logan,Outside Perimeter,2022-03-01,2022-02-01,0,0,0,False
CESAR_E_CHAVEZ_PY_HARBOR_DR,Barrio Logan,Outside Perimeter,2022-03-01,2022-02-01,0,0,0,False
CESAR_E_CHAVEZ_PY_I-5_SB,Barrio Logan,Outside Perimeter,2022-03-01,2022-02-01,3,17,0,False
CESAR_E_CHAVEZ_PY_LOGAN_AV,Barrio Logan,Outside Perimeter,2022-03-01,2022-02-01,0,0,0,False
CESAR_E_CHAVEZ_PY_MAIN_ST,Barrio Logan,Outside Perimeter,2022-03-01,2022-02-01,0,0,0,False
CESAR_E_CHAVEZ_PY_NATIONAL_AV,Barrio Logan,Outside Perimeter,2022-03-01,2022-02-01,0,0,0,False
CESAR_E_CHAVEZ_PY_NEWTON_AV,Barrio Logan,Outside Perimeter,2022-03-01,2022-02-01,0,0,0,False
COLUMBIA_ST_W_ASH_ST,Columbia,Columbia,2022-03-01,2022-02-01,1,0,0,True
COLUMBIA_ST_W_A_ST,Columbia,Columbia,2022-03-01,2022-02-01,0,0,0,True
COLUMBIA_ST_W_B_ST,Columbia,Columbia,2022-03-01,2022-02-01,1,0,0,True
COLUMBIA_ST_W_C_ST,Columbia,Columbia,2022-03-01,2022-02-01,0,0,0,True
COLUMBIA_ST_W_G_ST,Marina,Marina,2022-03-01,2022-02-01,3,0,0,True
DEWEY_ST_NATIONAL_AV,Barrio Logan,Outside Perimeter,2022-03-01,2022-02-01,0,0,0,False
FRONT_ST_W_ASH_ST,Cortez,Cortez,2022-03-01,2022-02-01,0,0,0,True
FRONT_ST_W_A_ST,City Center,City Center,2022-03-01,2022-02-01,7,3,0,True
FRONT_ST_W_BROADWAY,City Center,City Center,2022-03-01,2022-02-01,1,0,0,True
FRONT_ST_W_B_ST,City Center,City Center,2022-03-01,2022-02-01,3,5,0,True
FRONT_ST_W_C_ST,City Center,City Center,2022-03-01,2022-02-01,0,0,0,True
FRONT_ST_W_E_ST,City Center,City Center,2022-03-01,2022-02-01,1,0,0,True
FRONT_ST_W_F_ST,Marina,Marina,2022-03-01,2022-02-01,0,0,0,True
FRONT_ST_W_G_ST,Marina,Marina,2022-03-01,2022-02-01,0,0,0,True
FRONT_ST_W_MARKET_ST,Marina,Marina,2022-03-01,2022-02-01,1,0,0,True
FRONT_ST_W_MARKET_ST__2,Marina,Marina,2022-03-01,2022-02-01,0,0,0,True
I-5_SB_IMPERIAL_AV,South East Village,East Village,2022-03-01,2022-02-01,1,5,0,True
I-5_SB_ISLAND_AV,South East Village,East Village,2022-03-01,2022-02-01,0,0,0,True
I-5_SB_MARKET_ST,South East Village,East Village,2022-03-01,2022-02-01,0,0,0,True
I-5_SB_OFF_RA_J_ST,South East Village,East Village,2022-03-01,2022-02-01,0,11,0,True
I-5_SB_OFF_RA_Map_Border,South East Village,East Village,2022-03-01,2022-02-01,3,3,0,True
I-5_SB_ON_RA_BROADWAY,East Village,East Village,2022-03-01,2022-02-01,0,0,0,True
I-5_SB_ON_RA_C_ST,East Village,East Village,2022-03-01,2022-02-01,0,0,0,True
I-5_SB_ON_RA_E_ST,East Village,East Village,2022-03-01,2022-02-01,0,0,0,True
I-5_SB_ON_RA_F_ST,East Village,East Village,2022-03-01,2022-02-01,0,0,0,True
I-5_SB_ON_RA_G_ST,East Village,East Village,2022-03-01,2022-02-01,1,0,0,True
I-5_SB_ON_RA_Map_Border,South East Village,East Village,2022-03-01,2022-02-01,0,0,0,True
INDIA_ST_W_ASH_ST,Columbia,Columbia,2022-03-01,2022-02-01,1,0,0,True
INDIA_ST_W_A_ST,Columbia,Columbia,2022-03-01,2022-02-01,2,0,0,True
INDIA_ST_W_B_ST,Columbia,Columbia,2022-03-01,2022-02-01,8,0,0,True
KETTNER_BL_W_ASH_ST,Columbia,Columbia,2022-03-01,2022-02-01,0,1,0,True
KETTNER_BL_W_A_ST,Columbia,Columbia,2022-03-01,2022-02-01,7,0,0,True
KETTNER_BL_W_BROADWAY,Columbia,Columbia,2022-03-01,2022-02-01,0,0,0,True
KETTNER_BL_W_E_ST,Marina,Marina,2022-03-01,2022-02-01,0,0,0,True
KETTNER_BL_W_F_ST,Marina,Marina,2022-03-01,2022-02-01,0,0,0,True
KETTNER_BL_W_G_ST,Marina,Marina,2022-03-01,2022-02-01,0,0,0,True
Map_Border_BAY_FRONT_ST,Barrio Logan,Outside Perimeter,2022-03-01,2022-02-01,0,0,0,False
Map_Border_BROADWAY,City Center,City Center,2022-03-01,2022-02-01,0,0,0,True
Map_Border_HARBOR_DR,Barrio Logan,Outside Perimeter,2022-03-01,2022-02-01,0,0,0,False
Map_Border_IMPERIAL_AV,South East Village,East Village,2022-03-01,2022-02-01,2,0,0,True
Map_Border_Map_Border,Barrio Logan,Outside Perimeter,2022-03-01,2022-02-01,0,0,0,False
Map_Border_NATIONAL_AV,South East Village,East Village,2022-03-01,2022-02-01,5,6,0,True
NATIONAL_AV_IMPERIAL_AV,South East Village,East Village,2022-03-01,2022-02-01,0,0,0,True
NEWTON_AV_Map_Border,Barrio Logan,Outside Perimeter,2022-03-01,2022-02-01,0,0,0,False
NEWTON_AV_PARK_BL,Barrio Logan,Outside Perimeter,2022-03-01,2022-02-01,0,0,0,False
PARK_BL_A_ST,City Center,City Center,2022-03-01,2022-02-01,6,4,1,True
PARK_BL_BROADWAY,City Center,City Center,2022-03-01,2022-02-01,1,0,0,True
PARK_BL_B_ST,City Center,City Center,2022-03-01,2022-02-01,4,4,0,True
PARK_BL_C_ST,City Center,City Center,2022-03-01,2022-02-01,9,0,0,True
PARK_BL_E_ST,East Village,East Village,2022-03-01,2022-02-01,0,0,0,True
PARK_BL_F_ST,East Village,East Village,2022-03-01,2022-02-01,0,0,0,True
PARK_BL_G_ST,East Village,East Village,2022-03-01,2022-02-01,1,0,0,True
PARK_BL_ISLAND_AV,South East Village,East Village,2022-03-01,2022-02-01,0,0,0,True
PARK_BL_J_ST,South East Village,East Village,2022-03-01,2022-02-01,40,6,0,True
PARK_BL_MARKET_ST,South East Village,East Village,2022-03-01,2022-02-01,1,0,0,True
PARK_BL_RUSS_BL,City Center,City Center,2022-03-01,2022-02-01,0,0,0,True
SAMPSON_ST_I-5_SB,Barrio Logan,Outside Perimeter,2022-03-01,2022-02-01,0,0,0,False
SAMPSON_ST_LOGAN_AV,Barrio Logan,Outside Perimeter,2022-03-01,2022-02-01,0,0,0,False
SAMPSON_ST_MAIN_ST,Barrio Logan,Outside Perimeter,2022-03-01,2022-02-01,0,0,0,False
SAMPSON_ST_NATIONAL_AV,Barrio Logan,Outside Perimeter,2022-03-01,2022-02-01,0,0,0,False
SAMPSON_ST_NEWTON_AV,Barrio Logan,Outside Perimeter,2022-03-01,2022-02-01,0,0,0,False
SIGSBEE_ST_LOGAN_AV,Barrio Logan,Outside Perimeter,2022-03-01,2022-02-01,0,0,0,False
SIGSBEE_ST_NATIONAL_AV,Barrio Logan,Outside Perimeter,2022-03-01,2022-02-01,1,9,0,False
SR-163_NB_ON_RA_ASH_ST,Cortez,Cortez,2022-03-01,2022-02-01,0,0,0,True
SR-75_NB_HARBOR_DR,Barrio Logan,Outside Perimeter,2022-03-01,2022-02-01,0,0,0,False
SR-75_NB_MAIN_ST,Barrio Logan,Outside Perimeter,2022-03-01,2022-02-01,0,0,0,False
SR-75_NB_NEWTON_AV,Barrio Logan,Outside Perimeter,2022-03-01,2022-02-01,0,0,0,False
STATE_ST_Map_Border,Marina,Marina,2022-03-01,2022-02-01,0,0,0,True
STATE_ST_W_ASH_ST,Columbia,Columbia,2022-03-01,2022-02-01,0,0,0,True
STATE_ST_W_A_ST,Columbia,Columbia,2022-03-01,2022-02-01,0,0,0,True
STATE_ST_W_BROADWAY,Columbia,Columbia,2022-03-01,2022-02-01,3,0,0,True
STATE_ST_W_B_ST,Columbia,Columbia,2022-03-01,2022-02-01,1,0,0,True
STATE_ST_W_C_ST,Columbia,Columbia,2022-03-01,2022-02-01,1,0,0,True
STATE_ST_W_G_ST,Marina,Marina,2022-03-01,2022-02-01,0,0,0,True
S_16TH_ST_COMMERCIAL_ST,Barrio Logan,Outside Perimeter,2022-03-01,2022-02-01,53,9,0,False
S_16TH_ST_NATIONAL_AV,Barrio Logan,Outside Perimeter,2022-03-01,2022-02-01,1,10,0,False
S_17TH_ST_COMMERCIAL_ST,Barrio Logan,Outside Perimeter,2022-03-01,2022-02-01,8,25,0,False
S_EVANS_ST_I-5_SB,Barrio Logan,Outside Perimeter,2022-03-01,2022-02-01,0,0,0,False
S_EVANS_ST_LOGAN_AV,Barrio Logan,Outside Perimeter,2022-03-01,2022-02-01,0,0,0,False
S_EVANS_ST_MAIN_ST,Barrio Logan,Outside Perimeter,2022-03-01,2022-02-01,0,0,0,False
S_EVANS_ST_NATIONAL_AV,Barrio Logan,Outside Perimeter,2022-03-01,2022-02-01,0,0,0,False
S_EVANS_ST_NEWTON_AV,Barrio Logan,Outside Perimeter,2022-03-01,2022-02-01,0,0,0,False
TONY_GWYNN_DR_K_ST,South East Village,East Village,2022-03-01,2022-02-01,0,0,0,True
TONY_GWYNN_DR_L_ST,South East Village,East Village,2022-03-01,2022-02-01,0,0,0,True
UNION_ST_W_ASH_ST,Columbia,Columbia,2022-03-01,2022-02-01,4,2,0,True
UNION_ST_W_A_ST,Columbia,Columbia,2022-03-01,2022-02-01,3,1,0,True
UNION_ST_W_BROADWAY,Columbia,Columbia,2022-03-01,2022-02-01,0,0,0,True
UNION_ST_W_B_ST,Columbia,Columbia,2022-03-01,2022-02-01,0,0,0,True
UNION_ST_W_C_ST,Columbia,Columbia,2022-03-01,2022-02-01,22,5,0,True
UNION_ST_W_E_ST,Marina,Marina,2022-03-01,2022-02-01,0,0,0,True
UNION_ST_W_F_ST,Marina,Marina,2022-03-01,2022-02-01,0,0,0,True
UNION_ST_W_G_ST,Marina,Marina,2022-03-01,2022-02-01,0,0,0,True
01ST_AV_I-5_SB,Cortez,Cortez,2023-01-31,2023-01-01,0,0,0,True
01ST_AV_W_ASH_ST,Cortez,Cortez,2023-01-31,2023-01-01,0,0,0,True
01ST_AV_W_A_ST,City Center,City Center,2023-01-31,2023-01-01,1,0,0,True
01ST_AV_W_BEECH_ST,Cortez,Cortez,2023-01-31,2023-01-01,0,0,0,True
01ST_AV_W_BROADWAY,City Center,City Center,2023-01-31,2023-01-01,0,0,0,True
01ST_AV_W_B_ST,City Center,City Center,2023-01-31,2023-01-01,0,0,0,True
01ST_AV_W_CEDAR_ST,Cortez,Cortez,2023-01-31,2023-01-01,0,0,0,True
01ST_AV_W_C_ST,City Center,City Center,2023-01-31,2023-01-01,1,0,0,True
01ST_AV_W_E_ST,City Center,City Center,2023-01-31,2023-01-01,0,0,0,True
01ST_AV_W_F_ST,City Center,City Center,2023-01-31,2023-01-01,0,0,0,True
01ST_AV_W_G_ST,Marina,Marina,2023-01-31,2023-01-01,0,0,0,True
01ST_AV_W_ISLAND_AV,Marina,Marina,2023-01-31,2023-01-01,0,0,0,True
01ST_AV_W_MARKET_ST,Marina,Marina,2023-01-31,2023-01-01,0,0,0,True
02ND_AV_ASH_ST,Cortez,Cortez,2023-01-31,2023-01-01,1,0,0,True
02ND_AV_BEECH_ST,Cortez,Cortez,2023-01-31,2023-01-01,0,1,0,True
02ND_AV_CEDAR_ST,Cortez,Cortez,2023-01-31,2023-01-01,0,0,1,True
02ND_AV_C_ST,City Center,City Center,2023-01-31,2023-01-01,1,0,0,True
02ND_AV_G_ST,Marina,Marina,2023-01-31,2023-01-01,0,0,0,True
02ND_AV_I-5_SB,Cortez,Cortez,2023-01-31,2023-01-01,2,25,0,True
02ND_AV_ISLAND_AV,Marina,Marina,2023-01-31,2023-01-01,0,0,2,True
02ND_AV_MARKET_ST,Marina,Marina,2023-01-31,2023-01-01,1,0,0,True
03RD_AV_ASH_ST,Cortez,Cortez,2023-01-31,2023-01-01,1,1,1,True
03RD_AV_A_ST,City Center,City Center,2023-01-31,2023-01-01,43,1,0,True
03RD_AV_BEECH_ST,Cortez,Cortez,2023-01-31,2023-01-01,0,0,0,True
03RD_AV_CEDAR_ST,Cortez,Cortez,2023-01-31,2023-01-01,0,1,0,True
03RD_AV_C_ST,City Center,City Center,2023-01-31,2023-01-01,4,0,0,True
03RD_AV_G_ST,Marina,Marina,2023-01-31,2023-01-01,3,0,0,True
03RD_AV_I-5_SB,Cortez,Cortez,2023-01-31,2023-01-01,0,16,1,True
03RD_AV_ISLAND_AV,Marina,Marina,2023-01-31,2023-01-01,1,0,0,True
03RD_AV_J_ST,Marina,Marina,2023-01-31,2023-01-01,0,1,0,True
03RD_AV_MARKET_ST,Marina,Marina,2023-01-31,2023-01-01,0,0,0,True
04TH_AV_ASH_ST,Cortez,Cortez,2023-01-31,2023-01-01,0,0,0,True
04TH_AV_A_ST,City Center,City Center,2023-01-31,2023-01-01,1,0,0,True
04TH_AV_BEECH_ST,Cortez,Cortez,2023-01-31,2023-01-01,0,4,0,True
04TH_AV_BROADWAY,City Center,City Center,2023-01-31,2023-01-01,0,0,0,True
04TH_AV_B_ST,City Center,City Center,2023-01-31,2023-01-01,0,0,0,True
04TH_AV_CEDAR_ST,Cortez,Cortez,2023-01-31,2023-01-01,2,0,0,True
04TH_AV_C_ST,City Center,City Center,2023-01-31,2023-01-01,0,0,0,True
04TH_AV_G_ST,Marina,Marina,2023-01-31,2023-01-01,1,0,0,True
04TH_AV_I-5_SB,Cortez,Cortez,2023-01-31,2023-01-01,0,1,1,True
04TH_AV_ISLAND_AV,Marina,Marina,2023-01-31,2023-01-01,0,0,0,True
04TH_AV_J_ST,Marina,Marina,2023-01-31,2023-01-01,2,0,0,True
04TH_AV_MARKET_ST,Marina,Marina,2023-01-31,2023-01-01,1,0,0,True
05TH_AV_ASH_ST,Cortez,Cortez,2023-01-31,2023-01-01,2,2,0,True
05TH_AV_A_ST,City Center,City Center,2023-01-31,2023-01-01,0,0,0,True
05TH_AV_BEECH_ST,Cortez,Cortez,2023-01-31,2023-01-01,0,0,0,True
05TH_AV_BROADWAY,Gaslamp,Gaslamp,2023-01-31,2023-01-01,7,0,0,True
05TH_AV_B_ST,City Center,City Center,2023-01-31,2023-01-01,1,0,0,True
05TH_AV_CEDAR_ST,Cortez,Cortez,2023-01-31,2023-01-01,10,0,0,True
05TH_AV_C_ST,City Center,City Center,2023-01-31,2023-01-01,4,0,0,True
05TH_AV_E_ST,Gaslamp,Gaslamp,2023-01-31,2023-01-01,5,1,0,True
05TH_AV_F_ST,Gaslamp,Gaslamp,2023-01-31,2023-01-01,4,0,0,True
05TH_AV_G_ST,Gaslamp,Gaslamp,2023-01-31,2023-01-01,1,0,0,True
05TH_AV_I-5_SB,Cortez,Cortez,2023-01-31,2023-01-01,0,0,0,True
05TH_AV_ISLAND_AV,Gaslamp,Gaslamp,2023-01-31,2023-01-01,1,0,0,True
05TH_AV_J_ST,Gaslamp,Gaslamp,2023-01-31,2023-01-01,0,0,0,True
05TH_AV_K_ST,Gaslamp,Gaslamp,2023-01-31,2023-01-01,0,0,0,True
05TH_AV_MARKET_ST,Gaslamp,Gaslamp,2023-01-31,2023-01-01,1,1,0,True
06TH_AV_ASH_ST,Cortez,Cortez,2023-01-31,2023-01-01,1,0,0,True
06TH_AV_A_ST,City Center,City Center,2023-01-31,2023-01-01,0,0,0,True
06TH_AV_BEECH_ST,Cortez,Cortez,2023-01-31,2023-01-01,0,0,0,True
06TH_AV_BROADWAY,Gaslamp,Gaslamp,2023-01-31,2023-01-01,9,0,0,True
06TH_AV_B_ST,City Center,City Center,2023-01-31,2023-01-01,1,0,0,True
06TH_AV_CEDAR_ST,Cortez,Cortez,2023-01-31,2023-01-01,0,0,0,True
06TH_AV_C_ST,City Center,City Center,2023-01-31,2023-01-01,3,0,0,True
06TH_AV_E_ST,Gaslamp,Gaslamp,2023-01-31,2023-01-01,0,0,0,True
06TH_AV_F_ST,Gaslamp,Gaslamp,2023-01-31,2023-01-01,1,0,0,True
06TH_AV_G_ST,Gaslamp,Gaslamp,2023-01-31,2023-01-01,4,0,0,True
06TH_AV_I-5_SB,Cortez,Cortez,2023-01-31,2023-01-01,0,0,0,True
06TH_AV_ISLAND_AV,Gaslamp,Gaslamp,2023-01-31,2023-01-01,0,0,0,True
06TH_AV_J_ST,Gaslamp,Gaslamp,2023-01-31,2023-01-01,1,0,0,True
06TH_AV_K_ST,Gaslamp,Gaslamp,2023-01-31,2023-01-01,6,0,0,True
06TH_AV_L_ST,Gaslamp,Gaslamp,2023-01-31,2023-01-01,1,0,0,True
06TH_AV_MARKET_ST,Gaslamp,Gaslamp,2023-01-31,2023-01-01,1,0,0,True
07TH_AV_ASH_ST,Cortez,Cortez,2023-01-31,2023-01-01,2,0,0,True
07TH_AV_A_ST,City Center,City Center,2023-01-31,2023-01-01,0,0,0,True
07TH_AV_BEECH_ST,Cortez,Cortez,2023-01-31,2023-01-01,0,0,0,True
07TH_AV_BROADWAY,City Center,City Center,2023-01-31,2023-01-01,4,11,0,True
07TH_AV_B_ST,City Center,City Center,2023-01-31,2023-01-01,0,0,0,True
07TH_AV_CEDAR_ST,Cortez,Cortez,2023-01-31,2023-01-01,0,0,0,True
07TH_AV_C_ST,City Center,City Center,2023-01-31,2023-01-01,3,0,0,True
07TH_AV_E_ST,East Village,East Village,2023-01-31,2023-01-01,0,0,0,True
07TH_AV_F_ST,East Village,East Village,2023-01-31,2023-01-01,5,0,0,True
07TH_AV_G_ST,East Village,East Village,2023-01-31,2023-01-01,0,0,0,True
07TH_AV_I-5_SB,Cortez,Cortez,2023-01-31,2023-01-01,0,0,0,True
07TH_AV_ISLAND_AV,South East Village,East Village,2023-01-31,2023-01-01,0,1,0,True
07TH_AV_J_ST,South East Village,East Village,2023-01-31,2023-01-01,0,0,0,True
07TH_AV_MARKET_ST,South East Village,East Village,2023-01-31,2023-01-01,0,0,0,True
08TH_AV_ASH_ST,Cortez,Cortez,2023-01-31,2023-01-01,5,0,0,True
08TH_AV_A_ST,City Center,City Center,2023-01-31,2023-01-01,0,0,0,True
08TH_AV_BEECH_ST,Cortez,Cortez,2023-01-31,2023-01-01,3,0,0,True
08TH_AV_BROADWAY,City Center,City Center,2023-01-31,2023-01-01,0,23,0,True
08TH_AV_B_ST,City Center,City Center,2023-01-31,2023-01-01,0,0,0,True
08TH_AV_CEDAR_ST,Cortez,Cortez,2023-01-31,2023-01-01,0,0,0,True
08TH_AV_C_ST,City Center,City Center,2023-01-31,2023-01-01,0,0,0,True
08TH_AV_DATE_ST,Cortez,Cortez,2023-01-31,2023-01-01,0,0,1,True
08TH_AV_E_ST,East Village,East Village,2023-01-31,2023-01-01,4,31,2,True
08TH_AV_F_ST,East Village,East Village,2023-01-31,2023-01-01,0,0,0,True
08TH_AV_G_ST,East Village,East Village,2023-01-31,2023-01-01,1,0,0,True
08TH_AV_ISLAND_AV,South East Village,East Village,2023-01-31,2023-01-01,0,0,0,True
08TH_AV_MARKET_ST,South East Village,East Village,2023-01-31,2023-01-01,1,6,0,True
09TH_AV_ASH_ST,Cortez,Cortez,2023-01-31,2023-01-01,0,0,0,True
09TH_AV_A_ST,City Center,City Center,2023-01-31,2023-01-01,0,0,0,True
09TH_AV_BEECH_ST,Cortez,Cortez,2023-01-31,2023-01-01,0,0,0,True
09TH_AV_BROADWAY,City Center,City Center,2023-01-31,2023-01-01,1,2,0,True
09TH_AV_B_ST,City Center,City Center,2023-01-31,2023-01-01,0,0,0,True
09TH_AV_CEDAR_ST,Cortez,Cortez,2023-01-31,2023-01-01,0,0,0,True
09TH_AV_C_ST,City Center,City Center,2023-01-31,2023-01-01,1,0,0,True
09TH_AV_DATE_ST,Cortez,Cortez,2023-01-31,2023-01-01,0,0,0,True
09TH_AV_E_ST,East Village,East Village,2023-01-31,2023-01-01,6,31,0,True
09TH_AV_F_ST,East Village,East Village,2023-01-31,2023-01-01,1,0,0,True
09TH_AV_G_ST,East Village,East Village,2023-01-31,2023-01-01,3,0,0,True
09TH_AV_ISLAND_AV,South East Village,East Village,2023-01-31,2023-01-01,1,0,0,True
09TH_AV_MARKET_ST,South East Village,East Village,2023-01-31,2023-01-01,0,0,0,True
10TH_AV_ASH_ST,Cortez,Cortez,2023-01-31,2023-01-01,0,0,0,True
10TH_AV_A_ST,City Center,City Center,2023-01-31,2023-01-01,0,0,0,True
10TH_AV_BEECH_ST,Cortez,Cortez,2023-01-31,2023-01-01,0,0,0,True
10TH_AV_BROADWAY,City Center,City Center,2023-01-31,2023-01-01,1,0,0,True
10TH_AV_B_ST,City Center,City Center,2023-01-31,2023-01-01,3,2,0,True
10TH_AV_CEDAR_ST,Cortez,Cortez,2023-01-31,2023-01-01,0,0,0,True
10TH_AV_C_ST,City Center,City Center,2023-01-31,2023-01-01,3,30,0,True
10TH_AV_DATE_ST,Cortez,Cortez,2023-01-31,2023-01-01,1,0,0,True
10TH_AV_E_ST,East Village,East Village,2023-01-31,2023-01-01,3,0,0,True
10TH_AV_F_ST,East Village,East Village,2023-01-31,2023-01-01,0,0,0,True
10TH_AV_G_ST,East Village,East Village,2023-01-31,2023-01-01,0,0,0,True
10TH_AV_ISLAND_AV,South East Village,East Village,2023-01-31,2023-01-01,2,0,0,True
10TH_AV_J_ST,South East Village,East Village,2023-01-31,2023-01-01,0,0,0,True
10TH_AV_MARKET_ST,South East Village,East Village,2023-01-31,2023-01-01,1,0,0,True
11TH_AV_A_ST,City Center,City Center,2023-01-31,2023-01-01,1,0,0,True
11TH_AV_BROADWAY,City Center,City Center,2023-01-31,2023-01-01,0,1,0,True
11TH_AV_B_ST,City Center,City Center,2023-01-31,2023-01-01,0,13,0,True
11TH_AV_C_ST,City Center,City Center,2023-01-31,2023-01-01,21,1,0,True
11TH_AV_E_ST,East Village,East Village,2023-01-31,2023-01-01,1,2,0,True
11TH_AV_F_ST,East Village,East Village,2023-01-31,2023-01-01,0,0,0,True
11TH_AV_G_ST,East Village,East Village,2023-01-31,2023-01-01,2,0,0,True
11TH_AV_ISLAND_AV,South East Village,East Village,2023-01-31,2023-01-01,0,0,0,True
11TH_AV_J_ST,South East Village,East Village,2023-01-31,2023-01-01,0,0,0,True
11TH_AV_K_ST,South East Village,East Village,2023-01-31,2023-01-01,0,0,0,True
11TH_AV_MARKET_ST,South East Village,East Village,2023-01-31,2023-01-01,0,0,0,True
12TH_AV_PARK_BL,South East Village,East Village,2023-01-31,2023-01-01,6,6,0,True
13TH_ST_BROADWAY,East Village,East Village,2023-01-31,2023-01-01,4,13,1,True
13TH_ST_C_ST,East Village,East Village,2023-01-31,2023-01-01,0,0,0,True
13TH_ST_E_ST,East Village,East Village,2023-01-31,2023-01-01,0,0,0,True
13TH_ST_F_ST,East Village,East Village,2023-01-31,2023-01-01,0,0,0,True
13TH_ST_G_ST,East Village,East Village,2023-01-31,2023-01-01,0,0,0,True
13TH_ST_IMPERIAL_AV,South East Village,East Village,2023-01-31,2023-01-01,29,0,0,True
13TH_ST_ISLAND_AV,South East Village,East Village,2023-01-31,2023-01-01,0,0,0,True
13TH_ST_J_ST,South East Village,East Village,2023-01-31,2023-01-01,0,0,0,True
13TH_ST_K_ST,South East Village,East Village,2023-01-31,2023-01-01,4,18,0,True
13TH_ST_L_ST,South East Village,East Village,2023-01-31,2023-01-01,0,4,0,True
13TH_ST_MARKET_ST,South East Village,East Village,2023-01-31,2023-01-01,6,0,0,True
14TH_ST_BROADWAY,East Village,East Village,2023-01-31,2023-01-01,0,0,0,True
14TH_ST_C_ST,East Village,East Village,2023-01-31,2023-01-01,0,3,0,True
14TH_ST_E_ST,East Village,East Village,2023-01-31,2023-01-01,0,0,0,True
14TH_ST_F_ST,East Village,East Village,2023-01-31,2023-01-01,0,0,0,True
14TH_ST_G_ST,East Village,East Village,2023-01-31,2023-01-01,1,0,0,True
14TH_ST_IMPERIAL_AV,South East Village,East Village,2023-01-31,2023-01-01,0,0,0,True
14TH_ST_ISLAND_AV,South East Village,East Village,2023-01-31,2023-01-01,5,1,0,True
14TH_ST_J_ST,South East Village,East Village,2023-01-31,2023-01-01,0,0,0,True
14TH_ST_K_ST,South East Village,East Village,2023-01-31,2023-01-01,0,30,3,True
14TH_ST_L_ST,South East Village,East Village,2023-01-31,2023-01-01,1,10,0,True
14TH_ST_MARKET_ST,South East Village,East Village,2023-01-31,2023-01-01,0,0,0,True
15TH_ST_BROADWAY,East Village,East Village,2023-01-31,2023-01-01,0,0,0,True
15TH_ST_C_ST,East Village,East Village,2023-01-31,2023-01-01,0,0,0,True
15TH_ST_E_ST,East Village,East Village,2023-01-31,2023-01-01,0,0,0,True
15TH_ST_F_ST,East Village,East Village,2023-01-31,2023-01-01,5,7,0,True
15TH_ST_G_ST,East Village,East Village,2023-01-31,2023-01-01,0,0,0,True
15TH_ST_IMPERIAL_AV,South East Village,East Village,2023-01-31,2023-01-01,21,3,2,True
15TH_ST_ISLAND_AV,South East Village,East Village,2023-01-31,2023-01-01,0,0,1,True
15TH_ST_J_ST,South East Village,East Village,2023-01-31,2023-01-01,1,1,0,True
15TH_ST_MARKET_ST,South East Village,East Village,2023-01-31,2023-01-01,0,2,0,True
16TH_ST_BROADWAY,East Village,East Village,2023-01-31,2023-01-01,0,0,0,True
16TH_ST_C_ST,East Village,East Village,2023-01-31,2023-01-01,0,0,0,True
16TH_ST_E_ST,East Village,East Village,2023-01-31,2023-01-01,3,0,0,True
16TH_ST_F_ST,East Village,East Village,2023-01-31,2023-01-01,1,3,0,True
16TH_ST_G_ST,East Village,East Village,2023-01-31,2023-01-01,7,3,1,True
16TH_ST_IMPERIAL_AV,South East Village,East Village,2023-01-31,2023-01-01,2,0,0,True
16TH_ST_ISLAND_AV,South East Village,East Village,2023-01-31,2023-01-01,0,0,0,True
16TH_ST_J_ST,South East Village,East Village,2023-01-31,2023-01-01,0,9,0,True
16TH_ST_K_ST,South East Village,East Village,2023-01-31,2023-01-01,3,0,1,True
16TH_ST_MARKET_ST,South East Village,East Village,2023-01-31,2023-01-01,4,16,1,True
17TH_ST_BROADWAY,East Village,East Village,2023-01-31,2023-01-01,0,1,0,True
17TH_ST_C_ST,East Village,East Village,2023-01-31,2023-01-01,0,0,0,True
17TH_ST_E_ST,East Village,East Village,2023-01-31,2023-01-01,0,0,0,True
17TH_ST_F_ST,East Village,East Village,2023-01-31,2023-01-01,0,1,1,True
17TH_ST_G_ST,East Village,East Village,2023-01-31,2023-01-01,1,0,0,True
17TH_ST_IMPERIAL_AV,South East Village,East Village,2023-01-31,2023-01-01,0,0,1,True
17TH_ST_ISLAND_AV,South East Village,East Village,2023-01-31,2023-01-01,1,3,0,True
17TH_ST_J_ST,South East Village,East Village,2023-01-31,2023-01-01,4,1,0,True
17TH_ST_K_ST,South East Village,East Village,2023-01-31,2023-01-01,21,42,4,True
17TH_ST_MARKET_ST,South East Village,East Village,2023-01-31,2023-01-01,0,4,0,True
19TH_ST_I-5_SB_OFF_RA,Golden Hill,Outside Perimeter,2023-01-31,2023-01-01,10,13,1,False
19TH_ST_ISLAND_AV,Sherman Heights,Outside Perimeter,2023-01-31,2023-01-01,0,28,1,False
19TH_ST_J_ST,Sherman Heights,Outside Perimeter,2023-01-31,2023-01-01,4,19,4,False
19TH_ST_MARKET_ST,Sherman Heights,Outside Perimeter,2023-01-31,2023-01-01,0,35,2,False
20TH_ST_BROADWAY,Golden Hill,Outside Perimeter,2023-01-31,2023-01-01,0,0,0,False
20TH_ST_B_ST,Golden Hill,Outside Perimeter,2023-01-31,2023-01-01,0,0,0,False
20TH_ST_C_ST,Golden Hill,Outside Perimeter,2023-01-31,2023-01-01,0,0,0,False
20TH_ST_E_ST,Golden Hill,Outside Perimeter,2023-01-31,2023-01-01,0,0,0,False
20TH_ST_G_ST,Sherman Heights,Outside Perimeter,2023-01-31,2023-01-01,0,0,0,False
20TH_ST_ISLAND_AV,Sherman Heights,Outside Perimeter,2023-01-31,2023-01-01,0,0,0,False
20TH_ST_J_ST,Sherman Heights,Outside Perimeter,2023-01-31,2023-01-01,0,0,0,False
20TH_ST_K_ST,Sherman Heights,Outside Perimeter,2023-01-31,2023-01-01,0,0,0,False
20TH_ST_L_ST,Sherman Heights,Outside Perimeter,2023-01-31,2023-01-01,0,0,0,False
20TH_ST_MARKET_ST,Sherman Heights,Outside Perimeter,2023-01-31,2023-01-01,0,0,0,False
21ST_ST_BROADWAY,Golden Hill,Outside Perimeter,2023-01-31,2023-01-01,0,0,0,False
21ST_ST_B_ST,Golden Hill,Outside Perimeter,2023-01-31,2023-01-01,0,0,0,False
21ST_ST_C_ST,Golden Hill,Outside Perimeter,2023-01-31,2023-01-01,0,0,0,False
21ST_ST_E_ST,Golden Hill,Outside Perimeter,2023-01-31,2023-01-01,0,0,0,False
21ST_ST_G_ST,Sherman Heights,Outside Perimeter,2023-01-31,2023-01-01,0,0,0,False
21ST_ST_ISLAND_AV,Sherman Heights,Outside Perimeter,2023-01-31,2023-01-01,0,0,0,False
21ST_ST_J_ST,Sherman Heights,Outside Perimeter,2023-01-31,2023-01-01,0,0,0,False
21ST_ST_K_ST,Sherman Heights,Outside Perimeter,2023-01-31,2023-01-01,0,0,0,False
21ST_ST_L_ST,Sherman Heights,Outside Perimeter,2023-01-31,2023-01-01,0,0,0,False
21ST_ST_MARKET_ST,Sherman Heights,Outside Perimeter,2023-01-31,2023-01-01,0,0,0,False
21ST_ST_RUSS_BL,Golden Hill,Outside Perimeter,2023-01-31,2023-01-01,0,2,0,False
22ND_ST_A_ST,Golden Hill,Outside Perimeter,2023-01-31,2023-01-01,0,0,0,False
22ND_ST_BROADWAY,Golden Hill,Outside Perimeter,2023-01-31,2023-01-01,0,3,0,False
22ND_ST_BROADWAY__2,Golden Hill,Outside Perimeter,2023-01-31,2023-01-01,0,0,0,False
22ND_ST_B_ST,Golden Hill,Outside Perimeter,2023-01-31,2023-01-01,0,0,0,False
22ND_ST_C_ST,Golden Hill,Outside Perimeter,2023-01-31,2023-01-01,0,0,0,False
22ND_ST_E_ST,Golden Hill,Outside Perimeter,2023-01-31,2023-01-01,0,0,0,False
22ND_ST_G_ST,Sherman Heights,Outside Perimeter,2023-01-31,2023-01-01,0,0,0,False
22ND_ST_ISLAND_AV,Sherman Heights,Outside Perimeter,2023-01-31,2023-01-01,0,0,0,False
22ND_ST_J_ST,Sherman Heights,Outside Perimeter,2023-01-31,2023-01-01,0,0,0,False
22ND_ST_K_ST,Sherman Heights,Outside Perimeter,2023-01-31,2023-01-01,0,0,0,False
22ND_ST_L_ST,Sherman Heights,Outside Perimeter,2023-01-31,2023-01-01,0,0,0,False
22ND_ST_MARKET_ST,Sherman Heights,Outside Perimeter,2023-01-31,2023-01-01,0,0,0,False
22ND_ST_SR-94_EB_ON_RA,Sherman Heights,Outside Perimeter,2023-01-31,2023-01-01,0,11,2,False
23RD_ST_A_ST,Golden Hill,Outside Perimeter,2023-01-31,2023-01-01,0,0,0,False
23RD_ST_BROADWAY,Golden Hill,Outside Perimeter,2023-01-31,2023-01-01,0,0,0,False
23RD_ST_B_ST,Golden Hill,Outside Perimeter,2023-01-31,2023-01-01,0,0,0,False
23RD_ST_C_ST,Golden Hill,Outside Perimeter,2023-01-31,2023-01-01,0,0,0,False
23RD_ST_E_ST,Golden Hill,Outside Perimeter,2023-01-31,2023-01-01,0,0,0,False
24TH_ST_A_ST,Golden Hill,Outside Perimeter,2023-01-31,2023-01-01,0,0,0,False
24TH_ST_BROADWAY,Golden Hill,Outside Perimeter,2023-01-31,2023-01-01,0,0,0,False
24TH_ST_B_ST,Golden Hill,Outside Perimeter,2023-01-31,2023-01-01,0,0,0,False
24TH_ST_C_ST,Golden Hill,Outside Perimeter,2023-01-31,2023-01-01,0,0,0,False
24TH_ST_E_ST,Golden Hill,Outside Perimeter,2023-01-31,2023-01-01,0,0,0,False
24TH_ST_G_ST,Sherman Heights,Outside Perimeter,2023-01-31,2023-01-01,0,0,0,False
24TH_ST_ISLAND_AV,Sherman Heights,Outside Perimeter,2023-01-31,2023-01-01,0,0,0,False
24TH_ST_K_ST,Sherman Heights,Outside Perimeter,2023-01-31,2023-01-01,0,0,0,False
24TH_ST_L_ST,Sherman Heights,Outside Perimeter,2023-01-31,2023-01-01,0,0,0,False
24TH_ST_MARKET_ST,Sherman Heights,Outside Perimeter,2023-01-31,2023-01-01,0,0,0,False
25TH_ST_A_ST,Golden Hill,Outside Perimeter,2023-01-31,2023-01-01,0,0,0,False
25TH_ST_BROADWAY,Golden Hill,Outside Perimeter,2023-01-31,2023-01-01,0,0,0,False
25TH_ST_B_ST,Golden Hill,Outside Perimeter,2023-01-31,2023-01-01,0,0,0,False
25TH_ST_C_ST,Golden Hill,Outside Perimeter,2023-01-31,2023-01-01,0,0,0,False
25TH_ST_E_ST,Golden Hill,Outside Perimeter,2023-01-31,2023-01-01,0,0,0,False
25TH_ST_G_ST,Sherman Heights,Outside Perimeter,2023-01-31,2023-01-01,0,0,0,False
25TH_ST_ISLAND_AV,Sherman Heights,Outside Perimeter,2023-01-31,2023-01-01,0,0,0,False
25TH_ST_J_ST,Sherman Heights,Outside Perimeter,2023-01-31,2023-01-01,0,0,0,False
25TH_ST_K_ST,Sherman Heights,Outside Perimeter,2023-01-31,2023-01-01,0,0,0,False
25TH_ST_L_ST,Sherman Heights,Outside Perimeter,2023-01-31,2023-01-01,0,0,0,False
25TH_ST_MARKET_ST,Sherman Heights,Outside Perimeter,2023-01-31,2023-01-01,0,0,0,False
25TH_ST_RUSS_BL,Golden Hill,Outside Perimeter,2023-01-31,2023-01-01,0,0,0,False
25TH_ST_SR-94_EB,Sherman Heights,Outside Perimeter,2023-01-31,2023-01-01,0,0,0,False
25TH_ST_SR-94_WB,Golden Hill,Outside Perimeter,2023-01-31,2023-01-01,0,0,0,False
26TH_ST_A_ST,Golden Hill,Outside Perimeter,2023-01-31,2023-01-01,0,0,0,False
26TH_ST_BROADWAY,Golden Hill,Outside Perimeter,2023-01-31,2023-01-01,0,0,0,False
26TH_ST_B_ST,Golden Hill,Outside Perimeter,2023-01-31,2023-01-01,0,0,0,False
26TH_ST_C_ST,Golden Hill,Outside Perimeter,2023-01-31,2023-01-01,0,0,0,False
26TH_ST_E_ST,Golden Hill,Outside Perimeter,2023-01-31,2023-01-01,0,0,0,False
26TH_ST_RUSS_BL,Golden Hill,Outside Perimeter,2023-01-31,2023-01-01,0,0,0,False
27TH_ST_A_ST,Golden Hill,Outside Perimeter,2023-01-31,2023-01-01,0,0,0,False
27TH_ST_BROADWAY,Golden Hill,Outside Perimeter,2023-01-31,2023-01-01,0,0,0,False
27TH_ST_B_ST,Golden Hill,Outside Perimeter,2023-01-31,2023-01-01,0,0,0,False
27TH_ST_C_ST,Golden Hill,Outside Perimeter,2023-01-31,2023-01-01,0,0,0,False
27TH_ST_E_ST,Golden Hill,Outside Perimeter,2023-01-31,2023-01-01,0,0,0,False
27TH_ST_RUSS_BL,Golden Hill,Outside Perimeter,2023-01-31,2023-01-01,0,0,0,False
28TH_ST_A_ST,Golden Hill,Outside Perimeter,2023-01-31,2023-01-01,0,0,0,False
28TH_ST_BROADWAY,Golden Hill,Outside Perimeter,2023-01-31,2023-01-01,0,0,0,False
28TH_ST_B_ST,Golden Hill,Outside Perimeter,2023-01-31,2023-01-01,0,0,0,False
28TH_ST_C_ST,Golden Hill,Outside Perimeter,2023-01-31,2023-01-01,0,0,0,False
28TH_ST_E_ST,Golden Hill,Outside Perimeter,2023-01-31,2023-01-01,0,0,0,False
28TH_ST_RUSS_BL,Golden Hill,Outside Perimeter,2023-01-31,2023-01-01,0,0,0,False
28TH_ST_TREAT_ST,Golden Hill,Outside Perimeter,2023-01-31,2023-01-01,0,0,0,False
BEARDSLEY_ST_LOGAN_AV,Barrio Logan,Outside Perimeter,2023-01-31,2023-01-01,0,0,0,False
BEARDSLEY_ST_MAIN_ST,Barrio Logan,Outside Perimeter,2023-01-31,2023-01-01,0,0,0,False
BEARDSLEY_ST_NATIONAL_AV,Barrio Logan,Outside Perimeter,2023-01-31,2023-01-01,0,0,0,False
BEARDSLEY_ST_NEWTON_AV,Barrio Logan,Outside Perimeter,2023-01-31,2023-01-01,0,0,0,False
CALIFORNIA_ST_W_ASH_ST,Columbia,Columbia,2023-01-31,2023-01-01,0,0,0,True
CALIFORNIA_ST_W_BROADWAY,Columbia,Columbia,2023-01-31,2023-01-01,0,0,0,True
CESAR_E_CHAVEZ_PY_CROSBY_RD,Barrio Logan,Outside Perimeter,2023-01-31,2023-01-01,0,0,0,False
CESAR_E_CHAVEZ_PY_HARBOR_DR,Barrio Logan,Outside Perimeter,2023-01-31,2023-01-01,0,0,0,False
CESAR_E_CHAVEZ_PY_I-5_SB,Barrio Logan,Outside Perimeter,2023-01-31,2023-01-01,1,44,0,False
CESAR_E_CHAVEZ_PY_LOGAN_AV,Barrio Logan,Outside Perimeter,2023-01-31,2023-01-01,0,0,0,False
CESAR_E_CHAVEZ_PY_MAIN_ST,Barrio Logan,Outside Perimeter,2023-01-31,2023-01-01,0,0,0,False
CESAR_E_CHAVEZ_PY_NATIONAL_AV,Barrio Logan,Outside Perimeter,2023-01-31,2023-01-01,0,0,0,False
CESAR_E_CHAVEZ_PY_NEWTON_AV,Barrio Logan,Outside Perimeter,2023-01-31,2023-01-01,0,0,0,False
COLUMBIA_ST_W_ASH_ST,Columbia,Columbia,2023-01-31,2023-01-01,0,0,0,True
COLUMBIA_ST_W_A_ST,Columbia,Columbia,2023-01-31,2023-01-01,0,0,0,True
COLUMBIA_ST_W_B_ST,Columbia,Columbia,2023-01-31,2023-01-01,0,0,0,True
COLUMBIA_ST_W_C_ST,Columbia,Columbia,2023-01-31,2023-01-01,2,0,0,True
COLUMBIA_ST_W_G_ST,Marina,Marina,2023-01-31,2023-01-01,0,1,0,True
DEWEY_ST_NATIONAL_AV,Barrio Logan,Outside Perimeter,2023-01-31,2023-01-01,0,0,0,False
FRONT_ST_W_ASH_ST,Cortez,Cortez,2023-01-31,2023-01-01,0,0,0,True
FRONT_ST_W_A_ST,City Center,City Center,2023-01-31,2023-01-01,3,4,0,True
FRONT_ST_W_BROADWAY,City Center,City Center,2023-01-31,2023-01-01,1,0,0,True
FRONT_ST_W_B_ST,City Center,City Center,2023-01-31,2023-01-01,2,3,0,True
FRONT_ST_W_C_ST,City Center,City Center,2023-01-31,2023-01-01,1,0,0,True
FRONT_ST_W_E_ST,City Center,City Center,2023-01-31,2023-01-01,0,0,0,True
FRONT_ST_W_F_ST,Marina,Marina,2023-01-31,2023-01-01,0,0,0,True
FRONT_ST_W_G_ST,Marina,Marina,2023-01-31,2023-01-01,0,0,0,True
FRONT_ST_W_MARKET_ST,Marina,Marina,2023-01-31,2023-01-01,0,0,0,True
FRONT_ST_W_MARKET_ST__2,Marina,Marina,2023-01-31,2023-01-01,0,0,0,True
I-5_SB_IMPERIAL_AV,South East Village,East Village,2023-01-31,2023-01-01,0,7,1,True
I-5_SB_ISLAND_AV,South East Village,East Village,2023-01-31,2023-01-01,0,0,0,True
I-5_SB_MARKET_ST,South East Village,East Village,2023-01-31,2023-01-01,0,0,0,True
I-5_SB_OFF_RA_J_ST,South East Village,East Village,2023-01-31,2023-01-01,0,5,0,True
I-5_SB_OFF_RA_Map_Border,South East Village,East Village,2023-01-31,2023-01-01,0,5,3,True
I-5_SB_ON_RA_BROADWAY,East Village,East Village,2023-01-31,2023-01-01,0,0,0,True
I-5_SB_ON_RA_C_ST,East Village,East Village,2023-01-31,2023-01-01,0,0,2,True
I-5_SB_ON_RA_E_ST,East Village,East Village,2023-01-31,2023-01-01,0,0,0,True
I-5_SB_ON_RA_F_ST,East Village,East Village,2023-01-31,2023-01-01,1,1,1,True
I-5_SB_ON_RA_G_ST,East Village,East Village,2023-01-31,2023-01-01,0,0,0,True
I-5_SB_ON_RA_Map_Border,South East Village,East Village,2023-01-31,2023-01-01,0,2,0,True
INDIA_ST_W_ASH_ST,Columbia,Columbia,2023-01-31,2023-01-01,1,0,0,True
INDIA_ST_W_A_ST,Columbia,Columbia,2023-01-31,2023-01-01,0,0,0,True
INDIA_ST_W_B_ST,Columbia,Columbia,2023-01-31,2023-01-01,13,0,1,True
KETTNER_BL_W_ASH_ST,Columbia,Columbia,2023-01-31,2023-01-01,0,0,0,True
KETTNER_BL_W_A_ST,Columbia,Columbia,2023-01-31,2023-01-01,7,0,0,True
KETTNER_BL_W_BROADWAY,Columbia,Columbia,2023-01-31,2023-01-01,0,0,0,True
KETTNER_BL_W_E_ST,Marina,Marina,2023-01-31,2023-01-01,2,2,0,True
KETTNER_BL_W_F_ST,Marina,Marina,2023-01-31,2023-01-01,0,0,0,True
KETTNER_BL_W_G_ST,Marina,Marina,2023-01-31,2023-01-01,0,0,0,True
Map_Border_BAY_FRONT_ST,Barrio Logan,Outside Perimeter,2023-01-31,2023-01-01,0,0,0,False
Map_Border_BROADWAY,City Center,City Center,2023-01-31,2023-01-01,1,0,0,True
Map_Border_HARBOR_DR,Barrio Logan,Outside Perimeter,2023-01-31,2023-01-01,0,0,0,False
Map_Border_IMPERIAL_AV,South East Village,East Village,2023-01-31,2023-01-01,0,1,0,True
Map_Border_Map_Border,Barrio Logan,Outside Perimeter,2023-01-31,2023-01-01,0,0,0,False
Map_Border_NATIONAL_AV,South East Village,East Village,2023-01-31,2023-01-01,3,31,0,True
NATIONAL_AV_IMPERIAL_AV,South East Village,East Village,2023-01-31,2023-01-01,0,0,0,True
NEWTON_AV_Map_Border,Barrio Logan,Outside Perimeter,2023-01-31,2023-01-01,0,0,0,False
NEWTON_AV_PARK_BL,Barrio Logan,Outside Perimeter,2023-01-31,2023-01-01,0,0,0,False
PARK_BL_A_ST,City Center,City Center,2023-01-31,2023-01-01,0,0,0,True
PARK_BL_BROADWAY,City Center,City Center,2023-01-31,2023-01-01,3,0,0,True
PARK_BL_B_ST,City Center,City Center,2023-01-31,2023-01-01,0,0,0,True
PARK_BL_C_ST,City Center,City Center,2023-01-31,2023-01-01,2,0,0,True
PARK_BL_E_ST,East Village,East Village,2023-01-31,2023-01-01,1,0,0,True
PARK_BL_F_ST,East Village,East Village,2023-01-31,2023-01-01,1,0,0,True
PARK_BL_G_ST,East Village,East Village,2023-01-31,2023-01-01,0,0,0,True
PARK_BL_ISLAND_AV,South East Village,East Village,2023-01-31,2023-01-01,1,0,0,True
PARK_BL_J_ST,South East Village,East Village,2023-01-31,2023-01-01,32,15,0,True
PARK_BL_MARKET_ST,South East Village,East Village,2023-01-31,2023-01-01,1,0,0,True
PARK_BL_RUSS_BL,City Center,City Center,2023-01-31,2023-01-01,0,0,0,True
SAMPSON_ST_I-5_SB,Barrio Logan,Outside Perimeter,2023-01-31,2023-01-01,0,0,0,False
SAMPSON_ST_LOGAN_AV,Barrio Logan,Outside Perimeter,2023-01-31,2023-01-01,0,0,0,False
SAMPSON_ST_MAIN_ST,Barrio Logan,Outside Perimeter,2023-01-31,2023-01-01,0,0,0,False
SAMPSON_ST_NATIONAL_AV,Barrio Logan,Outside Perimeter,2023-01-31,2023-01-01,0,0,0,False
SAMPSON_ST_NEWTON_AV,Barrio Logan,Outside Perimeter,2023-01-31,2023-01-01,0,0,0,False
SIGSBEE_ST_LOGAN_AV,Barrio Logan,Outside Perimeter,2023-01-31,2023-01-01,0,9,1,False
SIGSBEE_ST_NATIONAL_AV,Barrio Logan,Outside Perimeter,2023-01-31,2023-01-01,1,0,0,False
SR-163_NB_ON_RA_ASH_ST,Cortez,Cortez,2023-01-31,2023-01-01,0,0,0,True
SR-75_NB_HARBOR_DR,Barrio Logan,Outside Perimeter,2023-01-31,2023-01-01,0,0,0,False
SR-75_NB_MAIN_ST,Barrio Logan,Outside Perimeter,2023-01-31,2023-01-01,0,0,0,False
SR-75_NB_NEWTON_AV,Barrio Logan,Outside Perimeter,2023-01-31,2023-01-01,0,0,0,False
STATE_ST_Map_Border,Marina,Marina,2023-01-31,2023-01-01,1,0,0,True
STATE_ST_W_ASH_ST,Columbia,Columbia,2023-01-31,2023-01-01,1,1,0,True
STATE_ST_W_A_ST,Columbia,Columbia,2023-01-31,2023-01-01,0,0,0,True
STATE_ST_W_BROADWAY,Columbia,Columbia,2023-01-31,2023-01-01,0,0,0,True
STATE_ST_W_B_ST,Columbia,Columbia,2023-01-31,2023-01-01,0,0,0,True
STATE_ST_W_C_ST,Columbia,Columbia,2023-01-31,2023-01-01,2,0,0,True
STATE_ST_W_G_ST,Marina,Marina,2023-01-31,2023-01-01,0,0,0,True
S_16TH_ST_COMMERCIAL_ST,Barrio Logan,Outside Perimeter,2023-01-31,2023-01-01,2,50,5,False
S_16TH_ST_NATIONAL_AV,Barrio Logan,Outside Perimeter,2023-01-31,2023-01-01,6,48,2,False
S_17TH_ST_COMMERCIAL_ST,Barrio Logan,Outside Perimeter,2023-01-31,2023-01-01,2,66,2,False
S_EVANS_ST_I-5_SB,Barrio Logan,Outside Perimeter,2023-01-31,2023-01-01,0,0,0,False
S_EVANS_ST_LOGAN_AV,Barrio Logan,Outside Perimeter,2023-01-31,2023-01-01,0,0,0,False
S_EVANS_ST_MAIN_ST,Barrio Logan,Outside Perimeter,2023-01-31,2023-01-01,0,0,0,False
S_EVANS_ST_NATIONAL_AV,Barrio Logan,Outside Perimeter,2023-01-31,2023-01-01,0,0,0,False
S_EVANS_ST_NEWTON_AV,Barrio Logan,Outside Perimeter,2023-01-31,2023-01-01,0,0,0,False
TONY_GWYNN_DR_K_ST,South East Village,East Village,2023-01-31,2023-01-01,0,0,0,True
TONY_GWYNN_DR_L_ST,South East Village,East Village,2023-01-31,2023-01-01,0,0,0,True
UNION_ST_W_ASH_ST,Columbia,Columbia,2023-01-31,2023-01-01,0,1,0,True
UNION_ST_W_A_ST,Columbia,Columbia,2023-01-31,2023-01-01,0,1,0,True
UNION_ST_W_BROADWAY,Columbia,Columbia,2023-01-31,2023-01-01,0,0,0,True
UNION_ST_W_B_ST,Columbia,Columbia,2023-01-31,2023-01-01,1,0,0,True
UNION_ST_W_C_ST,Columbia,Columbia,2023-01-31,2023-01-01,2,0,0,True
UNION_ST_W_E_ST,Marina,Marina,2023-01-31,2023-01-01,0,0,0,True
UNION_ST_W_F_ST,Marina,Marina,2023-01-31,2023-01-01,0,0,0,True
UNION_ST_W_G_ST,Marina,Marina,2023-01-31,2023-01-01,0,0,0,True
01ST_AV_I-5_SB,Cortez,Cortez,2024-01-25,2024-01-01,0,10,0,True
01ST_AV_W_ASH_ST,Cortez,Cortez,2024-01-25,2024-01-01,0,0,0,True
01ST_AV_W_A_ST,City Center,City Center,2024-01-25,2024-01-01,0,0,0,True
01ST_AV_W_BEECH_ST,Cortez,Cortez,2024-01-25,2024-01-01,0,0,0,True
01ST_AV_W_BROADWAY,City Center,City Center,2024-01-25,2024-01-01,0,0,0,True
01ST_AV_W_B_ST,City Center,City Center,2024-01-25,2024-01-01,0,0,0,True
01ST_AV_W_CEDAR_ST,Cortez,Cortez,2024-01-25,2024-01-01,1,0,0,True
01ST_AV_W_C_ST,City Center,City Center,2024-01-25,2024-01-01,1,0,0,True
01ST_AV_W_E_ST,City Center,City Center,2024-01-25,2024-01-01,0,0,0,True
01ST_AV_W_F_ST,City Center,City Center,2024-01-25,2024-01-01,0,0,0,True
01ST_AV_W_G_ST,Marina,Marina,2024-01-25,2024-01-01,0,0,0,True
01ST_AV_W_ISLAND_AV,Marina,Marina,2024-01-25,2024-01-01,0,0,0,True
01ST_AV_W_MARKET_ST,Marina,Marina,2024-01-25,2024-01-01,0,0,0,True
02ND_AV_ASH_ST,Cortez,Cortez,2024-01-25,2024-01-01,0,0,0,True
02ND_AV_BEECH_ST,Cortez,Cortez,2024-01-25,2024-01-01,0,0,0,True
02ND_AV_CEDAR_ST,Cortez,Cortez,2024-01-25,2024-01-01,0,0,0,True
02ND_AV_C_ST,City Center,City Center,2024-01-25,2024-01-01,0,0,0,True
02ND_AV_G_ST,Marina,Marina,2024-01-25,2024-01-01,1,0,0,True
02ND_AV_I-5_SB,Cortez,Cortez,2024-01-25,2024-01-01,8,24,1,True
02ND_AV_ISLAND_AV,Marina,Marina,2024-01-25,2024-01-01,0,0,0,True
02ND_AV_MARKET_ST,Marina,Marina,2024-01-25,2024-01-01,0,0,0,True
03RD_AV_ASH_ST,Cortez,Cortez,2024-01-25,2024-01-01,2,1,0,True
03RD_AV_A_ST,City Center,City Center,2024-01-25,2024-01-01,39,15,0,True
03RD_AV_BEECH_ST,Cortez,Cortez,2024-01-25,2024-01-01,2,0,0,True
03RD_AV_CEDAR_ST,Cortez,Cortez,2024-01-25,2024-01-01,0,0,0,True
03RD_AV_C_ST,City Center,City Center,2024-01-25,2024-01-01,3,0,0,True
03RD_AV_G_ST,Marina,Marina,2024-01-25,2024-01-01,0,0,0,True
03RD_AV_I-5_SB,Cortez,Cortez,2024-01-25,2024-01-01,6,16,1,True
03RD_AV_ISLAND_AV,Marina,Marina,2024-01-25,2024-01-01,0,0,0,True
03RD_AV_J_ST,Marina,Marina,2024-01-25,2024-01-01,3,0,0,True
03RD_AV_MARKET_ST,Marina,Marina,2024-01-25,2024-01-01,0,0,0,True
04TH_AV_ASH_ST,Cortez,Cortez,2024-01-25,2024-01-01,0,0,0,True
04TH_AV_A_ST,City Center,City Center,2024-01-25,2024-01-01,6,1,0,True
04TH_AV_BEECH_ST,Cortez,Cortez,2024-01-25,2024-01-01,2,7,0,True
04TH_AV_BROADWAY,City Center,City Center,2024-01-25,2024-01-01,2,0,0,True
04TH_AV_B_ST,City Center,City Center,2024-01-25,2024-01-01,0,0,0,True
04TH_AV_CEDAR_ST,Cortez,Cortez,2024-01-25,2024-01-01,3,0,0,True
04TH_AV_C_ST,City Center,City Center,2024-01-25,2024-01-01,0,0,0,True
04TH_AV_G_ST,Marina,Marina,2024-01-25,2024-01-01,2,0,0,True
04TH_AV_I-5_SB,Cortez,Cortez,2024-01-25,2024-01-01,0,0,0,True
04TH_AV_ISLAND_AV,Marina,Marina,2024-01-25,2024-01-01,1,0,0,True
04TH_AV_J_ST,Marina,Marina,2024-01-25,2024-01-01,2,0,0,True
04TH_AV_MARKET_ST,Marina,Marina,2024-01-25,2024-01-01,0,0,0,True
05TH_AV_ASH_ST,Cortez,Cortez,2024-01-25,2024-01-01,6,0,0,True
05TH_AV_A_ST,City Center,City Center,2024-01-25,2024-01-01,0,0,0,True
05TH_AV_BEECH_ST,Cortez,Cortez,2024-01-25,2024-01-01,0,0,0,True
05TH_AV_BROADWAY,Gaslamp,Gaslamp,2024-01-25,2024-01-01,15,0,0,True
05TH_AV_B_ST,City Center,City Center,2024-01-25,2024-01-01,0,0,0,True
05TH_AV_CEDAR_ST,Cortez,Cortez,2024-01-25,2024-01-01,11,0,0,True
05TH_AV_C_ST,City Center,City Center,2024-01-25,2024-01-01,2,1,0,True
05TH_AV_E_ST,Gaslamp,Gaslamp,2024-01-25,2024-01-01,4,0,0,True
05TH_AV_F_ST,Gaslamp,Gaslamp,2024-01-25,2024-01-01,1,0,0,True
05TH_AV_G_ST,Gaslamp,Gaslamp,2024-01-25,2024-01-01,2,0,0,True
05TH_AV_I-5_SB,Cortez,Cortez,2024-01-25,2024-01-01,0,0,0,True
05TH_AV_ISLAND_AV,Gaslamp,Gaslamp,2024-01-25,2024-01-01,0,0,0,True
05TH_AV_J_ST,Gaslamp,Gaslamp,2024-01-25,2024-01-01,1,0,0,True
05TH_AV_K_ST,Gaslamp,Gaslamp,2024-01-25,2024-01-01,2,0,0,True
05TH_AV_MARKET_ST,Gaslamp,Gaslamp,2024-01-25,2024-01-01,3,0,0,True
06TH_AV_ASH_ST,Cortez,Cortez,2024-01-25,2024-01-01,0,0,0,True
06TH_AV_A_ST,City Center,City Center,2024-01-25,2024-01-01,3,0,0,True
06TH_AV_BEECH_ST,Cortez,Cortez,2024-01-25,2024-01-01,0,0,0,True
06TH_AV_BROADWAY,Gaslamp,Gaslamp,2024-01-25,2024-01-01,1,0,0,True
06TH_AV_B_ST,City Center,City Center,2024-01-25,2024-01-01,1,0,0,True
06TH_AV_CEDAR_ST,Cortez,Cortez,2024-01-25,2024-01-01,0,0,0,True
06TH_AV_C_ST,City Center,City Center,2024-01-25,2024-01-01,9,0,0,True
06TH_AV_E_ST,Gaslamp,Gaslamp,2024-01-25,2024-01-01,2,0,0,True
06TH_AV_F_ST,Gaslamp,Gaslamp,2024-01-25,2024-01-01,0,0,0,True
06TH_AV_G_ST,Gaslamp,Gaslamp,2024-01-25,2024-01-01,3,0,0,True
06TH_AV_I-5_SB,Cortez,Cortez,2024-01-25,2024-01-01,0,0,1,True
06TH_AV_ISLAND_AV,Gaslamp,Gaslamp,2024-01-25,2024-01-01,0,0,0,True
06TH_AV_J_ST,Gaslamp,Gaslamp,2024-01-25,2024-01-01,5,0,0,True
06TH_AV_K_ST,Gaslamp,Gaslamp,2024-01-25,2024-01-01,4,0,0,True
06TH_AV_L_ST,Gaslamp,Gaslamp,2024-01-25,2024-01-01,1,0,0,True
06TH_AV_MARKET_ST,Gaslamp,Gaslamp,2024-01-25,2024-01-01,3,0,0,True
07TH_AV_ASH_ST,Cortez,Cortez,2024-01-25,2024-01-01,0,0,0,True
07TH_AV_A_ST,City Center,City Center,2024-01-25,2024-01-01,0,0,0,True
07TH_AV_BEECH_ST,Cortez,Cortez,2024-01-25,2024-01-01,0,0,0,True
07TH_AV_BROADWAY,City Center,City Center,2024-01-25,2024-01-01,0,0,0,True
07TH_AV_B_ST,City Center,City Center,2024-01-25,2024-01-01,2,0,0,True
07TH_AV_CEDAR_ST,Cortez,Cortez,2024-01-25,2024-01-01,0,0,0,True
07TH_AV_C_ST,City Center,City Center,2024-01-25,2024-01-01,2,0,0,True
07TH_AV_E_ST,East Village,East Village,2024-01-25,2024-01-01,2,0,0,True
07TH_AV_F_ST,East Village,East Village,2024-01-25,2024-01-01,3,0,0,True
07TH_AV_G_ST,East Village,East Village,2024-01-25,2024-01-01,0,0,0,True
07TH_AV_I-5_SB,Cortez,Cortez,2024-01-25,2024-01-01,0,1,0,True
07TH_AV_ISLAND_AV,South East Village,East Village,2024-01-25,2024-01-01,3,4,0,True
07TH_AV_J_ST,South East Village,East Village,2024-01-25,2024-01-01,1,0,0,True
07TH_AV_MARKET_ST,South East Village,East Village,2024-01-25,2024-01-01,0,0,0,True
08TH_AV_ASH_ST,Cortez,Cortez,2024-01-25,2024-01-01,0,0,0,True
08TH_AV_A_ST,City Center,City Center,2024-01-25,2024-01-01,0,0,0,True
08TH_AV_BEECH_ST,Cortez,Cortez,2024-01-25,2024-01-01,2,0,0,True
08TH_AV_BROADWAY,City Center,City Center,2024-01-25,2024-01-01,0,0,0,True
08TH_AV_B_ST,City Center,City Center,2024-01-25,2024-01-01,0,0,0,True
08TH_AV_CEDAR_ST,Cortez,Cortez,2024-01-25,2024-01-01,0,0,0,True
08TH_AV_C_ST,City Center,City Center,2024-01-25,2024-01-01,2,0,0,True
08TH_AV_DATE_ST,Cortez,Cortez,2024-01-25,2024-01-01,0,0,0,True
08TH_AV_E_ST,East Village,East Village,2024-01-25,2024-01-01,10,0,0,True
08TH_AV_F_ST,East Village,East Village,2024-01-25,2024-01-01,2,0,0,True
08TH_AV_G_ST,East Village,East Village,2024-01-25,2024-01-01,0,0,0,True
08TH_AV_ISLAND_AV,South East Village,East Village,2024-01-25,2024-01-01,0,0,0,True
08TH_AV_MARKET_ST,South East Village,East Village,2024-01-25,2024-01-01,1,6,0,True
09TH_AV_ASH_ST,Cortez,Cortez,2024-01-25,2024-01-01,0,0,0,True
09TH_AV_A_ST,City Center,City Center,2024-01-25,2024-01-01,0,0,0,True
09TH_AV_BEECH_ST,Cortez,Cortez,2024-01-25,2024-01-01,0,0,0,True
09TH_AV_BROADWAY,City Center,City Center,2024-01-25,2024-01-01,0,5,0,True
09TH_AV_B_ST,City Center,City Center,2024-01-25,2024-01-01,0,0,0,True
09TH_AV_CEDAR_ST,Cortez,Cortez,2024-01-25,2024-01-01,0,0,0,True
09TH_AV_C_ST,City Center,City Center,2024-01-25,2024-01-01,0,0,0,True
09TH_AV_DATE_ST,Cortez,Cortez,2024-01-25,2024-01-01,0,0,0,True
09TH_AV_E_ST,East Village,East Village,2024-01-25,2024-01-01,7,20,0,True
09TH_AV_F_ST,East Village,East Village,2024-01-25,2024-01-01,5,0,0,True
09TH_AV_G_ST,East Village,East Village,2024-01-25,2024-01-01,0,0,0,True
09TH_AV_ISLAND_AV,South East Village,East Village,2024-01-25,2024-01-01,0,0,0,True
09TH_AV_MARKET_ST,South East Village,East Village,2024-01-25,2024-01-01,0,0,0,True
10TH_AV_ASH_ST,Cortez,Cortez,2024-01-25,2024-01-01,0,0,0,True
10TH_AV_A_ST,City Center,City Center,2024-01-25,2024-01-01,0,0,0,True
10TH_AV_BEECH_ST,Cortez,Cortez,2024-01-25,2024-01-01,1,0,0,True
10TH_AV_BROADWAY,City Center,City Center,2024-01-25,2024-01-01,0,0,0,True
10TH_AV_B_ST,City Center,City Center,2024-01-25,2024-01-01,1,0,0,True
10TH_AV_CEDAR_ST,Cortez,Cortez,2024-01-25,2024-01-01,1,0,0,True
10TH_AV_C_ST,City Center,City Center,2024-01-25,2024-01-01,9,2,0,True
10TH_AV_DATE_ST,Cortez,Cortez,2024-01-25,2024-01-01,0,0,0,True
10TH_AV_E_ST,East Village,East Village,2024-01-25,2024-01-01,1,6,0,True
10TH_AV_F_ST,East Village,East Village,2024-01-25,2024-01-01,0,0,0,True
10TH_AV_G_ST,East Village,East Village,2024-01-25,2024-01-01,0,0,0,True
10TH_AV_ISLAND_AV,South East Village,East Village,2024-01-25,2024-01-01,0,0,0,True
10TH_AV_J_ST,South East Village,East Village,2024-01-25,2024-01-01,0,0,0,True
10TH_AV_MARKET_ST,South East Village,East Village,2024-01-25,2024-01-01,0,0,0,True
11TH_AV_A_ST,City Center,City Center,2024-01-25,2024-01-01,3,0,0,True
11TH_AV_BROADWAY,City Center,City Center,2024-01-25,2024-01-01,5,5,0,True
11TH_AV_B_ST,City Center,City Center,2024-01-25,2024-01-01,1,0,0,True
11TH_AV_C_ST,City Center,City Center,2024-01-25,2024-01-01,16,2,0,True
11TH_AV_E_ST,East Village,East Village,2024-01-25,2024-01-01,1,0,0,True
11TH_AV_F_ST,East Village,East Village,2024-01-25,2024-01-01,0,0,0,True
11TH_AV_G_ST,East Village,East Village,2024-01-25,2024-01-01,0,0,0,True
11TH_AV_ISLAND_AV,South East Village,East Village,2024-01-25,2024-01-01,0,0,0,True
11TH_AV_J_ST,South East Village,East Village,2024-01-25,2024-01-01,0,0,0,True
11TH_AV_K_ST,South East Village,East Village,2024-01-25,2024-01-01,3,0,0,True
11TH_AV_MARKET_ST,South East Village,East Village,2024-01-25,2024-01-01,0,0,0,True
12TH_AV_PARK_BL,South East Village,East Village,2024-01-25,2024-01-01,0,0,0,True
13TH_ST_BROADWAY,East Village,East Village,2024-01-25,2024-01-01,8,13,0,True
13TH_ST_C_ST,East Village,East Village,2024-01-25,2024-01-01,1,0,0,True
13TH_ST_E_ST,East Village,East Village,2024-01-25,2024-01-01,1,0,0,True
13TH_ST_F_ST,East Village,East Village,2024-01-25,2024-01-01,0,0,0,True
13TH_ST_G_ST,East Village,East Village,2024-01-25,2024-01-01,0,0,0,True
13TH_ST_IMPERIAL_AV,South East Village,East Village,2024-01-25,2024-01-01,0,0,0,True
13TH_ST_ISLAND_AV,South East Village,East Village,2024-01-25,2024-01-01,1,0,0,True
13TH_ST_J_ST,South East Village,East Village,2024-01-25,2024-01-01,0,0,0,True
13TH_ST_K_ST,South East Village,East Village,2024-01-25,2024-01-01,20,2,0,True
13TH_ST_L_ST,South East Village,East Village,2024-01-25,2024-01-01,2,0,0,True
13TH_ST_MARKET_ST,South East Village,East Village,2024-01-25,2024-01-01,1,0,0,True
14TH_ST_BROADWAY,East Village,East Village,2024-01-25,2024-01-01,0,0,0,True
14TH_ST_C_ST,East Village,East Village,2024-01-25,2024-01-01,1,0,0,True
14TH_ST_E_ST,East Village,East Village,2024-01-25,2024-01-01,0,0,0,True
14TH_ST_F_ST,East Village,East Village,2024-01-25,2024-01-01,0,0,0,True
14TH_ST_G_ST,East Village,East Village,2024-01-25,2024-01-01,0,0,0,True
14TH_ST_IMPERIAL_AV,South East Village,East Village,2024-01-25,2024-01-01,4,1,0,True
14TH_ST_ISLAND_AV,South East Village,East Village,2024-01-25,2024-01-01,1,0,0,True
14TH_ST_J_ST,South East Village,East Village,2024-01-25,2024-01-01,0,0,0,True
14TH_ST_K_ST,South East Village,East Village,2024-01-25,2024-01-01,2,0,1,True
14TH_ST_L_ST,South East Village,East Village,2024-01-25,2024-01-01,7,1,0,True
14TH_ST_MARKET_ST,South East Village,East Village,2024-01-25,2024-01-01,3,1,0,True
15TH_ST_BROADWAY,East Village,East Village,2024-01-25,2024-01-01,0,0,0,True
15TH_ST_C_ST,East Village,East Village,2024-01-25,2024-01-01,3,0,0,True
15TH_ST_E_ST,East Village,East Village,2024-01-25,2024-01-01,1,3,0,True
15TH_ST_F_ST,East Village,East Village,2024-01-25,2024-01-01,0,0,1,True
15TH_ST_G_ST,East Village,East Village,2024-01-25,2024-01-01,4,0,0,True
15TH_ST_IMPERIAL_AV,South East Village,East Village,2024-01-25,2024-01-01,25,7,0,True
15TH_ST_ISLAND_AV,South East Village,East Village,2024-01-25,2024-01-01,0,0,0,True
15TH_ST_J_ST,South East Village,East Village,2024-01-25,2024-01-01,0,0,0,True
15TH_ST_MARKET_ST,South East Village,East Village,2024-01-25,2024-01-01,1,0,0,True
16TH_ST_BROADWAY,East Village,East Village,2024-01-25,2024-01-01,0,0,0,True
16TH_ST_C_ST,East Village,East Village,2024-01-25,2024-01-01,0,0,0,True
16TH_ST_E_ST,East Village,East Village,2024-01-25,2024-01-01,0,0,0,True
16TH_ST_F_ST,East Village,East Village,2024-01-25,2024-01-01,5,3,1,True
16TH_ST_G_ST,East Village,East Village,2024-01-25,2024-01-01,10,3,0,True
16TH_ST_IMPERIAL_AV,South East Village,East Village,2024-01-25,2024-01-01,0,0,0,True
16TH_ST_ISLAND_AV,South East Village,East Village,2024-01-25,2024-01-01,0,0,0,True
16TH_ST_J_ST,South East Village,East Village,2024-01-25,2024-01-01,5,2,0,True
16TH_ST_K_ST,South East Village,East Village,2024-01-25,2024-01-01,2,1,0,True
16TH_ST_MARKET_ST,South East Village,East Village,2024-01-25,2024-01-01,1,10,0,True
17TH_ST_BROADWAY,East Village,East Village,2024-01-25,2024-01-01,0,0,0,True
17TH_ST_C_ST,East Village,East Village,2024-01-25,2024-01-01,0,0,0,True
17TH_ST_E_ST,East Village,East Village,2024-01-25,2024-01-01,0,0,0,True
17TH_ST_F_ST,East Village,East Village,2024-01-25,2024-01-01,15,5,0,True
17TH_ST_G_ST,East Village,East Village,2024-01-25,2024-01-01,0,3,0,True
17TH_ST_IMPERIAL_AV,South East Village,East Village,2024-01-25,2024-01-01,0,0,4,True
17TH_ST_ISLAND_AV,South East Village,East Village,2024-01-25,2024-01-01,2,4,0,True
17TH_ST_J_ST,South East Village,East Village,2024-01-25,2024-01-01,7,3,0,True
17TH_ST_K_ST,South East Village,East Village,2024-01-25,2024-01-01,17,8,0,True
17TH_ST_MARKET_ST,South East Village,East Village,2024-01-25,2024-01-01,2,7,0,True
19TH_ST_I-5_SB_OFF_RA,Golden Hill,Outside Perimeter,2024-01-25,2024-01-01,1,9,0,False
19TH_ST_ISLAND_AV,Sherman Heights,Outside Perimeter,2024-01-25,2024-01-01,0,0,0,False
19TH_ST_J_ST,Sherman Heights,Outside Perimeter,2024-01-25,2024-01-01,1,0,1,False
19TH_ST_MARKET_ST,Sherman Heights,Outside Perimeter,2024-01-25,2024-01-01,1,1,5,False
20TH_ST_BROADWAY,Golden Hill,Outside Perimeter,2024-01-25,2024-01-01,0,0,0,False
20TH_ST_B_ST,Golden Hill,Outside Perimeter,2024-01-25,2024-01-01,0,0,0,False
20TH_ST_C_ST,Golden Hill,Outside Perimeter,2024-01-25,2024-01-01,0,0,0,False
20TH_ST_E_ST,Golden Hill,Outside Perimeter,2024-01-25,2024-01-01,0,0,0,False
20TH_ST_G_ST,Sherman Heights,Outside Perimeter,2024-01-25,2024-01-01,0,0,0,False
20TH_ST_ISLAND_AV,Sherman Heights,Outside Perimeter,2024-01-25,2024-01-01,0,0,0,False
20TH_ST_J_ST,Sherman Heights,Outside Perimeter,2024-01-25,2024-01-01,0,0,0,False
20TH_ST_K_ST,Sherman Heights,Outside Perimeter,2024-01-25,2024-01-01,0,0,0,False
20TH_ST_L_ST,Sherman Heights,Outside Perimeter,2024-01-25,2024-01-01,0,0,0,False
20TH_ST_MARKET_ST,Sherman Heights,Outside Perimeter,2024-01-25,2024-01-01,0,0,0,False
21ST_ST_BROADWAY,Golden Hill,Outside Perimeter,2024-01-25,2024-01-01,0,0,0,False
21ST_ST_B_ST,Golden Hill,Outside Perimeter,2024-01-25,2024-01-01,0,0,0,False
21ST_ST_C_ST,Golden Hill,Outside Perimeter,2024-01-25,2024-01-01,0,0,0,False
21ST_ST_E_ST,Golden Hill,Outside Perimeter,2024-01-25,2024-01-01,0,0,0,False
21ST_ST_G_ST,Sherman Heights,Outside Perimeter,2024-01-25,2024-01-01,0,0,0,False
21ST_ST_ISLAND_AV,Sherman Heights,Outside Perimeter,2024-01-25,2024-01-01,0,0,0,False
21ST_ST_J_ST,Sherman Heights,Outside Perimeter,2024-01-25,2024-01-01,0,0,0,False
21ST_ST_K_ST,Sherman Heights,Outside Perimeter,2024-01-25,2024-01-01,0,0,0,False
21ST_ST_L_ST,Sherman Heights,Outside Perimeter,2024-01-25,2024-01-01,0,0,0,False
21ST_ST_MARKET_ST,Sherman Heights,Outside Perimeter,2024-01-25,2024-01-01,0,0,0,False
21ST_ST_RUSS_BL,Golden Hill,Outside Perimeter,2024-01-25,2024-01-01,0,0,0,False
22ND_ST_A_ST,Golden Hill,Outside Perimeter,2024-01-25,2024-01-01,0,0,0,False
22ND_ST_BROADWAY,Golden Hill,Outside Perimeter,2024-01-25,2024-01-01,0,2,0,False
22ND_ST_BROADWAY__2,Golden Hill,Outside Perimeter,2024-01-25,2024-01-01,0,0,0,False
22ND_ST_B_ST,Golden Hill,Outside Perimeter,2024-01-25,2024-01-01,0,0,0,False
22ND_ST_C_ST,Golden Hill,Outside Perimeter,2024-01-25,2024-01-01,0,0,0,False
22ND_ST_E_ST,Golden Hill,Outside Perimeter,2024-01-25,2024-01-01,0,0,0,False
22ND_ST_G_ST,Sherman Heights,Outside Perimeter,2024-01-25,2024-01-01,0,0,0,False
22ND_ST_ISLAND_AV,Sherman Heights,Outside Perimeter,2024-01-25,2024-01-01,0,0,0,False
22ND_ST_J_ST,Sherman Heights,Outside Perimeter,2024-01-25,2024-01-01,0,0,0,False
22ND_ST_K_ST,Sherman Heights,Outside Perimeter,2024-01-25,2024-01-01,0,0,0,False
22ND_ST_L_ST,Sherman Heights,Outside Perimeter,2024-01-25,2024-01-01,0,0,0,False
22ND_ST_MARKET_ST,Sherman Heights,Outside Perimeter,2024-01-25,2024-01-01,0,0,0,False
22ND_ST_SR-94_EB_ON_RA,Sherman Heights,Outside Perimeter,2024-01-25,2024-01-01,0,0,0,False
23RD_ST_A_ST,Golden Hill,Outside Perimeter,2024-01-25,2024-01-01,0,0,0,False
23RD_ST_BROADWAY,Golden Hill,Outside Perimeter,2024-01-25,2024-01-01,0,0,0,False
23RD_ST_B_ST,Golden Hill,Outside Perimeter,2024-01-25,2024-01-01,0,0,0,False
23RD_ST_C_ST,Golden Hill,Outside Perimeter,2024-01-25,2024-01-01,0,0,0,False
23RD_ST_E_ST,Golden Hill,Outside Perimeter,2024-01-25,2024-01-01,0,0,0,False
24TH_ST_A_ST,Golden Hill,Outside Perimeter,2024-01-25,2024-01-01,0,0,0,False
24TH_ST_BROADWAY,Golden Hill,Outside Perimeter,2024-01-25,2024-01-01,0,0,0,False
24TH_ST_B_ST,Golden Hill,Outside Perimeter,2024-01-25,2024-01-01,0,0,0,False
24TH_ST_C_ST,Golden Hill,Outside Perimeter,2024-01-25,2024-01-01,0,0,0,False
24TH_ST_E_ST,Golden Hill,Outside Perimeter,2024-01-25,2024-01-01,0,0,0,False
24TH_ST_G_ST,Sherman Heights,Outside Perimeter,2024-01-25,2024-01-01,0,0,0,False
24TH_ST_ISLAND_AV,Sherman Heights,Outside Perimeter,2024-01-25,2024-01-01,0,0,0,False
24TH_ST_K_ST,Sherman Heights,Outside Perimeter,2024-01-25,2024-01-01,0,0,0,False
24TH_ST_L_ST,Sherman Heights,Outside Perimeter,2024-01-25,2024-01-01,0,0,0,False
24TH_ST_MARKET_ST,Sherman Heights,Outside Perimeter,2024-01-25,2024-01-01,0,0,0,False
25TH_ST_A_ST,Golden Hill,Outside Perimeter,2024-01-25,2024-01-01,0,0,0,False
25TH_ST_BROADWAY,Golden Hill,Outside Perimeter,2024-01-25,2024-01-01,0,0,0,False
25TH_ST_B_ST,Golden Hill,Outside Perimeter,2024-01-25,2024-01-01,0,0,0,False
25TH_ST_C_ST,Golden Hill,Outside Perimeter,2024-01-25,2024-01-01,0,0,0,False
25TH_ST_E_ST,Golden Hill,Outside Perimeter,2024-01-25,2024-01-01,0,0,0,False
25TH_ST_G_ST,Sherman Heights,Outside Perimeter,2024-01-25,2024-01-01,0,0,0,False
25TH_ST_ISLAND_AV,Sherman Heights,Outside Perimeter,2024-01-25,2024-01-01,0,0,0,False
25TH_ST_J_ST,Sherman Heights,Outside Perimeter,2024-01-25,2024-01-01,0,0,0,False
25TH_ST_K_ST,Sherman Heights,Outside Perimeter,2024-01-25,2024-01-01,0,0,0,False
25TH_ST_L_ST,Sherman Heights,Outside Perimeter,2024-01-25,2024-01-01,0,0,0,False
25TH_ST_MARKET_ST,Sherman Heights,Outside Perimeter,2024-01-25,2024-01-01,0,0,0,False
25TH_ST_RUSS_BL,Golden Hill,Outside Perimeter,2024-01-25,2024-01-01,0,0,0,False
25TH_ST_SR-94_EB,Sherman Heights,Outside Perimeter,2024-01-25,2024-01-01,0,0,0,False
25TH_ST_SR-94_WB,Golden Hill,Outside Perimeter,2024-01-25,2024-01-01,0,0,0,False
26TH_ST_A_ST,Golden Hill,Outside Perimeter,2024-01-25,2024-01-01,0,0,0,False
26TH_ST_BROADWAY,Golden Hill,Outside Perimeter,2024-01-25,2024-01-01,0,0,0,False
26TH_ST_B_ST,Golden Hill,Outside Perimeter,2024-01-25,2024-01-01,0,0,0,False
26TH_ST_C_ST,Golden Hill,Outside Perimeter,2024-01-25,2024-01-01,0,0,0,False
26TH_ST_E_ST,Golden Hill,Outside Perimeter,2024-01-25,2024-01-01,0,0,0,False
26TH_ST_RUSS_BL,Golden Hill,Outside Perimeter,2024-01-25,2024-01-01,0,0,0,False
27TH_ST_A_ST,Golden Hill,Outside Perimeter,2024-01-25,2024-01-01,0,0,0,False
27TH_ST_BROADWAY,Golden Hill,Outside Perimeter,2024-01-25,2024-01-01,0,0,0,False
27TH_ST_B_ST,Golden Hill,Outside Perimeter,2024-01-25,2024-01-01,0,0,0,False
27TH_ST_C_ST,Golden Hill,Outside Perimeter,2024-01-25,2024-01-01,0,0,0,False
27TH_ST_E_ST,Golden Hill,Outside Perimeter,2024-01-25,2024-01-01,0,0,0,False
27TH_ST_RUSS_BL,Golden Hill,Outside Perimeter,2024-01-25,2024-01-01,0,0,0,False
28TH_ST_A_ST,Golden Hill,Outside Perimeter,2024-01-25,2024-01-01,0,0,0,False
28TH_ST_BROADWAY,Golden Hill,Outside Perimeter,2024-01-25,2024-01-01,0,0,0,False
28TH_ST_B_ST,Golden Hill,Outside Perimeter,2024-01-25,2024-01-01,0,0,0,False
28TH_ST_C_ST,Golden Hill,Outside Perimeter,2024-01-25,2024-01-01,0,0,0,False
28TH_ST_E_ST,Golden Hill,Outside Perimeter,2024-01-25,2024-01-01,0,0,0,False
28TH_ST_RUSS_BL,Golden Hill,Outside Perimeter,2024-01-25,2024-01-01,0,0,0,False
28TH_ST_TREAT_ST,Golden Hill,Outside Perimeter,2024-01-25,2024-01-01,0,0,0,False
BEARDSLEY_ST_LOGAN_AV,Barrio Logan,Outside Perimeter,2024-01-25,2024-01-01,0,0,0,False
BEARDSLEY_ST_MAIN_ST,Barrio Logan,Outside Perimeter,2024-01-25,2024-01-01,0,0,0,False
BEARDSLEY_ST_NATIONAL_AV,Barrio Logan,Outside Perimeter,2024-01-25,2024-01-01,0,0,0,False
BEARDSLEY_ST_NEWTON_AV,Barrio Logan,Outside Perimeter,2024-01-25,2024-01-01,0,0,0,False
CALIFORNIA_ST_W_ASH_ST,Columbia,Columbia,2024-01-25,2024-01-01,1,0,0,True
CALIFORNIA_ST_W_BROADWAY,Columbia,Columbia,2024-01-25,2024-01-01,0,0,0,True
CESAR_E_CHAVEZ_PY_CROSBY_RD,Barrio Logan,Outside Perimeter,2024-01-25,2024-01-01,0,0,0,False
CESAR_E_CHAVEZ_PY_HARBOR_DR,Barrio Logan,Outside Perimeter,2024-01-25,2024-01-01,0,0,0,False
CESAR_E_CHAVEZ_PY_I-5_SB,Barrio Logan,Outside Perimeter,2024-01-25,2024-01-01,0,0,0,False
CESAR_E_CHAVEZ_PY_LOGAN_AV,Barrio Logan,Outside Perimeter,2024-01-25,2024-01-01,0,0,0,False
CESAR_E_CHAVEZ_PY_MAIN_ST,Barrio Logan,Outside Perimeter,2024-01-25,2024-01-01,0,0,0,False
CESAR_E_CHAVEZ_PY_NATIONAL_AV,Barrio Logan,Outside Perimeter,2024-01-25,2024-01-01,0,0,0,False
CESAR_E_CHAVEZ_PY_NEWTON_AV,Barrio Logan,Outside Perimeter,2024-01-25,2024-01-01,0,0,0,False
COLUMBIA_ST_W_ASH_ST,Columbia,Columbia,2024-01-25,2024-01-01,0,0,0,True
COLUMBIA_ST_W_A_ST,Columbia,Columbia,2024-01-25,2024-01-01,0,0,0,True
COLUMBIA_ST_W_B_ST,Columbia,Columbia,2024-01-25,2024-01-01,0,0,0,True
COLUMBIA_ST_W_C_ST,Columbia,Columbia,2024-01-25,2024-01-01,0,0,0,True
COLUMBIA_ST_W_G_ST,Marina,Marina,2024-01-25,2024-01-01,0,0,0,True
DEWEY_ST_NATIONAL_AV,Barrio Logan,Outside Perimeter,2024-01-25,2024-01-01,0,0,0,False
FRONT_ST_W_ASH_ST,Cortez,Cortez,2024-01-25,2024-01-01,0,0,0,True
FRONT_ST_W_A_ST,City Center,City Center,2024-01-25,2024-01-01,0,0,0,True
FRONT_ST_W_BROADWAY,City Center,City Center,2024-01-25,2024-01-01,0,0,0,True
FRONT_ST_W_B_ST,City Center,City Center,2024-01-25,2024-01-01,0,1,0,True
FRONT_ST_W_C_ST,City Center,City Center,2024-01-25,2024-01-01,0,0,0,True
FRONT_ST_W_E_ST,City Center,City Center,2024-01-25,2024-01-01,0,0,0,True
FRONT_ST_W_F_ST,Marina,Marina,2024-01-25,2024-01-01,0,0,0,True
FRONT_ST_W_G_ST,Marina,Marina,2024-01-25,2024-01-01,0,0,0,True
FRONT_ST_W_MARKET_ST,Marina,Marina,2024-01-25,2024-01-01,0,0,0,True
FRONT_ST_W_MARKET_ST__2,Marina,Marina,2024-01-25,2024-01-01,0,0,0,True
I-5_SB_IMPERIAL_AV,South East Village,East Village,2024-01-25,2024-01-01,0,0,0,True
I-5_SB_ISLAND_AV,South East Village,East Village,2024-01-25,2024-01-01,1,0,0,True
I-5_SB_MARKET_ST,South East Village,East Village,2024-01-25,2024-01-01,0,1,0,True
I-5_SB_OFF_RA_J_ST,South East Village,East Village,2024-01-25,2024-01-01,3,15,0,True
I-5_SB_OFF_RA_Map_Border,South East Village,East Village,2024-01-25,2024-01-01,1,3,0,True
I-5_SB_ON_RA_BROADWAY,East Village,East Village,2024-01-25,2024-01-01,0,0,0,True
I-5_SB_ON_RA_C_ST,East Village,East Village,2024-01-25,2024-01-01,0,0,0,True
I-5_SB_ON_RA_E_ST,East Village,East Village,2024-01-25,2024-01-01,0,0,0,True
I-5_SB_ON_RA_F_ST,East Village,East Village,2024-01-25,2024-01-01,0,2,0,True
I-5_SB_ON_RA_G_ST,East Village,East Village,2024-01-25,2024-01-01,3,12,0,True
I-5_SB_ON_RA_Map_Border,South East Village,East Village,2024-01-25,2024-01-01,0,0,0,True
INDIA_ST_W_ASH_ST,Columbia,Columbia,2024-01-25,2024-01-01,0,0,0,True
INDIA_ST_W_A_ST,Columbia,Columbia,2024-01-25,2024-01-01,0,0,0,True
INDIA_ST_W_B_ST,Columbia,Columbia,2024-01-25,2024-01-01,12,0,0,True
KETTNER_BL_W_ASH_ST,Columbia,Columbia,2024-01-25,2024-01-01,0,0,0,True
KETTNER_BL_W_A_ST,Columbia,Columbia,2024-01-25,2024-01-01,3,0,0,True
KETTNER_BL_W_BROADWAY,Columbia,Columbia,2024-01-25,2024-01-01,0,0,0,True
KETTNER_BL_W_E_ST,Marina,Marina,2024-01-25,2024-01-01,1,4,0,True
KETTNER_BL_W_F_ST,Marina,Marina,2024-01-25,2024-01-01,0,0,0,True
KETTNER_BL_W_G_ST,Marina,Marina,2024-01-25,2024-01-01,0,0,0,True
Map_Border_BAY_FRONT_ST,Barrio Logan,Outside Perimeter,2024-01-25,2024-01-01,0,0,0,False
Map_Border_BROADWAY,City Center,City Center,2024-01-25,2024-01-01,0,0,0,True
Map_Border_HARBOR_DR,Barrio Logan,Outside Perimeter,2024-01-25,2024-01-01,0,0,0,False
Map_Border_IMPERIAL_AV,South East Village,East Village,2024-01-25,2024-01-01,0,0,0,True
Map_Border_Map_Border,Barrio Logan,Outside Perimeter,2024-01-25,2024-01-01,0,0,0,False
Map_Border_NATIONAL_AV,South East Village,East Village,2024-01-25,2024-01-01,0,0,0,True
NATIONAL_AV_IMPERIAL_AV,South East Village,East Village,2024-01-25,2024-01-01,0,0,0,True
NEWTON_AV_Map_Border,Barrio Logan,Outside Perimeter,2024-01-25,2024-01-01,0,0,0,False
NEWTON_AV_PARK_BL,Barrio Logan,Outside Perimeter,2024-01-25,2024-01-01,0,0,0,False
PARK_BL_A_ST,City Center,City Center,2024-01-25,2024-01-01,1,6,0,True
PARK_BL_BROADWAY,City Center,City Center,2024-01-25,2024-01-01,3,0,0,True
PARK_BL_B_ST,City Center,City Center,2024-01-25,2024-01-01,5,0,0,True
PARK_BL_C_ST,City Center,City Center,2024-01-25,2024-01-01,15,0,0,True
PARK_BL_E_ST,East Village,East Village,2024-01-25,2024-01-01,1,1,0,True
PARK_BL_F_ST,East Village,East Village,2024-01-25,2024-01-01,0,0,0,True
PARK_BL_G_ST,East Village,East Village,2024-01-25,2024-01-01,2,0,0,True
PARK_BL_ISLAND_AV,South East Village,East Village,2024-01-25,2024-01-01,0,0,0,True
PARK_BL_J_ST,South East Village,East Village,2024-01-25,2024-01-01,46,3,0,True
PARK_BL_MARKET_ST,South East Village,East Village,2024-01-25,2024-01-01,2,0,0,True
PARK_BL_RUSS_BL,City Center,City Center,2024-01-25,2024-01-01,0,0,0,True
SAMPSON_ST_I-5_SB,Barrio Logan,Outside Perimeter,2024-01-25,2024-01-01,0,0,0,False
SAMPSON_ST_LOGAN_AV,Barrio Logan,Outside Perimeter,2024-01-25,2024-01-01,0,0,0,False
SAMPSON_ST_MAIN_ST,Barrio Logan,Outside Perimeter,2024-01-25,2024-01-01,0,0,0,False
SAMPSON_ST_NATIONAL_AV,Barrio Logan,Outside Perimeter,2024-01-25,2024-01-01,0,0,0,False
SAMPSON_ST_NEWTON_AV,Barrio Logan,Outside Perimeter,2024-01-25,2024-01-01,0,0,0,False
SIGSBEE_ST_LOGAN_AV,Barrio Logan,Outside Perimeter,2024-01-25,2024-01-01,0,0,0,False
SIGSBEE_ST_NATIONAL_AV,Barrio Logan,Outside Perimeter,2024-01-25,2024-01-01,1,0,0,False
SR-163_NB_ON_RA_ASH_ST,Cortez,Cortez,2024-01-25,2024-01-01,2,1,0,True
SR-75_NB_HARBOR_DR,Barrio Logan,Outside Perimeter,2024-01-25,2024-01-01,0,0,0,False
SR-75_NB_MAIN_ST,Barrio Logan,Outside Perimeter,2024-01-25,2024-01-01,0,0,0,False
SR-75_NB_NEWTON_AV,Barrio Logan,Outside Perimeter,2024-01-25,2024-01-01,0,0,0,False
STATE_ST_Map_Border,Marina,Marina,2024-01-25,2024-01-01,2,0,0,True
STATE_ST_W_ASH_ST,Columbia,Columbia,2024-01-25,2024-01-01,0,0,0,True
STATE_ST_W_A_ST,Columbia,Columbia,2024-01-25,2024-01-01,0,0,0,True
STATE_ST_W_BROADWAY,Columbia,Columbia,2024-01-25,2024-01-01,2,0,0,True
STATE_ST_W_B_ST,Columbia,Columbia,2024-01-25,2024-01-01,1,0,0,True
STATE_ST_W_C_ST,Columbia,Columbia,2024-01-25,2024-01-01,0,0,0,True
STATE_ST_W_G_ST,Marina,Marina,2024-01-25,2024-01-01,0,0,0,True
S_16TH_ST_COMMERCIAL_ST,Barrio Logan,Outside Perimeter,2024-01-25,2024-01-01,0,0,0,False
S_16TH_ST_NATIONAL_AV,Barrio Logan,Outside Perimeter,2024-01-25,2024-01-01,0,0,0,False
S_17TH_ST_COMMERCIAL_ST,Barrio Logan,Outside Perimeter,2024-01-25,2024-01-01,0,0,0,False
S_EVANS_ST_I-5_SB,Barrio Logan,Outside Perimeter,2024-01-25,2024-01-01,0,0,0,False
S_EVANS_ST_LOGAN_AV,Barrio Logan,Outside Perimeter,2024-01-25,2024-01-01,0,0,0,False
S_EVANS_ST_MAIN_ST,Barrio Logan,Outside Perimeter,2024-01-25,2024-01-01,0,0,0,False
S_EVANS_ST_NATIONAL_AV,Barrio Logan,Outside Perimeter,2024-01-25,2024-01-01,0,0,0,False
S_EVANS_ST_NEWTON_AV,Barrio Logan,Outside Perimeter,2024-01-25,2024-01-01,0,0,0,False
TONY_GWYNN_DR_K_ST,South East Village,East Village,2024-01-25,2024-01-01,0,0,0,True
TONY_GWYNN_DR_L_ST,South East Village,East Village,2024-01-25,2024-01-01,0,0,0,True
UNION_ST_W_ASH_ST,Columbia,Columbia,2024-01-25,2024-01-01,2,6,0,True
UNION_ST_W_A_ST,Columbia,Columbia,2024-01-25,2024-01-01,2,0,0,True
UNION_ST_W_BROADWAY,Columbia,Columbia,2024-01-25,2024-01-01,0,0,0,True
UNION_ST_W_B_ST,Columbia,Columbia,2024-01-25,2024-01-01,0,0,0,True
UNION_ST_W_C_ST,Columbia,Columbia,2024-01-25,2024-01-01,0,0,0,True
UNION_ST_W_E_ST,Marina,Marina,2024-01-25,2024-01-01,0,0,0,True
UNION_ST_W_F_ST,Marina,Marina,2024-01-25,2024-01-01,0,0,0,True
UNION_ST_W_G_ST,Marina,Marina,2024-01-25,2024-01-01,0,0,0,True
01ST_AV_I-5_SB,Cortez,Cortez,2025-01-31,2025-01-01,0,0,0,True
01ST_AV_W_ASH_ST,Cortez,Cortez,2025-01-31,2025-01-01,0,0,0,True
01ST_AV_W_A_ST,City Center,City Center,2025-01-31,2025-01-01,3,0,0,True
01ST_AV_W_BEECH_ST,Cortez,Cortez,2025-01-31,2025-01-01,0,0,0,True
01ST_AV_W_BROADWAY,City Center,City Center,2025-01-31,2025-01-01,0,0,0,True
01ST_AV_W_B_ST,City Center,City Center,2025-01-31,2025-01-01,4,1,0,True
01ST_AV_W_CEDAR_ST,Cortez,Cortez,2025-01-31,2025-01-01,0,0,0,True
01ST_AV_W_C_ST,City Center,City Center,2025-01-31,2025-01-01,0,0,0,True
01ST_AV_W_E_ST,City Center,City Center,2025-01-31,2025-01-01,0,0,0,True
01ST_AV_W_F_ST,City Center,City Center,2025-01-31,2025-01-01,0,0,0,True
01ST_AV_W_G_ST,Marina,Marina,2025-01-31,2025-01-01,0,0,0,True
01ST_AV_W_ISLAND_AV,Marina,Marina,2025-01-31,2025-01-01,1,0,0,True
01ST_AV_W_MARKET_ST,Marina,Marina,2025-01-31,2025-01-01,0,0,0,True
02ND_AV_ASH_ST,Cortez,Cortez,2025-01-31,2025-01-01,0,0,0,True
02ND_AV_BEECH_ST,Cortez,Cortez,2025-01-31,2025-01-01,0,0,0,True
02ND_AV_CEDAR_ST,Cortez,Cortez,2025-01-31,2025-01-01,1,0,0,True
02ND_AV_C_ST,City Center,City Center,2025-01-31,2025-01-01,0,0,0,True
02ND_AV_G_ST,Marina,Marina,2025-01-31,2025-01-01,0,0,0,True
02ND_AV_I-5_SB,Cortez,Cortez,2025-01-31,2025-01-01,2,0,0,True
02ND_AV_ISLAND_AV,Marina,Marina,2025-01-31,2025-01-01,0,0,0,True
02ND_AV_MARKET_ST,Marina,Marina,2025-01-31,2025-01-01,1,0,0,True
03RD_AV_ASH_ST,Cortez,Cortez,2025-01-31,2025-01-01,3,0,0,True
03RD_AV_A_ST,City Center,City Center,2025-01-31,2025-01-01,64,0,0,True
03RD_AV_BEECH_ST,Cortez,Cortez,2025-01-31,2025-01-01,0,0,0,True
03RD_AV_CEDAR_ST,Cortez,Cortez,2025-01-31,2025-01-01,3,1,0,True
03RD_AV_C_ST,City Center,City Center,2025-01-31,2025-01-01,2,0,0,True
03RD_AV_G_ST,Marina,Marina,2025-01-31,2025-01-01,0,0,0,True
03RD_AV_I-5_SB,Cortez,Cortez,2025-01-31,2025-01-01,0,0,0,True
03RD_AV_ISLAND_AV,Marina,Marina,2025-01-31,2025-01-01,0,0,0,True
03RD_AV_J_ST,Marina,Marina,2025-01-31,2025-01-01,0,0,0,True
03RD_AV_MARKET_ST,Marina,Marina,2025-01-31,2025-01-01,1,0,0,True
04TH_AV_ASH_ST,Cortez,Cortez,2025-01-31,2025-01-01,0,0,0,True
04TH_AV_A_ST,City Center,City Center,2025-01-31,2025-01-01,2,0,0,True
04TH_AV_BEECH_ST,Cortez,Cortez,2025-01-31,2025-01-01,0,0,0,True
04TH_AV_BROADWAY,City Center,City Center,2025-01-31,2025-01-01,3,0,0,True
04TH_AV_B_ST,City Center,City Center,2025-01-31,2025-01-01,1,0,0,True
04TH_AV_CEDAR_ST,Cortez,Cortez,2025-01-31,2025-01-01,6,0,0,True
04TH_AV_C_ST,City Center,City Center,2025-01-31,2025-01-01,0,0,0,True
04TH_AV_G_ST,Marina,Marina,2025-01-31,2025-01-01,3,0,0,True
04TH_AV_I-5_SB,Cortez,Cortez,2025-01-31,2025-01-01,0,0,0,True
04TH_AV_ISLAND_AV,Marina,Marina,2025-01-31,2025-01-01,2,0,0,True
04TH_AV_J_ST,Marina,Marina,2025-01-31,2025-01-01,0,0,0,True
04TH_AV_MARKET_ST,Marina,Marina,2025-01-31,2025-01-01,0,0,0,True
05TH_AV_ASH_ST,Cortez,Cortez,2025-01-31,2025-01-01,0,0,0,True
05TH_AV_A_ST,City Center,City Center,2025-01-31,2025-01-01,2,2,0,True
05TH_AV_BEECH_ST,Cortez,Cortez,2025-01-31,2025-01-01,0,0,0,True
05TH_AV_BROADWAY,Gaslamp,Gaslamp,2025-01-31,2025-01-01,6,0,0,True
05TH_AV_B_ST,City Center,City Center,2025-01-31,2025-01-01,2,0,0,True
05TH_AV_CEDAR_ST,Cortez,Cortez,2025-01-31,2025-01-01,13,0,0,True
05TH_AV_C_ST,City Center,City Center,2025-01-31,2025-01-01,1,0,0,True
05TH_AV_E_ST,Gaslamp,Gaslamp,2025-01-31,2025-01-01,2,0,0,True
05TH_AV_F_ST,Gaslamp,Gaslamp,2025-01-31,2025-01-01,2,0,0,True
05TH_AV_G_ST,Gaslamp,Gaslamp,2025-01-31,2025-01-01,0,0,0,True
05TH_AV_I-5_SB,Cortez,Cortez,2025-01-31,2025-01-01,1,0,0,True
05TH_AV_ISLAND_AV,Gaslamp,Gaslamp,2025-01-31,2025-01-01,1,0,0,True
05TH_AV_J_ST,Gaslamp,Gaslamp,2025-01-31,2025-01-01,2,0,0,True
05TH_AV_K_ST,Gaslamp,Gaslamp,2025-01-31,2025-01-01,1,0,0,True
05TH_AV_MARKET_ST,Gaslamp,Gaslamp,2025-01-31,2025-01-01,3,0,0,True
06TH_AV_ASH_ST,Cortez,Cortez,2025-01-31,2025-01-01,0,0,0,True
06TH_AV_A_ST,City Center,City Center,2025-01-31,2025-01-01,1,0,0,True
06TH_AV_BEECH_ST,Cortez,Cortez,2025-01-31,2025-01-01,0,0,0,True
06TH_AV_BROADWAY,Gaslamp,Gaslamp,2025-01-31,2025-01-01,8,0,0,True
06TH_AV_B_ST,City Center,City Center,2025-01-31,2025-01-01,7,0,0,True
06TH_AV_CEDAR_ST,Cortez,Cortez,2025-01-31,2025-01-01,2,0,0,True
06TH_AV_C_ST,City Center,City Center,2025-01-31,2025-01-01,16,0,0,True
06TH_AV_E_ST,Gaslamp,Gaslamp,2025-01-31,2025-01-01,0,0,0,True
06TH_AV_F_ST,Gaslamp,Gaslamp,2025-01-31,2025-01-01,4,0,0,True
06TH_AV_G_ST,Gaslamp,Gaslamp,2025-01-31,2025-01-01,3,0,0,True
06TH_AV_I-5_SB,Cortez,Cortez,2025-01-31,2025-01-01,2,0,1,True
06TH_AV_ISLAND_AV,Gaslamp,Gaslamp,2025-01-31,2025-01-01,0,0,0,True
06TH_AV_J_ST,Gaslamp,Gaslamp,2025-01-31,2025-01-01,2,0,0,True
06TH_AV_K_ST,Gaslamp,Gaslamp,2025-01-31,2025-01-01,2,0,0,True
06TH_AV_L_ST,Gaslamp,Gaslamp,2025-01-31,2025-01-01,2,0,0,True
06TH_AV_MARKET_ST,Gaslamp,Gaslamp,2025-01-31,2025-01-01,3,0,0,True
07TH_AV_ASH_ST,Cortez,Cortez,2025-01-31,2025-01-01,0,0,0,True
07TH_AV_A_ST,City Center,City Center,2025-01-31,2025-01-01,0,0,0,True
07TH_AV_BEECH_ST,Cortez,Cortez,2025-01-31,2025-01-01,0,0,0,True
07TH_AV_BROADWAY,City Center,City Center,2025-01-31,2025-01-01,3,0,0,True
07TH_AV_B_ST,City Center,City Center,2025-01-31,2025-01-01,3,0,0,True
07TH_AV_CEDAR_ST,Cortez,Cortez,2025-01-31,2025-01-01,2,0,0,True
07TH_AV_C_ST,City Center,City Center,2025-01-31,2025-01-01,0,0,0,True
07TH_AV_E_ST,East Village,East Village,2025-01-31,2025-01-01,0,0,0,True
07TH_AV_F_ST,East Village,East Village,2025-01-31,2025-01-01,4,0,0,True
07TH_AV_G_ST,East Village,East Village,2025-01-31,2025-01-01,0,0,0,True
07TH_AV_I-5_SB,Cortez,Cortez,2025-01-31,2025-01-01,6,0,0,True
07TH_AV_ISLAND_AV,South East Village,East Village,2025-01-31,2025-01-01,2,2,0,True
07TH_AV_J_ST,South East Village,East Village,2025-01-31,2025-01-01,0,0,0,True
07TH_AV_MARKET_ST,South East Village,East Village,2025-01-31,2025-01-01,0,0,0,True
08TH_AV_ASH_ST,Cortez,Cortez,2025-01-31,2025-01-01,1,0,0,True
08TH_AV_A_ST,City Center,City Center,2025-01-31,2025-01-01,0,0,0,True
08TH_AV_BEECH_ST,Cortez,Cortez,2025-01-31,2025-01-01,0,0,0,True
08TH_AV_BROADWAY,City Center,City Center,2025-01-31,2025-01-01,0,0,0,True
08TH_AV_B_ST,City Center,City Center,2025-01-31,2025-01-01,3,0,0,True
08TH_AV_CEDAR_ST,Cortez,Cortez,2025-01-31,2025-01-01,0,0,0,True
08TH_AV_C_ST,City Center,City Center,2025-01-31,2025-01-01,2,0,0,True
08TH_AV_DATE_ST,Cortez,Cortez,2025-01-31,2025-01-01,0,0,0,True
08TH_AV_E_ST,East Village,East Village,2025-01-31,2025-01-01,9,2,0,True
08TH_AV_F_ST,East Village,East Village,2025-01-31,2025-01-01,0,0,0,True
08TH_AV_G_ST,East Village,East Village,2025-01-31,2025-01-01,0,0,0,True
08TH_AV_ISLAND_AV,South East Village,East Village,2025-01-31,2025-01-01,1,0,0,True
08TH_AV_MARKET_ST,South East Village,East Village,2025-01-31,2025-01-01,4,0,0,True
09TH_AV_ASH_ST,Cortez,Cortez,2025-01-31,2025-01-01,0,0,0,True
09TH_AV_A_ST,City Center,City Center,2025-01-31,2025-01-01,0,0,0,True
09TH_AV_BEECH_ST,Cortez,Cortez,2025-01-31,2025-01-01,0,0,0,True
09TH_AV_BROADWAY,City Center,City Center,2025-01-31,2025-01-01,0,0,0,True
09TH_AV_B_ST,City Center,City Center,2025-01-31,2025-01-01,0,0,0,True
09TH_AV_CEDAR_ST,Cortez,Cortez,2025-01-31,2025-01-01,0,0,0,True
09TH_AV_C_ST,City Center,City Center,2025-01-31,2025-01-01,0,0,0,True
09TH_AV_DATE_ST,Cortez,Cortez,2025-01-31,2025-01-01,0,0,0,True
09TH_AV_E_ST,East Village,East Village,2025-01-31,2025-01-01,5,3,0,True
09TH_AV_F_ST,East Village,East Village,2025-01-31,2025-01-01,2,0,1,True
09TH_AV_G_ST,East Village,East Village,2025-01-31,2025-01-01,2,0,0,True
09TH_AV_ISLAND_AV,South East Village,East Village,2025-01-31,2025-01-01,0,0,0,True
09TH_AV_MARKET_ST,South East Village,East Village,2025-01-31,2025-01-01,0,0,0,True
10TH_AV_ASH_ST,Cortez,Cortez,2025-01-31,2025-01-01,0,0,0,True
10TH_AV_A_ST,City Center,City Center,2025-01-31,2025-01-01,0,0,0,True
10TH_AV_BEECH_ST,Cortez,Cortez,2025-01-31,2025-01-01,0,0,0,True
10TH_AV_BROADWAY,City Center,City Center,2025-01-31,2025-01-01,3,2,0,True
10TH_AV_B_ST,City Center,City Center,2025-01-31,2025-01-01,3,0,0,True
10TH_AV_CEDAR_ST,Cortez,Cortez,2025-01-31,2025-01-01,0,0,0,True
10TH_AV_C_ST,City Center,City Center,2025-01-31,2025-01-01,5,0,0,True
10TH_AV_DATE_ST,Cortez,Cortez,2025-01-31,2025-01-01,0,0,0,True
10TH_AV_E_ST,East Village,East Village,2025-01-31,2025-01-01,4,0,0,True
10TH_AV_F_ST,East Village,East Village,2025-01-31,2025-01-01,2,0,0,True
10TH_AV_G_ST,East Village,East Village,2025-01-31,2025-01-01,1,0,0,True
10TH_AV_ISLAND_AV,South East Village,East Village,2025-01-31,2025-01-01,1,0,0,True
10TH_AV_J_ST,South East Village,East Village,2025-01-31,2025-01-01,1,0,0,True
10TH_AV_MARKET_ST,South East Village,East Village,2025-01-31,2025-01-01,0,0,0,True
11TH_AV_A_ST,City Center,City Center,2025-01-31,2025-01-01,3,1,0,True
11TH_AV_BROADWAY,City Center,City Center,2025-01-31,2025-01-01,1,0,0,True
11TH_AV_B_ST,City Center,City Center,2025-01-31,2025-01-01,0,0,0,True
11TH_AV_C_ST,City Center,City Center,2025-01-31,2025-01-01,5,1,0,True
11TH_AV_E_ST,East Village,East Village,2025-01-31,2025-01-01,1,1,0,True
11TH_AV_F_ST,East Village,East Village,2025-01-31,2025-01-01,0,0,0,True
11TH_AV_G_ST,East Village,East Village,2025-01-31,2025-01-01,0,0,0,True
11TH_AV_ISLAND_AV,South East Village,East Village,2025-01-31,2025-01-01,1,0,0,True
11TH_AV_J_ST,South East Village,East Village,2025-01-31,2025-01-01,0,0,0,True
11TH_AV_K_ST,South East Village,East Village,2025-01-31,2025-01-01,1,0,0,True
11TH_AV_MARKET_ST,South East Village,East Village,2025-01-31,2025-01-01,0,0,0,True
12TH_AV_PARK_BL,South East Village,East Village,2025-01-31,2025-01-01,1,0,0,True
13TH_ST_BROADWAY,East Village,East Village,2025-01-31,2025-01-01,3,0,0,True
13TH_ST_C_ST,East Village,East Village,2025-01-31,2025-01-01,0,0,0,True
13TH_ST_E_ST,East Village,East Village,2025-01-31,2025-01-01,0,0,0,True
13TH_ST_F_ST,East Village,East Village,2025-01-31,2025-01-01,1,0,0,True
13TH_ST_G_ST,East Village,East Village,2025-01-31,2025-01-01,0,0,0,True
13TH_ST_IMPERIAL_AV,South East Village,East Village,2025-01-31,2025-01-01,10,0,0,True
13TH_ST_ISLAND_AV,South East Village,East Village,2025-01-31,2025-01-01,0,0,0,True
13TH_ST_J_ST,South East Village,East Village,2025-01-31,2025-01-01,0,0,0,True
13TH_ST_K_ST,South East Village,East Village,2025-01-31,2025-01-01,0,0,0,True
13TH_ST_L_ST,South East Village,East Village,2025-01-31,2025-01-01,2,0,0,True
13TH_ST_MARKET_ST,South East Village,East Village,2025-01-31,2025-01-01,5,0,0,True
14TH_ST_BROADWAY,East Village,East Village,2025-01-31,2025-01-01,0,0,0,True
14TH_ST_C_ST,East Village,East Village,2025-01-31,2025-01-01,0,0,0,True
14TH_ST_E_ST,East Village,East Village,2025-01-31,2025-01-01,1,0,0,True
14TH_ST_F_ST,East Village,East Village,2025-01-31,2025-01-01,0,0,0,True
14TH_ST_G_ST,East Village,East Village,2025-01-31,2025-01-01,0,0,0,True
14TH_ST_IMPERIAL_AV,South East Village,East Village,2025-01-31,2025-01-01,0,0,0,True
14TH_ST_ISLAND_AV,South East Village,East Village,2025-01-31,2025-01-01,2,0,0,True
14TH_ST_J_ST,South East Village,East Village,2025-01-31,2025-01-01,0,0,0,True
14TH_ST_K_ST,South East Village,East Village,2025-01-31,2025-01-01,3,0,0,True
14TH_ST_L_ST,South East Village,East Village,2025-01-31,2025-01-01,6,0,0,True
14TH_ST_MARKET_ST,South East Village,East Village,2025-01-31,2025-01-01,0,0,0,True
15TH_ST_BROADWAY,East Village,East Village,2025-01-31,2025-01-01,0,0,0,True
15TH_ST_C_ST,East Village,East Village,2025-01-31,2025-01-01,0,0,0,True
15TH_ST_E_ST,East Village,East Village,2025-01-31,2025-01-01,0,0,0,True
15TH_ST_F_ST,East Village,East Village,2025-01-31,2025-01-01,0,0,0,True
15TH_ST_G_ST,East Village,East Village,2025-01-31,2025-01-01,0,0,0,True
15TH_ST_IMPERIAL_AV,South East Village,East Village,2025-01-31,2025-01-01,17,0,1,True
15TH_ST_ISLAND_AV,South East Village,East Village,2025-01-31,2025-01-01,2,0,0,True
15TH_ST_J_ST,South East Village,East Village,2025-01-31,2025-01-01,2,0,0,True
15TH_ST_MARKET_ST,South East Village,East Village,2025-01-31,2025-01-01,3,0,0,True
16TH_ST_BROADWAY,East Village,East Village,2025-01-31,2025-01-01,1,0,0,True
16TH_ST_C_ST,East Village,East Village,2025-01-31,2025-01-01,0,0,0,True
16TH_ST_E_ST,East Village,East Village,2025-01-31,2025-01-01,2,0,0,True
16TH_ST_F_ST,East Village,East Village,2025-01-31,2025-01-01,1,2,0,True
16TH_ST_G_ST,East Village,East Village,2025-01-31,2025-01-01,5,3,0,True
16TH_ST_IMPERIAL_AV,South East Village,East Village,2025-01-31,2025-01-01,3,0,0,True
16TH_ST_ISLAND_AV,South East Village,East Village,2025-01-31,2025-01-01,2,0,0,True
16TH_ST_J_ST,South East Village,East Village,2025-01-31,2025-01-01,5,3,0,True
16TH_ST_K_ST,South East Village,East Village,2025-01-31,2025-01-01,8,0,1,True
16TH_ST_MARKET_ST,South East Village,East Village,2025-01-31,2025-01-01,7,5,0,True
17TH_ST_BROADWAY,East Village,East Village,2025-01-31,2025-01-01,0,0,0,True
17TH_ST_C_ST,East Village,East Village,2025-01-31,2025-01-01,3,12,0,True
17TH_ST_E_ST,East Village,East Village,2025-01-31,2025-01-01,1,0,1,True
17TH_ST_F_ST,East Village,East Village,2025-01-31,2025-01-01,0,1,0,True
17TH_ST_G_ST,East Village,East Village,2025-01-31,2025-01-01,2,2,0,True
17TH_ST_IMPERIAL_AV,South East Village,East Village,2025-01-31,2025-01-01,5,0,0,True
17TH_ST_ISLAND_AV,South East Village,East Village,2025-01-31,2025-01-01,5,0,0,True
17TH_ST_J_ST,South East Village,East Village,2025-01-31,2025-01-01,10,0,0,True
17TH_ST_K_ST,South East Village,East Village,2025-01-31,2025-01-01,36,25,0,True
17TH_ST_MARKET_ST,South East Village,East Village,2025-01-31,2025-01-01,6,0,0,True
19TH_ST_I-5_SB_OFF_RA,Golden Hill,Outside Perimeter,2025-01-31,2025-01-01,3,7,0,False
19TH_ST_ISLAND_AV,Sherman Heights,Outside Perimeter,2025-01-31,2025-01-01,0,0,0,False
19TH_ST_J_ST,Sherman Heights,Outside Perimeter,2025-01-31,2025-01-01,1,0,0,False
19TH_ST_MARKET_ST,Sherman Heights,Outside Perimeter,2025-01-31,2025-01-01,1,5,4,False
20TH_ST_BROADWAY,Golden Hill,Outside Perimeter,2025-01-31,2025-01-01,0,0,0,False
20TH_ST_B_ST,Golden Hill,Outside Perimeter,2025-01-31,2025-01-01,0,0,0,False
20TH_ST_C_ST,Golden Hill,Outside Perimeter,2025-01-31,2025-01-01,0,0,0,False
20TH_ST_E_ST,Golden Hill,Outside Perimeter,2025-01-31,2025-01-01,0,0,0,False
20TH_ST_G_ST,Sherman Heights,Outside Perimeter,2025-01-31,2025-01-01,0,0,0,False
20TH_ST_ISLAND_AV,Sherman Heights,Outside Perimeter,2025-01-31,2025-01-01,0,0,0,False
20TH_ST_J_ST,Sherman Heights,Outside Perimeter,2025-01-31,2025-01-01,0,0,0,False
20TH_ST_K_ST,Sherman Heights,Outside Perimeter,2025-01-31,2025-01-01,0,0,0,False
20TH_ST_L_ST,Sherman Heights,Outside Perimeter,2025-01-31,2025-01-01,0,0,0,False
20TH_ST_MARKET_ST,Sherman Heights,Outside Perimeter,2025-01-31,2025-01-01,0,0,0,False
21ST_ST_BROADWAY,Golden Hill,Outside Perimeter,2025-01-31,2025-01-01,0,0,0,False
21ST_ST_B_ST,Golden Hill,Outside Perimeter,2025-01-31,2025-01-01,0,0,0,False
21ST_ST_C_ST,Golden Hill,Outside Perimeter,2025-01-31,2025-01-01,0,0,0,False
21ST_ST_E_ST,Golden Hill,Outside Perimeter,2025-01-31,2025-01-01,0,0,0,False
21ST_ST_G_ST,Sherman Heights,Outside Perimeter,2025-01-31,2025-01-01,0,0,0,False
21ST_ST_ISLAND_AV,Sherman Heights,Outside Perimeter,2025-01-31,2025-01-01,0,0,0,False
21ST_ST_J_ST,Sherman Heights,Outside Perimeter,2025-01-31,2025-01-01,0,0,0,False
21ST_ST_K_ST,Sherman Heights,Outside Perimeter,2025-01-31,2025-01-01,0,0,0,False
21ST_ST_L_ST,Sherman Heights,Outside Perimeter,2025-01-31,2025-01-01,0,0,0,False
21ST_ST_MARKET_ST,Sherman Heights,Outside Perimeter,2025-01-31,2025-01-01,0,0,0,False
21ST_ST_RUSS_BL,Golden Hill,Outside Perimeter,2025-01-31,2025-01-01,0,5,0,False
22ND_ST_A_ST,Golden Hill,Outside Perimeter,2025-01-31,2025-01-01,0,0,0,False
22ND_ST_BROADWAY,Golden Hill,Outside Perimeter,2025-01-31,2025-01-01,0,0,0,False
22ND_ST_BROADWAY__2,Golden Hill,Outside Perimeter,2025-01-31,2025-01-01,0,0,0,False
22ND_ST_B_ST,Golden Hill,Outside Perimeter,2025-01-31,2025-01-01,0,0,0,False
22ND_ST_C_ST,Golden Hill,Outside Perimeter,2025-01-31,2025-01-01,0,0,0,False
22ND_ST_E_ST,Golden Hill,Outside Perimeter,2025-01-31,2025-01-01,0,0,0,False
22ND_ST_G_ST,Sherman Heights,Outside Perimeter,2025-01-31,2025-01-01,0,0,0,False
22ND_ST_ISLAND_AV,Sherman Heights,Outside Perimeter,2025-01-31,2025-01-01,0,0,0,False
22ND_ST_J_ST,Sherman Heights,Outside Perimeter,2025-01-31,2025-01-01,0,0,0,False
22ND_ST_K_ST,Sherman Heights,Outside Perimeter,2025-01-31,2025-01-01,0,0,0,False
22ND_ST_L_ST,Sherman Heights,Outside Perimeter,2025-01-31,2025-01-01,0,0,0,False
22ND_ST_MARKET_ST,Sherman Heights,Outside Perimeter,2025-01-31,2025-01-01,0,0,0,False
22ND_ST_SR-94_EB_ON_RA,Sherman Heights,Outside Perimeter,2025-01-31,2025-01-01,1,7,0,False
23RD_ST_A_ST,Golden Hill,Outside Perimeter,2025-01-31,2025-01-01,0,0,0,False
23RD_ST_BROADWAY,Golden Hill,Outside Perimeter,2025-01-31,2025-01-01,0,0,0,False
23RD_ST_B_ST,Golden Hill,Outside Perimeter,2025-01-31,2025-01-01,0,0,0,False
23RD_ST_C_ST,Golden Hill,Outside Perimeter,2025-01-31,2025-01-01,0,0,0,False
23RD_ST_E_ST,Golden Hill,Outside Perimeter,2025-01-31,2025-01-01,0,0,0,False
24TH_ST_A_ST,Golden Hill,Outside Perimeter,2025-01-31,2025-01-01,0,0,0,False
24TH_ST_BROADWAY,Golden Hill,Outside Perimeter,2025-01-31,2025-01-01,0,0,0,False
24TH_ST_B_ST,Golden Hill,Outside Perimeter,2025-01-31,2025-01-01,0,0,0,False
24TH_ST_C_ST,Golden Hill,Outside Perimeter,2025-01-31,2025-01-01,0,0,0,False
24TH_ST_E_ST,Golden Hill,Outside Perimeter,2025-01-31,2025-01-01,0,0,0,False
24TH_ST_G_ST,Sherman Heights,Outside Perimeter,2025-01-31,2025-01-01,0,0,0,False
24TH_ST_ISLAND_AV,Sherman Heights,Outside Perimeter,2025-01-31,2025-01-01,0,0,0,False
24TH_ST_K_ST,Sherman Heights,Outside Perimeter,2025-01-31,2025-01-01,0,0,0,False
24TH_ST_L_ST,Sherman Heights,Outside Perimeter,2025-01-31,2025-01-01,0,0,0,False
24TH_ST_MARKET_ST,Sherman Heights,Outside Perimeter,2025-01-31,2025-01-01,0,0,0,False
25TH_ST_A_ST,Golden Hill,Outside Perimeter,2025-01-31,2025-01-01,0,0,0,False
25TH_ST_BROADWAY,Golden Hill,Outside Perimeter,2025-01-31,2025-01-01,0,0,0,False
25TH_ST_B_ST,Golden Hill,Outside Perimeter,2025-01-31,2025-01-01,0,0,0,False
25TH_ST_C_ST,Golden Hill,Outside Perimeter,2025-01-31,2025-01-01,0,0,0,False
25TH_ST_E_ST,Golden Hill,Outside Perimeter,2025-01-31,2025-01-01,0,0,0,False
25TH_ST_G_ST,Sherman Heights,Outside Perimeter,2025-01-31,2025-01-01,0,0,0,False
25TH_ST_ISLAND_AV,Sherman Heights,Outside Perimeter,2025-01-31,2025-01-01,0,0,0,False
25TH_ST_J_ST,Sherman Heights,Outside Perimeter,2025-01-31,2025-01-01,0,0,0,False
25TH_ST_K_ST,Sherman Heights,Outside Perimeter,2025-01-31,2025-01-01,0,0,0,False
25TH_ST_L_ST,Sherman Heights,Outside Perimeter,2025-01-31,2025-01-01,0,0,0,False
25TH_ST_MARKET_ST,Sherman Heights,Outside Perimeter,2025-01-31,2025-01-01,0,0,0,False
25TH_ST_RUSS_BL,Golden Hill,Outside Perimeter,2025-01-31,2025-01-01,0,0,0,False
25TH_ST_SR-94_EB,Sherman Heights,Outside Perimeter,2025-01-31,2025-01-01,0,0,0,False
25TH_ST_SR-94_WB,Golden Hill,Outside Perimeter,2025-01-31,2025-01-01,0,0,0,False
26TH_ST_A_ST,Golden Hill,Outside Perimeter,2025-01-31,2025-01-01,0,0,0,False
26TH_ST_BROADWAY,Golden Hill,Outside Perimeter,2025-01-31,2025-01-01,0,0,0,False
26TH_ST_B_ST,Golden Hill,Outside Perimeter,2025-01-31,2025-01-01,0,0,0,False
26TH_ST_C_ST,Golden Hill,Outside Perimeter,2025-01-31,2025-01-01,0,0,0,False
26TH_ST_E_ST,Golden Hill,Outside Perimeter,2025-01-31,2025-01-01,0,0,0,False
26TH_ST_RUSS_BL,Golden Hill,Outside Perimeter,2025-01-31,2025-01-01,0,0,0,False
27TH_ST_A_ST,Golden Hill,Outside Perimeter,2025-01-31,2025-01-01,0,0,0,False
27TH_ST_BROADWAY,Golden Hill,Outside Perimeter,2025-01-31,2025-01-01,0,0,0,False
27TH_ST_B_ST,Golden Hill,Outside Perimeter,2025-01-31,2025-01-01,0,0,0,False
27TH_ST_C_ST,Golden Hill,Outside Perimeter,2025-01-31,2025-01-01,0,0,0,False
27TH_ST_E_ST,Golden Hill,Outside Perimeter,2025-01-31,2025-01-01,0,0,0,False
27TH_ST_RUSS_BL,Golden Hill,Outside Perimeter,2025-01-31,2025-01-01,0,0,0,False
28TH_ST_A_ST,Golden Hill,Outside Perimeter,2025-01-31,2025-01-01,0,0,0,False
28TH_ST_BROADWAY,Golden Hill,Outside Perimeter,2025-01-31,2025-01-01,0,0,0,False
28TH_ST_B_ST,Golden Hill,Outside Perimeter,2025-01-31,2025-01-01,0,0,0,False
28TH_ST_C_ST,Golden Hill,Outside Perimeter,2025-01-31,2025-01-01,0,0,0,False
28TH_ST_E_ST,Golden Hill,Outside Perimeter,2025-01-31,2025-01-01,0,0,0,False
28TH_ST_RUSS_BL,Golden Hill,Outside Perimeter,2025-01-31,2025-01-01,0,0,0,False
28TH_ST_TREAT_ST,Golden Hill,Outside Perimeter,2025-01-31,2025-01-01,0,0,0,False
BEARDSLEY_ST_LOGAN_AV,Barrio Logan,Outside Perimeter,2025-01-31,2025-01-01,0,0,0,False
BEARDSLEY_ST_MAIN_ST,Barrio Logan,Outside Perimeter,2025-01-31,2025-01-01,0,0,0,False
BEARDSLEY_ST_NATIONAL_AV,Barrio Logan,Outside Perimeter,2025-01-31,2025-01-01,0,0,0,False
BEARDSLEY_ST_NEWTON_AV,Barrio Logan,Outside Perimeter,2025-01-31,2025-01-01,0,0,0,False
CALIFORNIA_ST_W_ASH_ST,Columbia,Columbia,2025-01-31,2025-01-01,1,0,0,True
CALIFORNIA_ST_W_BROADWAY,Columbia,Columbia,2025-01-31,2025-01-01,0,0,0,True
CESAR_E_CHAVEZ_PY_CROSBY_RD,Barrio Logan,Outside Perimeter,2025-01-31,2025-01-01,0,0,0,False
CESAR_E_CHAVEZ_PY_HARBOR_DR,Barrio Logan,Outside Perimeter,2025-01-31,2025-01-01,0,0,0,False
CESAR_E_CHAVEZ_PY_I-5_SB,Barrio Logan,Outside Perimeter,2025-01-31,2025-01-01,0,0,0,False
CESAR_E_CHAVEZ_PY_LOGAN_AV,Barrio Logan,Outside Perimeter,2025-01-31,2025-01-01,0,0,0,False
CESAR_E_CHAVEZ_PY_MAIN_ST,Barrio Logan,Outside Perimeter,2025-01-31,2025-01-01,0,0,0,False
CESAR_E_CHAVEZ_PY_NATIONAL_AV,Barrio Logan,Outside Perimeter,2025-01-31,2025-01-01,0,0,0,False
CESAR_E_CHAVEZ_PY_NEWTON_AV,Barrio Logan,Outside Perimeter,2025-01-31,2025-01-01,0,0,0,False
COLUMBIA_ST_W_ASH_ST,Columbia,Columbia,2025-01-31,2025-01-01,2,0,0,True
COLUMBIA_ST_W_A_ST,Columbia,Columbia,2025-01-31,2025-01-01,1,0,0,True
COLUMBIA_ST_W_B_ST,Columbia,Columbia,2025-01-31,2025-01-01,3,0,0,True
COLUMBIA_ST_W_C_ST,Columbia,Columbia,2025-01-31,2025-01-01,2,0,0,True
COLUMBIA_ST_W_G_ST,Marina,Marina,2025-01-31,2025-01-01,1,0,0,True
DEWEY_ST_NATIONAL_AV,Barrio Logan,Outside Perimeter,2025-01-31,2025-01-01,0,0,0,False
FRONT_ST_W_ASH_ST,Cortez,Cortez,2025-01-31,2025-01-01,1,0,0,True
FRONT_ST_W_A_ST,City Center,City Center,2025-01-31,2025-01-01,1,0,0,True
FRONT_ST_W_BROADWAY,City Center,City Center,2025-01-31,2025-01-01,0,0,0,True
FRONT_ST_W_B_ST,City Center,City Center,2025-01-31,2025-01-01,0,0,0,True
FRONT_ST_W_C_ST,City Center,City Center,2025-01-31,2025-01-01,0,0,0,True
FRONT_ST_W_E_ST,City Center,City Center,2025-01-31,2025-01-01,0,0,0,True
FRONT_ST_W_F_ST,Marina,Marina,2025-01-31,2025-01-01,1,0,0,True
FRONT_ST_W_G_ST,Marina,Marina,2025-01-31,2025-01-01,0,0,0,True
FRONT_ST_W_MARKET_ST,Marina,Marina,2025-01-31,2025-01-01,1,0,0,True
FRONT_ST_W_MARKET_ST__2,Marina,Marina,2025-01-31,2025-01-01,0,0,0,True
I-5_SB_IMPERIAL_AV,South East Village,East Village,2025-01-31,2025-01-01,0,0,0,True
I-5_SB_ISLAND_AV,South East Village,East Village,2025-01-31,2025-01-01,0,0,0,True
I-5_SB_MARKET_ST,South East Village,East Village,2025-01-31,2025-01-01,0,0,0,True
I-5_SB_OFF_RA_J_ST,South East Village,East Village,2025-01-31,2025-01-01,5,15,0,True
I-5_SB_OFF_RA_Map_Border,South East Village,East Village,2025-01-31,2025-01-01,0,9,0,True
I-5_SB_ON_RA_BROADWAY,East Village,East Village,2025-01-31,2025-01-01,0,0,0,True
I-5_SB_ON_RA_C_ST,East Village,East Village,2025-01-31,2025-01-01,0,12,0,True
I-5_SB_ON_RA_E_ST,East Village,East Village,2025-01-31,2025-01-01,0,2,0,True
I-5_SB_ON_RA_F_ST,East Village,East Village,2025-01-31,2025-01-01,1,0,0,True
I-5_SB_ON_RA_G_ST,East Village,East Village,2025-01-31,2025-01-01,1,0,0,True
I-5_SB_ON_RA_Map_Border,South East Village,East Village,2025-01-31,2025-01-01,6,2,0,True
INDIA_ST_W_ASH_ST,Columbia,Columbia,2025-01-31,2025-01-01,1,0,0,True
INDIA_ST_W_A_ST,Columbia,Columbia,2025-01-31,2025-01-01,0,1,0,True
INDIA_ST_W_B_ST,Columbia,Columbia,2025-01-31,2025-01-01,5,0,0,True
KETTNER_BL_W_ASH_ST,Columbia,Columbia,2025-01-31,2025-01-01,0,0,0,True
KETTNER_BL_W_A_ST,Columbia,Columbia,2025-01-31,2025-01-01,5,0,0,True
KETTNER_BL_W_BROADWAY,Columbia,Columbia,2025-01-31,2025-01-01,0,0,0,True
KETTNER_BL_W_E_ST,Marina,Marina,2025-01-31,2025-01-01,0,0,0,True
KETTNER_BL_W_F_ST,Marina,Marina,2025-01-31,2025-01-01,0,0,0,True
KETTNER_BL_W_G_ST,Marina,Marina,2025-01-31,2025-01-01,4,0,0,True
Map_Border_BAY_FRONT_ST,Barrio Logan,Outside Perimeter,2025-01-31,2025-01-01,0,0,0,False
Map_Border_BROADWAY,City Center,City Center,2025-01-31,2025-01-01,2,0,0,True
Map_Border_HARBOR_DR,Barrio Logan,Outside Perimeter,2025-01-31,2025-01-01,0,0,0,False
Map_Border_IMPERIAL_AV,South East Village,East Village,2025-01-31,2025-01-01,0,0,0,True
Map_Border_Map_Border,Barrio Logan,Outside Perimeter,2025-01-31,2025-01-01,0,0,0,False
Map_Border_NATIONAL_AV,South East Village,East Village,2025-01-31,2025-01-01,3,1,0,True
NATIONAL_AV_IMPERIAL_AV,South East Village,East Village,2025-01-31,2025-01-01,0,0,0,True
NEWTON_AV_Map_Border,Barrio Logan,Outside Perimeter,2025-01-31,2025-01-01,0,0,0,False
NEWTON_AV_PARK_BL,Barrio Logan,Outside Perimeter,2025-01-31,2025-01-01,0,0,0,False
PARK_BL_A_ST,City Center,City Center,2025-01-31,2025-01-01,1,0,0,True
PARK_BL_BROADWAY,City Center,City Center,2025-01-31,2025-01-01,1,0,0,True
PARK_BL_B_ST,City Center,City Center,2025-01-31,2025-01-01,10,1,0,True
PARK_BL_C_ST,City Center,City Center,2025-01-31,2025-01-01,16,0,0,True
PARK_BL_E_ST,East Village,East Village,2025-01-31,2025-01-01,4,0,0,True
PARK_BL_F_ST,East Village,East Village,2025-01-31,2025-01-01,0,0,0,True
PARK_BL_G_ST,East Village,East Village,2025-01-31,2025-01-01,0,0,0,True
PARK_BL_ISLAND_AV,South East Village,East Village,2025-01-31,2025-01-01,0,0,0,True
PARK_BL_J_ST,South East Village,East Village,2025-01-31,2025-01-01,23,2,0,True
PARK_BL_MARKET_ST,South East Village,East Village,2025-01-31,2025-01-01,1,0,0,True
PARK_BL_RUSS_BL,City Center,City Center,2025-01-31,2025-01-01,0,0,0,True
SAMPSON_ST_I-5_SB,Barrio Logan,Outside Perimeter,2025-01-31,2025-01-01,0,0,0,False
SAMPSON_ST_LOGAN_AV,Barrio Logan,Outside Perimeter,2025-01-31,2025-01-01,0,0,0,False
SAMPSON_ST_MAIN_ST,Barrio Logan,Outside Perimeter,2025-01-31,2025-01-01,0,0,0,False
SAMPSON_ST_NATIONAL_AV,Barrio Logan,Outside Perimeter,2025-01-31,2025-01-01,0,0,0,False
SAMPSON_ST_NEWTON_AV,Barrio Logan,Outside Perimeter,2025-01-31,2025-01-01,0,0,0,False
SIGSBEE_ST_LOGAN_AV,Barrio Logan,Outside Perimeter,2025-01-31,2025-01-01,0,0,0,False
SIGSBEE_ST_NATIONAL_AV,Barrio Logan,Outside Perimeter,2025-01-31,2025-01-01,0,0,0,False
SR-163_NB_ON_RA_ASH_ST,Cortez,Cortez,2025-01-31,2025-01-01,1,1,0,True
SR-75_NB_HARBOR_DR,Barrio Logan,Outside Perimeter,2025-01-31,2025-01-01,0,0,0,False
SR-75_NB_MAIN_ST,Barrio Logan,Outside Perimeter,2025-01-31,2025-01-01,0,0,0,False
SR-75_NB_NEWTON_AV,Barrio Logan,Outside Perimeter,2025-01-31,2025-01-01,0,0,0,False
STATE_ST_Map_Border,Marina,Marina,2025-01-31,2025-01-01,2,0,0,True
STATE_ST_W_ASH_ST,Columbia,Columbia,2025-01-31,2025-01-01,0,0,0,True
STATE_ST_W_A_ST,Columbia,Columbia,2025-01-31,2025-01-01,0,0,0,True
STATE_ST_W_BROADWAY,Columbia,Columbia,2025-01-31,2025-01-01,1,0,0,True
STATE_ST_W_B_ST,Columbia,Columbia,2025-01-31,2025-01-01,2,0,0,True
STATE_ST_W_C_ST,Columbia,Columbia,2025-01-31,2025-01-01,3,0,0,True
STATE_ST_W_G_ST,Marina,Marina,2025-01-31,2025-01-01,0,0,0,True
S_16TH_ST_COMMERCIAL_ST,Barrio Logan,Outside Perimeter,2025-01-31,2025-01-01,3,2,2,False
S_16TH_ST_NATIONAL_AV,Barrio Logan,Outside Perimeter,2025-01-31,2025-01-01,2,8,0,False
S_17TH_ST_COMMERCIAL_ST,Barrio Logan,Outside Perimeter,2025-01-31,2025-01-01,0,1,0,False
S_EVANS_ST_I-5_SB,Barrio Logan,Outside Perimeter,2025-01-31,2025-01-01,0,0,0,False
S_EVANS_ST_LOGAN_AV,Barrio Logan,Outside Perimeter,2025-01-31,2025-01-01,0,0,0,False
S_EVANS_ST_MAIN_ST,Barrio Logan,Outside Perimeter,2025-01-31,2025-01-01,0,0,0,False
S_EVANS_ST_NATIONAL_AV,Barrio Logan,Outside Perimeter,2025-01-31,2025-01-01,0,0,0,False
S_EVANS_ST_NEWTON_AV,Barrio Logan,Outside Perimeter,2025-01-31,2025-01-01,0,0,0,False
TONY_GWYNN_DR_K_ST,South East Village,East Village,2025-01-31,2025-01-01,0,0,0,True
TONY_GWYNN_DR_L_ST,South East Village,East Village,2025-01-31,2025-01-01,0,0,0,True
UNION_ST_W_ASH_ST,Columbia,Columbia,2025-01-31,2025-01-01,3,2,0,True
UNION_ST_W_A_ST,Columbia,Columbia,2025-01-31,2025-01-01,1,0,0,True
UNION_ST_W_BROADWAY,Columbia,Columbia,2025-01-31,2025-01-01,0,0,0,True
UNION_ST_W_B_ST,Columbia,Columbia,2025-01-31,2025-01-01,1,0,0,True
UNION_ST_W_C_ST,Columbia,Columbia,2025-01-31,2025-01-01,0,0,0,True
UNION_ST_W_E_ST,Marina,Marina,2025-01-31,2025-01-01,0,0,0,True
UNION_ST_W_F_ST,Marina,Marina,2025-01-31,2025-01-01,0,0,0,True
UNION_ST_W_G_ST,Marina,Marina,2025-01-31,2025-01-01,0,0,0,True
