date,year,month_num,month,area,area_source_label,area_type,parent_area,component,count,method,tent_multiplier,vehicle_multiplier,fellowship_month,flag
2017-01-01,2017,1,Jan,East Village - North East,North East EV,ev_subarea,East Village,total,110.0,PRE2017,2.0,2.0,False,added_2017_subarea
2017-01-01,2017,1,Jan,East Village - North West,North West EV,ev_subarea,East Village,total,54.0,PRE2017,2.0,2.0,False,added_2017_subarea
2017-01-01,2017,1,Jan,East Village - South East,South East EV,ev_subarea,East Village,total,450.0,PRE2017,2.0,2.0,False,added_2017_subarea
2017-01-01,2017,1,Jan,East Village - South West,South West EV,ev_subarea,East Village,total,15.0,PRE2017,2.0,2.0,False,added_2017_subarea
2017-01-01,2017,1,Jan,City Center,Core,neighborhood,,total,117.0,PRE2017,2.0,2.0,False,
2017-01-01,2017,1,Jan,Columbia,Columbia,neighborhood,,total,36.0,PRE2017,2.0,2.0,False,
2017-01-01,2017,1,Jan,Cortez,Cortez,neighborhood,,total,32.0,PRE2017,2.0,2.0,False,
2017-01-01,2017,1,Jan,East Village,East Village,neighborhood,,total,629.0,PRE2017,2.0,2.0,False,
2017-01-01,2017,1,Jan,Gaslamp,Gaslamp,neighborhood,,total,42.0,PRE2017,2.0,2.0,False,
2017-01-01,2017,1,Jan,Marina,Marina,neighborhood,,total,26.0,PRE2017,2.0,2.0,False,
2017-01-01,2017,1,Jan,Outreach Area (legacy),Outreach Area,supplemental,,total,78.0,PRE2017,2.0,2.0,False,added_2017_outreach
2017-02-01,2017,2,Feb,East Village - North East,North East EV,ev_subarea,East Village,total,103.0,PRE2017,2.0,2.0,True,added_2017_subarea
2017-02-01,2017,2,Feb,East Village - North West,North West EV,ev_subarea,East Village,total,81.0,PRE2017,2.0,2.0,True,added_2017_subarea
2017-02-01,2017,2,Feb,East Village - South East,South East EV,ev_subarea,East Village,total,457.0,PRE2017,2.0,2.0,True,added_2017_subarea
2017-02-01,2017,2,Feb,East Village - South West,South West EV,ev_subarea,East Village,total,22.0,PRE2017,2.0,2.0,True,added_2017_subarea
2017-02-01,2017,2,Feb,City Center,Core,neighborhood,,total,168.0,PRE2017,2.0,2.0,True,
2017-02-01,2017,2,Feb,Columbia,Columbia,neighborhood,,total,35.0,PRE2017,2.0,2.0,True,
2017-02-01,2017,2,Feb,Cortez,Cortez,neighborhood,,total,42.0,PRE2017,2.0,2.0,True,
2017-02-01,2017,2,Feb,East Village,East Village,neighborhood,,total,663.0,PRE2017,2.0,2.0,True,
2017-02-01,2017,2,Feb,Gaslamp,Gaslamp,neighborhood,,total,57.0,PRE2017,2.0,2.0,True,
2017-02-01,2017,2,Feb,Marina,Marina,neighborhood,,total,62.0,PRE2017,2.0,2.0,True,
2017-02-01,2017,2,Feb,Outreach Area (legacy),Outreach Area,supplemental,,total,93.0,PRE2017,2.0,2.0,True,added_2017_outreach
2017-03-01,2017,3,Mar,East Village - North East,North East EV,ev_subarea,East Village,total,69.0,PRE2017,2.0,2.0,True,added_2017_subarea
2017-03-01,2017,3,Mar,East Village - North West,North West EV,ev_subarea,East Village,total,73.0,PRE2017,2.0,2.0,True,added_2017_subarea
2017-03-01,2017,3,Mar,East Village - South East,South East EV,ev_subarea,East Village,total,589.0,PRE2017,2.0,2.0,True,added_2017_subarea
2017-03-01,2017,3,Mar,East Village - South West,South West EV,ev_subarea,East Village,total,52.0,PRE2017,2.0,2.0,True,added_2017_subarea
2017-03-01,2017,3,Mar,City Center,Core,neighborhood,,total,169.0,PRE2017,2.0,2.0,True,
2017-03-01,2017,3,Mar,Columbia,Columbia,neighborhood,,total,20.0,PRE2017,2.0,2.0,True,
2017-03-01,2017,3,Mar,Cortez,Cortez,neighborhood,,total,37.0,PRE2017,2.0,2.0,True,
2017-03-01,2017,3,Mar,East Village,East Village,neighborhood,,total,783.0,PRE2017,2.0,2.0,True,
2017-03-01,2017,3,Mar,Gaslamp,Gaslamp,neighborhood,,total,40.0,PRE2017,2.0,2.0,True,
2017-03-01,2017,3,Mar,Marina,Marina,neighborhood,,total,56.0,PRE2017,2.0,2.0,True,
2017-03-01,2017,3,Mar,Outreach Area (legacy),Outreach Area,supplemental,,total,93.0,PRE2017,2.0,2.0,True,added_2017_outreach
2017-04-01,2017,4,Apr,East Village - North East,North East EV,ev_subarea,East Village,total,42.0,APR2017,1.75,1.66,True,added_2017_subarea
2017-04-01,2017,4,Apr,East Village - North West,North West EV,ev_subarea,East Village,total,63.0,APR2017,1.75,1.66,True,added_2017_subarea
2017-04-01,2017,4,Apr,East Village - South East,South East EV,ev_subarea,East Village,total,470.0,APR2017,1.75,1.66,True,added_2017_subarea
2017-04-01,2017,4,Apr,East Village - South West,South West EV,ev_subarea,East Village,total,23.0,APR2017,1.75,1.66,True,added_2017_subarea
2017-04-01,2017,4,Apr,City Center,Core,neighborhood,,total,121.0,APR2017,1.75,1.66,True,
2017-04-01,2017,4,Apr,Columbia,Columbia,neighborhood,,total,46.0,APR2017,1.75,1.66,True,
2017-04-01,2017,4,Apr,Cortez,Cortez,neighborhood,,total,26.0,APR2017,1.75,1.66,True,
2017-04-01,2017,4,Apr,East Village,East Village,neighborhood,,total,598.0,APR2017,1.75,1.66,True,
2017-04-01,2017,4,Apr,Gaslamp,Gaslamp,neighborhood,,total,43.0,APR2017,1.75,1.66,True,
2017-04-01,2017,4,Apr,Marina,Marina,neighborhood,,total,41.0,APR2017,1.75,1.66,True,
2017-04-01,2017,4,Apr,Outreach Area (legacy),Outreach Area,supplemental,,total,70.0,APR2017,1.75,1.66,True,added_2017_outreach
2017-05-01,2017,5,May,East Village - North East,North East EV,ev_subarea,East Village,total,67.0,APR2017,1.75,1.66,True,added_2017_subarea
2017-05-01,2017,5,May,East Village - North West,North West EV,ev_subarea,East Village,total,71.0,APR2017,1.75,1.66,True,added_2017_subarea
2017-05-01,2017,5,May,East Village - South East,South East EV,ev_subarea,East Village,total,383.0,APR2017,1.75,1.66,True,added_2017_subarea
2017-05-01,2017,5,May,East Village - South West,South West EV,ev_subarea,East Village,total,27.0,APR2017,1.75,1.66,True,added_2017_subarea
2017-05-01,2017,5,May,City Center,Core,neighborhood,,total,145.0,APR2017,1.75,1.66,True,
2017-05-01,2017,5,May,Columbia,Columbia,neighborhood,,total,59.0,APR2017,1.75,1.66,True,
2017-05-01,2017,5,May,Cortez,Cortez,neighborhood,,total,49.0,APR2017,1.75,1.66,True,
2017-05-01,2017,5,May,East Village,East Village,neighborhood,,total,548.0,APR2017,1.75,1.66,True,
2017-05-01,2017,5,May,Gaslamp,Gaslamp,neighborhood,,total,49.0,APR2017,1.75,1.66,True,
2017-05-01,2017,5,May,Marina,Marina,neighborhood,,total,42.0,APR2017,1.75,1.66,True,
2017-05-01,2017,5,May,Outreach Area (legacy),Outreach Area,supplemental,,total,101.0,APR2017,1.75,1.66,True,added_2017_outreach
2017-06-01,2017,6,Jun,East Village - North East,North East EV,ev_subarea,East Village,total,78.0,APR2017,1.75,1.66,True,added_2017_subarea
2017-06-01,2017,6,Jun,East Village - North West,North West EV,ev_subarea,East Village,total,96.0,APR2017,1.75,1.66,True,added_2017_subarea
2017-06-01,2017,6,Jun,East Village - South East,South East EV,ev_subarea,East Village,total,585.0,APR2017,1.75,1.66,True,added_2017_subarea
2017-06-01,2017,6,Jun,East Village - South West,South West EV,ev_subarea,East Village,total,22.0,APR2017,1.75,1.66,True,added_2017_subarea
2017-06-01,2017,6,Jun,City Center,Core,neighborhood,,total,173.0,APR2017,1.75,1.66,True,
2017-06-01,2017,6,Jun,Columbia,Columbia,neighborhood,,total,41.0,APR2017,1.75,1.66,True,
2017-06-01,2017,6,Jun,Cortez,Cortez,neighborhood,,total,57.0,APR2017,1.75,1.66,True,
2017-06-01,2017,6,Jun,East Village,East Village,neighborhood,,total,781.0,APR2017,1.75,1.66,True,
2017-06-01,2017,6,Jun,Gaslamp,Gaslamp,neighborhood,,total,54.0,APR2017,1.75,1.66,True,
2017-06-01,2017,6,Jun,Marina,Marina,neighborhood,,total,50.0,APR2017,1.75,1.66,True,
2017-06-01,2017,6,Jun,Outreach Area (legacy),Outreach Area,supplemental,,total,132.0,APR2017,1.75,1.66,True,added_2017_outreach
2017-07-01,2017,7,Jul,East Village - North East,North East EV,ev_subarea,East Village,total,83.0,APR2017,1.75,1.66,False,added_2017_subarea
2017-07-01,2017,7,Jul,East Village - North West,North West EV,ev_subarea,East Village,total,117.0,APR2017,1.75,1.66,False,added_2017_subarea
2017-07-01,2017,7,Jul,East Village - South East,South East EV,ev_subarea,East Village,total,516.0,APR2017,1.75,1.66,False,added_2017_subarea
2017-07-01,2017,7,Jul,East Village - South West,South West EV,ev_subarea,East Village,total,18.0,APR2017,1.75,1.66,False,added_2017_subarea
2017-07-01,2017,7,Jul,City Center,Core,neighborhood,,total,158.0,APR2017,1.75,1.66,False,
2017-07-01,2017,7,Jul,Columbia,Columbia,neighborhood,,total,47.0,APR2017,1.75,1.66,False,
2017-07-01,2017,7,Jul,Cortez,Cortez,neighborhood,,total,64.0,APR2017,1.75,1.66,False,
2017-07-01,2017,7,Jul,East Village,East Village,neighborhood,,total,734.0,APR2017,1.75,1.66,False,
2017-07-01,2017,7,Jul,Gaslamp,Gaslamp,neighborhood,,total,48.0,APR2017,1.75,1.66,False,
2017-07-01,2017,7,Jul,Marina,Marina,neighborhood,,total,49.0,APR2017,1.75,1.66,False,
2017-07-01,2017,7,Jul,Outreach Area (legacy),Outreach Area,supplemental,,total,98.0,APR2017,1.75,1.66,False,added_2017_outreach
2017-08-01,2017,8,Aug,East Village - North East,North East EV,ev_subarea,East Village,total,43.0,APR2017,1.75,1.66,True,added_2017_subarea
2017-08-01,2017,8,Aug,East Village - North West,North West EV,ev_subarea,East Village,total,116.0,APR2017,1.75,1.66,True,added_2017_subarea
2017-08-01,2017,8,Aug,East Village - South East,South East EV,ev_subarea,East Village,total,688.0,APR2017,1.75,1.66,True,added_2017_subarea
2017-08-01,2017,8,Aug,East Village - South West,South West EV,ev_subarea,East Village,total,38.0,APR2017,1.75,1.66,True,added_2017_subarea
2017-08-01,2017,8,Aug,City Center,Core,neighborhood,,total,169.0,APR2017,1.75,1.66,True,
2017-08-01,2017,8,Aug,Columbia,Columbia,neighborhood,,total,70.0,APR2017,1.75,1.66,True,
2017-08-01,2017,8,Aug,Cortez,Cortez,neighborhood,,total,71.0,APR2017,1.75,1.66,True,
2017-08-01,2017,8,Aug,East Village,East Village,neighborhood,,total,885.0,APR2017,1.75,1.66,True,
2017-08-01,2017,8,Aug,Gaslamp,Gaslamp,neighborhood,,total,66.0,APR2017,1.75,1.66,True,
2017-08-01,2017,8,Aug,Marina,Marina,neighborhood,,total,74.0,APR2017,1.75,1.66,True,
2017-08-01,2017,8,Aug,Outreach Area (legacy),Outreach Area,supplemental,,total,124.0,APR2017,1.75,1.66,True,added_2017_outreach
2017-09-01,2017,9,Sep,East Village - North East,North East EV,ev_subarea,East Village,total,118.0,APR2017,1.75,1.66,True,added_2017_subarea
2017-09-01,2017,9,Sep,East Village - North West,North West EV,ev_subarea,East Village,total,89.0,APR2017,1.75,1.66,True,added_2017_subarea
2017-09-01,2017,9,Sep,East Village - South East,South East EV,ev_subarea,East Village,total,523.0,APR2017,1.75,1.66,True,added_2017_subarea
2017-09-01,2017,9,Sep,East Village - South West,South West EV,ev_subarea,East Village,total,38.0,APR2017,1.75,1.66,True,added_2017_subarea
2017-09-01,2017,9,Sep,City Center,Core,neighborhood,,total,195.0,APR2017,1.75,1.66,True,
2017-09-01,2017,9,Sep,Columbia,Columbia,neighborhood,,total,61.0,APR2017,1.75,1.66,True,
2017-09-01,2017,9,Sep,Cortez,Cortez,neighborhood,,total,95.0,APR2017,1.75,1.66,True,
2017-09-01,2017,9,Sep,East Village,East Village,neighborhood,,total,768.0,APR2017,1.75,1.66,True,
2017-09-01,2017,9,Sep,Gaslamp,Gaslamp,neighborhood,,total,85.0,APR2017,1.75,1.66,True,
2017-09-01,2017,9,Sep,Marina,Marina,neighborhood,,total,72.0,APR2017,1.75,1.66,True,
2017-09-01,2017,9,Sep,Outreach Area (legacy),Outreach Area,supplemental,,total,176.0,APR2017,1.75,1.66,True,added_2017_outreach
2017-10-01,2017,10,Oct,East Village - North East,North East EV,ev_subarea,East Village,total,52.0,APR2017,1.75,1.66,True,added_2017_subarea
2017-10-01,2017,10,Oct,East Village - North West,North West EV,ev_subarea,East Village,total,74.0,APR2017,1.75,1.66,True,added_2017_subarea
2017-10-01,2017,10,Oct,East Village - South East,South East EV,ev_subarea,East Village,total,458.0,APR2017,1.75,1.66,True,added_2017_subarea
2017-10-01,2017,10,Oct,East Village - South West,South West EV,ev_subarea,East Village,total,35.0,APR2017,1.75,1.66,True,added_2017_subarea
2017-10-01,2017,10,Oct,City Center,Core,neighborhood,,total,174.0,APR2017,1.75,1.66,True,
2017-10-01,2017,10,Oct,Columbia,Columbia,neighborhood,,total,56.0,APR2017,1.75,1.66,True,
2017-10-01,2017,10,Oct,Cortez,Cortez,neighborhood,,total,78.0,APR2017,1.75,1.66,True,
2017-10-01,2017,10,Oct,East Village,East Village,neighborhood,,total,649.0,APR2017,1.75,1.66,True,
2017-10-01,2017,10,Oct,Gaslamp,Gaslamp,neighborhood,,total,56.0,APR2017,1.75,1.66,True,
2017-10-01,2017,10,Oct,Marina,Marina,neighborhood,,total,79.0,APR2017,1.75,1.66,True,
2017-10-01,2017,10,Oct,Outreach Area (legacy),Outreach Area,supplemental,,total,144.0,APR2017,1.75,1.66,True,added_2017_outreach
2017-11-01,2017,11,Nov,East Village - North East,North East EV,ev_subarea,East Village,total,66.0,APR2017,1.75,1.66,True,added_2017_subarea
2017-11-01,2017,11,Nov,East Village - North West,North West EV,ev_subarea,East Village,total,91.0,APR2017,1.75,1.66,True,added_2017_subarea
2017-11-01,2017,11,Nov,East Village - South East,South East EV,ev_subarea,East Village,total,398.0,APR2017,1.75,1.66,True,added_2017_subarea
2017-11-01,2017,11,Nov,East Village - South West,South West EV,ev_subarea,East Village,total,25.0,APR2017,1.75,1.66,True,added_2017_subarea
2017-11-01,2017,11,Nov,City Center,Core,neighborhood,,total,162.0,APR2017,1.75,1.66,True,
2017-11-01,2017,11,Nov,Columbia,Columbia,neighborhood,,total,49.0,APR2017,1.75,1.66,True,
2017-11-01,2017,11,Nov,Cortez,Cortez,neighborhood,,total,58.0,APR2017,1.75,1.66,True,
2017-11-01,2017,11,Nov,East Village,East Village,neighborhood,,total,580.0,APR2017,1.75,1.66,True,
2017-11-01,2017,11,Nov,Gaslamp,Gaslamp,neighborhood,,total,42.0,APR2017,1.75,1.66,True,
2017-11-01,2017,11,Nov,Marina,Marina,neighborhood,,total,50.0,APR2017,1.75,1.66,True,
2017-11-01,2017,11,Nov,Outreach Area (legacy),Outreach Area,supplemental,,total,135.0,APR2017,1.75,1.66,True,added_2017_outreach
2017-12-01,2017,12,Dec,East Village - North East,North East EV,ev_subarea,East Village,total,57.0,APR2017,1.75,1.66,True,added_2017_subarea
2017-12-01,2017,12,Dec,East Village - North West,North West EV,ev_subarea,East Village,total,128.0,APR2017,1.75,1.66,True,added_2017_subarea
2017-12-01,2017,12,Dec,East Village - South East,South East EV,ev_subarea,East Village,total,429.0,APR2017,1.75,1.66,True,added_2017_subarea
2017-12-01,2017,12,Dec,East Village - South West,South West EV,ev_subarea,East Village,total,50.0,APR2017,1.75,1.66,True,added_2017_subarea
2017-12-01,2017,12,Dec,City Center,Core,neighborhood,,total,147.0,APR2017,1.75,1.66,True,
2017-12-01,2017,12,Dec,Columbia,Columbia,neighborhood,,total,46.0,APR2017,1.75,1.66,True,
2017-12-01,2017,12,Dec,Cortez,Cortez,neighborhood,,total,53.0,APR2017,1.75,1.66,True,
2017-12-01,2017,12,Dec,East Village,East Village,neighborhood,,total,663.0,APR2017,1.75,1.66,True,
2017-12-01,2017,12,Dec,Gaslamp,Gaslamp,neighborhood,,total,55.0,APR2017,1.75,1.66,True,
2017-12-01,2017,12,Dec,Marina,Marina,neighborhood,,total,49.0,APR2017,1.75,1.66,True,
2017-12-01,2017,12,Dec,Outreach Area (legacy),Outreach Area,supplemental,,total,116.0,APR2017,1.75,1.66,True,added_2017_outreach
2018-01-01,2018,1,Jan,East Village - North East,North East EV,ev_subarea,East Village,total,58.0,APR2017,1.75,1.66,True,
2018-01-01,2018,1,Jan,East Village - North West,North West EV,ev_subarea,East Village,total,67.0,APR2017,1.75,1.66,True,
2018-01-01,2018,1,Jan,East Village - South East,South East EV,ev_subarea,East Village,total,334.0,APR2017,1.75,1.66,True,
2018-01-01,2018,1,Jan,East Village - South West,South West EV,ev_subarea,East Village,total,36.0,APR2017,1.75,1.66,True,
2018-01-01,2018,1,Jan,City Center,Core,neighborhood,,individual,109.0,APR2017,1.75,1.66,True,
2018-01-01,2018,1,Jan,City Center,Core,neighborhood,,tent,8.0,APR2017,1.75,1.66,True,
2018-01-01,2018,1,Jan,City Center,Core,neighborhood,,total,123.0,APR2017,1.75,1.66,True,
2018-01-01,2018,1,Jan,City Center,Core,neighborhood,,vehicle,0.0,APR2017,1.75,1.66,True,
2018-01-01,2018,1,Jan,Columbia,Columbia,neighborhood,,individual,32.0,APR2017,1.75,1.66,True,
2018-01-01,2018,1,Jan,Columbia,Columbia,neighborhood,,tent,10.0,APR2017,1.75,1.66,True,
2018-01-01,2018,1,Jan,Columbia,Columbia,neighborhood,,total,50.0,APR2017,1.75,1.66,True,
2018-01-01,2018,1,Jan,Columbia,Columbia,neighborhood,,vehicle,0.0,APR2017,1.75,1.66,True,
2018-01-01,2018,1,Jan,Cortez,Cortez,neighborhood,,individual,56.0,APR2017,1.75,1.66,True,
2018-01-01,2018,1,Jan,Cortez,Cortez,neighborhood,,tent,3.0,APR2017,1.75,1.66,True,
2018-01-01,2018,1,Jan,Cortez,Cortez,neighborhood,,total,61.0,APR2017,1.75,1.66,True,
2018-01-01,2018,1,Jan,Cortez,Cortez,neighborhood,,vehicle,0.0,APR2017,1.75,1.66,True,
2018-01-01,2018,1,Jan,East Village,East Village,neighborhood,,individual,326.0,APR2017,1.75,1.66,True,
2018-01-01,2018,1,Jan,East Village,East Village,neighborhood,,tent,84.0,APR2017,1.75,1.66,True,
2018-01-01,2018,1,Jan,East Village,East Village,neighborhood,,total,495.0,APR2017,1.75,1.66,True,
2018-01-01,2018,1,Jan,East Village,East Village,neighborhood,,vehicle,13.0,APR2017,1.75,1.66,True,
2018-01-01,2018,1,Jan,Gaslamp,Gaslamp,neighborhood,,individual,44.0,APR2017,1.75,1.66,True,
2018-01-01,2018,1,Jan,Gaslamp,Gaslamp,neighborhood,,tent,0.0,APR2017,1.75,1.66,True,
2018-01-01,2018,1,Jan,Gaslamp,Gaslamp,neighborhood,,total,44.0,APR2017,1.75,1.66,True,
2018-01-01,2018,1,Jan,Gaslamp,Gaslamp,neighborhood,,vehicle,0.0,APR2017,1.75,1.66,True,
2018-01-01,2018,1,Jan,Marina,Marina,neighborhood,,individual,26.0,APR2017,1.75,1.66,True,
2018-01-01,2018,1,Jan,Marina,Marina,neighborhood,,tent,2.0,APR2017,1.75,1.66,True,
2018-01-01,2018,1,Jan,Marina,Marina,neighborhood,,total,31.0,APR2017,1.75,1.66,True,
2018-01-01,2018,1,Jan,Marina,Marina,neighborhood,,vehicle,1.0,APR2017,1.75,1.66,True,
2018-02-01,2018,2,Feb,East Village - North East,North East EV,ev_subarea,East Village,total,68.0,APR2017,1.75,1.66,True,
2018-02-01,2018,2,Feb,East Village - North West,North West EV,ev_subarea,East Village,total,45.0,APR2017,1.75,1.66,True,
2018-02-01,2018,2,Feb,East Village - South East,South East EV,ev_subarea,East Village,total,361.0,APR2017,1.75,1.66,True,
2018-02-01,2018,2,Feb,East Village - South West,South West EV,ev_subarea,East Village,total,30.0,APR2017,1.75,1.66,True,
2018-02-01,2018,2,Feb,City Center,Core,neighborhood,,individual,137.0,APR2017,1.75,1.66,True,
2018-02-01,2018,2,Feb,City Center,Core,neighborhood,,tent,10.0,APR2017,1.75,1.66,True,corrected_from_blocklevel
2018-02-01,2018,2,Feb,City Center,Core,neighborhood,,total,156.0,APR2017,1.75,1.66,True,
2018-02-01,2018,2,Feb,City Center,Core,neighborhood,,vehicle,1.0,APR2017,1.75,1.66,True,corrected_from_blocklevel
2018-02-01,2018,2,Feb,Columbia,Columbia,neighborhood,,individual,30.0,APR2017,1.75,1.66,True,
2018-02-01,2018,2,Feb,Columbia,Columbia,neighborhood,,tent,16.0,APR2017,1.75,1.66,True,
2018-02-01,2018,2,Feb,Columbia,Columbia,neighborhood,,total,58.0,APR2017,1.75,1.66,True,
2018-02-01,2018,2,Feb,Columbia,Columbia,neighborhood,,vehicle,0.0,APR2017,1.75,1.66,True,
2018-02-01,2018,2,Feb,Cortez,Cortez,neighborhood,,individual,53.0,APR2017,1.75,1.66,True,
2018-02-01,2018,2,Feb,Cortez,Cortez,neighborhood,,tent,1.0,APR2017,1.75,1.66,True,
2018-02-01,2018,2,Feb,Cortez,Cortez,neighborhood,,total,56.0,APR2017,1.75,1.66,True,
2018-02-01,2018,2,Feb,Cortez,Cortez,neighborhood,,vehicle,1.0,APR2017,1.75,1.66,True,
2018-02-01,2018,2,Feb,East Village,East Village,neighborhood,,individual,287.0,APR2017,1.75,1.66,True,
2018-02-01,2018,2,Feb,East Village,East Village,neighborhood,,tent,90.0,APR2017,1.75,1.66,True,
2018-02-01,2018,2,Feb,East Village,East Village,neighborhood,,total,474.0,APR2017,1.75,1.66,True,
2018-02-01,2018,2,Feb,East Village,East Village,neighborhood,,vehicle,18.0,APR2017,1.75,1.66,True,
2018-02-01,2018,2,Feb,Gaslamp,Gaslamp,neighborhood,,individual,84.0,APR2017,1.75,1.66,True,
2018-02-01,2018,2,Feb,Gaslamp,Gaslamp,neighborhood,,tent,0.0,APR2017,1.75,1.66,True,
2018-02-01,2018,2,Feb,Gaslamp,Gaslamp,neighborhood,,total,84.0,APR2017,1.75,1.66,True,
2018-02-01,2018,2,Feb,Gaslamp,Gaslamp,neighborhood,,vehicle,0.0,APR2017,1.75,1.66,True,
2018-02-01,2018,2,Feb,Marina,Marina,neighborhood,,individual,27.0,APR2017,1.75,1.66,True,
2018-02-01,2018,2,Feb,Marina,Marina,neighborhood,,tent,2.0,APR2017,1.75,1.66,True,
2018-02-01,2018,2,Feb,Marina,Marina,neighborhood,,total,34.0,APR2017,1.75,1.66,True,
2018-02-01,2018,2,Feb,Marina,Marina,neighborhood,,vehicle,2.0,APR2017,1.75,1.66,True,
2018-03-01,2018,3,Mar,East Village - North East,North East EV,ev_subarea,East Village,total,86.0,APR2017,1.75,1.66,True,
2018-03-01,2018,3,Mar,East Village - North West,North West EV,ev_subarea,East Village,total,89.0,APR2017,1.75,1.66,True,
2018-03-01,2018,3,Mar,East Village - South East,South East EV,ev_subarea,East Village,total,361.0,APR2017,1.75,1.66,True,
2018-03-01,2018,3,Mar,East Village - South West,South West EV,ev_subarea,East Village,total,58.0,APR2017,1.75,1.66,True,
2018-03-01,2018,3,Mar,City Center,Core,neighborhood,,individual,123.0,APR2017,1.75,1.66,True,
2018-03-01,2018,3,Mar,City Center,Core,neighborhood,,tent,3.0,APR2017,1.75,1.66,True,
2018-03-01,2018,3,Mar,City Center,Core,neighborhood,,total,128.0,APR2017,1.75,1.66,True,
2018-03-01,2018,3,Mar,City Center,Core,neighborhood,,vehicle,0.0,APR2017,1.75,1.66,True,
2018-03-01,2018,3,Mar,Columbia,Columbia,neighborhood,,individual,54.0,APR2017,1.75,1.66,True,
2018-03-01,2018,3,Mar,Columbia,Columbia,neighborhood,,tent,3.0,APR2017,1.75,1.66,True,
2018-03-01,2018,3,Mar,Columbia,Columbia,neighborhood,,total,61.0,APR2017,1.75,1.66,True,
2018-03-01,2018,3,Mar,Columbia,Columbia,neighborhood,,vehicle,1.0,APR2017,1.75,1.66,True,
2018-03-01,2018,3,Mar,Cortez,Cortez,neighborhood,,individual,53.0,APR2017,1.75,1.66,True,
2018-03-01,2018,3,Mar,Cortez,Cortez,neighborhood,,tent,6.0,APR2017,1.75,1.66,True,
2018-03-01,2018,3,Mar,Cortez,Cortez,neighborhood,,total,72.0,APR2017,1.75,1.66,True,
2018-03-01,2018,3,Mar,Cortez,Cortez,neighborhood,,vehicle,5.0,APR2017,1.75,1.66,True,
2018-03-01,2018,3,Mar,East Village,East Village,neighborhood,,individual,398.0,APR2017,1.75,1.66,True,
2018-03-01,2018,3,Mar,East Village,East Village,neighborhood,,tent,90.0,APR2017,1.75,1.66,True,
2018-03-01,2018,3,Mar,East Village,East Village,neighborhood,,total,594.0,APR2017,1.75,1.66,True,
2018-03-01,2018,3,Mar,East Village,East Village,neighborhood,,vehicle,23.0,APR2017,1.75,1.66,True,
2018-03-01,2018,3,Mar,Gaslamp,Gaslamp,neighborhood,,individual,93.0,APR2017,1.75,1.66,True,
2018-03-01,2018,3,Mar,Gaslamp,Gaslamp,neighborhood,,tent,0.0,APR2017,1.75,1.66,True,
2018-03-01,2018,3,Mar,Gaslamp,Gaslamp,neighborhood,,total,93.0,APR2017,1.75,1.66,True,
2018-03-01,2018,3,Mar,Gaslamp,Gaslamp,neighborhood,,vehicle,0.0,APR2017,1.75,1.66,True,
2018-03-01,2018,3,Mar,Marina,Marina,neighborhood,,individual,25.0,APR2017,1.75,1.66,True,
2018-03-01,2018,3,Mar,Marina,Marina,neighborhood,,tent,3.0,APR2017,1.75,1.66,True,
2018-03-01,2018,3,Mar,Marina,Marina,neighborhood,,total,32.0,APR2017,1.75,1.66,True,
2018-03-01,2018,3,Mar,Marina,Marina,neighborhood,,vehicle,1.0,APR2017,1.75,1.66,True,
2018-04-01,2018,4,Apr,East Village - North East,North East EV,ev_subarea,East Village,total,75.0,APR2017,1.75,1.66,False,
2018-04-01,2018,4,Apr,East Village - North West,North West EV,ev_subarea,East Village,total,92.0,APR2017,1.75,1.66,False,
2018-04-01,2018,4,Apr,East Village - South East,South East EV,ev_subarea,East Village,total,294.0,APR2017,1.75,1.66,False,
2018-04-01,2018,4,Apr,East Village - South West,South West EV,ev_subarea,East Village,total,41.0,APR2017,1.75,1.66,False,
2018-04-01,2018,4,Apr,City Center,Core,neighborhood,,individual,106.0,APR2017,1.75,1.66,False,
2018-04-01,2018,4,Apr,City Center,Core,neighborhood,,tent,3.0,APR2017,1.75,1.66,False,
2018-04-01,2018,4,Apr,City Center,Core,neighborhood,,total,111.0,APR2017,1.75,1.66,False,
2018-04-01,2018,4,Apr,City Center,Core,neighborhood,,vehicle,0.0,APR2017,1.75,1.66,False,
2018-04-01,2018,4,Apr,Columbia,Columbia,neighborhood,,individual,37.0,APR2017,1.75,1.66,False,
2018-04-01,2018,4,Apr,Columbia,Columbia,neighborhood,,tent,5.0,APR2017,1.75,1.66,False,
2018-04-01,2018,4,Apr,Columbia,Columbia,neighborhood,,total,46.0,APR2017,1.75,1.66,False,
2018-04-01,2018,4,Apr,Columbia,Columbia,neighborhood,,vehicle,0.0,APR2017,1.75,1.66,False,
2018-04-01,2018,4,Apr,Cortez,Cortez,neighborhood,,individual,39.0,APR2017,1.75,1.66,False,
2018-04-01,2018,4,Apr,Cortez,Cortez,neighborhood,,tent,2.0,APR2017,1.75,1.66,False,
2018-04-01,2018,4,Apr,Cortez,Cortez,neighborhood,,total,44.0,APR2017,1.75,1.66,False,
2018-04-01,2018,4,Apr,Cortez,Cortez,neighborhood,,vehicle,1.0,APR2017,1.75,1.66,False,
2018-04-01,2018,4,Apr,East Village,East Village,neighborhood,,individual,370.0,APR2017,1.75,1.66,False,
2018-04-01,2018,4,Apr,East Village,East Village,neighborhood,,tent,62.0,APR2017,1.75,1.66,False,
2018-04-01,2018,4,Apr,East Village,East Village,neighborhood,,total,502.0,APR2017,1.75,1.66,False,
2018-04-01,2018,4,Apr,East Village,East Village,neighborhood,,vehicle,14.0,APR2017,1.75,1.66,False,
2018-04-01,2018,4,Apr,Gaslamp,Gaslamp,neighborhood,,individual,51.0,APR2017,1.75,1.66,False,
2018-04-01,2018,4,Apr,Gaslamp,Gaslamp,neighborhood,,tent,0.0,APR2017,1.75,1.66,False,
2018-04-01,2018,4,Apr,Gaslamp,Gaslamp,neighborhood,,total,51.0,APR2017,1.75,1.66,False,
2018-04-01,2018,4,Apr,Gaslamp,Gaslamp,neighborhood,,vehicle,0.0,APR2017,1.75,1.66,False,
2018-04-01,2018,4,Apr,Marina,Marina,neighborhood,,individual,35.0,APR2017,1.75,1.66,False,
2018-04-01,2018,4,Apr,Marina,Marina,neighborhood,,tent,0.0,APR2017,1.75,1.66,False,
2018-04-01,2018,4,Apr,Marina,Marina,neighborhood,,total,37.0,APR2017,1.75,1.66,False,
2018-04-01,2018,4,Apr,Marina,Marina,neighborhood,,vehicle,1.0,APR2017,1.75,1.66,False,
2018-05-01,2018,5,May,East Village - North East,North East EV,ev_subarea,East Village,total,75.0,MAY2018,1.75,2.03,True,
2018-05-01,2018,5,May,East Village - North West,North West EV,ev_subarea,East Village,total,84.0,MAY2018,1.75,2.03,True,
2018-05-01,2018,5,May,East Village - South East,South East EV,ev_subarea,East Village,total,320.0,MAY2018,1.75,2.03,True,
2018-05-01,2018,5,May,East Village - South West,South West EV,ev_subarea,East Village,total,44.0,MAY2018,1.75,2.03,True,
2018-05-01,2018,5,May,City Center,Core,neighborhood,,individual,151.0,MAY2018,1.75,2.03,True,
2018-05-01,2018,5,May,City Center,Core,neighborhood,,tent,14.0,MAY2018,1.75,2.03,True,
2018-05-01,2018,5,May,City Center,Core,neighborhood,,total,180.0,MAY2018,1.75,2.03,True,
2018-05-01,2018,5,May,City Center,Core,neighborhood,,vehicle,2.0,MAY2018,1.75,2.03,True,
2018-05-01,2018,5,May,Columbia,Columbia,neighborhood,,individual,35.0,MAY2018,1.75,2.03,True,
2018-05-01,2018,5,May,Columbia,Columbia,neighborhood,,tent,6.0,MAY2018,1.75,2.03,True,
2018-05-01,2018,5,May,Columbia,Columbia,neighborhood,,total,46.0,MAY2018,1.75,2.03,True,
2018-05-01,2018,5,May,Columbia,Columbia,neighborhood,,vehicle,0.0,MAY2018,1.75,2.03,True,
2018-05-01,2018,5,May,Cortez,Cortez,neighborhood,,individual,41.0,MAY2018,1.75,2.03,True,
2018-05-01,2018,5,May,Cortez,Cortez,neighborhood,,tent,6.0,MAY2018,1.75,2.03,True,
2018-05-01,2018,5,May,Cortez,Cortez,neighborhood,,total,52.0,MAY2018,1.75,2.03,True,
2018-05-01,2018,5,May,Cortez,Cortez,neighborhood,,vehicle,0.0,MAY2018,1.75,2.03,True,
2018-05-01,2018,5,May,East Village,East Village,neighborhood,,individual,363.0,MAY2018,1.75,2.03,True,
2018-05-01,2018,5,May,East Village,East Village,neighborhood,,tent,66.0,MAY2018,1.75,2.03,True,
2018-05-01,2018,5,May,East Village,East Village,neighborhood,,total,523.0,MAY2018,1.75,2.03,True,
2018-05-01,2018,5,May,East Village,East Village,neighborhood,,vehicle,22.0,MAY2018,1.75,2.03,True,
2018-05-01,2018,5,May,Gaslamp,Gaslamp,neighborhood,,individual,62.0,MAY2018,1.75,2.03,True,
2018-05-01,2018,5,May,Gaslamp,Gaslamp,neighborhood,,tent,2.0,MAY2018,1.75,2.03,True,
2018-05-01,2018,5,May,Gaslamp,Gaslamp,neighborhood,,total,68.0,MAY2018,1.75,2.03,True,
2018-05-01,2018,5,May,Gaslamp,Gaslamp,neighborhood,,vehicle,1.0,MAY2018,1.75,2.03,True,
2018-05-01,2018,5,May,Marina,Marina,neighborhood,,individual,22.0,MAY2018,1.75,2.03,True,
2018-05-01,2018,5,May,Marina,Marina,neighborhood,,tent,6.0,MAY2018,1.75,2.03,True,
2018-05-01,2018,5,May,Marina,Marina,neighborhood,,total,35.0,MAY2018,1.75,2.03,True,
2018-05-01,2018,5,May,Marina,Marina,neighborhood,,vehicle,1.0,MAY2018,1.75,2.03,True,
2018-06-01,2018,6,Jun,East Village - North East,North East EV,ev_subarea,East Village,total,73.0,MAY2018,1.75,2.03,False,
2018-06-01,2018,6,Jun,East Village - North West,North West EV,ev_subarea,East Village,total,88.0,MAY2018,1.75,2.03,False,
2018-06-01,2018,6,Jun,East Village - South East,South East EV,ev_subarea,East Village,total,265.0,MAY2018,1.75,2.03,False,
2018-06-01,2018,6,Jun,East Village - South West,South West EV,ev_subarea,East Village,total,33.0,MAY2018,1.75,2.03,False,
2018-06-01,2018,6,Jun,City Center,Core,neighborhood,,individual,110.0,MAY2018,1.75,2.03,False,
2018-06-01,2018,6,Jun,City Center,Core,neighborhood,,tent,2.0,MAY2018,1.75,2.03,False,
2018-06-01,2018,6,Jun,City Center,Core,neighborhood,,total,118.0,MAY2018,1.75,2.03,False,
2018-06-01,2018,6,Jun,City Center,Core,neighborhood,,vehicle,2.0,MAY2018,1.75,2.03,False,
2018-06-01,2018,6,Jun,Columbia,Columbia,neighborhood,,individual,46.0,MAY2018,1.75,2.03,False,
2018-06-01,2018,6,Jun,Columbia,Columbia,neighborhood,,tent,3.0,MAY2018,1.75,2.03,False,
2018-06-01,2018,6,Jun,Columbia,Columbia,neighborhood,,total,53.0,MAY2018,1.75,2.03,False,
2018-06-01,2018,6,Jun,Columbia,Columbia,neighborhood,,vehicle,1.0,MAY2018,1.75,2.03,False,
2018-06-01,2018,6,Jun,Cortez,Cortez,neighborhood,,individual,35.0,MAY2018,1.75,2.03,False,
2018-06-01,2018,6,Jun,Cortez,Cortez,neighborhood,,tent,3.0,MAY2018,1.75,2.03,False,
2018-06-01,2018,6,Jun,Cortez,Cortez,neighborhood,,total,40.0,MAY2018,1.75,2.03,False,
2018-06-01,2018,6,Jun,Cortez,Cortez,neighborhood,,vehicle,0.0,MAY2018,1.75,2.03,False,
2018-06-01,2018,6,Jun,East Village,East Village,neighborhood,,individual,348.0,MAY2018,1.75,2.03,False,
2018-06-01,2018,6,Jun,East Village,East Village,neighborhood,,tent,52.0,MAY2018,1.75,2.03,False,
2018-06-01,2018,6,Jun,East Village,East Village,neighborhood,,total,459.0,MAY2018,1.75,2.03,False,
2018-06-01,2018,6,Jun,East Village,East Village,neighborhood,,vehicle,10.0,MAY2018,1.75,2.03,False,
2018-06-01,2018,6,Jun,Gaslamp,Gaslamp,neighborhood,,individual,39.0,MAY2018,1.75,2.03,False,
2018-06-01,2018,6,Jun,Gaslamp,Gaslamp,neighborhood,,tent,0.0,MAY2018,1.75,2.03,False,
2018-06-01,2018,6,Jun,Gaslamp,Gaslamp,neighborhood,,total,39.0,MAY2018,1.75,2.03,False,
2018-06-01,2018,6,Jun,Gaslamp,Gaslamp,neighborhood,,vehicle,0.0,MAY2018,1.75,2.03,False,
2018-06-01,2018,6,Jun,Marina,Marina,neighborhood,,individual,48.0,MAY2018,1.75,2.03,False,
2018-06-01,2018,6,Jun,Marina,Marina,neighborhood,,tent,1.0,MAY2018,1.75,2.03,False,
2018-06-01,2018,6,Jun,Marina,Marina,neighborhood,,total,50.0,MAY2018,1.75,2.03,False,
2018-06-01,2018,6,Jun,Marina,Marina,neighborhood,,vehicle,0.0,MAY2018,1.75,2.03,False,
2018-07-01,2018,7,Jul,East Village - North East,North East EV,ev_subarea,East Village,total,102.0,MAY2018,1.75,2.03,True,
2018-07-01,2018,7,Jul,East Village - North West,North West EV,ev_subarea,East Village,total,100.0,MAY2018,1.75,2.03,True,
2018-07-01,2018,7,Jul,East Village - South East,South East EV,ev_subarea,East Village,total,385.0,MAY2018,1.75,2.03,True,
2018-07-01,2018,7,Jul,East Village - South West,South West EV,ev_subarea,East Village,total,34.0,MAY2018,1.75,2.03,True,
2018-07-01,2018,7,Jul,City Center,Core,neighborhood,,individual,132.0,MAY2018,1.75,2.03,True,
2018-07-01,2018,7,Jul,City Center,Core,neighborhood,,tent,3.0,MAY2018,1.75,2.03,True,
2018-07-01,2018,7,Jul,City Center,Core,neighborhood,,total,139.0,MAY2018,1.75,2.03,True,
2018-07-01,2018,7,Jul,City Center,Core,neighborhood,,vehicle,1.0,MAY2018,1.75,2.03,True,
2018-07-01,2018,7,Jul,Columbia,Columbia,neighborhood,,individual,32.0,MAY2018,1.75,2.03,True,
2018-07-01,2018,7,Jul,Columbia,Columbia,neighborhood,,tent,3.0,MAY2018,1.75,2.03,True,
2018-07-01,2018,7,Jul,Columbia,Columbia,neighborhood,,total,37.0,MAY2018,1.75,2.03,True,
2018-07-01,2018,7,Jul,Columbia,Columbia,neighborhood,,vehicle,0.0,MAY2018,1.75,2.03,True,
2018-07-01,2018,7,Jul,Cortez,Cortez,neighborhood,,individual,40.0,MAY2018,1.75,2.03,True,
2018-07-01,2018,7,Jul,Cortez,Cortez,neighborhood,,tent,4.0,MAY2018,1.75,2.03,True,
2018-07-01,2018,7,Jul,Cortez,Cortez,neighborhood,,total,47.0,MAY2018,1.75,2.03,True,
2018-07-01,2018,7,Jul,Cortez,Cortez,neighborhood,,vehicle,0.0,MAY2018,1.75,2.03,True,
2018-07-01,2018,7,Jul,East Village,East Village,neighborhood,,individual,451.0,MAY2018,1.75,2.03,True,component_total_mismatch
2018-07-01,2018,7,Jul,East Village,East Village,neighborhood,,tent,67.0,MAY2018,1.75,2.03,True,component_total_mismatch
2018-07-01,2018,7,Jul,East Village,East Village,neighborhood,,total,621.0,MAY2018,1.75,2.03,True,component_total_mismatch
2018-07-01,2018,7,Jul,East Village,East Village,neighborhood,,vehicle,32.0,MAY2018,1.75,2.03,True,component_total_mismatch
2018-07-01,2018,7,Jul,Gaslamp,Gaslamp,neighborhood,,individual,45.0,MAY2018,1.75,2.03,True,
2018-07-01,2018,7,Jul,Gaslamp,Gaslamp,neighborhood,,tent,0.0,MAY2018,1.75,2.03,True,
2018-07-01,2018,7,Jul,Gaslamp,Gaslamp,neighborhood,,total,45.0,MAY2018,1.75,2.03,True,
2018-07-01,2018,7,Jul,Gaslamp,Gaslamp,neighborhood,,vehicle,0.0,MAY2018,1.75,2.03,True,
2018-07-01,2018,7,Jul,Marina,Marina,neighborhood,,individual,33.0,MAY2018,1.75,2.03,True,
2018-07-01,2018,7,Jul,Marina,Marina,neighborhood,,tent,2.0,MAY2018,1.75,2.03,True,
2018-07-01,2018,7,Jul,Marina,Marina,neighborhood,,total,37.0,MAY2018,1.75,2.03,True,
2018-07-01,2018,7,Jul,Marina,Marina,neighborhood,,vehicle,0.0,MAY2018,1.75,2.03,True,
2018-08-01,2018,8,Aug,East Village - North East,North East EV,ev_subarea,East Village,total,78.0,MAY2018,1.75,2.03,True,
2018-08-01,2018,8,Aug,East Village - North West,North West EV,ev_subarea,East Village,total,101.0,MAY2018,1.75,2.03,True,
2018-08-01,2018,8,Aug,East Village - South East,South East EV,ev_subarea,East Village,total,360.0,MAY2018,1.75,2.03,True,
2018-08-01,2018,8,Aug,East Village - South West,South West EV,ev_subarea,East Village,total,43.0,MAY2018,1.75,2.03,True,
2018-08-01,2018,8,Aug,City Center,Core,neighborhood,,individual,142.0,MAY2018,1.75,2.03,True,
2018-08-01,2018,8,Aug,City Center,Core,neighborhood,,tent,2.0,MAY2018,1.75,2.03,True,
2018-08-01,2018,8,Aug,City Center,Core,neighborhood,,total,146.0,MAY2018,1.75,2.03,True,
2018-08-01,2018,8,Aug,City Center,Core,neighborhood,,vehicle,0.0,MAY2018,1.75,2.03,True,
2018-08-01,2018,8,Aug,Columbia,Columbia,neighborhood,,individual,45.0,MAY2018,1.75,2.03,True,
2018-08-01,2018,8,Aug,Columbia,Columbia,neighborhood,,tent,6.0,MAY2018,1.75,2.03,True,
2018-08-01,2018,8,Aug,Columbia,Columbia,neighborhood,,total,56.0,MAY2018,1.75,2.03,True,
2018-08-01,2018,8,Aug,Columbia,Columbia,neighborhood,,vehicle,0.0,MAY2018,1.75,2.03,True,
2018-08-01,2018,8,Aug,Cortez,Cortez,neighborhood,,individual,49.0,MAY2018,1.75,2.03,True,
2018-08-01,2018,8,Aug,Cortez,Cortez,neighborhood,,tent,3.0,MAY2018,1.75,2.03,True,
2018-08-01,2018,8,Aug,Cortez,Cortez,neighborhood,,total,54.0,MAY2018,1.75,2.03,True,
2018-08-01,2018,8,Aug,Cortez,Cortez,neighborhood,,vehicle,0.0,MAY2018,1.75,2.03,True,
2018-08-01,2018,8,Aug,East Village,East Village,neighborhood,,individual,470.0,MAY2018,1.75,2.03,True,
2018-08-01,2018,8,Aug,East Village,East Village,neighborhood,,tent,44.0,MAY2018,1.75,2.03,True,
2018-08-01,2018,8,Aug,East Village,East Village,neighborhood,,total,582.0,MAY2018,1.75,2.03,True,
2018-08-01,2018,8,Aug,East Village,East Village,neighborhood,,vehicle,17.0,MAY2018,1.75,2.03,True,
2018-08-01,2018,8,Aug,Gaslamp,Gaslamp,neighborhood,,individual,55.0,MAY2018,1.75,2.03,True,
2018-08-01,2018,8,Aug,Gaslamp,Gaslamp,neighborhood,,tent,0.0,MAY2018,1.75,2.03,True,
2018-08-01,2018,8,Aug,Gaslamp,Gaslamp,neighborhood,,total,55.0,MAY2018,1.75,2.03,True,
2018-08-01,2018,8,Aug,Gaslamp,Gaslamp,neighborhood,,vehicle,0.0,MAY2018,1.75,2.03,True,
2018-08-01,2018,8,Aug,Marina,Marina,neighborhood,,individual,56.0,MAY2018,1.75,2.03,True,
2018-08-01,2018,8,Aug,Marina,Marina,neighborhood,,tent,6.0,MAY2018,1.75,2.03,True,
2018-08-01,2018,8,Aug,Marina,Marina,neighborhood,,total,72.0,MAY2018,1.75,2.03,True,
2018-08-01,2018,8,Aug,Marina,Marina,neighborhood,,vehicle,3.0,MAY2018,1.75,2.03,True,
2018-09-01,2018,9,Sep,East Village - North East,North East EV,ev_subarea,East Village,total,90.0,MAY2018,1.75,2.03,True,
2018-09-01,2018,9,Sep,East Village - North West,North West EV,ev_subarea,East Village,total,86.0,MAY2018,1.75,2.03,True,
2018-09-01,2018,9,Sep,East Village - South East,South East EV,ev_subarea,East Village,total,299.0,MAY2018,1.75,2.03,True,
2018-09-01,2018,9,Sep,East Village - South West,South West EV,ev_subarea,East Village,total,26.0,MAY2018,1.75,2.03,True,
2018-09-01,2018,9,Sep,City Center,Core,neighborhood,,individual,122.0,MAY2018,1.75,2.03,True,
2018-09-01,2018,9,Sep,City Center,Core,neighborhood,,tent,4.0,MAY2018,1.75,2.03,True,
2018-09-01,2018,9,Sep,City Center,Core,neighborhood,,total,129.0,MAY2018,1.75,2.03,True,
2018-09-01,2018,9,Sep,City Center,Core,neighborhood,,vehicle,0.0,MAY2018,1.75,2.03,True,
2018-09-01,2018,9,Sep,Columbia,Columbia,neighborhood,,individual,21.0,MAY2018,1.75,2.03,True,
2018-09-01,2018,9,Sep,Columbia,Columbia,neighborhood,,tent,3.0,MAY2018,1.75,2.03,True,
2018-09-01,2018,9,Sep,Columbia,Columbia,neighborhood,,total,26.0,MAY2018,1.75,2.03,True,
2018-09-01,2018,9,Sep,Columbia,Columbia,neighborhood,,vehicle,0.0,MAY2018,1.75,2.03,True,
2018-09-01,2018,9,Sep,Cortez,Cortez,neighborhood,,individual,30.0,MAY2018,1.75,2.03,True,
2018-09-01,2018,9,Sep,Cortez,Cortez,neighborhood,,tent,1.0,MAY2018,1.75,2.03,True,
2018-09-01,2018,9,Sep,Cortez,Cortez,neighborhood,,total,32.0,MAY2018,1.75,2.03,True,
2018-09-01,2018,9,Sep,Cortez,Cortez,neighborhood,,vehicle,0.0,MAY2018,1.75,2.03,True,
2018-09-01,2018,9,Sep,East Village,East Village,neighborhood,,individual,369.0,MAY2018,1.75,2.03,True,
2018-09-01,2018,9,Sep,East Village,East Village,neighborhood,,tent,67.0,MAY2018,1.75,2.03,True,
2018-09-01,2018,9,Sep,East Village,East Village,neighborhood,,total,501.0,MAY2018,1.75,2.03,True,
2018-09-01,2018,9,Sep,East Village,East Village,neighborhood,,vehicle,7.0,MAY2018,1.75,2.03,True,
2018-09-01,2018,9,Sep,Gaslamp,Gaslamp,neighborhood,,individual,51.0,MAY2018,1.75,2.03,True,
2018-09-01,2018,9,Sep,Gaslamp,Gaslamp,neighborhood,,tent,1.0,MAY2018,1.75,2.03,True,
2018-09-01,2018,9,Sep,Gaslamp,Gaslamp,neighborhood,,total,53.0,MAY2018,1.75,2.03,True,
2018-09-01,2018,9,Sep,Gaslamp,Gaslamp,neighborhood,,vehicle,0.0,MAY2018,1.75,2.03,True,
2018-09-01,2018,9,Sep,Marina,Marina,neighborhood,,individual,32.0,MAY2018,1.75,2.03,True,
2018-09-01,2018,9,Sep,Marina,Marina,neighborhood,,tent,8.0,MAY2018,1.75,2.03,True,
2018-09-01,2018,9,Sep,Marina,Marina,neighborhood,,total,46.0,MAY2018,1.75,2.03,True,
2018-09-01,2018,9,Sep,Marina,Marina,neighborhood,,vehicle,0.0,MAY2018,1.75,2.03,True,
2018-10-01,2018,10,Oct,East Village - North East,North East EV,ev_subarea,East Village,total,60.0,MAY2018,1.75,2.03,False,
2018-10-01,2018,10,Oct,East Village - North West,North West EV,ev_subarea,East Village,total,102.0,MAY2018,1.75,2.03,False,
2018-10-01,2018,10,Oct,East Village - South East,South East EV,ev_subarea,East Village,total,307.0,MAY2018,1.75,2.03,False,
2018-10-01,2018,10,Oct,East Village - South West,South West EV,ev_subarea,East Village,total,35.0,MAY2018,1.75,2.03,False,
2018-10-01,2018,10,Oct,City Center,Core,neighborhood,,individual,86.0,MAY2018,1.75,2.03,False,
2018-10-01,2018,10,Oct,City Center,Core,neighborhood,,tent,10.0,MAY2018,1.75,2.03,False,
2018-10-01,2018,10,Oct,City Center,Core,neighborhood,,total,104.0,MAY2018,1.75,2.03,False,
2018-10-01,2018,10,Oct,City Center,Core,neighborhood,,vehicle,0.0,MAY2018,1.75,2.03,False,
2018-10-01,2018,10,Oct,Columbia,Columbia,neighborhood,,individual,27.0,MAY2018,1.75,2.03,False,
2018-10-01,2018,10,Oct,Columbia,Columbia,neighborhood,,tent,4.0,MAY2018,1.75,2.03,False,
2018-10-01,2018,10,Oct,Columbia,Columbia,neighborhood,,total,34.0,MAY2018,1.75,2.03,False,
2018-10-01,2018,10,Oct,Columbia,Columbia,neighborhood,,vehicle,0.0,MAY2018,1.75,2.03,False,
2018-10-01,2018,10,Oct,Cortez,Cortez,neighborhood,,individual,16.0,MAY2018,1.75,2.03,False,
2018-10-01,2018,10,Oct,Cortez,Cortez,neighborhood,,tent,0.0,MAY2018,1.75,2.03,False,
2018-10-01,2018,10,Oct,Cortez,Cortez,neighborhood,,total,16.0,MAY2018,1.75,2.03,False,
2018-10-01,2018,10,Oct,Cortez,Cortez,neighborhood,,vehicle,0.0,MAY2018,1.75,2.03,False,
2018-10-01,2018,10,Oct,East Village,East Village,neighborhood,,individual,398.0,MAY2018,1.75,2.03,False,
2018-10-01,2018,10,Oct,East Village,East Village,neighborhood,,tent,56.0,MAY2018,1.75,2.03,False,
2018-10-01,2018,10,Oct,East Village,East Village,neighborhood,,total,504.0,MAY2018,1.75,2.03,False,
2018-10-01,2018,10,Oct,East Village,East Village,neighborhood,,vehicle,4.0,MAY2018,1.75,2.03,False,
2018-10-01,2018,10,Oct,Gaslamp,Gaslamp,neighborhood,,individual,52.0,MAY2018,1.75,2.03,False,
2018-10-01,2018,10,Oct,Gaslamp,Gaslamp,neighborhood,,tent,0.0,MAY2018,1.75,2.03,False,
2018-10-01,2018,10,Oct,Gaslamp,Gaslamp,neighborhood,,total,52.0,MAY2018,1.75,2.03,False,
2018-10-01,2018,10,Oct,Gaslamp,Gaslamp,neighborhood,,vehicle,0.0,MAY2018,1.75,2.03,False,
2018-10-01,2018,10,Oct,Marina,Marina,neighborhood,,individual,25.0,MAY2018,1.75,2.03,False,
2018-10-01,2018,10,Oct,Marina,Marina,neighborhood,,tent,2.0,MAY2018,1.75,2.03,False,
2018-10-01,2018,10,Oct,Marina,Marina,neighborhood,,total,29.0,MAY2018,1.75,2.03,False,
2018-10-01,2018,10,Oct,Marina,Marina,neighborhood,,vehicle,0.0,MAY2018,1.75,2.03,False,
2018-11-01,2018,11,Nov,East Village - North East,North East EV,ev_subarea,East Village,total,55.0,MAY2018,1.75,2.03,True,
2018-11-01,2018,11,Nov,East Village - North West,North West EV,ev_subarea,East Village,total,73.0,MAY2018,1.75,2.03,True,
2018-11-01,2018,11,Nov,East Village - South East,South East EV,ev_subarea,East Village,total,219.0,MAY2018,1.75,2.03,True,
2018-11-01,2018,11,Nov,East Village - South West,South West EV,ev_subarea,East Village,total,127.0,MAY2018,1.75,2.03,True,
2018-11-01,2018,11,Nov,City Center,Core,neighborhood,,individual,,MAY2018,1.75,2.03,True,not_reported
2018-11-01,2018,11,Nov,City Center,Core,neighborhood,,tent,,MAY2018,1.75,2.03,True,not_reported
2018-11-01,2018,11,Nov,City Center,Core,neighborhood,,total,146.0,MAY2018,1.75,2.03,True,
2018-11-01,2018,11,Nov,City Center,Core,neighborhood,,vehicle,,MAY2018,1.75,2.03,True,not_reported
2018-11-01,2018,11,Nov,Columbia,Columbia,neighborhood,,individual,,MAY2018,1.75,2.03,True,not_reported
2018-11-01,2018,11,Nov,Columbia,Columbia,neighborhood,,tent,,MAY2018,1.75,2.03,True,not_reported
2018-11-01,2018,11,Nov,Columbia,Columbia,neighborhood,,total,24.0,MAY2018,1.75,2.03,True,
2018-11-01,2018,11,Nov,Columbia,Columbia,neighborhood,,vehicle,,MAY2018,1.75,2.03,True,not_reported
2018-11-01,2018,11,Nov,Cortez,Cortez,neighborhood,,individual,,MAY2018,1.75,2.03,True,not_reported
2018-11-01,2018,11,Nov,Cortez,Cortez,neighborhood,,tent,,MAY2018,1.75,2.03,True,not_reported
2018-11-01,2018,11,Nov,Cortez,Cortez,neighborhood,,total,46.0,MAY2018,1.75,2.03,True,
2018-11-01,2018,11,Nov,Cortez,Cortez,neighborhood,,vehicle,,MAY2018,1.75,2.03,True,not_reported
2018-11-01,2018,11,Nov,East Village,East Village,neighborhood,,individual,,MAY2018,1.75,2.03,True,not_reported
2018-11-01,2018,11,Nov,East Village,East Village,neighborhood,,tent,,MAY2018,1.75,2.03,True,not_reported
2018-11-01,2018,11,Nov,East Village,East Village,neighborhood,,total,473.0,MAY2018,1.75,2.03,True,
2018-11-01,2018,11,Nov,East Village,East Village,neighborhood,,vehicle,,MAY2018,1.75,2.03,True,not_reported
2018-11-01,2018,11,Nov,Gaslamp,Gaslamp,neighborhood,,individual,,MAY2018,1.75,2.03,True,not_reported
2018-11-01,2018,11,Nov,Gaslamp,Gaslamp,neighborhood,,tent,,MAY2018,1.75,2.03,True,not_reported
2018-11-01,2018,11,Nov,Gaslamp,Gaslamp,neighborhood,,total,69.0,MAY2018,1.75,2.03,True,
2018-11-01,2018,11,Nov,Gaslamp,Gaslamp,neighborhood,,vehicle,,MAY2018,1.75,2.03,True,not_reported
2018-11-01,2018,11,Nov,Marina,Marina,neighborhood,,individual,,MAY2018,1.75,2.03,True,not_reported
2018-11-01,2018,11,Nov,Marina,Marina,neighborhood,,tent,,MAY2018,1.75,2.03,True,not_reported
2018-11-01,2018,11,Nov,Marina,Marina,neighborhood,,total,41.0,MAY2018,1.75,2.03,True,
2018-11-01,2018,11,Nov,Marina,Marina,neighborhood,,vehicle,,MAY2018,1.75,2.03,True,not_reported
2018-12-01,2018,12,Dec,East Village - North East,North East EV,ev_subarea,East Village,total,78.0,MAY2018,1.75,2.03,True,
2018-12-01,2018,12,Dec,East Village - North West,North West EV,ev_subarea,East Village,total,82.0,MAY2018,1.75,2.03,True,
2018-12-01,2018,12,Dec,East Village - South East,South East EV,ev_subarea,East Village,total,288.0,MAY2018,1.75,2.03,True,
2018-12-01,2018,12,Dec,East Village - South West,South West EV,ev_subarea,East Village,total,34.0,MAY2018,1.75,2.03,True,
2018-12-01,2018,12,Dec,City Center,Core,neighborhood,,individual,121.0,MAY2018,1.75,2.03,True,
2018-12-01,2018,12,Dec,City Center,Core,neighborhood,,tent,15.0,MAY2018,1.75,2.03,True,
2018-12-01,2018,12,Dec,City Center,Core,neighborhood,,total,147.0,MAY2018,1.75,2.03,True,
2018-12-01,2018,12,Dec,City Center,Core,neighborhood,,vehicle,0.0,MAY2018,1.75,2.03,True,
2018-12-01,2018,12,Dec,Columbia,Columbia,neighborhood,,individual,36.0,MAY2018,1.75,2.03,True,
2018-12-01,2018,12,Dec,Columbia,Columbia,neighborhood,,tent,5.0,MAY2018,1.75,2.03,True,
2018-12-01,2018,12,Dec,Columbia,Columbia,neighborhood,,total,45.0,MAY2018,1.75,2.03,True,
2018-12-01,2018,12,Dec,Columbia,Columbia,neighborhood,,vehicle,0.0,MAY2018,1.75,2.03,True,
2018-12-01,2018,12,Dec,Cortez,Cortez,neighborhood,,individual,38.0,MAY2018,1.75,2.03,True,
2018-12-01,2018,12,Dec,Cortez,Cortez,neighborhood,,tent,1.0,MAY2018,1.75,2.03,True,
2018-12-01,2018,12,Dec,Cortez,Cortez,neighborhood,,total,40.0,MAY2018,1.75,2.03,True,
2018-12-01,2018,12,Dec,Cortez,Cortez,neighborhood,,vehicle,0.0,MAY2018,1.75,2.03,True,
2018-12-01,2018,12,Dec,East Village,East Village,neighborhood,,individual,330.0,MAY2018,1.75,2.03,True,
2018-12-01,2018,12,Dec,East Village,East Village,neighborhood,,tent,81.0,MAY2018,1.75,2.03,True,
2018-12-01,2018,12,Dec,East Village,East Village,neighborhood,,total,482.0,MAY2018,1.75,2.03,True,
2018-12-01,2018,12,Dec,East Village,East Village,neighborhood,,vehicle,5.0,MAY2018,1.75,2.03,True,
2018-12-01,2018,12,Dec,Gaslamp,Gaslamp,neighborhood,,individual,38.0,MAY2018,1.75,2.03,True,
2018-12-01,2018,12,Dec,Gaslamp,Gaslamp,neighborhood,,tent,1.0,MAY2018,1.75,2.03,True,
2018-12-01,2018,12,Dec,Gaslamp,Gaslamp,neighborhood,,total,40.0,MAY2018,1.75,2.03,True,
2018-12-01,2018,12,Dec,Gaslamp,Gaslamp,neighborhood,,vehicle,0.0,MAY2018,1.75,2.03,True,
2018-12-01,2018,12,Dec,Marina,Marina,neighborhood,,individual,38.0,MAY2018,1.75,2.03,True,
2018-12-01,2018,12,Dec,Marina,Marina,neighborhood,,tent,8.0,MAY2018,1.75,2.03,True,
2018-12-01,2018,12,Dec,Marina,Marina,neighborhood,,total,52.0,MAY2018,1.75,2.03,True,
2018-12-01,2018,12,Dec,Marina,Marina,neighborhood,,vehicle,0.0,MAY2018,1.75,2.03,True,
2019-01-01,2019,1,Jan,East Village - North East,North East EV,ev_subarea,East Village,total,55.0,MAY2018,1.75,2.03,True,corrected_2019_subarea
2019-01-01,2019,1,Jan,East Village - North West,North West EV,ev_subarea,East Village,total,96.0,MAY2018,1.75,2.03,True,corrected_2019_subarea
2019-01-01,2019,1,Jan,East Village - South East,South East EV,ev_subarea,East Village,total,341.0,MAY2018,1.75,2.03,True,corrected_2019_subarea
2019-01-01,2019,1,Jan,East Village - South West,South West EV,ev_subarea,East Village,total,51.0,MAY2018,1.75,2.03,True,corrected_2019_subarea
2019-01-01,2019,1,Jan,City Center,Core,neighborhood,,individual,100.0,MAY2018,1.75,2.03,True,
2019-01-01,2019,1,Jan,City Center,Core,neighborhood,,tent,18.0,MAY2018,1.75,2.03,True,
2019-01-01,2019,1,Jan,City Center,City Center,neighborhood,,total,132.0,MAY2018,1.75,2.03,True,
2019-01-01,2019,1,Jan,City Center,Core,neighborhood,,vehicle,0.0,MAY2018,1.75,2.03,True,
2019-01-01,2019,1,Jan,Columbia,Columbia,neighborhood,,individual,27.0,MAY2018,1.75,2.03,True,
2019-01-01,2019,1,Jan,Columbia,Columbia,neighborhood,,tent,15.0,MAY2018,1.75,2.03,True,
2019-01-01,2019,1,Jan,Columbia,Columbia,neighborhood,,total,53.0,MAY2018,1.75,2.03,True,
2019-01-01,2019,1,Jan,Columbia,Columbia,neighborhood,,vehicle,0.0,MAY2018,1.75,2.03,True,
2019-01-01,2019,1,Jan,Cortez,Cortez,neighborhood,,individual,47.0,MAY2018,1.75,2.03,True,
2019-01-01,2019,1,Jan,Cortez,Cortez,neighborhood,,tent,4.0,MAY2018,1.75,2.03,True,
2019-01-01,2019,1,Jan,Cortez,Cortez,neighborhood,,total,54.0,MAY2018,1.75,2.03,True,
2019-01-01,2019,1,Jan,Cortez,Cortez,neighborhood,,vehicle,0.0,MAY2018,1.75,2.03,True,
2019-01-01,2019,1,Jan,East Village,East Village,neighborhood,,individual,384.0,MAY2018,1.75,2.03,True,
2019-01-01,2019,1,Jan,East Village,East Village,neighborhood,,tent,83.0,MAY2018,1.75,2.03,True,
2019-01-01,2019,1,Jan,East Village,East Village,neighborhood,,total,543.0,MAY2018,1.75,2.03,True,
2019-01-01,2019,1,Jan,East Village,East Village,neighborhood,,vehicle,7.0,MAY2018,1.75,2.03,True,
2019-01-01,2019,1,Jan,Gaslamp,Gaslamp,neighborhood,,individual,55.0,MAY2018,1.75,2.03,True,
2019-01-01,2019,1,Jan,Gaslamp,Gaslamp,neighborhood,,tent,2.0,MAY2018,1.75,2.03,True,
2019-01-01,2019,1,Jan,Gaslamp,Gaslamp,neighborhood,,total,59.0,MAY2018,1.75,2.03,True,
2019-01-01,2019,1,Jan,Gaslamp,Gaslamp,neighborhood,,vehicle,0.0,MAY2018,1.75,2.03,True,
2019-01-01,2019,1,Jan,Marina,Marina,neighborhood,,individual,32.0,MAY2018,1.75,2.03,True,
2019-01-01,2019,1,Jan,Marina,Marina,neighborhood,,tent,14.0,MAY2018,1.75,2.03,True,
2019-01-01,2019,1,Jan,Marina,Marina,neighborhood,,total,57.0,MAY2018,1.75,2.03,True,
2019-01-01,2019,1,Jan,Marina,Marina,neighborhood,,vehicle,0.0,MAY2018,1.75,2.03,True,
2019-02-01,2019,2,Feb,East Village - North East,North East EV,ev_subarea,East Village,total,80.0,MAY2018,1.75,2.03,True,corrected_2019_subarea
2019-02-01,2019,2,Feb,East Village - North West,North West EV,ev_subarea,East Village,total,98.0,MAY2018,1.75,2.03,True,corrected_2019_subarea
2019-02-01,2019,2,Feb,East Village - South East,South East EV,ev_subarea,East Village,total,300.0,MAY2018,1.75,2.03,True,corrected_2019_subarea
2019-02-01,2019,2,Feb,East Village - South West,South West EV,ev_subarea,East Village,total,19.0,MAY2018,1.75,2.03,True,corrected_2019_subarea
2019-02-01,2019,2,Feb,City Center,Core,neighborhood,,individual,97.0,MAY2018,1.75,2.03,True,
2019-02-01,2019,2,Feb,City Center,Core,neighborhood,,tent,7.0,MAY2018,1.75,2.03,True,
2019-02-01,2019,2,Feb,City Center,City Center,neighborhood,,total,109.0,MAY2018,1.75,2.03,True,
2019-02-01,2019,2,Feb,City Center,Core,neighborhood,,vehicle,0.0,MAY2018,1.75,2.03,True,
2019-02-01,2019,2,Feb,Columbia,Columbia,neighborhood,,individual,20.0,MAY2018,1.75,2.03,True,
2019-02-01,2019,2,Feb,Columbia,Columbia,neighborhood,,tent,13.0,MAY2018,1.75,2.03,True,
2019-02-01,2019,2,Feb,Columbia,Columbia,neighborhood,,total,43.0,MAY2018,1.75,2.03,True,
2019-02-01,2019,2,Feb,Columbia,Columbia,neighborhood,,vehicle,0.0,MAY2018,1.75,2.03,True,
2019-02-01,2019,2,Feb,Cortez,Cortez,neighborhood,,individual,31.0,MAY2018,1.75,2.03,True,
2019-02-01,2019,2,Feb,Cortez,Cortez,neighborhood,,tent,1.0,MAY2018,1.75,2.03,True,
2019-02-01,2019,2,Feb,Cortez,Cortez,neighborhood,,total,33.0,MAY2018,1.75,2.03,True,
2019-02-01,2019,2,Feb,Cortez,Cortez,neighborhood,,vehicle,0.0,MAY2018,1.75,2.03,True,
2019-02-01,2019,2,Feb,East Village,East Village,neighborhood,,individual,321.0,MAY2018,1.75,2.03,True,
2019-02-01,2019,2,Feb,East Village,East Village,neighborhood,,tent,88.0,MAY2018,1.75,2.03,True,
2019-02-01,2019,2,Feb,East Village,East Village,neighborhood,,total,497.0,MAY2018,1.75,2.03,True,
2019-02-01,2019,2,Feb,East Village,East Village,neighborhood,,vehicle,11.0,MAY2018,1.75,2.03,True,
2019-02-01,2019,2,Feb,Gaslamp,Gaslamp,neighborhood,,individual,66.0,MAY2018,1.75,2.03,True,
2019-02-01,2019,2,Feb,Gaslamp,Gaslamp,neighborhood,,tent,1.0,MAY2018,1.75,2.03,True,
2019-02-01,2019,2,Feb,Gaslamp,Gaslamp,neighborhood,,total,68.0,MAY2018,1.75,2.03,True,
2019-02-01,2019,2,Feb,Gaslamp,Gaslamp,neighborhood,,vehicle,0.0,MAY2018,1.75,2.03,True,
2019-02-01,2019,2,Feb,Marina,Marina,neighborhood,,individual,40.0,MAY2018,1.75,2.03,True,
2019-02-01,2019,2,Feb,Marina,Marina,neighborhood,,tent,5.0,MAY2018,1.75,2.03,True,
2019-02-01,2019,2,Feb,Marina,Marina,neighborhood,,total,49.0,MAY2018,1.75,2.03,True,
2019-02-01,2019,2,Feb,Marina,Marina,neighborhood,,vehicle,0.0,MAY2018,1.75,2.03,True,
2019-03-01,2019,3,Mar,East Village - North East,North East EV,ev_subarea,East Village,total,64.0,MAY2018,1.75,2.03,False,corrected_2019_subarea
2019-03-01,2019,3,Mar,East Village - North West,North West EV,ev_subarea,East Village,total,83.0,MAY2018,1.75,2.03,False,corrected_2019_subarea
2019-03-01,2019,3,Mar,East Village - South East,South East EV,ev_subarea,East Village,total,264.0,MAY2018,1.75,2.03,False,corrected_2019_subarea
2019-03-01,2019,3,Mar,East Village - South West,South West EV,ev_subarea,East Village,total,17.0,MAY2018,1.75,2.03,False,corrected_2019_subarea
2019-03-01,2019,3,Mar,City Center,Core,neighborhood,,individual,109.0,MAY2018,1.75,2.03,False,
2019-03-01,2019,3,Mar,City Center,Core,neighborhood,,tent,12.0,MAY2018,1.75,2.03,False,
2019-03-01,2019,3,Mar,City Center,City Center,neighborhood,,total,130.0,MAY2018,1.75,2.03,False,
2019-03-01,2019,3,Mar,City Center,Core,neighborhood,,vehicle,0.0,MAY2018,1.75,2.03,False,
2019-03-01,2019,3,Mar,Columbia,Columbia,neighborhood,,individual,17.0,MAY2018,1.75,2.03,False,
2019-03-01,2019,3,Mar,Columbia,Columbia,neighborhood,,tent,9.0,MAY2018,1.75,2.03,False,
2019-03-01,2019,3,Mar,Columbia,Columbia,neighborhood,,total,33.0,MAY2018,1.75,2.03,False,
2019-03-01,2019,3,Mar,Columbia,Columbia,neighborhood,,vehicle,0.0,MAY2018,1.75,2.03,False,
2019-03-01,2019,3,Mar,Cortez,Cortez,neighborhood,,individual,49.0,MAY2018,1.75,2.03,False,
2019-03-01,2019,3,Mar,Cortez,Cortez,neighborhood,,tent,2.0,MAY2018,1.75,2.03,False,
2019-03-01,2019,3,Mar,Cortez,Cortez,neighborhood,,total,53.0,MAY2018,1.75,2.03,False,
2019-03-01,2019,3,Mar,Cortez,Cortez,neighborhood,,vehicle,0.0,MAY2018,1.75,2.03,False,
2019-03-01,2019,3,Mar,East Village,East Village,neighborhood,,individual,288.0,MAY2018,1.75,2.03,False,
2019-03-01,2019,3,Mar,East Village,East Village,neighborhood,,tent,66.0,MAY2018,1.75,2.03,False,
2019-03-01,2019,3,Mar,East Village,East Village,neighborhood,,total,428.0,MAY2018,1.75,2.03,False,
2019-03-01,2019,3,Mar,East Village,East Village,neighborhood,,vehicle,12.0,MAY2018,1.75,2.03,False,
2019-03-01,2019,3,Mar,Gaslamp,Gaslamp,neighborhood,,individual,59.0,MAY2018,1.75,2.03,False,
2019-03-01,2019,3,Mar,Gaslamp,Gaslamp,neighborhood,,tent,0.0,MAY2018,1.75,2.03,False,
2019-03-01,2019,3,Mar,Gaslamp,Gaslamp,neighborhood,,total,59.0,MAY2018,1.75,2.03,False,
2019-03-01,2019,3,Mar,Gaslamp,Gaslamp,neighborhood,,vehicle,0.0,MAY2018,1.75,2.03,False,
2019-03-01,2019,3,Mar,Marina,Marina,neighborhood,,individual,23.0,MAY2018,1.75,2.03,False,
2019-03-01,2019,3,Mar,Marina,Marina,neighborhood,,tent,4.0,MAY2018,1.75,2.03,False,
2019-03-01,2019,3,Mar,Marina,Marina,neighborhood,,total,30.0,MAY2018,1.75,2.03,False,
2019-03-01,2019,3,Mar,Marina,Marina,neighborhood,,vehicle,0.0,MAY2018,1.75,2.03,False,
2019-04-01,2019,4,Apr,East Village - North East,North East EV,ev_subarea,East Village,total,81.0,MAY2018,1.75,2.03,True,corrected_2019_subarea
2019-04-01,2019,4,Apr,East Village - North West,North West EV,ev_subarea,East Village,total,94.0,MAY2018,1.75,2.03,True,corrected_2019_subarea
2019-04-01,2019,4,Apr,East Village - South East,South East EV,ev_subarea,East Village,total,295.0,MAY2018,1.75,2.03,True,corrected_2019_subarea
2019-04-01,2019,4,Apr,East Village - South West,South West EV,ev_subarea,East Village,total,32.0,MAY2018,1.75,2.03,True,corrected_2019_subarea
2019-04-01,2019,4,Apr,City Center,City Center,neighborhood,,individual,89.0,MAY2018,1.75,2.03,True,
2019-04-01,2019,4,Apr,City Center,City Center,neighborhood,,tent,10.0,MAY2018,1.75,2.03,True,
2019-04-01,2019,4,Apr,City Center,City Center,neighborhood,,total,107.0,MAY2018,1.75,2.03,True,
2019-04-01,2019,4,Apr,City Center,City Center,neighborhood,,vehicle,0.0,MAY2018,1.75,2.03,True,
2019-04-01,2019,4,Apr,Columbia,Columbia,neighborhood,,individual,46.0,MAY2018,1.75,2.03,True,
2019-04-01,2019,4,Apr,Columbia,Columbia,neighborhood,,tent,5.0,MAY2018,1.75,2.03,True,
2019-04-01,2019,4,Apr,Columbia,Columbia,neighborhood,,total,55.0,MAY2018,1.75,2.03,True,
2019-04-01,2019,4,Apr,Columbia,Columbia,neighborhood,,vehicle,0.0,MAY2018,1.75,2.03,True,
2019-04-01,2019,4,Apr,Cortez,Cortez,neighborhood,,individual,40.0,MAY2018,1.75,2.03,True,
2019-04-01,2019,4,Apr,Cortez,Cortez,neighborhood,,tent,2.0,MAY2018,1.75,2.03,True,
2019-04-01,2019,4,Apr,Cortez,Cortez,neighborhood,,total,44.0,MAY2018,1.75,2.03,True,
2019-04-01,2019,4,Apr,Cortez,Cortez,neighborhood,,vehicle,0.0,MAY2018,1.75,2.03,True,
2019-04-01,2019,4,Apr,East Village,East Village,neighborhood,,individual,364.0,MAY2018,1.75,2.03,True,component_total_mismatch
2019-04-01,2019,4,Apr,East Village,East Village,neighborhood,,tent,67.0,MAY2018,1.75,2.03,True,component_total_mismatch
2019-04-01,2019,4,Apr,East Village,East Village,neighborhood,,total,502.0,MAY2018,1.75,2.03,True,component_total_mismatch
2019-04-01,2019,4,Apr,East Village,East Village,neighborhood,,vehicle,12.0,MAY2018,1.75,2.03,True,component_total_mismatch
2019-04-01,2019,4,Apr,Gaslamp,Gaslamp,neighborhood,,individual,36.0,MAY2018,1.75,2.03,True,
2019-04-01,2019,4,Apr,Gaslamp,Gaslamp,neighborhood,,tent,0.0,MAY2018,1.75,2.03,True,
2019-04-01,2019,4,Apr,Gaslamp,Gaslamp,neighborhood,,total,36.0,MAY2018,1.75,2.03,True,
2019-04-01,2019,4,Apr,Gaslamp,Gaslamp,neighborhood,,vehicle,0.0,MAY2018,1.75,2.03,True,
2019-04-01,2019,4,Apr,Marina,Marina,neighborhood,,individual,19.0,MAY2018,1.75,2.03,True,
2019-04-01,2019,4,Apr,Marina,Marina,neighborhood,,tent,7.0,MAY2018,1.75,2.03,True,
2019-04-01,2019,4,Apr,Marina,Marina,neighborhood,,total,33.0,MAY2018,1.75,2.03,True,
2019-04-01,2019,4,Apr,Marina,Marina,neighborhood,,vehicle,1.0,MAY2018,1.75,2.03,True,
2019-05-01,2019,5,May,East Village - North East,North East EV,ev_subarea,East Village,total,101.0,MAY2018,1.75,2.03,True,corrected_2019_subarea
2019-05-01,2019,5,May,East Village - North West,North West EV,ev_subarea,East Village,total,60.0,MAY2018,1.75,2.03,True,corrected_2019_subarea
2019-05-01,2019,5,May,East Village - South East,South East EV,ev_subarea,East Village,total,316.0,MAY2018,1.75,2.03,True,corrected_2019_subarea
2019-05-01,2019,5,May,East Village - South West,South West EV,ev_subarea,East Village,total,30.0,MAY2018,1.75,2.03,True,corrected_2019_subarea
2019-05-01,2019,5,May,City Center,City Center,neighborhood,,individual,125.0,MAY2018,1.75,2.03,True,
2019-05-01,2019,5,May,City Center,City Center,neighborhood,,tent,12.0,MAY2018,1.75,2.03,True,
2019-05-01,2019,5,May,City Center,City Center,neighborhood,,total,146.0,MAY2018,1.75,2.03,True,
2019-05-01,2019,5,May,City Center,City Center,neighborhood,,vehicle,0.0,MAY2018,1.75,2.03,True,
2019-05-01,2019,5,May,Columbia,Columbia,neighborhood,,individual,43.0,MAY2018,1.75,2.03,True,
2019-05-01,2019,5,May,Columbia,Columbia,neighborhood,,tent,10.0,MAY2018,1.75,2.03,True,
2019-05-01,2019,5,May,Columbia,Columbia,neighborhood,,total,61.0,MAY2018,1.75,2.03,True,
2019-05-01,2019,5,May,Columbia,Columbia,neighborhood,,vehicle,0.0,MAY2018,1.75,2.03,True,
2019-05-01,2019,5,May,Cortez,Cortez,neighborhood,,individual,40.0,MAY2018,1.75,2.03,True,
2019-05-01,2019,5,May,Cortez,Cortez,neighborhood,,tent,3.0,MAY2018,1.75,2.03,True,
2019-05-01,2019,5,May,Cortez,Cortez,neighborhood,,total,45.0,MAY2018,1.75,2.03,True,
2019-05-01,2019,5,May,Cortez,Cortez,neighborhood,,vehicle,0.0,MAY2018,1.75,2.03,True,
2019-05-01,2019,5,May,East Village,East Village,neighborhood,,individual,331.0,MAY2018,1.75,2.03,True,
2019-05-01,2019,5,May,East Village,East Village,neighborhood,,tent,87.0,MAY2018,1.75,2.03,True,
2019-05-01,2019,5,May,East Village,East Village,neighborhood,,total,506.0,MAY2018,1.75,2.03,True,
2019-05-01,2019,5,May,East Village,East Village,neighborhood,,vehicle,11.0,MAY2018,1.75,2.03,True,
2019-05-01,2019,5,May,Gaslamp,Gaslamp,neighborhood,,individual,58.0,MAY2018,1.75,2.03,True,
2019-05-01,2019,5,May,Gaslamp,Gaslamp,neighborhood,,tent,4.0,MAY2018,1.75,2.03,True,
2019-05-01,2019,5,May,Gaslamp,Gaslamp,neighborhood,,total,65.0,MAY2018,1.75,2.03,True,
2019-05-01,2019,5,May,Gaslamp,Gaslamp,neighborhood,,vehicle,0.0,MAY2018,1.75,2.03,True,
2019-05-01,2019,5,May,Marina,Marina,neighborhood,,individual,24.0,MAY2018,1.75,2.03,True,
2019-05-01,2019,5,May,Marina,Marina,neighborhood,,tent,8.0,MAY2018,1.75,2.03,True,
2019-05-01,2019,5,May,Marina,Marina,neighborhood,,total,38.0,MAY2018,1.75,2.03,True,
2019-05-01,2019,5,May,Marina,Marina,neighborhood,,vehicle,0.0,MAY2018,1.75,2.03,True,
2019-06-01,2019,6,Jun,East Village - North East,North East EV,ev_subarea,East Village,total,74.0,MAY2018,1.75,2.03,True,corrected_2019_subarea
2019-06-01,2019,6,Jun,East Village - North West,North West EV,ev_subarea,East Village,total,72.0,MAY2018,1.75,2.03,True,corrected_2019_subarea
2019-06-01,2019,6,Jun,East Village - South East,South East EV,ev_subarea,East Village,total,301.0,MAY2018,1.75,2.03,True,corrected_2019_subarea
2019-06-01,2019,6,Jun,East Village - South West,South West EV,ev_subarea,East Village,total,21.0,MAY2018,1.75,2.03,True,corrected_2019_subarea
2019-06-01,2019,6,Jun,City Center,City Center,neighborhood,,individual,138.0,MAY2018,1.75,2.03,True,
2019-06-01,2019,6,Jun,City Center,City Center,neighborhood,,tent,11.0,MAY2018,1.75,2.03,True,
2019-06-01,2019,6,Jun,City Center,City Center,neighborhood,,total,157.0,MAY2018,1.75,2.03,True,
2019-06-01,2019,6,Jun,City Center,City Center,neighborhood,,vehicle,0.0,MAY2018,1.75,2.03,True,
2019-06-01,2019,6,Jun,Columbia,Columbia,neighborhood,,individual,42.0,MAY2018,1.75,2.03,True,
2019-06-01,2019,6,Jun,Columbia,Columbia,neighborhood,,tent,11.0,MAY2018,1.75,2.03,True,
2019-06-01,2019,6,Jun,Columbia,Columbia,neighborhood,,total,61.0,MAY2018,1.75,2.03,True,
2019-06-01,2019,6,Jun,Columbia,Columbia,neighborhood,,vehicle,0.0,MAY2018,1.75,2.03,True,
2019-06-01,2019,6,Jun,Cortez,Cortez,neighborhood,,individual,44.0,MAY2018,1.75,2.03,True,
2019-06-01,2019,6,Jun,Cortez,Cortez,neighborhood,,tent,1.0,MAY2018,1.75,2.03,True,
2019-06-01,2019,6,Jun,Cortez,Cortez,neighborhood,,total,46.0,MAY2018,1.75,2.03,True,
2019-06-01,2019,6,Jun,Cortez,Cortez,neighborhood,,vehicle,0.0,MAY2018,1.75,2.03,True,
2019-06-01,2019,6,Jun,East Village,East Village,neighborhood,,individual,311.0,MAY2018,1.75,2.03,True,component_total_mismatch
2019-06-01,2019,6,Jun,East Village,East Village,neighborhood,,tent,77.0,MAY2018,1.75,2.03,True,component_total_mismatch
2019-06-01,2019,6,Jun,East Village,East Village,neighborhood,,total,468.0,MAY2018,1.75,2.03,True,component_total_mismatch
2019-06-01,2019,6,Jun,East Village,East Village,neighborhood,,vehicle,13.0,MAY2018,1.75,2.03,True,component_total_mismatch
2019-06-01,2019,6,Jun,Gaslamp,Gaslamp,neighborhood,,individual,47.0,MAY2018,1.75,2.03,True,
2019-06-01,2019,6,Jun,Gaslamp,Gaslamp,neighborhood,,tent,4.0,MAY2018,1.75,2.03,True,
2019-06-01,2019,6,Jun,Gaslamp,Gaslamp,neighborhood,,total,54.0,MAY2018,1.75,2.03,True,
2019-06-01,2019,6,Jun,Gaslamp,Gaslamp,neighborhood,,vehicle,0.0,MAY2018,1.75,2.03,True,
2019-06-01,2019,6,Jun,Marina,Marina,neighborhood,,individual,28.0,MAY2018,1.75,2.03,True,
2019-06-01,2019,6,Jun,Marina,Marina,neighborhood,,tent,4.0,MAY2018,1.75,2.03,True,
2019-06-01,2019,6,Jun,Marina,Marina,neighborhood,,total,35.0,MAY2018,1.75,2.03,True,
2019-06-01,2019,6,Jun,Marina,Marina,neighborhood,,vehicle,0.0,MAY2018,1.75,2.03,True,
2019-07-01,2019,7,Jul,East Village - North East,North East EV,ev_subarea,East Village,total,87.0,MAY2018,1.75,2.03,True,corrected_2019_subarea
2019-07-01,2019,7,Jul,East Village - North West,North West EV,ev_subarea,East Village,total,94.0,MAY2018,1.75,2.03,True,corrected_2019_subarea
2019-07-01,2019,7,Jul,East Village - South East,South East EV,ev_subarea,East Village,total,395.0,MAY2018,1.75,2.03,True,corrected_2019_subarea
2019-07-01,2019,7,Jul,East Village - South West,South West EV,ev_subarea,East Village,total,28.0,MAY2018,1.75,2.03,True,corrected_2019_subarea
2019-07-01,2019,7,Jul,City Center,City Center,neighborhood,,individual,122.0,MAY2018,1.75,2.03,True,
2019-07-01,2019,7,Jul,City Center,City Center,neighborhood,,tent,14.0,MAY2018,1.75,2.03,True,
2019-07-01,2019,7,Jul,City Center,City Center,neighborhood,,total,147.0,MAY2018,1.75,2.03,True,
2019-07-01,2019,7,Jul,City Center,City Center,neighborhood,,vehicle,0.0,MAY2018,1.75,2.03,True,
2019-07-01,2019,7,Jul,Columbia,Columbia,neighborhood,,individual,34.0,MAY2018,1.75,2.03,True,
2019-07-01,2019,7,Jul,Columbia,Columbia,neighborhood,,tent,10.0,MAY2018,1.75,2.03,True,
2019-07-01,2019,7,Jul,Columbia,Columbia,neighborhood,,total,52.0,MAY2018,1.75,2.03,True,
2019-07-01,2019,7,Jul,Columbia,Columbia,neighborhood,,vehicle,0.0,MAY2018,1.75,2.03,True,
2019-07-01,2019,7,Jul,Cortez,Cortez,neighborhood,,individual,62.0,MAY2018,1.75,2.03,True,
2019-07-01,2019,7,Jul,Cortez,Cortez,neighborhood,,tent,5.0,MAY2018,1.75,2.03,True,
2019-07-01,2019,7,Jul,Cortez,Cortez,neighborhood,,total,71.0,MAY2018,1.75,2.03,True,
2019-07-01,2019,7,Jul,Cortez,Cortez,neighborhood,,vehicle,0.0,MAY2018,1.75,2.03,True,
2019-07-01,2019,7,Jul,East Village,East Village,neighborhood,,individual,441.0,MAY2018,1.75,2.03,True,
2019-07-01,2019,7,Jul,East Village,East Village,neighborhood,,tent,69.0,MAY2018,1.75,2.03,True,
2019-07-01,2019,7,Jul,East Village,East Village,neighborhood,,total,604.0,MAY2018,1.75,2.03,True,
2019-07-01,2019,7,Jul,East Village,East Village,neighborhood,,vehicle,21.0,MAY2018,1.75,2.03,True,
2019-07-01,2019,7,Jul,Gaslamp,Gaslamp,neighborhood,,individual,50.0,MAY2018,1.75,2.03,True,
2019-07-01,2019,7,Jul,Gaslamp,Gaslamp,neighborhood,,tent,1.0,MAY2018,1.75,2.03,True,
2019-07-01,2019,7,Jul,Gaslamp,Gaslamp,neighborhood,,total,52.0,MAY2018,1.75,2.03,True,
2019-07-01,2019,7,Jul,Gaslamp,Gaslamp,neighborhood,,vehicle,0.0,MAY2018,1.75,2.03,True,
2019-07-01,2019,7,Jul,Marina,Marina,neighborhood,,individual,34.0,MAY2018,1.75,2.03,True,
2019-07-01,2019,7,Jul,Marina,Marina,neighborhood,,tent,1.0,MAY2018,1.75,2.03,True,
2019-07-01,2019,7,Jul,Marina,Marina,neighborhood,,total,36.0,MAY2018,1.75,2.03,True,
2019-07-01,2019,7,Jul,Marina,Marina,neighborhood,,vehicle,0.0,MAY2018,1.75,2.03,True,
2019-08-01,2019,8,Aug,East Village - North East,North East EV,ev_subarea,East Village,total,62.0,MAY2018,1.75,2.03,False,corrected_2019_subarea
2019-08-01,2019,8,Aug,East Village - North West,North West EV,ev_subarea,East Village,total,74.0,MAY2018,1.75,2.03,False,corrected_2019_subarea
2019-08-01,2019,8,Aug,East Village - South East,South East EV,ev_subarea,East Village,total,312.0,MAY2018,1.75,2.03,False,corrected_2019_subarea
2019-08-01,2019,8,Aug,East Village - South West,South West EV,ev_subarea,East Village,total,22.0,MAY2018,1.75,2.03,False,corrected_2019_subarea
2019-08-01,2019,8,Aug,City Center,City Center,neighborhood,,individual,113.0,MAY2018,1.75,2.03,False,
2019-08-01,2019,8,Aug,City Center,City Center,neighborhood,,tent,6.0,MAY2018,1.75,2.03,False,
2019-08-01,2019,8,Aug,City Center,City Center,neighborhood,,total,124.0,MAY2018,1.75,2.03,False,
2019-08-01,2019,8,Aug,City Center,City Center,neighborhood,,vehicle,0.0,MAY2018,1.75,2.03,False,
2019-08-01,2019,8,Aug,Columbia,Columbia,neighborhood,,individual,32.0,MAY2018,1.75,2.03,False,
2019-08-01,2019,8,Aug,Columbia,Columbia,neighborhood,,tent,8.0,MAY2018,1.75,2.03,False,
2019-08-01,2019,8,Aug,Columbia,Columbia,neighborhood,,total,46.0,MAY2018,1.75,2.03,False,
2019-08-01,2019,8,Aug,Columbia,Columbia,neighborhood,,vehicle,0.0,MAY2018,1.75,2.03,False,
2019-08-01,2019,8,Aug,Cortez,Cortez,neighborhood,,individual,29.0,MAY2018,1.75,2.03,False,
2019-08-01,2019,8,Aug,Cortez,Cortez,neighborhood,,tent,1.0,MAY2018,1.75,2.03,False,
2019-08-01,2019,8,Aug,Cortez,Cortez,neighborhood,,total,31.0,MAY2018,1.75,2.03,False,
2019-08-01,2019,8,Aug,Cortez,Cortez,neighborhood,,vehicle,0.0,MAY2018,1.75,2.03,False,
2019-08-01,2019,8,Aug,East Village,East Village,neighborhood,,individual,377.0,MAY2018,1.75,2.03,False,
2019-08-01,2019,8,Aug,East Village,East Village,neighborhood,,tent,46.0,MAY2018,1.75,2.03,False,
2019-08-01,2019,8,Aug,East Village,East Village,neighborhood,,total,470.0,MAY2018,1.75,2.03,False,
2019-08-01,2019,8,Aug,East Village,East Village,neighborhood,,vehicle,6.0,MAY2018,1.75,2.03,False,
2019-08-01,2019,8,Aug,Gaslamp,Gaslamp,neighborhood,,individual,56.0,MAY2018,1.75,2.03,False,
2019-08-01,2019,8,Aug,Gaslamp,Gaslamp,neighborhood,,tent,3.0,MAY2018,1.75,2.03,False,
2019-08-01,2019,8,Aug,Gaslamp,Gaslamp,neighborhood,,total,61.0,MAY2018,1.75,2.03,False,
2019-08-01,2019,8,Aug,Gaslamp,Gaslamp,neighborhood,,vehicle,0.0,MAY2018,1.75,2.03,False,
2019-08-01,2019,8,Aug,Marina,Marina,neighborhood,,individual,30.0,MAY2018,1.75,2.03,False,
2019-08-01,2019,8,Aug,Marina,Marina,neighborhood,,tent,5.0,MAY2018,1.75,2.03,False,
2019-08-01,2019,8,Aug,Marina,Marina,neighborhood,,total,39.0,MAY2018,1.75,2.03,False,
2019-08-01,2019,8,Aug,Marina,Marina,neighborhood,,vehicle,0.0,MAY2018,1.75,2.03,False,
2019-09-01,2019,9,Sep,East Village - North East,North East EV,ev_subarea,East Village,total,70.0,MAY2018,1.75,2.03,True,corrected_2019_subarea
2019-09-01,2019,9,Sep,East Village - North West,North West EV,ev_subarea,East Village,total,94.0,MAY2018,1.75,2.03,True,corrected_2019_subarea
2019-09-01,2019,9,Sep,East Village - South East,South East EV,ev_subarea,East Village,total,311.0,MAY2018,1.75,2.03,True,corrected_2019_subarea
2019-09-01,2019,9,Sep,East Village - South West,South West EV,ev_subarea,East Village,total,59.0,MAY2018,1.75,2.03,True,corrected_2019_subarea
2019-09-01,2019,9,Sep,City Center,City Center,neighborhood,,individual,178.0,MAY2018,1.75,2.03,True,
2019-09-01,2019,9,Sep,City Center,City Center,neighborhood,,tent,8.0,MAY2018,1.75,2.03,True,
2019-09-01,2019,9,Sep,City Center,City Center,neighborhood,,total,192.0,MAY2018,1.75,2.03,True,
2019-09-01,2019,9,Sep,City Center,City Center,neighborhood,,vehicle,0.0,MAY2018,1.75,2.03,True,
2019-09-01,2019,9,Sep,Columbia,Columbia,neighborhood,,individual,42.0,MAY2018,1.75,2.03,True,
2019-09-01,2019,9,Sep,Columbia,Columbia,neighborhood,,tent,4.0,MAY2018,1.75,2.03,True,
2019-09-01,2019,9,Sep,Columbia,Columbia,neighborhood,,total,49.0,MAY2018,1.75,2.03,True,
2019-09-01,2019,9,Sep,Columbia,Columbia,neighborhood,,vehicle,0.0,MAY2018,1.75,2.03,True,
2019-09-01,2019,9,Sep,Cortez,Cortez,neighborhood,,individual,48.0,MAY2018,1.75,2.03,True,
2019-09-01,2019,9,Sep,Cortez,Cortez,neighborhood,,tent,4.0,MAY2018,1.75,2.03,True,
2019-09-01,2019,9,Sep,Cortez,Cortez,neighborhood,,total,55.0,MAY2018,1.75,2.03,True,
2019-09-01,2019,9,Sep,Cortez,Cortez,neighborhood,,vehicle,0.0,MAY2018,1.75,2.03,True,
2019-09-01,2019,9,Sep,East Village,East Village,neighborhood,,individual,384.0,MAY2018,1.75,2.03,True,
2019-09-01,2019,9,Sep,East Village,East Village,neighborhood,,tent,68.0,MAY2018,1.75,2.03,True,
2019-09-01,2019,9,Sep,East Village,East Village,neighborhood,,total,533.0,MAY2018,1.75,2.03,True,
2019-09-01,2019,9,Sep,East Village,East Village,neighborhood,,vehicle,15.0,MAY2018,1.75,2.03,True,
2019-09-01,2019,9,Sep,Gaslamp,Gaslamp,neighborhood,,individual,75.0,MAY2018,1.75,2.03,True,
2019-09-01,2019,9,Sep,Gaslamp,Gaslamp,neighborhood,,tent,1.0,MAY2018,1.75,2.03,True,
2019-09-01,2019,9,Sep,Gaslamp,Gaslamp,neighborhood,,total,77.0,MAY2018,1.75,2.03,True,
2019-09-01,2019,9,Sep,Gaslamp,Gaslamp,neighborhood,,vehicle,0.0,MAY2018,1.75,2.03,True,
2019-09-01,2019,9,Sep,Marina,Marina,neighborhood,,individual,33.0,MAY2018,1.75,2.03,True,
2019-09-01,2019,9,Sep,Marina,Marina,neighborhood,,tent,4.0,MAY2018,1.75,2.03,True,
2019-09-01,2019,9,Sep,Marina,Marina,neighborhood,,total,40.0,MAY2018,1.75,2.03,True,
2019-09-01,2019,9,Sep,Marina,Marina,neighborhood,,vehicle,0.0,MAY2018,1.75,2.03,True,
2019-10-01,2019,10,Oct,East Village - North East,North East EV,ev_subarea,East Village,total,63.0,MAY2018,1.75,2.03,False,corrected_2019_subarea
2019-10-01,2019,10,Oct,East Village - North West,North West EV,ev_subarea,East Village,total,98.0,MAY2018,1.75,2.03,False,corrected_2019_subarea
2019-10-01,2019,10,Oct,East Village - South East,South East EV,ev_subarea,East Village,total,301.0,MAY2018,1.75,2.03,False,corrected_2019_subarea
2019-10-01,2019,10,Oct,East Village - South West,South West EV,ev_subarea,East Village,total,18.0,MAY2018,1.75,2.03,False,corrected_2019_subarea
2019-10-01,2019,10,Oct,City Center,City Center,neighborhood,,individual,149.0,MAY2018,1.75,2.03,False,
2019-10-01,2019,10,Oct,City Center,City Center,neighborhood,,tent,12.0,MAY2018,1.75,2.03,False,
2019-10-01,2019,10,Oct,City Center,City Center,neighborhood,,total,170.0,MAY2018,1.75,2.03,False,
2019-10-01,2019,10,Oct,City Center,City Center,neighborhood,,vehicle,0.0,MAY2018,1.75,2.03,False,
2019-10-01,2019,10,Oct,Columbia,Columbia,neighborhood,,individual,53.0,MAY2018,1.75,2.03,False,
2019-10-01,2019,10,Oct,Columbia,Columbia,neighborhood,,tent,8.0,MAY2018,1.75,2.03,False,
2019-10-01,2019,10,Oct,Columbia,Columbia,neighborhood,,total,67.0,MAY2018,1.75,2.03,False,
2019-10-01,2019,10,Oct,Columbia,Columbia,neighborhood,,vehicle,0.0,MAY2018,1.75,2.03,False,
2019-10-01,2019,10,Oct,Cortez,Cortez,neighborhood,,individual,34.0,MAY2018,1.75,2.03,False,
2019-10-01,2019,10,Oct,Cortez,Cortez,neighborhood,,tent,3.0,MAY2018,1.75,2.03,False,
2019-10-01,2019,10,Oct,Cortez,Cortez,neighborhood,,total,39.0,MAY2018,1.75,2.03,False,
2019-10-01,2019,10,Oct,Cortez,Cortez,neighborhood,,vehicle,0.0,MAY2018,1.75,2.03,False,
2019-10-01,2019,10,Oct,East Village,East Village,neighborhood,,individual,384.0,MAY2018,1.75,2.03,False,component_total_mismatch
2019-10-01,2019,10,Oct,East Village,East Village,neighborhood,,tent,38.0,MAY2018,1.75,2.03,False,component_total_mismatch
2019-10-01,2019,10,Oct,East Village,East Village,neighborhood,,total,479.0,MAY2018,1.75,2.03,False,component_total_mismatch
2019-10-01,2019,10,Oct,East Village,East Village,neighborhood,,vehicle,17.0,MAY2018,1.75,2.03,False,component_total_mismatch
2019-10-01,2019,10,Oct,Gaslamp,Gaslamp,neighborhood,,individual,57.0,MAY2018,1.75,2.03,False,
2019-10-01,2019,10,Oct,Gaslamp,Gaslamp,neighborhood,,tent,2.0,MAY2018,1.75,2.03,False,
2019-10-01,2019,10,Oct,Gaslamp,Gaslamp,neighborhood,,total,61.0,MAY2018,1.75,2.03,False,
2019-10-01,2019,10,Oct,Gaslamp,Gaslamp,neighborhood,,vehicle,0.0,MAY2018,1.75,2.03,False,
2019-10-01,2019,10,Oct,Marina,Marina,neighborhood,,individual,24.0,MAY2018,1.75,2.03,False,
2019-10-01,2019,10,Oct,Marina,Marina,neighborhood,,tent,4.0,MAY2018,1.75,2.03,False,
2019-10-01,2019,10,Oct,Marina,Marina,neighborhood,,total,31.0,MAY2018,1.75,2.03,False,
2019-10-01,2019,10,Oct,Marina,Marina,neighborhood,,vehicle,0.0,MAY2018,1.75,2.03,False,
2019-11-01,2019,11,Nov,East Village - North East,North East EV,ev_subarea,East Village,total,69.0,MAY2018,1.75,2.03,False,corrected_2019_subarea
2019-11-01,2019,11,Nov,East Village - North West,North West EV,ev_subarea,East Village,total,38.0,MAY2018,1.75,2.03,False,corrected_2019_subarea
2019-11-01,2019,11,Nov,East Village - South East,South East EV,ev_subarea,East Village,total,281.0,MAY2018,1.75,2.03,False,corrected_2019_subarea
2019-11-01,2019,11,Nov,East Village - South West,South West EV,ev_subarea,East Village,total,29.0,MAY2018,1.75,2.03,False,corrected_2019_subarea
2019-11-01,2019,11,Nov,City Center,City Center,neighborhood,,individual,84.0,MAY2018,1.75,2.03,False,
2019-11-01,2019,11,Nov,City Center,City Center,neighborhood,,tent,11.0,MAY2018,1.75,2.03,False,
2019-11-01,2019,11,Nov,City Center,City Center,neighborhood,,total,103.0,MAY2018,1.75,2.03,False,
2019-11-01,2019,11,Nov,City Center,City Center,neighborhood,,vehicle,0.0,MAY2018,1.75,2.03,False,
2019-11-01,2019,11,Nov,Columbia,Columbia,neighborhood,,individual,22.0,MAY2018,1.75,2.03,False,
2019-11-01,2019,11,Nov,Columbia,Columbia,neighborhood,,tent,9.0,MAY2018,1.75,2.03,False,
2019-11-01,2019,11,Nov,Columbia,Columbia,neighborhood,,total,38.0,MAY2018,1.75,2.03,False,
2019-11-01,2019,11,Nov,Columbia,Columbia,neighborhood,,vehicle,0.0,MAY2018,1.75,2.03,False,
2019-11-01,2019,11,Nov,Cortez,Cortez,neighborhood,,individual,22.0,MAY2018,1.75,2.03,False,
2019-11-01,2019,11,Nov,Cortez,Cortez,neighborhood,,tent,2.0,MAY2018,1.75,2.03,False,
2019-11-01,2019,11,Nov,Cortez,Cortez,neighborhood,,total,26.0,MAY2018,1.75,2.03,False,
2019-11-01,2019,11,Nov,Cortez,Cortez,neighborhood,,vehicle,0.0,MAY2018,1.75,2.03,False,
2019-11-01,2019,11,Nov,East Village,East Village,neighborhood,,individual,323.0,MAY2018,1.75,2.03,False,
2019-11-01,2019,11,Nov,East Village,East Village,neighborhood,,tent,46.0,MAY2018,1.75,2.03,False,
2019-11-01,2019,11,Nov,East Village,East Village,neighborhood,,total,416.0,MAY2018,1.75,2.03,False,
2019-11-01,2019,11,Nov,East Village,East Village,neighborhood,,vehicle,6.0,MAY2018,1.75,2.03,False,
2019-11-01,2019,11,Nov,Gaslamp,Gaslamp,neighborhood,,individual,58.0,MAY2018,1.75,2.03,False,
2019-11-01,2019,11,Nov,Gaslamp,Gaslamp,neighborhood,,tent,2.0,MAY2018,1.75,2.03,False,
2019-11-01,2019,11,Nov,Gaslamp,Gaslamp,neighborhood,,total,62.0,MAY2018,1.75,2.03,False,
2019-11-01,2019,11,Nov,Gaslamp,Gaslamp,neighborhood,,vehicle,0.0,MAY2018,1.75,2.03,False,
2019-11-01,2019,11,Nov,Marina,Marina,neighborhood,,individual,28.0,MAY2018,1.75,2.03,False,
2019-11-01,2019,11,Nov,Marina,Marina,neighborhood,,tent,3.0,MAY2018,1.75,2.03,False,
2019-11-01,2019,11,Nov,Marina,Marina,neighborhood,,total,33.0,MAY2018,1.75,2.03,False,
2019-11-01,2019,11,Nov,Marina,Marina,neighborhood,,vehicle,0.0,MAY2018,1.75,2.03,False,
2019-12-01,2019,12,Dec,East Village - North East,North East EV,ev_subarea,East Village,total,30.0,MAY2018,1.75,2.03,True,corrected_2019_subarea
2019-12-01,2019,12,Dec,East Village - North West,North West EV,ev_subarea,East Village,total,115.0,MAY2018,1.75,2.03,True,corrected_2019_subarea
2019-12-01,2019,12,Dec,East Village - South East,South East EV,ev_subarea,East Village,total,210.0,MAY2018,1.75,2.03,True,corrected_2019_subarea
2019-12-01,2019,12,Dec,East Village - South West,South West EV,ev_subarea,East Village,total,15.0,MAY2018,1.75,2.03,True,corrected_2019_subarea
2019-12-01,2019,12,Dec,City Center,City Center,neighborhood,,individual,84.0,MAY2018,1.75,2.03,True,component_total_mismatch
2019-12-01,2019,12,Dec,City Center,City Center,neighborhood,,tent,11.0,MAY2018,1.75,2.03,True,component_total_mismatch
2019-12-01,2019,12,Dec,City Center,City Center,neighborhood,,total,124.0,MAY2018,1.75,2.03,True,component_total_mismatch
2019-12-01,2019,12,Dec,City Center,City Center,neighborhood,,vehicle,0.0,MAY2018,1.75,2.03,True,component_total_mismatch
2019-12-01,2019,12,Dec,Columbia,Columbia,neighborhood,,individual,22.0,MAY2018,1.75,2.03,True,component_total_mismatch
2019-12-01,2019,12,Dec,Columbia,Columbia,neighborhood,,tent,9.0,MAY2018,1.75,2.03,True,component_total_mismatch
2019-12-01,2019,12,Dec,Columbia,Columbia,neighborhood,,total,41.0,MAY2018,1.75,2.03,True,component_total_mismatch
2019-12-01,2019,12,Dec,Columbia,Columbia,neighborhood,,vehicle,0.0,MAY2018,1.75,2.03,True,component_total_mismatch
2019-12-01,2019,12,Dec,Cortez,Cortez,neighborhood,,individual,22.0,MAY2018,1.75,2.03,True,component_total_mismatch
2019-12-01,2019,12,Dec,Cortez,Cortez,neighborhood,,tent,2.0,MAY2018,1.75,2.03,True,component_total_mismatch
2019-12-01,2019,12,Dec,Cortez,Cortez,neighborhood,,total,20.0,MAY2018,1.75,2.03,True,component_total_mismatch
2019-12-01,2019,12,Dec,Cortez,Cortez,neighborhood,,vehicle,0.0,MAY2018,1.75,2.03,True,component_total_mismatch
2019-12-01,2019,12,Dec,East Village,East Village,neighborhood,,individual,323.0,MAY2018,1.75,2.03,True,component_total_mismatch
2019-12-01,2019,12,Dec,East Village,East Village,neighborhood,,tent,46.0,MAY2018,1.75,2.03,True,component_total_mismatch
2019-12-01,2019,12,Dec,East Village,East Village,neighborhood,,total,370.0,MAY2018,1.75,2.03,True,component_total_mismatch
2019-12-01,2019,12,Dec,East Village,East Village,neighborhood,,vehicle,6.0,MAY2018,1.75,2.03,True,component_total_mismatch
2019-12-01,2019,12,Dec,Gaslamp,Gaslamp,neighborhood,,individual,58.0,MAY2018,1.75,2.03,True,component_total_mismatch
2019-12-01,2019,12,Dec,Gaslamp,Gaslamp,neighborhood,,tent,2.0,MAY2018,1.75,2.03,True,component_total_mismatch
2019-12-01,2019,12,Dec,Gaslamp,Gaslamp,neighborhood,,total,35.0,MAY2018,1.75,2.03,True,component_total_mismatch
2019-12-01,2019,12,Dec,Gaslamp,Gaslamp,neighborhood,,vehicle,0.0,MAY2018,1.75,2.03,True,component_total_mismatch
2019-12-01,2019,12,Dec,Marina,Marina,neighborhood,,individual,28.0,MAY2018,1.75,2.03,True,component_total_mismatch
2019-12-01,2019,12,Dec,Marina,Marina,neighborhood,,tent,3.0,MAY2018,1.75,2.03,True,component_total_mismatch
2019-12-01,2019,12,Dec,Marina,Marina,neighborhood,,total,37.0,MAY2018,1.75,2.03,True,component_total_mismatch
2019-12-01,2019,12,Dec,Marina,Marina,neighborhood,,vehicle,0.0,MAY2018,1.75,2.03,True,component_total_mismatch
2020-01-01,2020,1,Jan,East Village - North East,North East EV,ev_subarea,East Village,total,65.0,POST2020,1.75,2.03,False,
2020-01-01,2020,1,Jan,East Village - North West,North West EV,ev_subarea,East Village,total,88.0,POST2020,1.75,2.03,False,
2020-01-01,2020,1,Jan,East Village - South East,South East EV,ev_subarea,East Village,total,282.0,POST2020,1.75,2.03,False,
2020-01-01,2020,1,Jan,East Village - South West,South West EV,ev_subarea,East Village,total,32.0,POST2020,1.75,2.03,False,
2020-01-01,2020,1,Jan,City Center,City Center,neighborhood,,individual,112.0,POST2020,1.75,2.03,False,
2020-01-01,2020,1,Jan,City Center,City Center,neighborhood,,tent,8.0,POST2020,1.75,2.03,False,
2020-01-01,2020,1,Jan,City Center,City Center,neighborhood,,total,126.0,POST2020,1.75,2.03,False,
2020-01-01,2020,1,Jan,City Center,City Center,neighborhood,,vehicle,0.0,POST2020,1.75,2.03,False,
2020-01-01,2020,1,Jan,Columbia,Columbia,neighborhood,,individual,32.0,POST2020,1.75,2.03,False,
2020-01-01,2020,1,Jan,Columbia,Columbia,neighborhood,,tent,5.0,POST2020,1.75,2.03,False,
2020-01-01,2020,1,Jan,Columbia,Columbia,neighborhood,,total,41.0,POST2020,1.75,2.03,False,
2020-01-01,2020,1,Jan,Columbia,Columbia,neighborhood,,vehicle,0.0,POST2020,1.75,2.03,False,
2020-01-01,2020,1,Jan,Cortez,Cortez,neighborhood,,individual,37.0,POST2020,1.75,2.03,False,
2020-01-01,2020,1,Jan,Cortez,Cortez,neighborhood,,tent,4.0,POST2020,1.75,2.03,False,
2020-01-01,2020,1,Jan,Cortez,Cortez,neighborhood,,total,48.0,POST2020,1.75,2.03,False,
2020-01-01,2020,1,Jan,Cortez,Cortez,neighborhood,,vehicle,2.0,POST2020,1.75,2.03,False,
2020-01-01,2020,1,Jan,East Village,East Village,neighborhood,,individual,377.0,POST2020,1.75,2.03,False,
2020-01-01,2020,1,Jan,East Village,East Village,neighborhood,,tent,40.0,POST2020,1.75,2.03,False,
2020-01-01,2020,1,Jan,East Village,East Village,neighborhood,,total,467.0,POST2020,1.75,2.03,False,
2020-01-01,2020,1,Jan,East Village,East Village,neighborhood,,vehicle,10.0,POST2020,1.75,2.03,False,
2020-01-01,2020,1,Jan,Gaslamp,Gaslamp,neighborhood,,individual,57.0,POST2020,1.75,2.03,False,
2020-01-01,2020,1,Jan,Gaslamp,Gaslamp,neighborhood,,tent,1.0,POST2020,1.75,2.03,False,
2020-01-01,2020,1,Jan,Gaslamp,Gaslamp,neighborhood,,total,59.0,POST2020,1.75,2.03,False,
2020-01-01,2020,1,Jan,Gaslamp,Gaslamp,neighborhood,,vehicle,0.0,POST2020,1.75,2.03,False,
2020-01-01,2020,1,Jan,Marina,Marina,neighborhood,,individual,41.0,POST2020,1.75,2.03,False,
2020-01-01,2020,1,Jan,Marina,Marina,neighborhood,,tent,3.0,POST2020,1.75,2.03,False,
2020-01-01,2020,1,Jan,Marina,Marina,neighborhood,,total,48.0,POST2020,1.75,2.03,False,
2020-01-01,2020,1,Jan,Marina,Marina,neighborhood,,vehicle,1.0,POST2020,1.75,2.03,False,
2020-02-01,2020,2,Feb,East Village - North East,North East EV,ev_subarea,East Village,total,47.0,POST2020,1.75,2.03,True,
2020-02-01,2020,2,Feb,East Village - North West,North West EV,ev_subarea,East Village,total,92.0,POST2020,1.75,2.03,True,
2020-02-01,2020,2,Feb,East Village - South East,South East EV,ev_subarea,East Village,total,250.0,POST2020,1.75,2.03,True,
2020-02-01,2020,2,Feb,East Village - South West,South West EV,ev_subarea,East Village,total,20.0,POST2020,1.75,2.03,True,
2020-02-01,2020,2,Feb,City Center,City Center,neighborhood,,individual,142.0,POST2020,1.75,2.03,True,
2020-02-01,2020,2,Feb,City Center,City Center,neighborhood,,tent,10.0,POST2020,1.75,2.03,True,
2020-02-01,2020,2,Feb,City Center,City Center,neighborhood,,total,160.0,POST2020,1.75,2.03,True,
2020-02-01,2020,2,Feb,City Center,City Center,neighborhood,,vehicle,0.0,POST2020,1.75,2.03,True,
2020-02-01,2020,2,Feb,Columbia,Columbia,neighborhood,,individual,36.0,POST2020,1.75,2.03,True,
2020-02-01,2020,2,Feb,Columbia,Columbia,neighborhood,,tent,6.0,POST2020,1.75,2.03,True,
2020-02-01,2020,2,Feb,Columbia,Columbia,neighborhood,,total,47.0,POST2020,1.75,2.03,True,
2020-02-01,2020,2,Feb,Columbia,Columbia,neighborhood,,vehicle,0.0,POST2020,1.75,2.03,True,
2020-02-01,2020,2,Feb,Cortez,Cortez,neighborhood,,individual,42.0,POST2020,1.75,2.03,True,
2020-02-01,2020,2,Feb,Cortez,Cortez,neighborhood,,tent,4.0,POST2020,1.75,2.03,True,
2020-02-01,2020,2,Feb,Cortez,Cortez,neighborhood,,total,49.0,POST2020,1.75,2.03,True,
2020-02-01,2020,2,Feb,Cortez,Cortez,neighborhood,,vehicle,0.0,POST2020,1.75,2.03,True,
2020-02-01,2020,2,Feb,East Village,East Village,neighborhood,,individual,334.0,POST2020,1.75,2.03,True,
2020-02-01,2020,2,Feb,East Village,East Village,neighborhood,,tent,36.0,POST2020,1.75,2.03,True,
2020-02-01,2020,2,Feb,East Village,East Village,neighborhood,,total,409.0,POST2020,1.75,2.03,True,
2020-02-01,2020,2,Feb,East Village,East Village,neighborhood,,vehicle,6.0,POST2020,1.75,2.03,True,
2020-02-01,2020,2,Feb,Gaslamp,Gaslamp,neighborhood,,individual,48.0,POST2020,1.75,2.03,True,
2020-02-01,2020,2,Feb,Gaslamp,Gaslamp,neighborhood,,tent,2.0,POST2020,1.75,2.03,True,
2020-02-01,2020,2,Feb,Gaslamp,Gaslamp,neighborhood,,total,52.0,POST2020,1.75,2.03,True,
2020-02-01,2020,2,Feb,Gaslamp,Gaslamp,neighborhood,,vehicle,0.0,POST2020,1.75,2.03,True,
2020-02-01,2020,2,Feb,Marina,Marina,neighborhood,,individual,23.0,POST2020,1.75,2.03,True,
2020-02-01,2020,2,Feb,Marina,Marina,neighborhood,,tent,1.0,POST2020,1.75,2.03,True,
2020-02-01,2020,2,Feb,Marina,Marina,neighborhood,,total,27.0,POST2020,1.75,2.03,True,
2020-02-01,2020,2,Feb,Marina,Marina,neighborhood,,vehicle,1.0,POST2020,1.75,2.03,True,
2020-03-01,2020,3,Mar,East Village - North East,North East EV,ev_subarea,East Village,total,32.0,POST2020,1.75,2.03,False,
2020-03-01,2020,3,Mar,East Village - North West,North West EV,ev_subarea,East Village,total,34.0,POST2020,1.75,2.03,False,
2020-03-01,2020,3,Mar,East Village - South East,South East EV,ev_subarea,East Village,total,86.0,POST2020,1.75,2.03,False,
2020-03-01,2020,3,Mar,East Village - South West,South West EV,ev_subarea,East Village,total,109.0,POST2020,1.75,2.03,False,
2020-03-01,2020,3,Mar,City Center,City Center,neighborhood,,individual,101.0,POST2020,1.75,2.03,False,
2020-03-01,2020,3,Mar,City Center,City Center,neighborhood,,tent,19.0,POST2020,1.75,2.03,False,
2020-03-01,2020,3,Mar,City Center,City Center,neighborhood,,total,134.0,POST2020,1.75,2.03,False,
2020-03-01,2020,3,Mar,City Center,City Center,neighborhood,,vehicle,0.0,POST2020,1.75,2.03,False,
2020-03-01,2020,3,Mar,Columbia,Columbia,neighborhood,,individual,19.0,POST2020,1.75,2.03,False,
2020-03-01,2020,3,Mar,Columbia,Columbia,neighborhood,,tent,3.0,POST2020,1.75,2.03,False,
2020-03-01,2020,3,Mar,Columbia,Columbia,neighborhood,,total,24.0,POST2020,1.75,2.03,False,
2020-03-01,2020,3,Mar,Columbia,Columbia,neighborhood,,vehicle,0.0,POST2020,1.75,2.03,False,
2020-03-01,2020,3,Mar,Cortez,Cortez,neighborhood,,individual,24.0,POST2020,1.75,2.03,False,
2020-03-01,2020,3,Mar,Cortez,Cortez,neighborhood,,tent,2.0,POST2020,1.75,2.03,False,
2020-03-01,2020,3,Mar,Cortez,Cortez,neighborhood,,total,28.0,POST2020,1.75,2.03,False,
2020-03-01,2020,3,Mar,Cortez,Cortez,neighborhood,,vehicle,0.0,POST2020,1.75,2.03,False,
2020-03-01,2020,3,Mar,East Village,East Village,neighborhood,,individual,160.0,POST2020,1.75,2.03,False,
2020-03-01,2020,3,Mar,East Village,East Village,neighborhood,,tent,54.0,POST2020,1.75,2.03,False,
2020-03-01,2020,3,Mar,East Village,East Village,neighborhood,,total,261.0,POST2020,1.75,2.03,False,
2020-03-01,2020,3,Mar,East Village,East Village,neighborhood,,vehicle,3.0,POST2020,1.75,2.03,False,
2020-03-01,2020,3,Mar,Gaslamp,Gaslamp,neighborhood,,individual,57.0,POST2020,1.75,2.03,False,
2020-03-01,2020,3,Mar,Gaslamp,Gaslamp,neighborhood,,tent,3.0,POST2020,1.75,2.03,False,
2020-03-01,2020,3,Mar,Gaslamp,Gaslamp,neighborhood,,total,62.0,POST2020,1.75,2.03,False,
2020-03-01,2020,3,Mar,Gaslamp,Gaslamp,neighborhood,,vehicle,0.0,POST2020,1.75,2.03,False,
2020-03-01,2020,3,Mar,Marina,Marina,neighborhood,,individual,15.0,POST2020,1.75,2.03,False,
2020-03-01,2020,3,Mar,Marina,Marina,neighborhood,,tent,3.0,POST2020,1.75,2.03,False,
2020-03-01,2020,3,Mar,Marina,Marina,neighborhood,,total,20.0,POST2020,1.75,2.03,False,
2020-03-01,2020,3,Mar,Marina,Marina,neighborhood,,vehicle,0.0,POST2020,1.75,2.03,False,
2020-04-01,2020,4,Apr,East Village - North East,North East EV,ev_subarea,East Village,total,43.0,POST2020,1.75,2.03,False,
2020-04-01,2020,4,Apr,East Village - North West,North West EV,ev_subarea,East Village,total,57.0,POST2020,1.75,2.03,False,
2020-04-01,2020,4,Apr,East Village - South East,South East EV,ev_subarea,East Village,total,215.0,POST2020,1.75,2.03,False,
2020-04-01,2020,4,Apr,East Village - South West,South West EV,ev_subarea,East Village,total,15.0,POST2020,1.75,2.03,False,
2020-04-01,2020,4,Apr,City Center,City Center,neighborhood,,individual,91.0,POST2020,1.75,2.03,False,
2020-04-01,2020,4,Apr,City Center,City Center,neighborhood,,tent,0.0,POST2020,1.75,2.03,False,
2020-04-01,2020,4,Apr,City Center,City Center,neighborhood,,total,91.0,POST2020,1.75,2.03,False,
2020-04-01,2020,4,Apr,City Center,City Center,neighborhood,,vehicle,0.0,POST2020,1.75,2.03,False,
2020-04-01,2020,4,Apr,Columbia,Columbia,neighborhood,,individual,38.0,POST2020,1.75,2.03,False,
2020-04-01,2020,4,Apr,Columbia,Columbia,neighborhood,,tent,8.0,POST2020,1.75,2.03,False,
2020-04-01,2020,4,Apr,Columbia,Columbia,neighborhood,,total,52.0,POST2020,1.75,2.03,False,
2020-04-01,2020,4,Apr,Columbia,Columbia,neighborhood,,vehicle,0.0,POST2020,1.75,2.03,False,
2020-04-01,2020,4,Apr,Cortez,Cortez,neighborhood,,individual,20.0,POST2020,1.75,2.03,False,component_total_mismatch
2020-04-01,2020,4,Apr,Cortez,Cortez,neighborhood,,tent,2.0,POST2020,1.75,2.03,False,component_total_mismatch
2020-04-01,2020,4,Apr,Cortez,Cortez,neighborhood,,total,20.0,POST2020,1.75,2.03,False,component_total_mismatch
2020-04-01,2020,4,Apr,Cortez,Cortez,neighborhood,,vehicle,0.0,POST2020,1.75,2.03,False,component_total_mismatch
2020-04-01,2020,4,Apr,East Village,East Village,neighborhood,,individual,248.0,POST2020,1.75,2.03,False,
2020-04-01,2020,4,Apr,East Village,East Village,neighborhood,,tent,39.0,POST2020,1.75,2.03,False,
2020-04-01,2020,4,Apr,East Village,East Village,neighborhood,,total,330.0,POST2020,1.75,2.03,False,
2020-04-01,2020,4,Apr,East Village,East Village,neighborhood,,vehicle,7.0,POST2020,1.75,2.03,False,
2020-04-01,2020,4,Apr,Gaslamp,Gaslamp,neighborhood,,individual,42.0,POST2020,1.75,2.03,False,component_total_mismatch
2020-04-01,2020,4,Apr,Gaslamp,Gaslamp,neighborhood,,tent,1.0,POST2020,1.75,2.03,False,component_total_mismatch
2020-04-01,2020,4,Apr,Gaslamp,Gaslamp,neighborhood,,total,28.0,POST2020,1.75,2.03,False,component_total_mismatch
2020-04-01,2020,4,Apr,Gaslamp,Gaslamp,neighborhood,,vehicle,0.0,POST2020,1.75,2.03,False,component_total_mismatch
2020-04-01,2020,4,Apr,Marina,Marina,neighborhood,,individual,24.0,POST2020,1.75,2.03,False,
2020-04-01,2020,4,Apr,Marina,Marina,neighborhood,,tent,0.0,POST2020,1.75,2.03,False,
2020-04-01,2020,4,Apr,Marina,Marina,neighborhood,,total,24.0,POST2020,1.75,2.03,False,
2020-04-01,2020,4,Apr,Marina,Marina,neighborhood,,vehicle,0.0,POST2020,1.75,2.03,False,
2020-05-01,2020,5,May,East Village - North East,North East EV,ev_subarea,East Village,total,46.0,POST2020,1.75,2.03,False,
2020-05-01,2020,5,May,East Village - North West,North West EV,ev_subarea,East Village,total,59.0,POST2020,1.75,2.03,False,
2020-05-01,2020,5,May,East Village - South East,South East EV,ev_subarea,East Village,total,212.0,POST2020,1.75,2.03,False,
2020-05-01,2020,5,May,East Village - South West,South West EV,ev_subarea,East Village,total,16.0,POST2020,1.75,2.03,False,
2020-05-01,2020,5,May,City Center,City Center,neighborhood,,individual,113.0,POST2020,1.75,2.03,False,
2020-05-01,2020,5,May,City Center,City Center,neighborhood,,tent,4.0,POST2020,1.75,2.03,False,
2020-05-01,2020,5,May,City Center,City Center,neighborhood,,total,122.0,POST2020,1.75,2.03,False,
2020-05-01,2020,5,May,City Center,City Center,neighborhood,,vehicle,1.0,POST2020,1.75,2.03,False,
2020-05-01,2020,5,May,Columbia,Columbia,neighborhood,,individual,37.0,POST2020,1.75,2.03,False,
2020-05-01,2020,5,May,Columbia,Columbia,neighborhood,,tent,8.0,POST2020,1.75,2.03,False,
2020-05-01,2020,5,May,Columbia,Columbia,neighborhood,,total,51.0,POST2020,1.75,2.03,False,
2020-05-01,2020,5,May,Columbia,Columbia,neighborhood,,vehicle,0.0,POST2020,1.75,2.03,False,
2020-05-01,2020,5,May,Cortez,Cortez,neighborhood,,individual,24.0,POST2020,1.75,2.03,False,
2020-05-01,2020,5,May,Cortez,Cortez,neighborhood,,tent,0.0,POST2020,1.75,2.03,False,
2020-05-01,2020,5,May,Cortez,Cortez,neighborhood,,total,24.0,POST2020,1.75,2.03,False,
2020-05-01,2020,5,May,Cortez,Cortez,neighborhood,,vehicle,0.0,POST2020,1.75,2.03,False,
2020-05-01,2020,5,May,East Village,East Village,neighborhood,,individual,249.0,POST2020,1.75,2.03,False,
2020-05-01,2020,5,May,East Village,East Village,neighborhood,,tent,44.0,POST2020,1.75,2.03,False,
2020-05-01,2020,5,May,East Village,East Village,neighborhood,,total,332.0,POST2020,1.75,2.03,False,
2020-05-01,2020,5,May,East Village,East Village,neighborhood,,vehicle,3.0,POST2020,1.75,2.03,False,
2020-05-01,2020,5,May,Gaslamp,Gaslamp,neighborhood,,individual,37.0,POST2020,1.75,2.03,False,
2020-05-01,2020,5,May,Gaslamp,Gaslamp,neighborhood,,tent,3.0,POST2020,1.75,2.03,False,
2020-05-01,2020,5,May,Gaslamp,Gaslamp,neighborhood,,total,42.0,POST2020,1.75,2.03,False,
2020-05-01,2020,5,May,Gaslamp,Gaslamp,neighborhood,,vehicle,0.0,POST2020,1.75,2.03,False,
2020-05-01,2020,5,May,Marina,Marina,neighborhood,,individual,13.0,POST2020,1.75,2.03,False,
2020-05-01,2020,5,May,Marina,Marina,neighborhood,,tent,6.0,POST2020,1.75,2.03,False,
2020-05-01,2020,5,May,Marina,Marina,neighborhood,,total,24.0,POST2020,1.75,2.03,False,
2020-05-01,2020,5,May,Marina,Marina,neighborhood,,vehicle,0.0,POST2020,1.75,2.03,False,
2020-06-01,2020,6,Jun,East Village - North East,North East EV,ev_subarea,East Village,total,71.0,POST2020,1.75,2.03,False,
2020-06-01,2020,6,Jun,East Village - North West,North West EV,ev_subarea,East Village,total,69.0,POST2020,1.75,2.03,False,
2020-06-01,2020,6,Jun,East Village - South East,South East EV,ev_subarea,East Village,total,252.0,POST2020,1.75,2.03,False,
2020-06-01,2020,6,Jun,East Village - South West,South West EV,ev_subarea,East Village,total,26.0,POST2020,1.75,2.03,False,
2020-06-01,2020,6,Jun,City Center,City Center,neighborhood,,individual,112.0,POST2020,1.75,2.03,False,
2020-06-01,2020,6,Jun,City Center,City Center,neighborhood,,tent,16.0,POST2020,1.75,2.03,False,
2020-06-01,2020,6,Jun,City Center,City Center,neighborhood,,total,140.0,POST2020,1.75,2.03,False,
2020-06-01,2020,6,Jun,City Center,City Center,neighborhood,,vehicle,0.0,POST2020,1.75,2.03,False,
2020-06-01,2020,6,Jun,Columbia,Columbia,neighborhood,,individual,50.0,POST2020,1.75,2.03,False,
2020-06-01,2020,6,Jun,Columbia,Columbia,neighborhood,,tent,5.0,POST2020,1.75,2.03,False,
2020-06-01,2020,6,Jun,Columbia,Columbia,neighborhood,,total,59.0,POST2020,1.75,2.03,False,
2020-06-01,2020,6,Jun,Columbia,Columbia,neighborhood,,vehicle,0.0,POST2020,1.75,2.03,False,
2020-06-01,2020,6,Jun,Cortez,Cortez,neighborhood,,individual,32.0,POST2020,1.75,2.03,False,
2020-06-01,2020,6,Jun,Cortez,Cortez,neighborhood,,tent,4.0,POST2020,1.75,2.03,False,
2020-06-01,2020,6,Jun,Cortez,Cortez,neighborhood,,total,39.0,POST2020,1.75,2.03,False,
2020-06-01,2020,6,Jun,Cortez,Cortez,neighborhood,,vehicle,0.0,POST2020,1.75,2.03,False,
2020-06-01,2020,6,Jun,East Village,East Village,neighborhood,,individual,271.0,POST2020,1.75,2.03,False,
2020-06-01,2020,6,Jun,East Village,East Village,neighborhood,,tent,70.0,POST2020,1.75,2.03,False,
2020-06-01,2020,6,Jun,East Village,East Village,neighborhood,,total,418.0,POST2020,1.75,2.03,False,
2020-06-01,2020,6,Jun,East Village,East Village,neighborhood,,vehicle,12.0,POST2020,1.75,2.03,False,
2020-06-01,2020,6,Jun,Gaslamp,Gaslamp,neighborhood,,individual,37.0,POST2020,1.75,2.03,False,
2020-06-01,2020,6,Jun,Gaslamp,Gaslamp,neighborhood,,tent,0.0,POST2020,1.75,2.03,False,
2020-06-01,2020,6,Jun,Gaslamp,Gaslamp,neighborhood,,total,37.0,POST2020,1.75,2.03,False,
2020-06-01,2020,6,Jun,Gaslamp,Gaslamp,neighborhood,,vehicle,0.0,POST2020,1.75,2.03,False,
2020-06-01,2020,6,Jun,Marina,Marina,neighborhood,,individual,25.0,POST2020,1.75,2.03,False,
2020-06-01,2020,6,Jun,Marina,Marina,neighborhood,,tent,2.0,POST2020,1.75,2.03,False,
2020-06-01,2020,6,Jun,Marina,Marina,neighborhood,,total,29.0,POST2020,1.75,2.03,False,
2020-06-01,2020,6,Jun,Marina,Marina,neighborhood,,vehicle,0.0,POST2020,1.75,2.03,False,
2020-07-01,2020,7,Jul,East Village - North East,North East EV,ev_subarea,East Village,total,79.0,POST2020,1.75,2.03,False,
2020-07-01,2020,7,Jul,East Village - North West,North West EV,ev_subarea,East Village,total,71.0,POST2020,1.75,2.03,False,
2020-07-01,2020,7,Jul,East Village - South East,South East EV,ev_subarea,East Village,total,226.0,POST2020,1.75,2.03,False,
2020-07-01,2020,7,Jul,East Village - South West,South West EV,ev_subarea,East Village,total,22.0,POST2020,1.75,2.03,False,
2020-07-01,2020,7,Jul,City Center,City Center,neighborhood,,individual,105.0,POST2020,1.75,2.03,False,
2020-07-01,2020,7,Jul,City Center,City Center,neighborhood,,tent,9.0,POST2020,1.75,2.03,False,
2020-07-01,2020,7,Jul,City Center,City Center,neighborhood,,total,121.0,POST2020,1.75,2.03,False,
2020-07-01,2020,7,Jul,City Center,City Center,neighborhood,,vehicle,0.0,POST2020,1.75,2.03,False,
2020-07-01,2020,7,Jul,Columbia,Columbia,neighborhood,,individual,42.0,POST2020,1.75,2.03,False,
2020-07-01,2020,7,Jul,Columbia,Columbia,neighborhood,,tent,7.0,POST2020,1.75,2.03,False,
2020-07-01,2020,7,Jul,Columbia,Columbia,neighborhood,,total,56.0,POST2020,1.75,2.03,False,
2020-07-01,2020,7,Jul,Columbia,Columbia,neighborhood,,vehicle,1.0,POST2020,1.75,2.03,False,
2020-07-01,2020,7,Jul,Cortez,Cortez,neighborhood,,individual,22.0,POST2020,1.75,2.03,False,
2020-07-01,2020,7,Jul,Cortez,Cortez,neighborhood,,tent,1.0,POST2020,1.75,2.03,False,
2020-07-01,2020,7,Jul,Cortez,Cortez,neighborhood,,total,24.0,POST2020,1.75,2.03,False,
2020-07-01,2020,7,Jul,Cortez,Cortez,neighborhood,,vehicle,0.0,POST2020,1.75,2.03,False,
2020-07-01,2020,7,Jul,East Village,East Village,neighborhood,,individual,296.0,POST2020,1.75,2.03,False,
2020-07-01,2020,7,Jul,East Village,East Village,neighborhood,,tent,50.0,POST2020,1.75,2.03,False,
2020-07-01,2020,7,Jul,East Village,East Village,neighborhood,,total,398.0,POST2020,1.75,2.03,False,
2020-07-01,2020,7,Jul,East Village,East Village,neighborhood,,vehicle,7.0,POST2020,1.75,2.03,False,
2020-07-01,2020,7,Jul,Gaslamp,Gaslamp,neighborhood,,individual,46.0,POST2020,1.75,2.03,False,component_total_mismatch
2020-07-01,2020,7,Jul,Gaslamp,Gaslamp,neighborhood,,tent,0.0,POST2020,1.75,2.03,False,component_total_mismatch
2020-07-01,2020,7,Jul,Gaslamp,Gaslamp,neighborhood,,total,51.0,POST2020,1.75,2.03,False,component_total_mismatch
2020-07-01,2020,7,Jul,Gaslamp,Gaslamp,neighborhood,,vehicle,0.0,POST2020,1.75,2.03,False,component_total_mismatch
2020-07-01,2020,7,Jul,Marina,Marina,neighborhood,,individual,24.0,POST2020,1.75,2.03,False,
2020-07-01,2020,7,Jul,Marina,Marina,neighborhood,,tent,2.0,POST2020,1.75,2.03,False,
2020-07-01,2020,7,Jul,Marina,Marina,neighborhood,,total,28.0,POST2020,1.75,2.03,False,
2020-07-01,2020,7,Jul,Marina,Marina,neighborhood,,vehicle,0.0,POST2020,1.75,2.03,False,
2020-08-01,2020,8,Aug,East Village - North East,North East EV,ev_subarea,East Village,total,60.0,POST2020,1.75,2.03,False,
2020-08-01,2020,8,Aug,East Village - North West,North West EV,ev_subarea,East Village,total,49.0,POST2020,1.75,2.03,False,
2020-08-01,2020,8,Aug,East Village - South East,South East EV,ev_subarea,East Village,total,196.0,POST2020,1.75,2.03,False,
2020-08-01,2020,8,Aug,East Village - South West,South West EV,ev_subarea,East Village,total,21.0,POST2020,1.75,2.03,False,
2020-08-01,2020,8,Aug,City Center,City Center,neighborhood,,individual,97.0,POST2020,1.75,2.03,False,
2020-08-01,2020,8,Aug,City Center,City Center,neighborhood,,tent,4.0,POST2020,1.75,2.03,False,
2020-08-01,2020,8,Aug,City Center,City Center,neighborhood,,total,104.0,POST2020,1.75,2.03,False,
2020-08-01,2020,8,Aug,City Center,City Center,neighborhood,,vehicle,0.0,POST2020,1.75,2.03,False,
2020-08-01,2020,8,Aug,Columbia,Columbia,neighborhood,,individual,41.0,POST2020,1.75,2.03,False,
2020-08-01,2020,8,Aug,Columbia,Columbia,neighborhood,,tent,4.0,POST2020,1.75,2.03,False,
2020-08-01,2020,8,Aug,Columbia,Columbia,neighborhood,,total,48.0,POST2020,1.75,2.03,False,
2020-08-01,2020,8,Aug,Columbia,Columbia,neighborhood,,vehicle,0.0,POST2020,1.75,2.03,False,
2020-08-01,2020,8,Aug,Cortez,Cortez,neighborhood,,individual,22.0,POST2020,1.75,2.03,False,
2020-08-01,2020,8,Aug,Cortez,Cortez,neighborhood,,tent,0.0,POST2020,1.75,2.03,False,
2020-08-01,2020,8,Aug,Cortez,Cortez,neighborhood,,total,22.0,POST2020,1.75,2.03,False,
2020-08-01,2020,8,Aug,Cortez,Cortez,neighborhood,,vehicle,0.0,POST2020,1.75,2.03,False,
2020-08-01,2020,8,Aug,East Village,East Village,neighborhood,,individual,258.0,POST2020,1.75,2.03,False,
2020-08-01,2020,8,Aug,East Village,East Village,neighborhood,,tent,33.0,POST2020,1.75,2.03,False,
2020-08-01,2020,8,Aug,East Village,East Village,neighborhood,,total,326.0,POST2020,1.75,2.03,False,
2020-08-01,2020,8,Aug,East Village,East Village,neighborhood,,vehicle,5.0,POST2020,1.75,2.03,False,
2020-08-01,2020,8,Aug,Gaslamp,Gaslamp,neighborhood,,individual,37.0,POST2020,1.75,2.03,False,
2020-08-01,2020,8,Aug,Gaslamp,Gaslamp,neighborhood,,tent,1.0,POST2020,1.75,2.03,False,
2020-08-01,2020,8,Aug,Gaslamp,Gaslamp,neighborhood,,total,38.0,POST2020,1.75,2.03,False,
2020-08-01,2020,8,Aug,Gaslamp,Gaslamp,neighborhood,,vehicle,0.0,POST2020,1.75,2.03,False,
2020-08-01,2020,8,Aug,Marina,Marina,neighborhood,,individual,21.0,POST2020,1.75,2.03,False,
2020-08-01,2020,8,Aug,Marina,Marina,neighborhood,,tent,0.0,POST2020,1.75,2.03,False,
2020-08-01,2020,8,Aug,Marina,Marina,neighborhood,,total,21.0,POST2020,1.75,2.03,False,
2020-08-01,2020,8,Aug,Marina,Marina,neighborhood,,vehicle,0.0,POST2020,1.75,2.03,False,
2020-09-01,2020,9,Sep,East Village - North East,North East EV,ev_subarea,East Village,total,68.0,POST2020,1.75,2.03,False,
2020-09-01,2020,9,Sep,East Village - North West,North West EV,ev_subarea,East Village,total,57.0,POST2020,1.75,2.03,False,
2020-09-01,2020,9,Sep,East Village - South East,South East EV,ev_subarea,East Village,total,300.0,POST2020,1.75,2.03,False,
2020-09-01,2020,9,Sep,East Village - South West,South West EV,ev_subarea,East Village,total,22.0,POST2020,1.75,2.03,False,
2020-09-01,2020,9,Sep,City Center,City Center,neighborhood,,individual,112.0,POST2020,1.75,2.03,False,
2020-09-01,2020,9,Sep,City Center,City Center,neighborhood,,tent,6.0,POST2020,1.75,2.03,False,
2020-09-01,2020,9,Sep,City Center,City Center,neighborhood,,total,125.0,POST2020,1.75,2.03,False,
2020-09-01,2020,9,Sep,City Center,City Center,neighborhood,,vehicle,1.0,POST2020,1.75,2.03,False,
2020-09-01,2020,9,Sep,Columbia,Columbia,neighborhood,,individual,49.0,POST2020,1.75,2.03,False,
2020-09-01,2020,9,Sep,Columbia,Columbia,neighborhood,,tent,4.0,POST2020,1.75,2.03,False,
2020-09-01,2020,9,Sep,Columbia,Columbia,neighborhood,,total,56.0,POST2020,1.75,2.03,False,
2020-09-01,2020,9,Sep,Columbia,Columbia,neighborhood,,vehicle,0.0,POST2020,1.75,2.03,False,
2020-09-01,2020,9,Sep,Cortez,Cortez,neighborhood,,individual,17.0,POST2020,1.75,2.03,False,
2020-09-01,2020,9,Sep,Cortez,Cortez,neighborhood,,tent,0.0,POST2020,1.75,2.03,False,
2020-09-01,2020,9,Sep,Cortez,Cortez,neighborhood,,total,17.0,POST2020,1.75,2.03,False,
2020-09-01,2020,9,Sep,Cortez,Cortez,neighborhood,,vehicle,0.0,POST2020,1.75,2.03,False,
2020-09-01,2020,9,Sep,East Village,East Village,neighborhood,,individual,330.0,POST2020,1.75,2.03,False,
2020-09-01,2020,9,Sep,East Village,East Village,neighborhood,,tent,60.0,POST2020,1.75,2.03,False,
2020-09-01,2020,9,Sep,East Village,East Village,neighborhood,,total,447.0,POST2020,1.75,2.03,False,
2020-09-01,2020,9,Sep,East Village,East Village,neighborhood,,vehicle,6.0,POST2020,1.75,2.03,False,
2020-09-01,2020,9,Sep,Gaslamp,Gaslamp,neighborhood,,individual,45.0,POST2020,1.75,2.03,False,
2020-09-01,2020,9,Sep,Gaslamp,Gaslamp,neighborhood,,tent,1.0,POST2020,1.75,2.03,False,
2020-09-01,2020,9,Sep,Gaslamp,Gaslamp,neighborhood,,total,47.0,POST2020,1.75,2.03,False,
2020-09-01,2020,9,Sep,Gaslamp,Gaslamp,neighborhood,,vehicle,0.0,POST2020,1.75,2.03,False,
2020-09-01,2020,9,Sep,Marina,Marina,neighborhood,,individual,22.0,POST2020,1.75,2.03,False,
2020-09-01,2020,9,Sep,Marina,Marina,neighborhood,,tent,3.0,POST2020,1.75,2.03,False,
2020-09-01,2020,9,Sep,Marina,Marina,neighborhood,,total,27.0,POST2020,1.75,2.03,False,
2020-09-01,2020,9,Sep,Marina,Marina,neighborhood,,vehicle,0.0,POST2020,1.75,2.03,False,
2020-10-01,2020,10,Oct,East Village - North East,North East EV,ev_subarea,East Village,total,44.0,POST2020,1.75,2.03,False,
2020-10-01,2020,10,Oct,East Village - North West,North West EV,ev_subarea,East Village,total,69.0,POST2020,1.75,2.03,False,
2020-10-01,2020,10,Oct,East Village - South East,South East EV,ev_subarea,East Village,total,270.0,POST2020,1.75,2.03,False,
2020-10-01,2020,10,Oct,East Village - South West,South West EV,ev_subarea,East Village,total,18.0,POST2020,1.75,2.03,False,
2020-10-01,2020,10,Oct,City Center,City Center,neighborhood,,individual,93.0,POST2020,1.75,2.03,False,
2020-10-01,2020,10,Oct,City Center,City Center,neighborhood,,tent,9.0,POST2020,1.75,2.03,False,
2020-10-01,2020,10,Oct,City Center,City Center,neighborhood,,total,111.0,POST2020,1.75,2.03,False,
2020-10-01,2020,10,Oct,City Center,City Center,neighborhood,,vehicle,1.0,POST2020,1.75,2.03,False,
2020-10-01,2020,10,Oct,Columbia,Columbia,neighborhood,,individual,33.0,POST2020,1.75,2.03,False,
2020-10-01,2020,10,Oct,Columbia,Columbia,neighborhood,,tent,5.0,POST2020,1.75,2.03,False,
2020-10-01,2020,10,Oct,Columbia,Columbia,neighborhood,,total,42.0,POST2020,1.75,2.03,False,
2020-10-01,2020,10,Oct,Columbia,Columbia,neighborhood,,vehicle,0.0,POST2020,1.75,2.03,False,
2020-10-01,2020,10,Oct,Cortez,Cortez,neighborhood,,individual,33.0,POST2020,1.75,2.03,False,
2020-10-01,2020,10,Oct,Cortez,Cortez,neighborhood,,tent,0.0,POST2020,1.75,2.03,False,
2020-10-01,2020,10,Oct,Cortez,Cortez,neighborhood,,total,33.0,POST2020,1.75,2.03,False,
2020-10-01,2020,10,Oct,Cortez,Cortez,neighborhood,,vehicle,0.0,POST2020,1.75,2.03,False,
2020-10-01,2020,10,Oct,East Village,East Village,neighborhood,,individual,280.0,POST2020,1.75,2.03,False,
2020-10-01,2020,10,Oct,East Village,East Village,neighborhood,,tent,61.0,POST2020,1.75,2.03,False,
2020-10-01,2020,10,Oct,East Village,East Village,neighborhood,,total,401.0,POST2020,1.75,2.03,False,
2020-10-01,2020,10,Oct,East Village,East Village,neighborhood,,vehicle,7.0,POST2020,1.75,2.03,False,
2020-10-01,2020,10,Oct,Gaslamp,Gaslamp,neighborhood,,individual,31.0,POST2020,1.75,2.03,False,
2020-10-01,2020,10,Oct,Gaslamp,Gaslamp,neighborhood,,tent,2.0,POST2020,1.75,2.03,False,
2020-10-01,2020,10,Oct,Gaslamp,Gaslamp,neighborhood,,total,35.0,POST2020,1.75,2.03,False,
2020-10-01,2020,10,Oct,Gaslamp,Gaslamp,neighborhood,,vehicle,0.0,POST2020,1.75,2.03,False,
2020-10-01,2020,10,Oct,Marina,Marina,neighborhood,,individual,13.0,POST2020,1.75,2.03,False,
2020-10-01,2020,10,Oct,Marina,Marina,neighborhood,,tent,2.0,POST2020,1.75,2.03,False,
2020-10-01,2020,10,Oct,Marina,Marina,neighborhood,,total,17.0,POST2020,1.75,2.03,False,
2020-10-01,2020,10,Oct,Marina,Marina,neighborhood,,vehicle,0.0,POST2020,1.75,2.03,False,
2020-11-01,2020,11,Nov,East Village - North East,North East EV,ev_subarea,East Village,total,45.0,POST2020,1.75,2.03,False,
2020-11-01,2020,11,Nov,East Village - North West,North West EV,ev_subarea,East Village,total,64.0,POST2020,1.75,2.03,False,
2020-11-01,2020,11,Nov,East Village - South East,South East EV,ev_subarea,East Village,total,291.0,POST2020,1.75,2.03,False,
2020-11-01,2020,11,Nov,East Village - South West,South West EV,ev_subarea,East Village,total,25.0,POST2020,1.75,2.03,False,
2020-11-01,2020,11,Nov,City Center,City Center,neighborhood,,individual,103.0,POST2020,1.75,2.03,False,
2020-11-01,2020,11,Nov,City Center,City Center,neighborhood,,tent,12.0,POST2020,1.75,2.03,False,
2020-11-01,2020,11,Nov,City Center,City Center,neighborhood,,total,126.0,POST2020,1.75,2.03,False,
2020-11-01,2020,11,Nov,City Center,City Center,neighborhood,,vehicle,1.0,POST2020,1.75,2.03,False,
2020-11-01,2020,11,Nov,Columbia,Columbia,neighborhood,,individual,46.0,POST2020,1.75,2.03,False,
2020-11-01,2020,11,Nov,Columbia,Columbia,neighborhood,,tent,5.0,POST2020,1.75,2.03,False,
2020-11-01,2020,11,Nov,Columbia,Columbia,neighborhood,,total,55.0,POST2020,1.75,2.03,False,
2020-11-01,2020,11,Nov,Columbia,Columbia,neighborhood,,vehicle,0.0,POST2020,1.75,2.03,False,
2020-11-01,2020,11,Nov,Cortez,Cortez,neighborhood,,individual,23.0,POST2020,1.75,2.03,False,
2020-11-01,2020,11,Nov,Cortez,Cortez,neighborhood,,tent,0.0,POST2020,1.75,2.03,False,
2020-11-01,2020,11,Nov,Cortez,Cortez,neighborhood,,total,23.0,POST2020,1.75,2.03,False,
2020-11-01,2020,11,Nov,Cortez,Cortez,neighborhood,,vehicle,0.0,POST2020,1.75,2.03,False,
2020-11-01,2020,11,Nov,East Village,East Village,neighborhood,,individual,257.0,POST2020,1.75,2.03,False,component_total_mismatch
2020-11-01,2020,11,Nov,East Village,East Village,neighborhood,,tent,87.0,POST2020,1.75,2.03,False,component_total_mismatch
2020-11-01,2020,11,Nov,East Village,East Village,neighborhood,,total,424.0,POST2020,1.75,2.03,False,component_total_mismatch
2020-11-01,2020,11,Nov,East Village,East Village,neighborhood,,vehicle,10.0,POST2020,1.75,2.03,False,component_total_mismatch
2020-11-01,2020,11,Nov,Gaslamp,Gaslamp,neighborhood,,individual,27.0,POST2020,1.75,2.03,False,
2020-11-01,2020,11,Nov,Gaslamp,Gaslamp,neighborhood,,tent,2.0,POST2020,1.75,2.03,False,
2020-11-01,2020,11,Nov,Gaslamp,Gaslamp,neighborhood,,total,31.0,POST2020,1.75,2.03,False,
2020-11-01,2020,11,Nov,Gaslamp,Gaslamp,neighborhood,,vehicle,0.0,POST2020,1.75,2.03,False,
2020-11-01,2020,11,Nov,Marina,Marina,neighborhood,,individual,24.0,POST2020,1.75,2.03,False,
2020-11-01,2020,11,Nov,Marina,Marina,neighborhood,,tent,6.0,POST2020,1.75,2.03,False,
2020-11-01,2020,11,Nov,Marina,Marina,neighborhood,,total,35.0,POST2020,1.75,2.03,False,
2020-11-01,2020,11,Nov,Marina,Marina,neighborhood,,vehicle,0.0,POST2020,1.75,2.03,False,
2020-12-01,2020,12,Dec,East Village - North East,North East EV,ev_subarea,East Village,total,47.0,POST2020,1.75,2.03,False,
2020-12-01,2020,12,Dec,East Village - North West,North West EV,ev_subarea,East Village,total,44.0,POST2020,1.75,2.03,False,
2020-12-01,2020,12,Dec,East Village - South East,South East EV,ev_subarea,East Village,total,196.0,POST2020,1.75,2.03,False,
2020-12-01,2020,12,Dec,East Village - South West,South West EV,ev_subarea,East Village,total,47.0,POST2020,1.75,2.03,False,
2020-12-01,2020,12,Dec,City Center,City Center,neighborhood,,individual,109.0,POST2020,1.75,2.03,False,
2020-12-01,2020,12,Dec,City Center,City Center,neighborhood,,tent,14.0,POST2020,1.75,2.03,False,
2020-12-01,2020,12,Dec,City Center,City Center,neighborhood,,total,134.0,POST2020,1.75,2.03,False,
2020-12-01,2020,12,Dec,City Center,City Center,neighborhood,,vehicle,0.0,POST2020,1.75,2.03,False,
2020-12-01,2020,12,Dec,Columbia,Columbia,neighborhood,,individual,46.0,POST2020,1.75,2.03,False,
2020-12-01,2020,12,Dec,Columbia,Columbia,neighborhood,,tent,4.0,POST2020,1.75,2.03,False,
2020-12-01,2020,12,Dec,Columbia,Columbia,neighborhood,,total,53.0,POST2020,1.75,2.03,False,
2020-12-01,2020,12,Dec,Columbia,Columbia,neighborhood,,vehicle,0.0,POST2020,1.75,2.03,False,
2020-12-01,2020,12,Dec,Cortez,Cortez,neighborhood,,individual,26.0,POST2020,1.75,2.03,False,
2020-12-01,2020,12,Dec,Cortez,Cortez,neighborhood,,tent,15.0,POST2020,1.75,2.03,False,
2020-12-01,2020,12,Dec,Cortez,Cortez,neighborhood,,total,52.0,POST2020,1.75,2.03,False,
2020-12-01,2020,12,Dec,Cortez,Cortez,neighborhood,,vehicle,0.0,POST2020,1.75,2.03,False,
2020-12-01,2020,12,Dec,East Village,East Village,neighborhood,,individual,170.0,POST2020,1.75,2.03,False,
2020-12-01,2020,12,Dec,East Village,East Village,neighborhood,,tent,88.0,POST2020,1.75,2.03,False,
2020-12-01,2020,12,Dec,East Village,East Village,neighborhood,,total,334.0,POST2020,1.75,2.03,False,
2020-12-01,2020,12,Dec,East Village,East Village,neighborhood,,vehicle,5.0,POST2020,1.75,2.03,False,
2020-12-01,2020,12,Dec,Gaslamp,Gaslamp,neighborhood,,individual,36.0,POST2020,1.75,2.03,False,
2020-12-01,2020,12,Dec,Gaslamp,Gaslamp,neighborhood,,tent,1.0,POST2020,1.75,2.03,False,
2020-12-01,2020,12,Dec,Gaslamp,Gaslamp,neighborhood,,total,38.0,POST2020,1.75,2.03,False,
2020-12-01,2020,12,Dec,Gaslamp,Gaslamp,neighborhood,,vehicle,0.0,POST2020,1.75,2.03,False,
2020-12-01,2020,12,Dec,Marina,Marina,neighborhood,,individual,11.0,POST2020,1.75,2.03,False,
2020-12-01,2020,12,Dec,Marina,Marina,neighborhood,,tent,0.0,POST2020,1.75,2.03,False,
2020-12-01,2020,12,Dec,Marina,Marina,neighborhood,,total,11.0,POST2020,1.75,2.03,False,
2020-12-01,2020,12,Dec,Marina,Marina,neighborhood,,vehicle,0.0,POST2020,1.75,2.03,False,
2021-01-01,2021,1,Jan,East Village - North East,North East EV,ev_subarea,East Village,total,44.0,POST2020,1.75,2.03,False,
2021-01-01,2021,1,Jan,East Village - North West,North West EV,ev_subarea,East Village,total,90.0,POST2020,1.75,2.03,False,
2021-01-01,2021,1,Jan,East Village - South East,South East EV,ev_subarea,East Village,total,253.0,POST2020,1.75,2.03,False,
2021-01-01,2021,1,Jan,East Village - South West,South West EV,ev_subarea,East Village,total,22.0,POST2020,1.75,2.03,False,
2021-01-01,2021,1,Jan,City Center,City Center,neighborhood,,individual,123.0,POST2020,1.75,2.03,False,
2021-01-01,2021,1,Jan,City Center,City Center,neighborhood,,tent,16.0,POST2020,1.75,2.03,False,
2021-01-01,2021,1,Jan,City Center,City Center,neighborhood,,total,153.0,POST2020,1.75,2.03,False,
2021-01-01,2021,1,Jan,City Center,City Center,neighborhood,,vehicle,1.0,POST2020,1.75,2.03,False,
2021-01-01,2021,1,Jan,Columbia,Columbia,neighborhood,,individual,44.0,POST2020,1.75,2.03,False,
2021-01-01,2021,1,Jan,Columbia,Columbia,neighborhood,,tent,6.0,POST2020,1.75,2.03,False,
2021-01-01,2021,1,Jan,Columbia,Columbia,neighborhood,,total,55.0,POST2020,1.75,2.03,False,
2021-01-01,2021,1,Jan,Columbia,Columbia,neighborhood,,vehicle,0.0,POST2020,1.75,2.03,False,
2021-01-01,2021,1,Jan,Cortez,Cortez,neighborhood,,individual,26.0,POST2020,1.75,2.03,False,
2021-01-01,2021,1,Jan,Cortez,Cortez,neighborhood,,tent,12.0,POST2020,1.75,2.03,False,
2021-01-01,2021,1,Jan,Cortez,Cortez,neighborhood,,total,47.0,POST2020,1.75,2.03,False,
2021-01-01,2021,1,Jan,Cortez,Cortez,neighborhood,,vehicle,0.0,POST2020,1.75,2.03,False,
2021-01-01,2021,1,Jan,East Village,East Village,neighborhood,,individual,198.0,POST2020,1.75,2.03,False,
2021-01-01,2021,1,Jan,East Village,East Village,neighborhood,,tent,116.0,POST2020,1.75,2.03,False,
2021-01-01,2021,1,Jan,East Village,East Village,neighborhood,,total,409.0,POST2020,1.75,2.03,False,
2021-01-01,2021,1,Jan,East Village,East Village,neighborhood,,vehicle,4.0,POST2020,1.75,2.03,False,
2021-01-01,2021,1,Jan,Gaslamp,Gaslamp,neighborhood,,individual,29.0,POST2020,1.75,2.03,False,
2021-01-01,2021,1,Jan,Gaslamp,Gaslamp,neighborhood,,tent,1.0,POST2020,1.75,2.03,False,
2021-01-01,2021,1,Jan,Gaslamp,Gaslamp,neighborhood,,total,31.0,POST2020,1.75,2.03,False,
2021-01-01,2021,1,Jan,Gaslamp,Gaslamp,neighborhood,,vehicle,0.0,POST2020,1.75,2.03,False,
2021-01-01,2021,1,Jan,Marina,Marina,neighborhood,,individual,13.0,POST2020,1.75,2.03,False,
2021-01-01,2021,1,Jan,Marina,Marina,neighborhood,,tent,4.0,POST2020,1.75,2.03,False,
2021-01-01,2021,1,Jan,Marina,Marina,neighborhood,,total,20.0,POST2020,1.75,2.03,False,
2021-01-01,2021,1,Jan,Marina,Marina,neighborhood,,vehicle,0.0,POST2020,1.75,2.03,False,
2021-01-01,2021,1,Jan,Outside Perimeter,Outside Perimeter,neighborhood,,total,,POST2020,1.75,2.03,False,not_in_program
2021-02-01,2021,2,Feb,East Village - North East,North East EV,ev_subarea,East Village,total,54.0,POST2020,1.75,2.03,False,
2021-02-01,2021,2,Feb,East Village - North West,North West EV,ev_subarea,East Village,total,56.0,POST2020,1.75,2.03,False,
2021-02-01,2021,2,Feb,East Village - South East,South East EV,ev_subarea,East Village,total,247.0,POST2020,1.75,2.03,False,
2021-02-01,2021,2,Feb,East Village - South West,South West EV,ev_subarea,East Village,total,24.0,POST2020,1.75,2.03,False,
2021-02-01,2021,2,Feb,City Center,City Center,neighborhood,,individual,104.0,POST2020,1.75,2.03,False,
2021-02-01,2021,2,Feb,City Center,City Center,neighborhood,,tent,18.0,POST2020,1.75,2.03,False,
2021-02-01,2021,2,Feb,City Center,City Center,neighborhood,,total,140.0,POST2020,1.75,2.03,False,
2021-02-01,2021,2,Feb,City Center,City Center,neighborhood,,vehicle,2.0,POST2020,1.75,2.03,False,
2021-02-01,2021,2,Feb,Columbia,Columbia,neighborhood,,individual,31.0,POST2020,1.75,2.03,False,
2021-02-01,2021,2,Feb,Columbia,Columbia,neighborhood,,tent,8.0,POST2020,1.75,2.03,False,
2021-02-01,2021,2,Feb,Columbia,Columbia,neighborhood,,total,47.0,POST2020,1.75,2.03,False,
2021-02-01,2021,2,Feb,Columbia,Columbia,neighborhood,,vehicle,1.0,POST2020,1.75,2.03,False,
2021-02-01,2021,2,Feb,Cortez,Cortez,neighborhood,,individual,32.0,POST2020,1.75,2.03,False,
2021-02-01,2021,2,Feb,Cortez,Cortez,neighborhood,,tent,7.0,POST2020,1.75,2.03,False,
2021-02-01,2021,2,Feb,Cortez,Cortez,neighborhood,,total,44.0,POST2020,1.75,2.03,False,
2021-02-01,2021,2,Feb,Cortez,Cortez,neighborhood,,vehicle,0.0,POST2020,1.75,2.03,False,
2021-02-01,2021,2,Feb,East Village,East Village,neighborhood,,individual,163.0,POST2020,1.75,2.03,False,
2021-02-01,2021,2,Feb,East Village,East Village,neighborhood,,tent,105.0,POST2020,1.75,2.03,False,
2021-02-01,2021,2,Feb,East Village,East Village,neighborhood,,total,381.0,POST2020,1.75,2.03,False,
2021-02-01,2021,2,Feb,East Village,East Village,neighborhood,,vehicle,17.0,POST2020,1.75,2.03,False,
2021-02-01,2021,2,Feb,Gaslamp,Gaslamp,neighborhood,,individual,30.0,POST2020,1.75,2.03,False,
2021-02-01,2021,2,Feb,Gaslamp,Gaslamp,neighborhood,,tent,1.0,POST2020,1.75,2.03,False,
2021-02-01,2021,2,Feb,Gaslamp,Gaslamp,neighborhood,,total,32.0,POST2020,1.75,2.03,False,
2021-02-01,2021,2,Feb,Gaslamp,Gaslamp,neighborhood,,vehicle,0.0,POST2020,1.75,2.03,False,
2021-02-01,2021,2,Feb,Marina,Marina,neighborhood,,individual,17.0,POST2020,1.75,2.03,False,
2021-02-01,2021,2,Feb,Marina,Marina,neighborhood,,tent,4.0,POST2020,1.75,2.03,False,
2021-02-01,2021,2,Feb,Marina,Marina,neighborhood,,total,24.0,POST2020,1.75,2.03,False,
2021-02-01,2021,2,Feb,Marina,Marina,neighborhood,,vehicle,0.0,POST2020,1.75,2.03,False,
2021-02-01,2021,2,Feb,Outside Perimeter,Outside Perimeter,neighborhood,,total,,POST2020,1.75,2.03,False,not_in_program
2021-03-01,2021,3,Mar,East Village - North East,North East EV,ev_subarea,East Village,total,25.0,POST2020,1.75,2.03,False,
2021-03-01,2021,3,Mar,East Village - North West,North West EV,ev_subarea,East Village,total,61.0,POST2020,1.75,2.03,False,
2021-03-01,2021,3,Mar,East Village - South East,South East EV,ev_subarea,East Village,total,303.0,POST2020,1.75,2.03,False,
2021-03-01,2021,3,Mar,East Village - South West,South West EV,ev_subarea,East Village,total,51.0,POST2020,1.75,2.03,False,
2021-03-01,2021,3,Mar,City Center,City Center,neighborhood,,individual,104.0,POST2020,1.75,2.03,False,
2021-03-01,2021,3,Mar,City Center,City Center,neighborhood,,tent,27.0,POST2020,1.75,2.03,False,
2021-03-01,2021,3,Mar,City Center,City Center,neighborhood,,total,151.0,POST2020,1.75,2.03,False,
2021-03-01,2021,3,Mar,City Center,City Center,neighborhood,,vehicle,0.0,POST2020,1.75,2.03,False,
2021-03-01,2021,3,Mar,Columbia,Columbia,neighborhood,,individual,29.0,POST2020,1.75,2.03,False,
2021-03-01,2021,3,Mar,Columbia,Columbia,neighborhood,,tent,9.0,POST2020,1.75,2.03,False,
2021-03-01,2021,3,Mar,Columbia,Columbia,neighborhood,,total,45.0,POST2020,1.75,2.03,False,
2021-03-01,2021,3,Mar,Columbia,Columbia,neighborhood,,vehicle,0.0,POST2020,1.75,2.03,False,
2021-03-01,2021,3,Mar,Cortez,Cortez,neighborhood,,individual,23.0,POST2020,1.75,2.03,False,
2021-03-01,2021,3,Mar,Cortez,Cortez,neighborhood,,tent,4.0,POST2020,1.75,2.03,False,
2021-03-01,2021,3,Mar,Cortez,Cortez,neighborhood,,total,30.0,POST2020,1.75,2.03,False,
2021-03-01,2021,3,Mar,Cortez,Cortez,neighborhood,,vehicle,0.0,POST2020,1.75,2.03,False,
2021-03-01,2021,3,Mar,East Village,East Village,neighborhood,,individual,205.0,POST2020,1.75,2.03,False,
2021-03-01,2021,3,Mar,East Village,East Village,neighborhood,,tent,127.0,POST2020,1.75,2.03,False,
2021-03-01,2021,3,Mar,East Village,East Village,neighborhood,,total,439.0,POST2020,1.75,2.03,False,
2021-03-01,2021,3,Mar,East Village,East Village,neighborhood,,vehicle,6.0,POST2020,1.75,2.03,False,
2021-03-01,2021,3,Mar,Gaslamp,Gaslamp,neighborhood,,individual,28.0,POST2020,1.75,2.03,False,
2021-03-01,2021,3,Mar,Gaslamp,Gaslamp,neighborhood,,tent,1.0,POST2020,1.75,2.03,False,
2021-03-01,2021,3,Mar,Gaslamp,Gaslamp,neighborhood,,total,30.0,POST2020,1.75,2.03,False,
2021-03-01,2021,3,Mar,Gaslamp,Gaslamp,neighborhood,,vehicle,0.0,POST2020,1.75,2.03,False,
2021-03-01,2021,3,Mar,Marina,Marina,neighborhood,,individual,21.0,POST2020,1.75,2.03,False,
2021-03-01,2021,3,Mar,Marina,Marina,neighborhood,,tent,3.0,POST2020,1.75,2.03,False,
2021-03-01,2021,3,Mar,Marina,Marina,neighborhood,,total,26.0,POST2020,1.75,2.03,False,
2021-03-01,2021,3,Mar,Marina,Marina,neighborhood,,vehicle,0.0,POST2020,1.75,2.03,False,
2021-03-01,2021,3,Mar,Outside Perimeter,Outside Perimeter,neighborhood,,total,,POST2020,1.75,2.03,False,not_in_program
2021-04-01,2021,4,Apr,East Village - North East,North East EV,ev_subarea,East Village,total,31.0,POST2020,1.75,2.03,False,
2021-04-01,2021,4,Apr,East Village - North West,North West EV,ev_subarea,East Village,total,57.0,POST2020,1.75,2.03,False,
2021-04-01,2021,4,Apr,East Village - South East,South East EV,ev_subarea,East Village,total,290.0,POST2020,1.75,2.03,False,
2021-04-01,2021,4,Apr,East Village - South West,South West EV,ev_subarea,East Village,total,24.0,POST2020,1.75,2.03,False,
2021-04-01,2021,4,Apr,City Center,City Center,neighborhood,,individual,94.0,POST2020,1.75,2.03,False,
2021-04-01,2021,4,Apr,City Center,City Center,neighborhood,,tent,22.0,POST2020,1.75,2.03,False,
2021-04-01,2021,4,Apr,City Center,City Center,neighborhood,,total,133.0,POST2020,1.75,2.03,False,
2021-04-01,2021,4,Apr,City Center,City Center,neighborhood,,vehicle,0.0,POST2020,1.75,2.03,False,
2021-04-01,2021,4,Apr,Columbia,Columbia,neighborhood,,individual,28.0,POST2020,1.75,2.03,False,
2021-04-01,2021,4,Apr,Columbia,Columbia,neighborhood,,tent,8.0,POST2020,1.75,2.03,False,
2021-04-01,2021,4,Apr,Columbia,Columbia,neighborhood,,total,42.0,POST2020,1.75,2.03,False,
2021-04-01,2021,4,Apr,Columbia,Columbia,neighborhood,,vehicle,0.0,POST2020,1.75,2.03,False,
2021-04-01,2021,4,Apr,Cortez,Cortez,neighborhood,,individual,25.0,POST2020,1.75,2.03,False,
2021-04-01,2021,4,Apr,Cortez,Cortez,neighborhood,,tent,4.0,POST2020,1.75,2.03,False,
2021-04-01,2021,4,Apr,Cortez,Cortez,neighborhood,,total,32.0,POST2020,1.75,2.03,False,
2021-04-01,2021,4,Apr,Cortez,Cortez,neighborhood,,vehicle,0.0,POST2020,1.75,2.03,False,
2021-04-01,2021,4,Apr,East Village,East Village,neighborhood,,individual,155.0,POST2020,1.75,2.03,False,
2021-04-01,2021,4,Apr,East Village,East Village,neighborhood,,tent,134.0,POST2020,1.75,2.03,False,
2021-04-01,2021,4,Apr,East Village,East Village,neighborhood,,total,402.0,POST2020,1.75,2.03,False,
2021-04-01,2021,4,Apr,East Village,East Village,neighborhood,,vehicle,6.0,POST2020,1.75,2.03,False,
2021-04-01,2021,4,Apr,Gaslamp,Gaslamp,neighborhood,,individual,27.0,POST2020,1.75,2.03,False,
2021-04-01,2021,4,Apr,Gaslamp,Gaslamp,neighborhood,,tent,1.0,POST2020,1.75,2.03,False,
2021-04-01,2021,4,Apr,Gaslamp,Gaslamp,neighborhood,,total,29.0,POST2020,1.75,2.03,False,
2021-04-01,2021,4,Apr,Gaslamp,Gaslamp,neighborhood,,vehicle,0.0,POST2020,1.75,2.03,False,
2021-04-01,2021,4,Apr,Marina,Marina,neighborhood,,individual,14.0,POST2020,1.75,2.03,False,
2021-04-01,2021,4,Apr,Marina,Marina,neighborhood,,tent,1.0,POST2020,1.75,2.03,False,
2021-04-01,2021,4,Apr,Marina,Marina,neighborhood,,total,16.0,POST2020,1.75,2.03,False,
2021-04-01,2021,4,Apr,Marina,Marina,neighborhood,,vehicle,0.0,POST2020,1.75,2.03,False,
2021-04-01,2021,4,Apr,Outside Perimeter,Outside Perimeter,neighborhood,,total,221.0,POST2020,1.75,2.03,False,
2021-05-01,2021,5,May,East Village - North East,North East EV,ev_subarea,East Village,total,50.0,POST2020,1.75,2.03,False,
2021-05-01,2021,5,May,East Village - North West,North West EV,ev_subarea,East Village,total,86.0,POST2020,1.75,2.03,False,
2021-05-01,2021,5,May,East Village - South East,South East EV,ev_subarea,East Village,total,364.0,POST2020,1.75,2.03,False,
2021-05-01,2021,5,May,East Village - South West,South West EV,ev_subarea,East Village,total,13.0,POST2020,1.75,2.03,False,
2021-05-01,2021,5,May,City Center,City Center,neighborhood,,individual,104.0,POST2020,1.75,2.03,False,
2021-05-01,2021,5,May,City Center,City Center,neighborhood,,tent,18.0,POST2020,1.75,2.03,False,
2021-05-01,2021,5,May,City Center,City Center,neighborhood,,total,138.0,POST2020,1.75,2.03,False,
2021-05-01,2021,5,May,City Center,City Center,neighborhood,,vehicle,1.0,POST2020,1.75,2.03,False,
2021-05-01,2021,5,May,Columbia,Columbia,neighborhood,,individual,49.0,POST2020,1.75,2.03,False,
2021-05-01,2021,5,May,Columbia,Columbia,neighborhood,,tent,6.0,POST2020,1.75,2.03,False,
2021-05-01,2021,5,May,Columbia,Columbia,neighborhood,,total,60.0,POST2020,1.75,2.03,False,
2021-05-01,2021,5,May,Columbia,Columbia,neighborhood,,vehicle,0.0,POST2020,1.75,2.03,False,
2021-05-01,2021,5,May,Cortez,Cortez,neighborhood,,individual,28.0,POST2020,1.75,2.03,False,
2021-05-01,2021,5,May,Cortez,Cortez,neighborhood,,tent,1.0,POST2020,1.75,2.03,False,
2021-05-01,2021,5,May,Cortez,Cortez,neighborhood,,total,30.0,POST2020,1.75,2.03,False,
2021-05-01,2021,5,May,Cortez,Cortez,neighborhood,,vehicle,0.0,POST2020,1.75,2.03,False,
2021-05-01,2021,5,May,East Village,East Village,neighborhood,,individual,227.0,POST2020,1.75,2.03,False,
2021-05-01,2021,5,May,East Village,East Village,neighborhood,,tent,154.0,POST2020,1.75,2.03,False,
2021-05-01,2021,5,May,East Village,East Village,neighborhood,,total,513.0,POST2020,1.75,2.03,False,
2021-05-01,2021,5,May,East Village,East Village,neighborhood,,vehicle,8.0,POST2020,1.75,2.03,False,
2021-05-01,2021,5,May,Gaslamp,Gaslamp,neighborhood,,individual,35.0,POST2020,1.75,2.03,False,
2021-05-01,2021,5,May,Gaslamp,Gaslamp,neighborhood,,tent,0.0,POST2020,1.75,2.03,False,
2021-05-01,2021,5,May,Gaslamp,Gaslamp,neighborhood,,total,35.0,POST2020,1.75,2.03,False,
2021-05-01,2021,5,May,Gaslamp,Gaslamp,neighborhood,,vehicle,0.0,POST2020,1.75,2.03,False,
2021-05-01,2021,5,May,Marina,Marina,neighborhood,,individual,17.0,POST2020,1.75,2.03,False,
2021-05-01,2021,5,May,Marina,Marina,neighborhood,,tent,4.0,POST2020,1.75,2.03,False,
2021-05-01,2021,5,May,Marina,Marina,neighborhood,,total,24.0,POST2020,1.75,2.03,False,
2021-05-01,2021,5,May,Marina,Marina,neighborhood,,vehicle,0.0,POST2020,1.75,2.03,False,
2021-05-01,2021,5,May,Outside Perimeter,Outside Perimeter,neighborhood,,total,357.0,POST2020,1.75,2.03,False,
2021-06-01,2021,6,Jun,East Village - North East,North East EV,ev_subarea,East Village,total,53.0,POST2020,1.75,2.03,False,
2021-06-01,2021,6,Jun,East Village - North West,North West EV,ev_subarea,East Village,total,85.0,POST2020,1.75,2.03,False,
2021-06-01,2021,6,Jun,East Village - South East,South East EV,ev_subarea,East Village,total,331.0,POST2020,1.75,2.03,False,
2021-06-01,2021,6,Jun,East Village - South West,South West EV,ev_subarea,East Village,total,30.0,POST2020,1.75,2.03,False,
2021-06-01,2021,6,Jun,City Center,City Center,neighborhood,,individual,108.0,POST2020,1.75,2.03,False,
2021-06-01,2021,6,Jun,City Center,City Center,neighborhood,,tent,20.0,POST2020,1.75,2.03,False,
2021-06-01,2021,6,Jun,City Center,City Center,neighborhood,,total,143.0,POST2020,1.75,2.03,False,
2021-06-01,2021,6,Jun,City Center,City Center,neighborhood,,vehicle,0.0,POST2020,1.75,2.03,False,
2021-06-01,2021,6,Jun,Columbia,Columbia,neighborhood,,individual,39.0,POST2020,1.75,2.03,False,
2021-06-01,2021,6,Jun,Columbia,Columbia,neighborhood,,tent,7.0,POST2020,1.75,2.03,False,
2021-06-01,2021,6,Jun,Columbia,Columbia,neighborhood,,total,53.0,POST2020,1.75,2.03,False,
2021-06-01,2021,6,Jun,Columbia,Columbia,neighborhood,,vehicle,1.0,POST2020,1.75,2.03,False,
2021-06-01,2021,6,Jun,Cortez,Cortez,neighborhood,,individual,27.0,POST2020,1.75,2.03,False,
2021-06-01,2021,6,Jun,Cortez,Cortez,neighborhood,,tent,0.0,POST2020,1.75,2.03,False,
2021-06-01,2021,6,Jun,Cortez,Cortez,neighborhood,,total,27.0,POST2020,1.75,2.03,False,
2021-06-01,2021,6,Jun,Cortez,Cortez,neighborhood,,vehicle,0.0,POST2020,1.75,2.03,False,
2021-06-01,2021,6,Jun,East Village,East Village,neighborhood,,individual,232.0,POST2020,1.75,2.03,False,
2021-06-01,2021,6,Jun,East Village,East Village,neighborhood,,tent,147.0,POST2020,1.75,2.03,False,
2021-06-01,2021,6,Jun,East Village,East Village,neighborhood,,total,499.0,POST2020,1.75,2.03,False,
2021-06-01,2021,6,Jun,East Village,East Village,neighborhood,,vehicle,5.0,POST2020,1.75,2.03,False,
2021-06-01,2021,6,Jun,Gaslamp,Gaslamp,neighborhood,,individual,43.0,POST2020,1.75,2.03,False,
2021-06-01,2021,6,Jun,Gaslamp,Gaslamp,neighborhood,,tent,0.0,POST2020,1.75,2.03,False,
2021-06-01,2021,6,Jun,Gaslamp,Gaslamp,neighborhood,,total,43.0,POST2020,1.75,2.03,False,
2021-06-01,2021,6,Jun,Gaslamp,Gaslamp,neighborhood,,vehicle,0.0,POST2020,1.75,2.03,False,
2021-06-01,2021,6,Jun,Marina,Marina,neighborhood,,individual,13.0,POST2020,1.75,2.03,False,
2021-06-01,2021,6,Jun,Marina,Marina,neighborhood,,tent,5.0,POST2020,1.75,2.03,False,
2021-06-01,2021,6,Jun,Marina,Marina,neighborhood,,total,22.0,POST2020,1.75,2.03,False,
2021-06-01,2021,6,Jun,Marina,Marina,neighborhood,,vehicle,0.0,POST2020,1.75,2.03,False,
2021-06-01,2021,6,Jun,Outside Perimeter,Outside Perimeter,neighborhood,,total,373.0,POST2020,1.75,2.03,False,
2021-07-01,2021,7,Jul,East Village - North East,North East EV,ev_subarea,East Village,total,47.0,POST2020,1.75,2.03,False,
2021-07-01,2021,7,Jul,East Village - North West,North West EV,ev_subarea,East Village,total,79.0,POST2020,1.75,2.03,False,
2021-07-01,2021,7,Jul,East Village - South East,South East EV,ev_subarea,East Village,total,305.0,POST2020,1.75,2.03,False,
2021-07-01,2021,7,Jul,East Village - South West,South West EV,ev_subarea,East Village,total,33.0,POST2020,1.75,2.03,False,
2021-07-01,2021,7,Jul,City Center,City Center,neighborhood,,individual,102.0,POST2020,1.75,2.03,False,
2021-07-01,2021,7,Jul,City Center,City Center,neighborhood,,tent,11.0,POST2020,1.75,2.03,False,
2021-07-01,2021,7,Jul,City Center,City Center,neighborhood,,total,123.0,POST2020,1.75,2.03,False,
2021-07-01,2021,7,Jul,City Center,City Center,neighborhood,,vehicle,1.0,POST2020,1.75,2.03,False,
2021-07-01,2021,7,Jul,Columbia,Columbia,neighborhood,,individual,50.0,POST2020,1.75,2.03,False,
2021-07-01,2021,7,Jul,Columbia,Columbia,neighborhood,,tent,4.0,POST2020,1.75,2.03,False,
2021-07-01,2021,7,Jul,Columbia,Columbia,neighborhood,,total,57.0,POST2020,1.75,2.03,False,
2021-07-01,2021,7,Jul,Columbia,Columbia,neighborhood,,vehicle,0.0,POST2020,1.75,2.03,False,
2021-07-01,2021,7,Jul,Cortez,Cortez,neighborhood,,individual,38.0,POST2020,1.75,2.03,False,
2021-07-01,2021,7,Jul,Cortez,Cortez,neighborhood,,tent,2.0,POST2020,1.75,2.03,False,
2021-07-01,2021,7,Jul,Cortez,Cortez,neighborhood,,total,44.0,POST2020,1.75,2.03,False,
2021-07-01,2021,7,Jul,Cortez,Cortez,neighborhood,,vehicle,1.0,POST2020,1.75,2.03,False,
2021-07-01,2021,7,Jul,East Village,East Village,neighborhood,,individual,259.0,POST2020,1.75,2.03,False,
2021-07-01,2021,7,Jul,East Village,East Village,neighborhood,,tent,107.0,POST2020,1.75,2.03,False,
2021-07-01,2021,7,Jul,East Village,East Village,neighborhood,,total,465.0,POST2020,1.75,2.03,False,
2021-07-01,2021,7,Jul,East Village,East Village,neighborhood,,vehicle,9.0,POST2020,1.75,2.03,False,
2021-07-01,2021,7,Jul,Gaslamp,Gaslamp,neighborhood,,individual,21.0,POST2020,1.75,2.03,False,
2021-07-01,2021,7,Jul,Gaslamp,Gaslamp,neighborhood,,tent,0.0,POST2020,1.75,2.03,False,
2021-07-01,2021,7,Jul,Gaslamp,Gaslamp,neighborhood,,total,21.0,POST2020,1.75,2.03,False,
2021-07-01,2021,7,Jul,Gaslamp,Gaslamp,neighborhood,,vehicle,0.0,POST2020,1.75,2.03,False,
2021-07-01,2021,7,Jul,Marina,Marina,neighborhood,,individual,20.0,POST2020,1.75,2.03,False,
2021-07-01,2021,7,Jul,Marina,Marina,neighborhood,,tent,0.0,POST2020,1.75,2.03,False,
2021-07-01,2021,7,Jul,Marina,Marina,neighborhood,,total,22.0,POST2020,1.75,2.03,False,
2021-07-01,2021,7,Jul,Marina,Marina,neighborhood,,vehicle,1.0,POST2020,1.75,2.03,False,
2021-07-01,2021,7,Jul,Outside Perimeter,Outside Perimeter,neighborhood,,total,273.0,POST2020,1.75,2.03,False,
2021-08-01,2021,8,Aug,East Village - North East,North East EV,ev_subarea,East Village,total,31.0,POST2020,1.75,2.03,False,
2021-08-01,2021,8,Aug,East Village - North West,North West EV,ev_subarea,East Village,total,88.0,POST2020,1.75,2.03,False,
2021-08-01,2021,8,Aug,East Village - South East,South East EV,ev_subarea,East Village,total,320.0,POST2020,1.75,2.03,False,
2021-08-01,2021,8,Aug,East Village - South West,South West EV,ev_subarea,East Village,total,31.0,POST2020,1.75,2.03,False,
2021-08-01,2021,8,Aug,City Center,City Center,neighborhood,,individual,111.0,POST2020,1.75,2.03,False,
2021-08-01,2021,8,Aug,City Center,City Center,neighborhood,,tent,20.0,POST2020,1.75,2.03,False,
2021-08-01,2021,8,Aug,City Center,City Center,neighborhood,,total,152.0,POST2020,1.75,2.03,False,
2021-08-01,2021,8,Aug,City Center,City Center,neighborhood,,vehicle,3.0,POST2020,1.75,2.03,False,
2021-08-01,2021,8,Aug,Columbia,Columbia,neighborhood,,individual,49.0,POST2020,1.75,2.03,False,
2021-08-01,2021,8,Aug,Columbia,Columbia,neighborhood,,tent,6.0,POST2020,1.75,2.03,False,
2021-08-01,2021,8,Aug,Columbia,Columbia,neighborhood,,total,60.0,POST2020,1.75,2.03,False,
2021-08-01,2021,8,Aug,Columbia,Columbia,neighborhood,,vehicle,0.0,POST2020,1.75,2.03,False,
2021-08-01,2021,8,Aug,Cortez,Cortez,neighborhood,,individual,34.0,POST2020,1.75,2.03,False,
2021-08-01,2021,8,Aug,Cortez,Cortez,neighborhood,,tent,0.0,POST2020,1.75,2.03,False,
2021-08-01,2021,8,Aug,Cortez,Cortez,neighborhood,,total,34.0,POST2020,1.75,2.03,False,
2021-08-01,2021,8,Aug,Cortez,Cortez,neighborhood,,vehicle,0.0,POST2020,1.75,2.03,False,
2021-08-01,2021,8,Aug,East Village,East Village,neighborhood,,individual,261.0,POST2020,1.75,2.03,False,
2021-08-01,2021,8,Aug,East Village,East Village,neighborhood,,tent,104.0,POST2020,1.75,2.03,False,
2021-08-01,2021,8,Aug,East Village,East Village,neighborhood,,total,469.0,POST2020,1.75,2.03,False,
2021-08-01,2021,8,Aug,East Village,East Village,neighborhood,,vehicle,13.0,POST2020,1.75,2.03,False,
2021-08-01,2021,8,Aug,Gaslamp,Gaslamp,neighborhood,,individual,31.0,POST2020,1.75,2.03,False,
2021-08-01,2021,8,Aug,Gaslamp,Gaslamp,neighborhood,,tent,0.0,POST2020,1.75,2.03,False,
2021-08-01,2021,8,Aug,Gaslamp,Gaslamp,neighborhood,,total,31.0,POST2020,1.75,2.03,False,
2021-08-01,2021,8,Aug,Gaslamp,Gaslamp,neighborhood,,vehicle,0.0,POST2020,1.75,2.03,False,
2021-08-01,2021,8,Aug,Marina,Marina,neighborhood,,individual,21.0,POST2020,1.75,2.03,False,
2021-08-01,2021,8,Aug,Marina,Marina,neighborhood,,tent,5.0,POST2020,1.75,2.03,False,
2021-08-01,2021,8,Aug,Marina,Marina,neighborhood,,total,30.0,POST2020,1.75,2.03,False,
2021-08-01,2021,8,Aug,Marina,Marina,neighborhood,,vehicle,0.0,POST2020,1.75,2.03,False,
2021-08-01,2021,8,Aug,Outside Perimeter,Outside Perimeter,neighborhood,,total,250.0,POST2020,1.75,2.03,False,
2021-09-01,2021,9,Sep,East Village - North East,North East EV,ev_subarea,East Village,total,43.0,POST2020,1.75,2.03,False,
2021-09-01,2021,9,Sep,East Village - North West,North West EV,ev_subarea,East Village,total,74.0,POST2020,1.75,2.03,False,
2021-09-01,2021,9,Sep,East Village - South East,South East EV,ev_subarea,East Village,total,275.0,POST2020,1.75,2.03,False,
2021-09-01,2021,9,Sep,East Village - South West,South West EV,ev_subarea,East Village,total,45.0,POST2020,1.75,2.03,False,
2021-09-01,2021,9,Sep,City Center,City Center,neighborhood,,individual,,POST2020,1.75,2.03,False,not_reported
2021-09-01,2021,9,Sep,City Center,City Center,neighborhood,,tent,,POST2020,1.75,2.03,False,not_reported
2021-09-01,2021,9,Sep,City Center,City Center,neighborhood,,total,96.0,POST2020,1.75,2.03,False,
2021-09-01,2021,9,Sep,City Center,City Center,neighborhood,,vehicle,,POST2020,1.75,2.03,False,not_reported
2021-09-01,2021,9,Sep,Columbia,Columbia,neighborhood,,individual,75.0,POST2020,1.75,2.03,False,
2021-09-01,2021,9,Sep,Columbia,Columbia,neighborhood,,tent,3.0,POST2020,1.75,2.03,False,
2021-09-01,2021,9,Sep,Columbia,Columbia,neighborhood,,total,80.0,POST2020,1.75,2.03,False,
2021-09-01,2021,9,Sep,Columbia,Columbia,neighborhood,,vehicle,0.0,POST2020,1.75,2.03,False,
2021-09-01,2021,9,Sep,Cortez,Cortez,neighborhood,,individual,27.0,POST2020,1.75,2.03,False,
2021-09-01,2021,9,Sep,Cortez,Cortez,neighborhood,,tent,1.0,POST2020,1.75,2.03,False,
2021-09-01,2021,9,Sep,Cortez,Cortez,neighborhood,,total,29.0,POST2020,1.75,2.03,False,
2021-09-01,2021,9,Sep,Cortez,Cortez,neighborhood,,vehicle,0.0,POST2020,1.75,2.03,False,
2021-09-01,2021,9,Sep,East Village,East Village,neighborhood,,individual,254.0,POST2020,1.75,2.03,False,
2021-09-01,2021,9,Sep,East Village,East Village,neighborhood,,tent,97.0,POST2020,1.75,2.03,False,
2021-09-01,2021,9,Sep,East Village,East Village,neighborhood,,total,438.0,POST2020,1.75,2.03,False,
2021-09-01,2021,9,Sep,East Village,East Village,neighborhood,,vehicle,7.0,POST2020,1.75,2.03,False,
2021-09-01,2021,9,Sep,Gaslamp,Gaslamp,neighborhood,,individual,42.0,POST2020,1.75,2.03,False,
2021-09-01,2021,9,Sep,Gaslamp,Gaslamp,neighborhood,,tent,1.0,POST2020,1.75,2.03,False,
2021-09-01,2021,9,Sep,Gaslamp,Gaslamp,neighborhood,,total,44.0,POST2020,1.75,2.03,False,
2021-09-01,2021,9,Sep,Gaslamp,Gaslamp,neighborhood,,vehicle,0.0,POST2020,1.75,2.03,False,
2021-09-01,2021,9,Sep,Marina,Marina,neighborhood,,individual,17.0,POST2020,1.75,2.03,False,
2021-09-01,2021,9,Sep,Marina,Marina,neighborhood,,tent,7.0,POST2020,1.75,2.03,False,
2021-09-01,2021,9,Sep,Marina,Marina,neighborhood,,total,29.0,POST2020,1.75,2.03,False,
2021-09-01,2021,9,Sep,Marina,Marina,neighborhood,,vehicle,0.0,POST2020,1.75,2.03,False,
2021-09-01,2021,9,Sep,Outside Perimeter,Outside Perimeter,neighborhood,,total,83.0,POST2020,1.75,2.03,False,
2021-10-01,2021,10,Oct,East Village - North East,North East EV,ev_subarea,East Village,total,80.0,POST2020,1.75,2.03,False,
2021-10-01,2021,10,Oct,East Village - North West,North West EV,ev_subarea,East Village,total,72.0,POST2020,1.75,2.03,False,
2021-10-01,2021,10,Oct,East Village - South East,South East EV,ev_subarea,East Village,total,346.0,POST2020,1.75,2.03,False,
2021-10-01,2021,10,Oct,East Village - South West,South West EV,ev_subarea,East Village,total,43.0,POST2020,1.75,2.03,False,
2021-10-01,2021,10,Oct,City Center,City Center,neighborhood,,individual,108.0,POST2020,1.75,2.03,False,
2021-10-01,2021,10,Oct,City Center,City Center,neighborhood,,tent,19.0,POST2020,1.75,2.03,False,
2021-10-01,2021,10,Oct,City Center,City Center,neighborhood,,total,145.0,POST2020,1.75,2.03,False,
2021-10-01,2021,10,Oct,City Center,City Center,neighborhood,,vehicle,2.0,POST2020,1.75,2.03,False,
2021-10-01,2021,10,Oct,Columbia,Columbia,neighborhood,,individual,39.0,POST2020,1.75,2.03,False,
2021-10-01,2021,10,Oct,Columbia,Columbia,neighborhood,,tent,10.0,POST2020,1.75,2.03,False,
2021-10-01,2021,10,Oct,Columbia,Columbia,neighborhood,,total,57.0,POST2020,1.75,2.03,False,
2021-10-01,2021,10,Oct,Columbia,Columbia,neighborhood,,vehicle,0.0,POST2020,1.75,2.03,False,
2021-10-01,2021,10,Oct,Cortez,Cortez,neighborhood,,individual,31.0,POST2020,1.75,2.03,False,
2021-10-01,2021,10,Oct,Cortez,Cortez,neighborhood,,tent,2.0,POST2020,1.75,2.03,False,
2021-10-01,2021,10,Oct,Cortez,Cortez,neighborhood,,total,35.0,POST2020,1.75,2.03,False,
2021-10-01,2021,10,Oct,Cortez,Cortez,neighborhood,,vehicle,0.0,POST2020,1.75,2.03,False,
2021-10-01,2021,10,Oct,East Village,East Village,neighborhood,,individual,294.0,POST2020,1.75,2.03,False,
2021-10-01,2021,10,Oct,East Village,East Village,neighborhood,,tent,124.0,POST2020,1.75,2.03,False,
2021-10-01,2021,10,Oct,East Village,East Village,neighborhood,,total,541.0,POST2020,1.75,2.03,False,
2021-10-01,2021,10,Oct,East Village,East Village,neighborhood,,vehicle,15.0,POST2020,1.75,2.03,False,
2021-10-01,2021,10,Oct,Gaslamp,Gaslamp,neighborhood,,individual,49.0,POST2020,1.75,2.03,False,
2021-10-01,2021,10,Oct,Gaslamp,Gaslamp,neighborhood,,tent,1.0,POST2020,1.75,2.03,False,
2021-10-01,2021,10,Oct,Gaslamp,Gaslamp,neighborhood,,total,51.0,POST2020,1.75,2.03,False,
2021-10-01,2021,10,Oct,Gaslamp,Gaslamp,neighborhood,,vehicle,0.0,POST2020,1.75,2.03,False,
2021-10-01,2021,10,Oct,Marina,Marina,neighborhood,,individual,19.0,POST2020,1.75,2.03,False,
2021-10-01,2021,10,Oct,Marina,Marina,neighborhood,,tent,4.0,POST2020,1.75,2.03,False,
2021-10-01,2021,10,Oct,Marina,Marina,neighborhood,,total,30.0,POST2020,1.75,2.03,False,
2021-10-01,2021,10,Oct,Marina,Marina,neighborhood,,vehicle,2.0,POST2020,1.75,2.03,False,
2021-10-01,2021,10,Oct,Outside Perimeter,Outside Perimeter,neighborhood,,total,167.0,POST2020,1.75,2.03,False,
2021-11-01,2021,11,Nov,East Village - North East,North East EV,ev_subarea,East Village,total,63.0,POST2020,1.75,2.03,False,
2021-11-01,2021,11,Nov,East Village - North West,North West EV,ev_subarea,East Village,total,83.0,POST2020,1.75,2.03,False,
2021-11-01,2021,11,Nov,East Village - South East,South East EV,ev_subarea,East Village,total,353.0,POST2020,1.75,2.03,False,
2021-11-01,2021,11,Nov,East Village - South West,South West EV,ev_subarea,East Village,total,42.0,POST2020,1.75,2.03,False,
2021-11-01,2021,11,Nov,City Center,City Center,neighborhood,,individual,140.0,POST2020,1.75,2.03,False,
2021-11-01,2021,11,Nov,City Center,City Center,neighborhood,,tent,22.0,POST2020,1.75,2.03,False,
2021-11-01,2021,11,Nov,City Center,City Center,neighborhood,,total,181.0,POST2020,1.75,2.03,False,
2021-11-01,2021,11,Nov,City Center,City Center,neighborhood,,vehicle,1.0,POST2020,1.75,2.03,False,
2021-11-01,2021,11,Nov,Columbia,Columbia,neighborhood,,individual,48.0,POST2020,1.75,2.03,False,
2021-11-01,2021,11,Nov,Columbia,Columbia,neighborhood,,tent,7.0,POST2020,1.75,2.03,False,
2021-11-01,2021,11,Nov,Columbia,Columbia,neighborhood,,total,60.0,POST2020,1.75,2.03,False,
2021-11-01,2021,11,Nov,Columbia,Columbia,neighborhood,,vehicle,0.0,POST2020,1.75,2.03,False,
2021-11-01,2021,11,Nov,Cortez,Cortez,neighborhood,,individual,24.0,POST2020,1.75,2.03,False,
2021-11-01,2021,11,Nov,Cortez,Cortez,neighborhood,,tent,4.0,POST2020,1.75,2.03,False,
2021-11-01,2021,11,Nov,Cortez,Cortez,neighborhood,,total,31.0,POST2020,1.75,2.03,False,
2021-11-01,2021,11,Nov,Cortez,Cortez,neighborhood,,vehicle,0.0,POST2020,1.75,2.03,False,
2021-11-01,2021,11,Nov,East Village,East Village,neighborhood,,individual,265.0,POST2020,1.75,2.03,False,
2021-11-01,2021,11,Nov,East Village,East Village,neighborhood,,tent,139.0,POST2020,1.75,2.03,False,
2021-11-01,2021,11,Nov,East Village,East Village,neighborhood,,total,541.0,POST2020,1.75,2.03,False,
2021-11-01,2021,11,Nov,East Village,East Village,neighborhood,,vehicle,16.0,POST2020,1.75,2.03,False,
2021-11-01,2021,11,Nov,Gaslamp,Gaslamp,neighborhood,,individual,41.0,POST2020,1.75,2.03,False,
2021-11-01,2021,11,Nov,Gaslamp,Gaslamp,neighborhood,,tent,3.0,POST2020,1.75,2.03,False,
2021-11-01,2021,11,Nov,Gaslamp,Gaslamp,neighborhood,,total,46.0,POST2020,1.75,2.03,False,
2021-11-01,2021,11,Nov,Gaslamp,Gaslamp,neighborhood,,vehicle,0.0,POST2020,1.75,2.03,False,
2021-11-01,2021,11,Nov,Marina,Marina,neighborhood,,individual,31.0,POST2020,1.75,2.03,False,
2021-11-01,2021,11,Nov,Marina,Marina,neighborhood,,tent,6.0,POST2020,1.75,2.03,False,
2021-11-01,2021,11,Nov,Marina,Marina,neighborhood,,total,42.0,POST2020,1.75,2.03,False,
2021-11-01,2021,11,Nov,Marina,Marina,neighborhood,,vehicle,0.0,POST2020,1.75,2.03,False,
2021-11-01,2021,11,Nov,Outside Perimeter,Outside Perimeter,neighborhood,,total,223.0,POST2020,1.75,2.03,False,
2021-12-01,2021,12,Dec,East Village - North East,North East EV,ev_subarea,East Village,total,49.0,POST2020,1.75,2.03,False,
2021-12-01,2021,12,Dec,East Village - North West,North West EV,ev_subarea,East Village,total,85.0,POST2020,1.75,2.03,False,
2021-12-01,2021,12,Dec,East Village - South East,South East EV,ev_subarea,East Village,total,402.0,POST2020,1.75,2.03,False,
2021-12-01,2021,12,Dec,East Village - South West,South West EV,ev_subarea,East Village,total,76.0,POST2020,1.75,2.03,False,
2021-12-01,2021,12,Dec,City Center,City Center,neighborhood,,individual,127.0,POST2020,1.75,2.03,False,
2021-12-01,2021,12,Dec,City Center,City Center,neighborhood,,tent,31.0,POST2020,1.75,2.03,False,
2021-12-01,2021,12,Dec,City Center,City Center,neighborhood,,total,185.0,POST2020,1.75,2.03,False,
2021-12-01,2021,12,Dec,City Center,City Center,neighborhood,,vehicle,2.0,POST2020,1.75,2.03,False,
2021-12-01,2021,12,Dec,Columbia,Columbia,neighborhood,,individual,47.0,POST2020,1.75,2.03,False,
2021-12-01,2021,12,Dec,Columbia,Columbia,neighborhood,,tent,7.0,POST2020,1.75,2.03,False,
2021-12-01,2021,12,Dec,Columbia,Columbia,neighborhood,,total,59.0,POST2020,1.75,2.03,False,
2021-12-01,2021,12,Dec,Columbia,Columbia,neighborhood,,vehicle,0.0,POST2020,1.75,2.03,False,
2021-12-01,2021,12,Dec,Cortez,Cortez,neighborhood,,individual,28.0,POST2020,1.75,2.03,False,
2021-12-01,2021,12,Dec,Cortez,Cortez,neighborhood,,tent,10.0,POST2020,1.75,2.03,False,
2021-12-01,2021,12,Dec,Cortez,Cortez,neighborhood,,total,46.0,POST2020,1.75,2.03,False,
2021-12-01,2021,12,Dec,Cortez,Cortez,neighborhood,,vehicle,0.0,POST2020,1.75,2.03,False,
2021-12-01,2021,12,Dec,East Village,East Village,neighborhood,,individual,305.0,POST2020,1.75,2.03,False,
2021-12-01,2021,12,Dec,East Village,East Village,neighborhood,,tent,151.0,POST2020,1.75,2.03,False,
2021-12-01,2021,12,Dec,East Village,East Village,neighborhood,,total,612.0,POST2020,1.75,2.03,False,
2021-12-01,2021,12,Dec,East Village,East Village,neighborhood,,vehicle,21.0,POST2020,1.75,2.03,False,
2021-12-01,2021,12,Dec,Gaslamp,Gaslamp,neighborhood,,individual,54.0,POST2020,1.75,2.03,False,
2021-12-01,2021,12,Dec,Gaslamp,Gaslamp,neighborhood,,tent,3.0,POST2020,1.75,2.03,False,
2021-12-01,2021,12,Dec,Gaslamp,Gaslamp,neighborhood,,total,59.0,POST2020,1.75,2.03,False,
2021-12-01,2021,12,Dec,Gaslamp,Gaslamp,neighborhood,,vehicle,0.0,POST2020,1.75,2.03,False,
2021-12-01,2021,12,Dec,Marina,Marina,neighborhood,,individual,,POST2020,1.75,2.03,False,not_reported
2021-12-01,2021,12,Dec,Marina,Marina,neighborhood,,tent,,POST2020,1.75,2.03,False,not_reported
2021-12-01,2021,12,Dec,Marina,Marina,neighborhood,,total,40.0,POST2020,1.75,2.03,False,
2021-12-01,2021,12,Dec,Marina,Marina,neighborhood,,vehicle,,POST2020,1.75,2.03,False,not_reported
2021-12-01,2021,12,Dec,Outside Perimeter,Outside Perimeter,neighborhood,,total,252.0,POST2020,1.75,2.03,False,
2022-01-01,2022,1,Jan,East Village - North East,North East EV,ev_subarea,East Village,total,50.0,POST2020,1.75,2.03,False,
2022-01-01,2022,1,Jan,East Village - North West,North West EV,ev_subarea,East Village,total,105.0,POST2020,1.75,2.03,False,
2022-01-01,2022,1,Jan,East Village - South East,South East EV,ev_subarea,East Village,total,449.0,POST2020,1.75,2.03,False,
2022-01-01,2022,1,Jan,East Village - South West,South West EV,ev_subarea,East Village,total,74.0,POST2020,1.75,2.03,False,
2022-01-01,2022,1,Jan,City Center,City Center,neighborhood,,individual,127.0,POST2020,1.75,2.03,False,
2022-01-01,2022,1,Jan,City Center,City Center,neighborhood,,tent,48.0,POST2020,1.75,2.03,False,
2022-01-01,2022,1,Jan,City Center,City Center,neighborhood,,total,213.0,POST2020,1.75,2.03,False,
2022-01-01,2022,1,Jan,City Center,City Center,neighborhood,,vehicle,1.0,POST2020,1.75,2.03,False,
2022-01-01,2022,1,Jan,Columbia,Columbia,neighborhood,,individual,49.0,POST2020,1.75,2.03,False,
2022-01-01,2022,1,Jan,Columbia,Columbia,neighborhood,,tent,7.0,POST2020,1.75,2.03,False,
2022-01-01,2022,1,Jan,Columbia,Columbia,neighborhood,,total,61.0,POST2020,1.75,2.03,False,
2022-01-01,2022,1,Jan,Columbia,Columbia,neighborhood,,vehicle,0.0,POST2020,1.75,2.03,False,
2022-01-01,2022,1,Jan,Cortez,Cortez,neighborhood,,individual,37.0,POST2020,1.75,2.03,False,
2022-01-01,2022,1,Jan,Cortez,Cortez,neighborhood,,tent,28.0,POST2020,1.75,2.03,False,
2022-01-01,2022,1,Jan,Cortez,Cortez,neighborhood,,total,92.0,POST2020,1.75,2.03,False,
2022-01-01,2022,1,Jan,Cortez,Cortez,neighborhood,,vehicle,3.0,POST2020,1.75,2.03,False,
2022-01-01,2022,1,Jan,East Village,East Village,neighborhood,,individual,256.0,POST2020,1.75,2.03,False,
2022-01-01,2022,1,Jan,East Village,East Village,neighborhood,,tent,225.0,POST2020,1.75,2.03,False,
2022-01-01,2022,1,Jan,East Village,East Village,neighborhood,,total,678.0,POST2020,1.75,2.03,False,
2022-01-01,2022,1,Jan,East Village,East Village,neighborhood,,vehicle,14.0,POST2020,1.75,2.03,False,
2022-01-01,2022,1,Jan,Gaslamp,Gaslamp,neighborhood,,individual,60.0,POST2020,1.75,2.03,False,
2022-01-01,2022,1,Jan,Gaslamp,Gaslamp,neighborhood,,tent,2.0,POST2020,1.75,2.03,False,
2022-01-01,2022,1,Jan,Gaslamp,Gaslamp,neighborhood,,total,64.0,POST2020,1.75,2.03,False,
2022-01-01,2022,1,Jan,Gaslamp,Gaslamp,neighborhood,,vehicle,0.0,POST2020,1.75,2.03,False,
2022-01-01,2022,1,Jan,Marina,Marina,neighborhood,,individual,24.0,POST2020,1.75,2.03,False,
2022-01-01,2022,1,Jan,Marina,Marina,neighborhood,,tent,9.0,POST2020,1.75,2.03,False,
2022-01-01,2022,1,Jan,Marina,Marina,neighborhood,,total,42.0,POST2020,1.75,2.03,False,
2022-01-01,2022,1,Jan,Marina,Marina,neighborhood,,vehicle,1.0,POST2020,1.75,2.03,False,
2022-01-01,2022,1,Jan,Outside Perimeter,Outside Perimeter,neighborhood,,total,259.0,POST2020,1.75,2.03,False,
2022-02-01,2022,2,Feb,East Village - North East,North East EV,ev_subarea,East Village,total,54.0,POST2020,1.75,2.03,False,
2022-02-01,2022,2,Feb,East Village - North West,North West EV,ev_subarea,East Village,total,95.0,POST2020,1.75,2.03,False,
2022-02-01,2022,2,Feb,East Village - South East,South East EV,ev_subarea,East Village,total,505.0,POST2020,1.75,2.03,False,
2022-02-01,2022,2,Feb,East Village - South West,South West EV,ev_subarea,East Village,total,87.0,POST2020,1.75,2.03,False,
2022-02-01,2022,2,Feb,City Center,City Center,neighborhood,,individual,100.0,POST2020,1.75,2.03,False,
2022-02-01,2022,2,Feb,City Center,City Center,neighborhood,,tent,48.0,POST2020,1.75,2.03,False,
2022-02-01,2022,2,Feb,City Center,City Center,neighborhood,,total,186.0,POST2020,1.75,2.03,False,
2022-02-01,2022,2,Feb,City Center,City Center,neighborhood,,vehicle,1.0,POST2020,1.75,2.03,False,
2022-02-01,2022,2,Feb,Columbia,Columbia,neighborhood,,individual,55.0,POST2020,1.75,2.03,False,
2022-02-01,2022,2,Feb,Columbia,Columbia,neighborhood,,tent,9.0,POST2020,1.75,2.03,False,
2022-02-01,2022,2,Feb,Columbia,Columbia,neighborhood,,total,71.0,POST2020,1.75,2.03,False,
2022-02-01,2022,2,Feb,Columbia,Columbia,neighborhood,,vehicle,0.0,POST2020,1.75,2.03,False,
2022-02-01,2022,2,Feb,Cortez,Cortez,neighborhood,,individual,40.0,POST2020,1.75,2.03,False,
2022-02-01,2022,2,Feb,Cortez,Cortez,neighborhood,,tent,39.0,POST2020,1.75,2.03,False,
2022-02-01,2022,2,Feb,Cortez,Cortez,neighborhood,,total,118.0,POST2020,1.75,2.03,False,
2022-02-01,2022,2,Feb,Cortez,Cortez,neighborhood,,vehicle,5.0,POST2020,1.75,2.03,False,
2022-02-01,2022,2,Feb,East Village,East Village,neighborhood,,individual,294.0,POST2020,1.75,2.03,False,
2022-02-01,2022,2,Feb,East Village,East Village,neighborhood,,tent,232.0,POST2020,1.75,2.03,False,
2022-02-01,2022,2,Feb,East Village,East Village,neighborhood,,total,741.0,POST2020,1.75,2.03,False,
2022-02-01,2022,2,Feb,East Village,East Village,neighborhood,,vehicle,20.0,POST2020,1.75,2.03,False,
2022-02-01,2022,2,Feb,Gaslamp,Gaslamp,neighborhood,,individual,37.0,POST2020,1.75,2.03,False,
2022-02-01,2022,2,Feb,Gaslamp,Gaslamp,neighborhood,,tent,1.0,POST2020,1.75,2.03,False,
2022-02-01,2022,2,Feb,Gaslamp,Gaslamp,neighborhood,,total,41.0,POST2020,1.75,2.03,False,
2022-02-01,2022,2,Feb,Gaslamp,Gaslamp,neighborhood,,vehicle,1.0,POST2020,1.75,2.03,False,
2022-02-01,2022,2,Feb,Marina,Marina,neighborhood,,individual,16.0,POST2020,1.75,2.03,False,
2022-02-01,2022,2,Feb,Marina,Marina,neighborhood,,tent,1.0,POST2020,1.75,2.03,False,
2022-02-01,2022,2,Feb,Marina,Marina,neighborhood,,total,18.0,POST2020,1.75,2.03,False,
2022-02-01,2022,2,Feb,Marina,Marina,neighborhood,,vehicle,0.0,POST2020,1.75,2.03,False,
2022-02-01,2022,2,Feb,Outside Perimeter,Outside Perimeter,neighborhood,,total,270.0,POST2020,1.75,2.03,False,
2022-03-01,2022,3,Mar,East Village - North East,North East EV,ev_subarea,East Village,total,56.0,POST2020,1.75,2.03,False,
2022-03-01,2022,3,Mar,East Village - North West,North West EV,ev_subarea,East Village,total,109.0,POST2020,1.75,2.03,False,
2022-03-01,2022,3,Mar,East Village - South East,South East EV,ev_subarea,East Village,total,401.0,POST2020,1.75,2.03,False,
2022-03-01,2022,3,Mar,East Village - South West,South West EV,ev_subarea,East Village,total,56.0,POST2020,1.75,2.03,False,
2022-03-01,2022,3,Mar,City Center,City Center,neighborhood,,individual,97.0,POST2020,1.75,2.03,False,
2022-03-01,2022,3,Mar,City Center,City Center,neighborhood,,tent,67.0,POST2020,1.75,2.03,False,
2022-03-01,2022,3,Mar,City Center,City Center,neighborhood,,total,214.0,POST2020,1.75,2.03,False,
2022-03-01,2022,3,Mar,City Center,City Center,neighborhood,,vehicle,0.0,POST2020,1.75,2.03,False,
2022-03-01,2022,3,Mar,Columbia,Columbia,neighborhood,,individual,45.0,POST2020,1.75,2.03,False,
2022-03-01,2022,3,Mar,Columbia,Columbia,neighborhood,,tent,10.0,POST2020,1.75,2.03,False,
2022-03-01,2022,3,Mar,Columbia,Columbia,neighborhood,,total,63.0,POST2020,1.75,2.03,False,
2022-03-01,2022,3,Mar,Columbia,Columbia,neighborhood,,vehicle,0.0,POST2020,1.75,2.03,False,
2022-03-01,2022,3,Mar,Cortez,Cortez,neighborhood,,individual,24.0,POST2020,1.75,2.03,False,
2022-03-01,2022,3,Mar,Cortez,Cortez,neighborhood,,tent,7.0,POST2020,1.75,2.03,False,
2022-03-01,2022,3,Mar,Cortez,Cortez,neighborhood,,total,36.0,POST2020,1.75,2.03,False,
2022-03-01,2022,3,Mar,Cortez,Cortez,neighborhood,,vehicle,0.0,POST2020,1.75,2.03,False,
2022-03-01,2022,3,Mar,East Village,East Village,neighborhood,,individual,248.0,POST2020,1.75,2.03,False,
2022-03-01,2022,3,Mar,East Village,East Village,neighborhood,,tent,200.0,POST2020,1.75,2.03,False,
2022-03-01,2022,3,Mar,East Village,East Village,neighborhood,,total,622.0,POST2020,1.75,2.03,False,
2022-03-01,2022,3,Mar,East Village,East Village,neighborhood,,vehicle,12.0,POST2020,1.75,2.03,False,
2022-03-01,2022,3,Mar,Gaslamp,Gaslamp,neighborhood,,individual,66.0,POST2020,1.75,2.03,False,
2022-03-01,2022,3,Mar,Gaslamp,Gaslamp,neighborhood,,tent,2.0,POST2020,1.75,2.03,False,
2022-03-01,2022,3,Mar,Gaslamp,Gaslamp,neighborhood,,total,70.0,POST2020,1.75,2.03,False,
2022-03-01,2022,3,Mar,Gaslamp,Gaslamp,neighborhood,,vehicle,0.0,POST2020,1.75,2.03,False,
2022-03-01,2022,3,Mar,Marina,Marina,neighborhood,,individual,28.0,POST2020,1.75,2.03,False,
2022-03-01,2022,3,Mar,Marina,Marina,neighborhood,,tent,5.0,POST2020,1.75,2.03,False,
2022-03-01,2022,3,Mar,Marina,Marina,neighborhood,,total,37.0,POST2020,1.75,2.03,False,
2022-03-01,2022,3,Mar,Marina,Marina,neighborhood,,vehicle,0.0,POST2020,1.75,2.03,False,
2022-03-01,2022,3,Mar,Outside Perimeter,Outside Perimeter,neighborhood,,total,342.0,POST2020,1.75,2.03,False,
2022-04-01,2022,4,Apr,East Village - North East,North East EV,ev_subarea,East Village,total,57.0,POST2020,1.75,2.03,False,
2022-04-01,2022,4,Apr,East Village - North West,North West EV,ev_subarea,East Village,total,118.0,POST2020,1.75,2.03,False,
2022-04-01,2022,4,Apr,East Village - South East,South East EV,ev_subarea,East Village,total,409.0,POST2020,1.75,2.03,False,
2022-04-01,2022,4,Apr,East Village - South West,South West EV,ev_subarea,East Village,total,71.0,POST2020,1.75,2.03,False,
2022-04-01,2022,4,Apr,City Center,City Center,neighborhood,,individual,149.0,POST2020,1.75,2.03,False,
2022-04-01,2022,4,Apr,City Center,City Center,neighborhood,,tent,71.0,POST2020,1.75,2.03,False,
2022-04-01,2022,4,Apr,City Center,City Center,neighborhood,,total,275.0,POST2020,1.75,2.03,False,
2022-04-01,2022,4,Apr,City Center,City Center,neighborhood,,vehicle,1.0,POST2020,1.75,2.03,False,
2022-04-01,2022,4,Apr,Columbia,Columbia,neighborhood,,individual,47.0,POST2020,1.75,2.03,False,
2022-04-01,2022,4,Apr,Columbia,Columbia,neighborhood,,tent,9.0,POST2020,1.75,2.03,False,
2022-04-01,2022,4,Apr,Columbia,Columbia,neighborhood,,total,63.0,POST2020,1.75,2.03,False,
2022-04-01,2022,4,Apr,Columbia,Columbia,neighborhood,,vehicle,0.0,POST2020,1.75,2.03,False,
2022-04-01,2022,4,Apr,Cortez,Cortez,neighborhood,,individual,35.0,POST2020,1.75,2.03,False,
2022-04-01,2022,4,Apr,Cortez,Cortez,neighborhood,,tent,17.0,POST2020,1.75,2.03,False,
2022-04-01,2022,4,Apr,Cortez,Cortez,neighborhood,,total,73.0,POST2020,1.75,2.03,False,
2022-04-01,2022,4,Apr,Cortez,Cortez,neighborhood,,vehicle,4.0,POST2020,1.75,2.03,False,
2022-04-01,2022,4,Apr,East Village,East Village,neighborhood,,individual,302.0,POST2020,1.75,2.03,False,
2022-04-01,2022,4,Apr,East Village,East Village,neighborhood,,tent,194.0,POST2020,1.75,2.03,False,
2022-04-01,2022,4,Apr,East Village,East Village,neighborhood,,total,655.0,POST2020,1.75,2.03,False,
2022-04-01,2022,4,Apr,East Village,East Village,neighborhood,,vehicle,7.0,POST2020,1.75,2.03,False,
2022-04-01,2022,4,Apr,Gaslamp,Gaslamp,neighborhood,,individual,44.0,POST2020,1.75,2.03,False,
2022-04-01,2022,4,Apr,Gaslamp,Gaslamp,neighborhood,,tent,0.0,POST2020,1.75,2.03,False,
2022-04-01,2022,4,Apr,Gaslamp,Gaslamp,neighborhood,,total,44.0,POST2020,1.75,2.03,False,
2022-04-01,2022,4,Apr,Gaslamp,Gaslamp,neighborhood,,vehicle,0.0,POST2020,1.75,2.03,False,
2022-04-01,2022,4,Apr,Marina,Marina,neighborhood,,individual,25.0,POST2020,1.75,2.03,False,
2022-04-01,2022,4,Apr,Marina,Marina,neighborhood,,tent,6.0,POST2020,1.75,2.03,False,
2022-04-01,2022,4,Apr,Marina,Marina,neighborhood,,total,44.0,POST2020,1.75,2.03,False,
2022-04-01,2022,4,Apr,Marina,Marina,neighborhood,,vehicle,4.0,POST2020,1.75,2.03,False,
2022-04-01,2022,4,Apr,Outside Perimeter,Outside Perimeter,neighborhood,,total,320.0,POST2020,1.75,2.03,False,
2022-05-01,2022,5,May,East Village - North East,North East EV,ev_subarea,East Village,total,25.0,POST2020,1.75,2.03,False,
2022-05-01,2022,5,May,East Village - North West,North West EV,ev_subarea,East Village,total,107.0,POST2020,1.75,2.03,False,
2022-05-01,2022,5,May,East Village - South East,South East EV,ev_subarea,East Village,total,430.0,POST2020,1.75,2.03,False,
2022-05-01,2022,5,May,East Village - South West,South West EV,ev_subarea,East Village,total,62.0,POST2020,1.75,2.03,False,
2022-05-01,2022,5,May,City Center,City Center,neighborhood,,individual,80.0,POST2020,1.75,2.03,False,
2022-05-01,2022,5,May,City Center,City Center,neighborhood,,tent,81.0,POST2020,1.75,2.03,False,
2022-05-01,2022,5,May,City Center,City Center,neighborhood,,total,224.0,POST2020,1.75,2.03,False,
2022-05-01,2022,5,May,City Center,City Center,neighborhood,,vehicle,1.0,POST2020,1.75,2.03,False,
2022-05-01,2022,5,May,Columbia,Columbia,neighborhood,,individual,33.0,POST2020,1.75,2.03,False,
2022-05-01,2022,5,May,Columbia,Columbia,neighborhood,,tent,8.0,POST2020,1.75,2.03,False,
2022-05-01,2022,5,May,Columbia,Columbia,neighborhood,,total,47.0,POST2020,1.75,2.03,False,
2022-05-01,2022,5,May,Columbia,Columbia,neighborhood,,vehicle,0.0,POST2020,1.75,2.03,False,
2022-05-01,2022,5,May,Cortez,Cortez,neighborhood,,individual,18.0,POST2020,1.75,2.03,False,
2022-05-01,2022,5,May,Cortez,Cortez,neighborhood,,tent,23.0,POST2020,1.75,2.03,False,
2022-05-01,2022,5,May,Cortez,Cortez,neighborhood,,total,60.0,POST2020,1.75,2.03,False,
2022-05-01,2022,5,May,Cortez,Cortez,neighborhood,,vehicle,1.0,POST2020,1.75,2.03,False,
2022-05-01,2022,5,May,East Village,East Village,neighborhood,,individual,169.0,POST2020,1.75,2.03,False,
2022-05-01,2022,5,May,East Village,East Village,neighborhood,,tent,253.0,POST2020,1.75,2.03,False,
2022-05-01,2022,5,May,East Village,East Village,neighborhood,,total,624.0,POST2020,1.75,2.03,False,
2022-05-01,2022,5,May,East Village,East Village,neighborhood,,vehicle,6.0,POST2020,1.75,2.03,False,
2022-05-01,2022,5,May,Gaslamp,Gaslamp,neighborhood,,individual,42.0,POST2020,1.75,2.03,False,
2022-05-01,2022,5,May,Gaslamp,Gaslamp,neighborhood,,tent,1.0,POST2020,1.75,2.03,False,
2022-05-01,2022,5,May,Gaslamp,Gaslamp,neighborhood,,total,44.0,POST2020,1.75,2.03,False,
2022-05-01,2022,5,May,Gaslamp,Gaslamp,neighborhood,,vehicle,0.0,POST2020,1.75,2.03,False,
2022-05-01,2022,5,May,Marina,Marina,neighborhood,,individual,8.0,POST2020,1.75,2.03,False,
2022-05-01,2022,5,May,Marina,Marina,neighborhood,,tent,0.0,POST2020,1.75,2.03,False,
2022-05-01,2022,5,May,Marina,Marina,neighborhood,,total,10.0,POST2020,1.75,2.03,False,
2022-05-01,2022,5,May,Marina,Marina,neighborhood,,vehicle,1.0,POST2020,1.75,2.03,False,
2022-05-01,2022,5,May,Outside Perimeter,Outside Perimeter,neighborhood,,total,315.0,POST2020,1.75,2.03,False,
2022-06-01,2022,6,Jun,East Village - North East,North East EV,ev_subarea,East Village,total,119.0,POST2020,1.75,2.03,False,
2022-06-01,2022,6,Jun,East Village - North West,North West EV,ev_subarea,East Village,total,134.0,POST2020,1.75,2.03,False,
2022-06-01,2022,6,Jun,East Village - South East,South East EV,ev_subarea,East Village,total,369.0,POST2020,1.75,2.03,False,
2022-06-01,2022,6,Jun,East Village - South West,South West EV,ev_subarea,East Village,total,90.0,POST2020,1.75,2.03,False,
2022-06-01,2022,6,Jun,City Center,City Center,neighborhood,,individual,141.0,POST2020,1.75,2.03,False,
2022-06-01,2022,6,Jun,City Center,City Center,neighborhood,,tent,57.0,POST2020,1.75,2.03,False,
2022-06-01,2022,6,Jun,City Center,City Center,neighborhood,,total,241.0,POST2020,1.75,2.03,False,
2022-06-01,2022,6,Jun,City Center,City Center,neighborhood,,vehicle,0.0,POST2020,1.75,2.03,False,
2022-06-01,2022,6,Jun,Columbia,Columbia,neighborhood,,individual,67.0,POST2020,1.75,2.03,False,
2022-06-01,2022,6,Jun,Columbia,Columbia,neighborhood,,tent,10.0,POST2020,1.75,2.03,False,
2022-06-01,2022,6,Jun,Columbia,Columbia,neighborhood,,total,85.0,POST2020,1.75,2.03,False,
2022-06-01,2022,6,Jun,Columbia,Columbia,neighborhood,,vehicle,0.0,POST2020,1.75,2.03,False,
2022-06-01,2022,6,Jun,Cortez,Cortez,neighborhood,,individual,28.0,POST2020,1.75,2.03,False,
2022-06-01,2022,6,Jun,Cortez,Cortez,neighborhood,,tent,11.0,POST2020,1.75,2.03,False,
2022-06-01,2022,6,Jun,Cortez,Cortez,neighborhood,,total,51.0,POST2020,1.75,2.03,False,
2022-06-01,2022,6,Jun,Cortez,Cortez,neighborhood,,vehicle,2.0,POST2020,1.75,2.03,False,
2022-06-01,2022,6,Jun,East Village,East Village,neighborhood,,individual,343.0,POST2020,1.75,2.03,False,
2022-06-01,2022,6,Jun,East Village,East Village,neighborhood,,tent,183.0,POST2020,1.75,2.03,False,
2022-06-01,2022,6,Jun,East Village,East Village,neighborhood,,total,712.0,POST2020,1.75,2.03,False,
2022-06-01,2022,6,Jun,East Village,East Village,neighborhood,,vehicle,24.0,POST2020,1.75,2.03,False,
2022-06-01,2022,6,Jun,Gaslamp,Gaslamp,neighborhood,,individual,50.0,POST2020,1.75,2.03,False,
2022-06-01,2022,6,Jun,Gaslamp,Gaslamp,neighborhood,,tent,0.0,POST2020,1.75,2.03,False,
2022-06-01,2022,6,Jun,Gaslamp,Gaslamp,neighborhood,,total,50.0,POST2020,1.75,2.03,False,
2022-06-01,2022,6,Jun,Gaslamp,Gaslamp,neighborhood,,vehicle,0.0,POST2020,1.75,2.03,False,
2022-06-01,2022,6,Jun,Marina,Marina,neighborhood,,individual,39.0,POST2020,1.75,2.03,False,
2022-06-01,2022,6,Jun,Marina,Marina,neighborhood,,tent,5.0,POST2020,1.75,2.03,False,
2022-06-01,2022,6,Jun,Marina,Marina,neighborhood,,total,52.0,POST2020,1.75,2.03,False,
2022-06-01,2022,6,Jun,Marina,Marina,neighborhood,,vehicle,2.0,POST2020,1.75,2.03,False,
2022-06-01,2022,6,Jun,Outside Perimeter,Outside Perimeter,neighborhood,,total,262.0,POST2020,1.75,2.03,False,
2022-07-01,2022,7,Jul,East Village - North East,North East EV,ev_subarea,East Village,total,72.0,POST2020,1.75,2.03,False,
2022-07-01,2022,7,Jul,East Village - North West,North West EV,ev_subarea,East Village,total,78.0,POST2020,1.75,2.03,False,
2022-07-01,2022,7,Jul,East Village - South East,South East EV,ev_subarea,East Village,total,402.0,POST2020,1.75,2.03,False,
2022-07-01,2022,7,Jul,East Village - South West,South West EV,ev_subarea,East Village,total,46.0,POST2020,1.75,2.03,False,
2022-07-01,2022,7,Jul,City Center,City Center,neighborhood,,individual,110.0,POST2020,1.75,2.03,False,
2022-07-01,2022,7,Jul,City Center,City Center,neighborhood,,tent,71.0,POST2020,1.75,2.03,False,
2022-07-01,2022,7,Jul,City Center,City Center,neighborhood,,total,234.0,POST2020,1.75,2.03,False,
2022-07-01,2022,7,Jul,City Center,City Center,neighborhood,,vehicle,0.0,POST2020,1.75,2.03,False,
2022-07-01,2022,7,Jul,Columbia,Columbia,neighborhood,,individual,26.0,POST2020,1.75,2.03,False,
2022-07-01,2022,7,Jul,Columbia,Columbia,neighborhood,,tent,5.0,POST2020,1.75,2.03,False,
2022-07-01,2022,7,Jul,Columbia,Columbia,neighborhood,,total,35.0,POST2020,1.75,2.03,False,
2022-07-01,2022,7,Jul,Columbia,Columbia,neighborhood,,vehicle,0.0,POST2020,1.75,2.03,False,
2022-07-01,2022,7,Jul,Cortez,Cortez,neighborhood,,individual,42.0,POST2020,1.75,2.03,False,component_total_mismatch
2022-07-01,2022,7,Jul,Cortez,Cortez,neighborhood,,tent,20.0,POST2020,1.75,2.03,False,component_total_mismatch
2022-07-01,2022,7,Jul,Cortez,Cortez,neighborhood,,total,90.0,POST2020,1.75,2.03,False,component_total_mismatch
2022-07-01,2022,7,Jul,Cortez,Cortez,neighborhood,,vehicle,1.0,POST2020,1.75,2.03,False,component_total_mismatch
2022-07-01,2022,7,Jul,East Village,East Village,neighborhood,,individual,204.0,POST2020,1.75,2.03,False,
2022-07-01,2022,7,Jul,East Village,East Village,neighborhood,,tent,208.0,POST2020,1.75,2.03,False,
2022-07-01,2022,7,Jul,East Village,East Village,neighborhood,,total,598.0,POST2020,1.75,2.03,False,
2022-07-01,2022,7,Jul,East Village,East Village,neighborhood,,vehicle,15.0,POST2020,1.75,2.03,False,
2022-07-01,2022,7,Jul,Gaslamp,Gaslamp,neighborhood,,individual,26.0,POST2020,1.75,2.03,False,
2022-07-01,2022,7,Jul,Gaslamp,Gaslamp,neighborhood,,tent,1.0,POST2020,1.75,2.03,False,
2022-07-01,2022,7,Jul,Gaslamp,Gaslamp,neighborhood,,total,28.0,POST2020,1.75,2.03,False,
2022-07-01,2022,7,Jul,Gaslamp,Gaslamp,neighborhood,,vehicle,0.0,POST2020,1.75,2.03,False,
2022-07-01,2022,7,Jul,Marina,Marina,neighborhood,,individual,0.0,POST2020,1.75,2.03,False,component_total_mismatch
2022-07-01,2022,7,Jul,Marina,Marina,neighborhood,,tent,0.0,POST2020,1.75,2.03,False,component_total_mismatch
2022-07-01,2022,7,Jul,Marina,Marina,neighborhood,,total,12.0,POST2020,1.75,2.03,False,component_total_mismatch
2022-07-01,2022,7,Jul,Marina,Marina,neighborhood,,vehicle,2.0,POST2020,1.75,2.03,False,component_total_mismatch
2022-07-01,2022,7,Jul,Outside Perimeter,Outside Perimeter,neighborhood,,total,256.0,POST2020,1.75,2.03,False,
2022-08-01,2022,8,Aug,East Village - North East,North East EV,ev_subarea,East Village,total,68.0,POST2020,1.75,2.03,False,
2022-08-01,2022,8,Aug,East Village - North West,North West EV,ev_subarea,East Village,total,128.0,POST2020,1.75,2.03,False,
2022-08-01,2022,8,Aug,East Village - South East,South East EV,ev_subarea,East Village,total,492.0,POST2020,1.75,2.03,False,
2022-08-01,2022,8,Aug,East Village - South West,South West EV,ev_subarea,East Village,total,102.0,POST2020,1.75,2.03,False,
2022-08-01,2022,8,Aug,City Center,City Center,neighborhood,,individual,173.0,POST2020,1.75,2.03,False,
2022-08-01,2022,8,Aug,City Center,City Center,neighborhood,,tent,53.0,POST2020,1.75,2.03,False,
2022-08-01,2022,8,Aug,City Center,City Center,neighborhood,,total,268.0,POST2020,1.75,2.03,False,
2022-08-01,2022,8,Aug,City Center,City Center,neighborhood,,vehicle,1.0,POST2020,1.75,2.03,False,
2022-08-01,2022,8,Aug,Columbia,Columbia,neighborhood,,individual,44.0,POST2020,1.75,2.03,False,
2022-08-01,2022,8,Aug,Columbia,Columbia,neighborhood,,tent,7.0,POST2020,1.75,2.03,False,
2022-08-01,2022,8,Aug,Columbia,Columbia,neighborhood,,total,56.0,POST2020,1.75,2.03,False,
2022-08-01,2022,8,Aug,Columbia,Columbia,neighborhood,,vehicle,0.0,POST2020,1.75,2.03,False,
2022-08-01,2022,8,Aug,Cortez,Cortez,neighborhood,,individual,53.0,POST2020,1.75,2.03,False,
2022-08-01,2022,8,Aug,Cortez,Cortez,neighborhood,,tent,16.0,POST2020,1.75,2.03,False,
2022-08-01,2022,8,Aug,Cortez,Cortez,neighborhood,,total,83.0,POST2020,1.75,2.03,False,
2022-08-01,2022,8,Aug,Cortez,Cortez,neighborhood,,vehicle,1.0,POST2020,1.75,2.03,False,
2022-08-01,2022,8,Aug,East Village,East Village,neighborhood,,individual,357.0,POST2020,1.75,2.03,False,
2022-08-01,2022,8,Aug,East Village,East Village,neighborhood,,tent,217.0,POST2020,1.75,2.03,False,
2022-08-01,2022,8,Aug,East Village,East Village,neighborhood,,total,790.0,POST2020,1.75,2.03,False,
2022-08-01,2022,8,Aug,East Village,East Village,neighborhood,,vehicle,26.0,POST2020,1.75,2.03,False,
2022-08-01,2022,8,Aug,Gaslamp,Gaslamp,neighborhood,,individual,44.0,POST2020,1.75,2.03,False,
2022-08-01,2022,8,Aug,Gaslamp,Gaslamp,neighborhood,,tent,0.0,POST2020,1.75,2.03,False,
2022-08-01,2022,8,Aug,Gaslamp,Gaslamp,neighborhood,,total,44.0,POST2020,1.75,2.03,False,
2022-08-01,2022,8,Aug,Gaslamp,Gaslamp,neighborhood,,vehicle,0.0,POST2020,1.75,2.03,False,
2022-08-01,2022,8,Aug,Marina,Marina,neighborhood,,individual,29.0,POST2020,1.75,2.03,False,
2022-08-01,2022,8,Aug,Marina,Marina,neighborhood,,tent,6.0,POST2020,1.75,2.03,False,
2022-08-01,2022,8,Aug,Marina,Marina,neighborhood,,total,44.0,POST2020,1.75,2.03,False,
2022-08-01,2022,8,Aug,Marina,Marina,neighborhood,,vehicle,2.0,POST2020,1.75,2.03,False,
2022-08-01,2022,8,Aug,Outside Perimeter,Outside Perimeter,neighborhood,,total,324.0,POST2020,1.75,2.03,False,
2022-09-01,2022,9,Sep,East Village - North East,North East EV,ev_subarea,East Village,total,74.0,POST2020,1.75,2.03,False,
2022-09-01,2022,9,Sep,East Village - North West,North West EV,ev_subarea,East Village,total,163.0,POST2020,1.75,2.03,False,
2022-09-01,2022,9,Sep,East Village - South East,South East EV,ev_subarea,East Village,total,531.0,POST2020,1.75,2.03,False,
2022-09-01,2022,9,Sep,East Village - South West,South West EV,ev_subarea,East Village,total,78.0,POST2020,1.75,2.03,False,
2022-09-01,2022,9,Sep,City Center,City Center,neighborhood,,individual,136.0,POST2020,1.75,2.03,False,
2022-09-01,2022,9,Sep,City Center,City Center,neighborhood,,tent,54.0,POST2020,1.75,2.03,False,
2022-09-01,2022,9,Sep,City Center,City Center,neighborhood,,total,235.0,POST2020,1.75,2.03,False,
2022-09-01,2022,9,Sep,City Center,City Center,neighborhood,,vehicle,2.0,POST2020,1.75,2.03,False,
2022-09-01,2022,9,Sep,Columbia,Columbia,neighborhood,,individual,24.0,POST2020,1.75,2.03,False,
2022-09-01,2022,9,Sep,Columbia,Columbia,neighborhood,,tent,4.0,POST2020,1.75,2.03,False,
2022-09-01,2022,9,Sep,Columbia,Columbia,neighborhood,,total,31.0,POST2020,1.75,2.03,False,
2022-09-01,2022,9,Sep,Columbia,Columbia,neighborhood,,vehicle,0.0,POST2020,1.75,2.03,False,
2022-09-01,2022,9,Sep,Cortez,Cortez,neighborhood,,individual,38.0,POST2020,1.75,2.03,False,
2022-09-01,2022,9,Sep,Cortez,Cortez,neighborhood,,tent,22.0,POST2020,1.75,2.03,False,
2022-09-01,2022,9,Sep,Cortez,Cortez,neighborhood,,total,77.0,POST2020,1.75,2.03,False,
2022-09-01,2022,9,Sep,Cortez,Cortez,neighborhood,,vehicle,0.0,POST2020,1.75,2.03,False,
2022-09-01,2022,9,Sep,East Village,East Village,neighborhood,,individual,318.0,POST2020,1.75,2.03,False,
2022-09-01,2022,9,Sep,East Village,East Village,neighborhood,,tent,276.0,POST2020,1.75,2.03,False,
2022-09-01,2022,9,Sep,East Village,East Village,neighborhood,,total,846.0,POST2020,1.75,2.03,False,
2022-09-01,2022,9,Sep,East Village,East Village,neighborhood,,vehicle,22.0,POST2020,1.75,2.03,False,
2022-09-01,2022,9,Sep,Gaslamp,Gaslamp,neighborhood,,individual,57.0,POST2020,1.75,2.03,False,
2022-09-01,2022,9,Sep,Gaslamp,Gaslamp,neighborhood,,tent,3.0,POST2020,1.75,2.03,False,
2022-09-01,2022,9,Sep,Gaslamp,Gaslamp,neighborhood,,total,62.0,POST2020,1.75,2.03,False,
2022-09-01,2022,9,Sep,Gaslamp,Gaslamp,neighborhood,,vehicle,0.0,POST2020,1.75,2.03,False,
2022-09-01,2022,9,Sep,Marina,Marina,neighborhood,,individual,16.0,POST2020,1.75,2.03,False,
2022-09-01,2022,9,Sep,Marina,Marina,neighborhood,,tent,3.0,POST2020,1.75,2.03,False,
2022-09-01,2022,9,Sep,Marina,Marina,neighborhood,,total,21.0,POST2020,1.75,2.03,False,
2022-09-01,2022,9,Sep,Marina,Marina,neighborhood,,vehicle,0.0,POST2020,1.75,2.03,False,
2022-09-01,2022,9,Sep,Outside Perimeter,Outside Perimeter,neighborhood,,total,351.0,POST2020,1.75,2.03,False,
2022-10-01,2022,10,Oct,East Village - North East,North East EV,ev_subarea,East Village,total,104.0,POST2020,1.75,2.03,False,
2022-10-01,2022,10,Oct,East Village - North West,North West EV,ev_subarea,East Village,total,166.0,POST2020,1.75,2.03,False,
2022-10-01,2022,10,Oct,East Village - South East,South East EV,ev_subarea,East Village,total,341.0,POST2020,1.75,2.03,False,
2022-10-01,2022,10,Oct,East Village - South West,South West EV,ev_subarea,East Village,total,102.0,POST2020,1.75,2.03,False,
2022-10-01,2022,10,Oct,City Center,City Center,neighborhood,,individual,180.0,POST2020,1.75,2.03,False,
2022-10-01,2022,10,Oct,City Center,City Center,neighborhood,,tent,57.0,POST2020,1.75,2.03,False,
2022-10-01,2022,10,Oct,City Center,City Center,neighborhood,,total,284.0,POST2020,1.75,2.03,False,
2022-10-01,2022,10,Oct,City Center,City Center,neighborhood,,vehicle,2.0,POST2020,1.75,2.03,False,
2022-10-01,2022,10,Oct,Columbia,Columbia,neighborhood,,individual,22.0,POST2020,1.75,2.03,False,
2022-10-01,2022,10,Oct,Columbia,Columbia,neighborhood,,tent,4.0,POST2020,1.75,2.03,False,
2022-10-01,2022,10,Oct,Columbia,Columbia,neighborhood,,total,29.0,POST2020,1.75,2.03,False,
2022-10-01,2022,10,Oct,Columbia,Columbia,neighborhood,,vehicle,0.0,POST2020,1.75,2.03,False,
2022-10-01,2022,10,Oct,Cortez,Cortez,neighborhood,,individual,51.0,POST2020,1.75,2.03,False,
2022-10-01,2022,10,Oct,Cortez,Cortez,neighborhood,,tent,21.0,POST2020,1.75,2.03,False,
2022-10-01,2022,10,Oct,Cortez,Cortez,neighborhood,,total,90.0,POST2020,1.75,2.03,False,
2022-10-01,2022,10,Oct,Cortez,Cortez,neighborhood,,vehicle,1.0,POST2020,1.75,2.03,False,
2022-10-01,2022,10,Oct,East Village,East Village,neighborhood,,individual,354.0,POST2020,1.75,2.03,False,component_total_mismatch
2022-10-01,2022,10,Oct,East Village,East Village,neighborhood,,tent,172.0,POST2020,1.75,2.03,False,component_total_mismatch
2022-10-01,2022,10,Oct,East Village,East Village,neighborhood,,total,713.0,POST2020,1.75,2.03,False,component_total_mismatch
2022-10-01,2022,10,Oct,East Village,East Village,neighborhood,,vehicle,24.0,POST2020,1.75,2.03,False,component_total_mismatch
2022-10-01,2022,10,Oct,Gaslamp,Gaslamp,neighborhood,,individual,60.0,POST2020,1.75,2.03,False,
2022-10-01,2022,10,Oct,Gaslamp,Gaslamp,neighborhood,,tent,0.0,POST2020,1.75,2.03,False,
2022-10-01,2022,10,Oct,Gaslamp,Gaslamp,neighborhood,,total,60.0,POST2020,1.75,2.03,False,
2022-10-01,2022,10,Oct,Gaslamp,Gaslamp,neighborhood,,vehicle,0.0,POST2020,1.75,2.03,False,
2022-10-01,2022,10,Oct,Marina,Marina,neighborhood,,individual,18.0,POST2020,1.75,2.03,False,
2022-10-01,2022,10,Oct,Marina,Marina,neighborhood,,tent,5.0,POST2020,1.75,2.03,False,
2022-10-01,2022,10,Oct,Marina,Marina,neighborhood,,total,27.0,POST2020,1.75,2.03,False,
2022-10-01,2022,10,Oct,Marina,Marina,neighborhood,,vehicle,0.0,POST2020,1.75,2.03,False,
2022-10-01,2022,10,Oct,Outside Perimeter,Outside Perimeter,neighborhood,,total,458.0,POST2020,1.75,2.03,False,
2022-11-01,2022,11,Nov,East Village - North East,North East EV,ev_subarea,East Village,total,125.0,POST2020,1.75,2.03,False,
2022-11-01,2022,11,Nov,East Village - North West,North West EV,ev_subarea,East Village,total,117.0,POST2020,1.75,2.03,False,
2022-11-01,2022,11,Nov,East Village - South East,South East EV,ev_subarea,East Village,total,81.0,POST2020,1.75,2.03,False,
2022-11-01,2022,11,Nov,East Village - South West,South West EV,ev_subarea,East Village,total,437.0,POST2020,1.75,2.03,False,
2022-11-01,2022,11,Nov,City Center,City Center,neighborhood,,individual,125.0,POST2020,1.75,2.03,False,
2022-11-01,2022,11,Nov,City Center,City Center,neighborhood,,tent,63.0,POST2020,1.75,2.03,False,
2022-11-01,2022,11,Nov,City Center,City Center,neighborhood,,total,235.0,POST2020,1.75,2.03,False,
2022-11-01,2022,11,Nov,City Center,City Center,neighborhood,,vehicle,0.0,POST2020,1.75,2.03,False,
2022-11-01,2022,11,Nov,Columbia,Columbia,neighborhood,,individual,28.0,POST2020,1.75,2.03,False,
2022-11-01,2022,11,Nov,Columbia,Columbia,neighborhood,,tent,3.0,POST2020,1.75,2.03,False,
2022-11-01,2022,11,Nov,Columbia,Columbia,neighborhood,,total,33.0,POST2020,1.75,2.03,False,
2022-11-01,2022,11,Nov,Columbia,Columbia,neighborhood,,vehicle,0.0,POST2020,1.75,2.03,False,
2022-11-01,2022,11,Nov,Cortez,Cortez,neighborhood,,individual,42.0,POST2020,1.75,2.03,False,
2022-11-01,2022,11,Nov,Cortez,Cortez,neighborhood,,tent,34.0,POST2020,1.75,2.03,False,
2022-11-01,2022,11,Nov,Cortez,Cortez,neighborhood,,total,114.0,POST2020,1.75,2.03,False,
2022-11-01,2022,11,Nov,Cortez,Cortez,neighborhood,,vehicle,6.0,POST2020,1.75,2.03,False,
2022-11-01,2022,11,Nov,East Village,East Village,neighborhood,,individual,297.0,POST2020,1.75,2.03,False,
2022-11-01,2022,11,Nov,East Village,East Village,neighborhood,,tent,240.0,POST2020,1.75,2.03,False,
2022-11-01,2022,11,Nov,East Village,East Village,neighborhood,,total,760.0,POST2020,1.75,2.03,False,
2022-11-01,2022,11,Nov,East Village,East Village,neighborhood,,vehicle,21.0,POST2020,1.75,2.03,False,
2022-11-01,2022,11,Nov,Gaslamp,Gaslamp,neighborhood,,individual,49.0,POST2020,1.75,2.03,False,
2022-11-01,2022,11,Nov,Gaslamp,Gaslamp,neighborhood,,tent,3.0,POST2020,1.75,2.03,False,
2022-11-01,2022,11,Nov,Gaslamp,Gaslamp,neighborhood,,total,54.0,POST2020,1.75,2.03,False,
2022-11-01,2022,11,Nov,Gaslamp,Gaslamp,neighborhood,,vehicle,0.0,POST2020,1.75,2.03,False,
2022-11-01,2022,11,Nov,Marina,Marina,neighborhood,,individual,49.0,POST2020,1.75,2.03,False,component_total_mismatch
2022-11-01,2022,11,Nov,Marina,Marina,neighborhood,,tent,6.0,POST2020,1.75,2.03,False,component_total_mismatch
2022-11-01,2022,11,Nov,Marina,Marina,neighborhood,,total,44.0,POST2020,1.75,2.03,False,component_total_mismatch
2022-11-01,2022,11,Nov,Marina,Marina,neighborhood,,vehicle,2.0,POST2020,1.75,2.03,False,component_total_mismatch
2022-11-01,2022,11,Nov,Outside Perimeter,Outside Perimeter,neighborhood,,total,466.0,POST2020,1.75,2.03,False,
2022-12-01,2022,12,Dec,East Village - North East,North East EV,ev_subarea,East Village,total,100.0,POST2020,1.75,2.03,False,
2022-12-01,2022,12,Dec,East Village - North West,North West EV,ev_subarea,East Village,total,125.0,POST2020,1.75,2.03,False,
2022-12-01,2022,12,Dec,East Village - South East,South East EV,ev_subarea,East Village,total,527.0,POST2020,1.75,2.03,False,
2022-12-01,2022,12,Dec,East Village - South West,South West EV,ev_subarea,East Village,total,98.0,POST2020,1.75,2.03,False,
2022-12-01,2022,12,Dec,City Center,City Center,neighborhood,,individual,125.0,POST2020,1.75,2.03,False,
2022-12-01,2022,12,Dec,City Center,City Center,neighborhood,,tent,81.0,POST2020,1.75,2.03,False,
2022-12-01,2022,12,Dec,City Center,City Center,neighborhood,,total,271.0,POST2020,1.75,2.03,False,
2022-12-01,2022,12,Dec,City Center,City Center,neighborhood,,vehicle,2.0,POST2020,1.75,2.03,False,
2022-12-01,2022,12,Dec,Columbia,Columbia,neighborhood,,individual,22.0,POST2020,1.75,2.03,False,
2022-12-01,2022,12,Dec,Columbia,Columbia,neighborhood,,tent,3.0,POST2020,1.75,2.03,False,
2022-12-01,2022,12,Dec,Columbia,Columbia,neighborhood,,total,27.0,POST2020,1.75,2.03,False,
2022-12-01,2022,12,Dec,Columbia,Columbia,neighborhood,,vehicle,0.0,POST2020,1.75,2.03,False,
2022-12-01,2022,12,Dec,Cortez,Cortez,neighborhood,,individual,38.0,POST2020,1.75,2.03,False,
2022-12-01,2022,12,Dec,Cortez,Cortez,neighborhood,,tent,36.0,POST2020,1.75,2.03,False,
2022-12-01,2022,12,Dec,Cortez,Cortez,neighborhood,,total,107.0,POST2020,1.75,2.03,False,
2022-12-01,2022,12,Dec,Cortez,Cortez,neighborhood,,vehicle,3.0,POST2020,1.75,2.03,False,
2022-12-01,2022,12,Dec,East Village,East Village,neighborhood,,individual,297.0,POST2020,1.75,2.03,False,
2022-12-01,2022,12,Dec,East Village,East Village,neighborhood,,tent,288.0,POST2020,1.75,2.03,False,
2022-12-01,2022,12,Dec,East Village,East Village,neighborhood,,total,850.0,POST2020,1.75,2.03,False,
2022-12-01,2022,12,Dec,East Village,East Village,neighborhood,,vehicle,24.0,POST2020,1.75,2.03,False,
2022-12-01,2022,12,Dec,Gaslamp,Gaslamp,neighborhood,,individual,63.0,POST2020,1.75,2.03,False,
2022-12-01,2022,12,Dec,Gaslamp,Gaslamp,neighborhood,,tent,2.0,POST2020,1.75,2.03,False,
2022-12-01,2022,12,Dec,Gaslamp,Gaslamp,neighborhood,,total,67.0,POST2020,1.75,2.03,False,
2022-12-01,2022,12,Dec,Gaslamp,Gaslamp,neighborhood,,vehicle,0.0,POST2020,1.75,2.03,False,
2022-12-01,2022,12,Dec,Marina,Marina,neighborhood,,individual,12.0,POST2020,1.75,2.03,False,
2022-12-01,2022,12,Dec,Marina,Marina,neighborhood,,tent,8.0,POST2020,1.75,2.03,False,
2022-12-01,2022,12,Dec,Marina,Marina,neighborhood,,total,26.0,POST2020,1.75,2.03,False,
2022-12-01,2022,12,Dec,Marina,Marina,neighborhood,,vehicle,0.0,POST2020,1.75,2.03,False,
2022-12-01,2022,12,Dec,Outside Perimeter,Outside Perimeter,neighborhood,,total,491.0,POST2020,1.75,2.03,False,
2023-01-01,2023,1,Jan,East Village - North East,North East EV,ev_subarea,East Village,total,93.0,POST2020,1.75,2.03,False,
2023-01-01,2023,1,Jan,East Village - North West,North West EV,ev_subarea,East Village,total,144.0,POST2020,1.75,2.03,False,
2023-01-01,2023,1,Jan,East Village - South East,South East EV,ev_subarea,East Village,total,461.0,POST2020,1.75,2.03,False,
2023-01-01,2023,1,Jan,East Village - South West,South West EV,ev_subarea,East Village,total,96.0,POST2020,1.75,2.03,False,
2023-01-01,2023,1,Jan,City Center,City Center,neighborhood,,individual,111.0,POST2020,1.75,2.03,False,
2023-01-01,2023,1,Jan,City Center,City Center,neighborhood,,tent,91.0,POST2020,1.75,2.03,False,
2023-01-01,2023,1,Jan,City Center,City Center,neighborhood,,total,270.0,POST2020,1.75,2.03,False,
2023-01-01,2023,1,Jan,City Center,City Center,neighborhood,,vehicle,0.0,POST2020,1.75,2.03,False,
2023-01-01,2023,1,Jan,Columbia,Columbia,neighborhood,,individual,29.0,POST2020,1.75,2.03,False,
2023-01-01,2023,1,Jan,Columbia,Columbia,neighborhood,,tent,3.0,POST2020,1.75,2.03,False,
2023-01-01,2023,1,Jan,Columbia,Columbia,neighborhood,,total,36.0,POST2020,1.75,2.03,False,
2023-01-01,2023,1,Jan,Columbia,Columbia,neighborhood,,vehicle,1.0,POST2020,1.75,2.03,False,
2023-01-01,2023,1,Jan,Cortez,Cortez,neighborhood,,individual,30.0,POST2020,1.75,2.03,False,
2023-01-01,2023,1,Jan,Cortez,Cortez,neighborhood,,tent,51.0,POST2020,1.75,2.03,False,
2023-01-01,2023,1,Jan,Cortez,Cortez,neighborhood,,total,129.0,POST2020,1.75,2.03,False,
2023-01-01,2023,1,Jan,Cortez,Cortez,neighborhood,,vehicle,5.0,POST2020,1.75,2.03,False,
2023-01-01,2023,1,Jan,East Village,East Village,neighborhood,,individual,201.0,POST2020,1.75,2.03,False,
2023-01-01,2023,1,Jan,East Village,East Village,neighborhood,,tent,310.0,POST2020,1.75,2.03,False,
2023-01-01,2023,1,Jan,East Village,East Village,neighborhood,,total,794.0,POST2020,1.75,2.03,False,
2023-01-01,2023,1,Jan,East Village,East Village,neighborhood,,vehicle,25.0,POST2020,1.75,2.03,False,
2023-01-01,2023,1,Jan,Gaslamp,Gaslamp,neighborhood,,individual,42.0,POST2020,1.75,2.03,False,
2023-01-01,2023,1,Jan,Gaslamp,Gaslamp,neighborhood,,tent,2.0,POST2020,1.75,2.03,False,
2023-01-01,2023,1,Jan,Gaslamp,Gaslamp,neighborhood,,total,46.0,POST2020,1.75,2.03,False,
2023-01-01,2023,1,Jan,Gaslamp,Gaslamp,neighborhood,,vehicle,0.0,POST2020,1.75,2.03,False,
2023-01-01,2023,1,Jan,Marina,Marina,neighborhood,,individual,12.0,POST2020,1.75,2.03,False,
2023-01-01,2023,1,Jan,Marina,Marina,neighborhood,,tent,4.0,POST2020,1.75,2.03,False,
2023-01-01,2023,1,Jan,Marina,Marina,neighborhood,,total,23.0,POST2020,1.75,2.03,False,
2023-01-01,2023,1,Jan,Marina,Marina,neighborhood,,vehicle,2.0,POST2020,1.75,2.03,False,
2023-01-01,2023,1,Jan,Outside Perimeter,Outside Perimeter,neighborhood,,total,640.0,POST2020,1.75,2.03,False,
2023-02-01,2023,2,Feb,East Village - North East,North East EV,ev_subarea,East Village,total,83.0,POST2020,1.75,2.03,False,
2023-02-01,2023,2,Feb,East Village - North West,North West EV,ev_subarea,East Village,total,162.0,POST2020,1.75,2.03,False,
2023-02-01,2023,2,Feb,East Village - South East,South East EV,ev_subarea,East Village,total,441.0,POST2020,1.75,2.03,False,
2023-02-01,2023,2,Feb,East Village - South West,South West EV,ev_subarea,East Village,total,96.0,POST2020,1.75,2.03,False,
2023-02-01,2023,2,Feb,City Center,City Center,neighborhood,,individual,129.0,POST2020,1.75,2.03,False,component_total_mismatch
2023-02-01,2023,2,Feb,City Center,City Center,neighborhood,,tent,77.0,POST2020,1.75,2.03,False,component_total_mismatch
2023-02-01,2023,2,Feb,City Center,City Center,neighborhood,,total,266.0,POST2020,1.75,2.03,False,component_total_mismatch
2023-02-01,2023,2,Feb,City Center,City Center,neighborhood,,vehicle,3.0,POST2020,1.75,2.03,False,component_total_mismatch
2023-02-01,2023,2,Feb,Columbia,Columbia,neighborhood,,individual,37.0,POST2020,1.75,2.03,False,
2023-02-01,2023,2,Feb,Columbia,Columbia,neighborhood,,tent,6.0,POST2020,1.75,2.03,False,
2023-02-01,2023,2,Feb,Columbia,Columbia,neighborhood,,total,48.0,POST2020,1.75,2.03,False,
2023-02-01,2023,2,Feb,Columbia,Columbia,neighborhood,,vehicle,0.0,POST2020,1.75,2.03,False,
2023-02-01,2023,2,Feb,Cortez,Cortez,neighborhood,,individual,26.0,POST2020,1.75,2.03,False,
2023-02-01,2023,2,Feb,Cortez,Cortez,neighborhood,,tent,39.0,POST2020,1.75,2.03,False,
2023-02-01,2023,2,Feb,Cortez,Cortez,neighborhood,,total,98.0,POST2020,1.75,2.03,False,
2023-02-01,2023,2,Feb,Cortez,Cortez,neighborhood,,vehicle,2.0,POST2020,1.75,2.03,False,
2023-02-01,2023,2,Feb,East Village,East Village,neighborhood,,individual,220.0,POST2020,1.75,2.03,False,component_total_mismatch
2023-02-01,2023,2,Feb,East Village,East Village,neighborhood,,tent,294.0,POST2020,1.75,2.03,False,component_total_mismatch
2023-02-01,2023,2,Feb,East Village,East Village,neighborhood,,total,781.0,POST2020,1.75,2.03,False,component_total_mismatch
2023-02-01,2023,2,Feb,East Village,East Village,neighborhood,,vehicle,28.0,POST2020,1.75,2.03,False,component_total_mismatch
2023-02-01,2023,2,Feb,Gaslamp,Gaslamp,neighborhood,,individual,42.0,POST2020,1.75,2.03,False,component_total_mismatch
2023-02-01,2023,2,Feb,Gaslamp,Gaslamp,neighborhood,,tent,2.0,POST2020,1.75,2.03,False,component_total_mismatch
2023-02-01,2023,2,Feb,Gaslamp,Gaslamp,neighborhood,,total,72.0,POST2020,1.75,2.03,False,component_total_mismatch
2023-02-01,2023,2,Feb,Gaslamp,Gaslamp,neighborhood,,vehicle,0.0,POST2020,1.75,2.03,False,component_total_mismatch
2023-02-01,2023,2,Feb,Marina,Marina,neighborhood,,individual,16.0,POST2020,1.75,2.03,False,
2023-02-01,2023,2,Feb,Marina,Marina,neighborhood,,tent,4.0,POST2020,1.75,2.03,False,
2023-02-01,2023,2,Feb,Marina,Marina,neighborhood,,total,25.0,POST2020,1.75,2.03,False,
2023-02-01,2023,2,Feb,Marina,Marina,neighborhood,,vehicle,1.0,POST2020,1.75,2.03,False,
2023-02-01,2023,2,Feb,Outside Perimeter,Outside Perimeter,neighborhood,,total,520.0,POST2020,1.75,2.03,False,
2023-03-01,2023,3,Mar,East Village - North East,North East EV,ev_subarea,East Village,total,344.0,POST2020,1.75,2.03,False,
2023-03-01,2023,3,Mar,East Village - North West,North West EV,ev_subarea,East Village,total,84.0,POST2020,1.75,2.03,False,
2023-03-01,2023,3,Mar,East Village - South East,South East EV,ev_subarea,East Village,total,82.0,POST2020,1.75,2.03,False,
2023-03-01,2023,3,Mar,East Village - South West,South West EV,ev_subarea,East Village,total,147.0,POST2020,1.75,2.03,False,
2023-03-01,2023,3,Mar,City Center,City Center,neighborhood,,individual,172.0,POST2020,1.75,2.03,False,
2023-03-01,2023,3,Mar,City Center,City Center,neighborhood,,tent,97.0,POST2020,1.75,2.03,False,
2023-03-01,2023,3,Mar,City Center,City Center,neighborhood,,total,342.0,POST2020,1.75,2.03,False,
2023-03-01,2023,3,Mar,City Center,City Center,neighborhood,,vehicle,0.0,POST2020,1.75,2.03,False,
2023-03-01,2023,3,Mar,Columbia,Columbia,neighborhood,,individual,38.0,POST2020,1.75,2.03,False,
2023-03-01,2023,3,Mar,Columbia,Columbia,neighborhood,,tent,4.0,POST2020,1.75,2.03,False,
2023-03-01,2023,3,Mar,Columbia,Columbia,neighborhood,,total,45.0,POST2020,1.75,2.03,False,
2023-03-01,2023,3,Mar,Columbia,Columbia,neighborhood,,vehicle,0.0,POST2020,1.75,2.03,False,
2023-03-01,2023,3,Mar,Cortez,Cortez,neighborhood,,individual,31.0,POST2020,1.75,2.03,False,
2023-03-01,2023,3,Mar,Cortez,Cortez,neighborhood,,tent,38.0,POST2020,1.75,2.03,False,
2023-03-01,2023,3,Mar,Cortez,Cortez,neighborhood,,total,100.0,POST2020,1.75,2.03,False,
2023-03-01,2023,3,Mar,Cortez,Cortez,neighborhood,,vehicle,1.0,POST2020,1.75,2.03,False,
2023-03-01,2023,3,Mar,East Village,East Village,neighborhood,,individual,221.0,POST2020,1.75,2.03,False,
2023-03-01,2023,3,Mar,East Village,East Village,neighborhood,,tent,243.0,POST2020,1.75,2.03,False,
2023-03-01,2023,3,Mar,East Village,East Village,neighborhood,,total,665.0,POST2020,1.75,2.03,False,
2023-03-01,2023,3,Mar,East Village,East Village,neighborhood,,vehicle,9.0,POST2020,1.75,2.03,False,
2023-03-01,2023,3,Mar,Gaslamp,Gaslamp,neighborhood,,individual,64.0,POST2020,1.75,2.03,False,
2023-03-01,2023,3,Mar,Gaslamp,Gaslamp,neighborhood,,tent,0.0,POST2020,1.75,2.03,False,
2023-03-01,2023,3,Mar,Gaslamp,Gaslamp,neighborhood,,total,64.0,POST2020,1.75,2.03,False,
2023-03-01,2023,3,Mar,Gaslamp,Gaslamp,neighborhood,,vehicle,0.0,POST2020,1.75,2.03,False,
2023-03-01,2023,3,Mar,Marina,Marina,neighborhood,,individual,7.0,POST2020,1.75,2.03,False,
2023-03-01,2023,3,Mar,Marina,Marina,neighborhood,,tent,8.0,POST2020,1.75,2.03,False,
2023-03-01,2023,3,Mar,Marina,Marina,neighborhood,,total,21.0,POST2020,1.75,2.03,False,
2023-03-01,2023,3,Mar,Marina,Marina,neighborhood,,vehicle,0.0,POST2020,1.75,2.03,False,
2023-03-01,2023,3,Mar,Outside Perimeter,Outside Perimeter,neighborhood,,total,482.0,POST2020,1.75,2.03,False,
2023-04-01,2023,4,Apr,East Village - North East,North East EV,ev_subarea,East Village,total,70.0,POST2020,1.75,2.03,False,
2023-04-01,2023,4,Apr,East Village - North West,North West EV,ev_subarea,East Village,total,184.0,POST2020,1.75,2.03,False,
2023-04-01,2023,4,Apr,East Village - South East,South East EV,ev_subarea,East Village,total,479.0,POST2020,1.75,2.03,False,
2023-04-01,2023,4,Apr,East Village - South West,South West EV,ev_subarea,East Village,total,90.0,POST2020,1.75,2.03,False,
2023-04-01,2023,4,Apr,City Center,City Center,neighborhood,,individual,173.0,POST2020,1.75,2.03,False,
2023-04-01,2023,4,Apr,City Center,City Center,neighborhood,,tent,67.0,POST2020,1.75,2.03,False,
2023-04-01,2023,4,Apr,City Center,City Center,neighborhood,,total,290.0,POST2020,1.75,2.03,False,
2023-04-01,2023,4,Apr,City Center,City Center,neighborhood,,vehicle,0.0,POST2020,1.75,2.03,False,
2023-04-01,2023,4,Apr,Columbia,Columbia,neighborhood,,individual,44.0,POST2020,1.75,2.03,False,
2023-04-01,2023,4,Apr,Columbia,Columbia,neighborhood,,tent,1.0,POST2020,1.75,2.03,False,
2023-04-01,2023,4,Apr,Columbia,Columbia,neighborhood,,total,46.0,POST2020,1.75,2.03,False,
2023-04-01,2023,4,Apr,Columbia,Columbia,neighborhood,,vehicle,0.0,POST2020,1.75,2.03,False,
2023-04-01,2023,4,Apr,Cortez,Cortez,neighborhood,,individual,36.0,POST2020,1.75,2.03,False,
2023-04-01,2023,4,Apr,Cortez,Cortez,neighborhood,,tent,43.0,POST2020,1.75,2.03,False,
2023-04-01,2023,4,Apr,Cortez,Cortez,neighborhood,,total,113.0,POST2020,1.75,2.03,False,
2023-04-01,2023,4,Apr,Cortez,Cortez,neighborhood,,vehicle,1.0,POST2020,1.75,2.03,False,
2023-04-01,2023,4,Apr,East Village,East Village,neighborhood,,individual,300.0,POST2020,1.75,2.03,False,
2023-04-01,2023,4,Apr,East Village,East Village,neighborhood,,tent,287.0,POST2020,1.75,2.03,False,
2023-04-01,2023,4,Apr,East Village,East Village,neighborhood,,total,823.0,POST2020,1.75,2.03,False,
2023-04-01,2023,4,Apr,East Village,East Village,neighborhood,,vehicle,10.0,POST2020,1.75,2.03,False,
2023-04-01,2023,4,Apr,Gaslamp,Gaslamp,neighborhood,,individual,44.0,POST2020,1.75,2.03,False,
2023-04-01,2023,4,Apr,Gaslamp,Gaslamp,neighborhood,,tent,1.0,POST2020,1.75,2.03,False,
2023-04-01,2023,4,Apr,Gaslamp,Gaslamp,neighborhood,,total,46.0,POST2020,1.75,2.03,False,
2023-04-01,2023,4,Apr,Gaslamp,Gaslamp,neighborhood,,vehicle,0.0,POST2020,1.75,2.03,False,
2023-04-01,2023,4,Apr,Marina,Marina,neighborhood,,individual,19.0,POST2020,1.75,2.03,False,
2023-04-01,2023,4,Apr,Marina,Marina,neighborhood,,tent,8.0,POST2020,1.75,2.03,False,
2023-04-01,2023,4,Apr,Marina,Marina,neighborhood,,total,33.0,POST2020,1.75,2.03,False,
2023-04-01,2023,4,Apr,Marina,Marina,neighborhood,,vehicle,0.0,POST2020,1.75,2.03,False,
2023-04-01,2023,4,Apr,Outside Perimeter,Outside Perimeter,neighborhood,,total,607.0,POST2020,1.75,2.03,False,
2023-05-01,2023,5,May,East Village - North East,North East EV,ev_subarea,East Village,total,81.0,POST2020,1.75,2.03,False,
2023-05-01,2023,5,May,East Village - North West,North West EV,ev_subarea,East Village,total,253.0,POST2020,1.75,2.03,False,
2023-05-01,2023,5,May,East Village - South East,South East EV,ev_subarea,East Village,total,483.0,POST2020,1.75,2.03,False,
2023-05-01,2023,5,May,East Village - South West,South West EV,ev_subarea,East Village,total,101.0,POST2020,1.75,2.03,False,
2023-05-01,2023,5,May,City Center,City Center,neighborhood,,individual,158.0,POST2020,1.75,2.03,False,
2023-05-01,2023,5,May,City Center,City Center,neighborhood,,tent,103.0,POST2020,1.75,2.03,False,
2023-05-01,2023,5,May,City Center,City Center,neighborhood,,total,342.0,POST2020,1.75,2.03,False,
2023-05-01,2023,5,May,City Center,City Center,neighborhood,,vehicle,2.0,POST2020,1.75,2.03,False,
2023-05-01,2023,5,May,Columbia,Columbia,neighborhood,,individual,31.0,POST2020,1.75,2.03,False,
2023-05-01,2023,5,May,Columbia,Columbia,neighborhood,,tent,4.0,POST2020,1.75,2.03,False,
2023-05-01,2023,5,May,Columbia,Columbia,neighborhood,,total,38.0,POST2020,1.75,2.03,False,
2023-05-01,2023,5,May,Columbia,Columbia,neighborhood,,vehicle,0.0,POST2020,1.75,2.03,False,
2023-05-01,2023,5,May,Cortez,Cortez,neighborhood,,individual,53.0,POST2020,1.75,2.03,False,
2023-05-01,2023,5,May,Cortez,Cortez,neighborhood,,tent,39.0,POST2020,1.75,2.03,False,
2023-05-01,2023,5,May,Cortez,Cortez,neighborhood,,total,121.0,POST2020,1.75,2.03,False,
2023-05-01,2023,5,May,Cortez,Cortez,neighborhood,,vehicle,0.0,POST2020,1.75,2.03,False,
2023-05-01,2023,5,May,East Village,East Village,neighborhood,,individual,297.0,POST2020,1.75,2.03,False,
2023-05-01,2023,5,May,East Village,East Village,neighborhood,,tent,345.0,POST2020,1.75,2.03,False,
2023-05-01,2023,5,May,East Village,East Village,neighborhood,,total,918.0,POST2020,1.75,2.03,False,
2023-05-01,2023,5,May,East Village,East Village,neighborhood,,vehicle,8.0,POST2020,1.75,2.03,False,
2023-05-01,2023,5,May,Gaslamp,Gaslamp,neighborhood,,individual,57.0,POST2020,1.75,2.03,False,
2023-05-01,2023,5,May,Gaslamp,Gaslamp,neighborhood,,tent,0.0,POST2020,1.75,2.03,False,
2023-05-01,2023,5,May,Gaslamp,Gaslamp,neighborhood,,total,57.0,POST2020,1.75,2.03,False,
2023-05-01,2023,5,May,Gaslamp,Gaslamp,neighborhood,,vehicle,0.0,POST2020,1.75,2.03,False,
2023-05-01,2023,5,May,Marina,Marina,neighborhood,,individual,28.0,POST2020,1.75,2.03,False,
2023-05-01,2023,5,May,Marina,Marina,neighborhood,,tent,13.0,POST2020,1.75,2.03,False,
2023-05-01,2023,5,May,Marina,Marina,neighborhood,,total,51.0,POST2020,1.75,2.03,False,
2023-05-01,2023,5,May,Marina,Marina,neighborhood,,vehicle,0.0,POST2020,1.75,2.03,False,
2023-05-01,2023,5,May,Outside Perimeter,Outside Perimeter,neighborhood,,total,577.0,POST2020,1.75,2.03,False,
2023-06-01,2023,6,Jun,East Village - North East,North East EV,ev_subarea,East Village,total,41.0,POST2020,1.75,2.03,False,
2023-06-01,2023,6,Jun,East Village - North West,North West EV,ev_subarea,East Village,total,141.0,POST2020,1.75,2.03,False,
2023-06-01,2023,6,Jun,East Village - South East,South East EV,ev_subarea,East Village,total,479.0,POST2020,1.75,2.03,False,
2023-06-01,2023,6,Jun,East Village - South West,South West EV,ev_subarea,East Village,total,69.0,POST2020,1.75,2.03,False,
2023-06-01,2023,6,Jun,City Center,City Center,neighborhood,,individual,106.0,POST2020,1.75,2.03,False,
2023-06-01,2023,6,Jun,City Center,City Center,neighborhood,,tent,74.0,POST2020,1.75,2.03,False,
2023-06-01,2023,6,Jun,City Center,City Center,neighborhood,,total,236.0,POST2020,1.75,2.03,False,
2023-06-01,2023,6,Jun,City Center,City Center,neighborhood,,vehicle,0.0,POST2020,1.75,2.03,False,
2023-06-01,2023,6,Jun,Columbia,Columbia,neighborhood,,individual,29.0,POST2020,1.75,2.03,False,
2023-06-01,2023,6,Jun,Columbia,Columbia,neighborhood,,tent,3.0,POST2020,1.75,2.03,False,
2023-06-01,2023,6,Jun,Columbia,Columbia,neighborhood,,total,34.0,POST2020,1.75,2.03,False,
2023-06-01,2023,6,Jun,Columbia,Columbia,neighborhood,,vehicle,0.0,POST2020,1.75,2.03,False,
2023-06-01,2023,6,Jun,Cortez,Cortez,neighborhood,,individual,42.0,POST2020,1.75,2.03,False,
2023-06-01,2023,6,Jun,Cortez,Cortez,neighborhood,,tent,38.0,POST2020,1.75,2.03,False,
2023-06-01,2023,6,Jun,Cortez,Cortez,neighborhood,,total,109.0,POST2020,1.75,2.03,False,
2023-06-01,2023,6,Jun,Cortez,Cortez,neighborhood,,vehicle,0.0,POST2020,1.75,2.03,False,
2023-06-01,2023,6,Jun,East Village,East Village,neighborhood,,individual,216.0,POST2020,1.75,2.03,False,
2023-06-01,2023,6,Jun,East Village,East Village,neighborhood,,tent,287.0,POST2020,1.75,2.03,False,
2023-06-01,2023,6,Jun,East Village,East Village,neighborhood,,total,728.0,POST2020,1.75,2.03,False,
2023-06-01,2023,6,Jun,East Village,East Village,neighborhood,,vehicle,5.0,POST2020,1.75,2.03,False,
2023-06-01,2023,6,Jun,Gaslamp,Gaslamp,neighborhood,,individual,15.0,POST2020,1.75,2.03,False,
2023-06-01,2023,6,Jun,Gaslamp,Gaslamp,neighborhood,,tent,2.0,POST2020,1.75,2.03,False,
2023-06-01,2023,6,Jun,Gaslamp,Gaslamp,neighborhood,,total,19.0,POST2020,1.75,2.03,False,
2023-06-01,2023,6,Jun,Gaslamp,Gaslamp,neighborhood,,vehicle,0.0,POST2020,1.75,2.03,False,
2023-06-01,2023,6,Jun,Marina,Marina,neighborhood,,individual,15.0,POST2020,1.75,2.03,False,
2023-06-01,2023,6,Jun,Marina,Marina,neighborhood,,tent,1.0,POST2020,1.75,2.03,False,
2023-06-01,2023,6,Jun,Marina,Marina,neighborhood,,total,17.0,POST2020,1.75,2.03,False,
2023-06-01,2023,6,Jun,Marina,Marina,neighborhood,,vehicle,0.0,POST2020,1.75,2.03,False,
2023-06-01,2023,6,Jun,Outside Perimeter,Outside Perimeter,neighborhood,,total,581.0,POST2020,1.75,2.03,False,
2023-07-01,2023,7,Jul,East Village - North East,North East EV,ev_subarea,East Village,total,60.0,POST2020,1.75,2.03,False,
2023-07-01,2023,7,Jul,East Village - North West,North West EV,ev_subarea,East Village,total,175.0,POST2020,1.75,2.03,False,
2023-07-01,2023,7,Jul,East Village - South East,South East EV,ev_subarea,East Village,total,646.0,POST2020,1.75,2.03,False,
2023-07-01,2023,7,Jul,East Village - South West,South West EV,ev_subarea,East Village,total,40.0,POST2020,1.75,2.03,False,
2023-07-01,2023,7,Jul,City Center,City Center,neighborhood,,individual,92.0,POST2020,1.75,2.03,False,
2023-07-01,2023,7,Jul,City Center,City Center,neighborhood,,tent,54.0,POST2020,1.75,2.03,False,
2023-07-01,2023,7,Jul,City Center,City Center,neighborhood,,total,187.0,POST2020,1.75,2.03,False,
2023-07-01,2023,7,Jul,City Center,City Center,neighborhood,,vehicle,0.0,POST2020,1.75,2.03,False,
2023-07-01,2023,7,Jul,Columbia,Columbia,neighborhood,,individual,17.0,POST2020,1.75,2.03,False,
2023-07-01,2023,7,Jul,Columbia,Columbia,neighborhood,,tent,2.0,POST2020,1.75,2.03,False,
2023-07-01,2023,7,Jul,Columbia,Columbia,neighborhood,,total,21.0,POST2020,1.75,2.03,False,
2023-07-01,2023,7,Jul,Columbia,Columbia,neighborhood,,vehicle,0.0,POST2020,1.75,2.03,False,
2023-07-01,2023,7,Jul,Cortez,Cortez,neighborhood,,individual,36.0,POST2020,1.75,2.03,False,
2023-07-01,2023,7,Jul,Cortez,Cortez,neighborhood,,tent,39.0,POST2020,1.75,2.03,False,
2023-07-01,2023,7,Jul,Cortez,Cortez,neighborhood,,total,104.0,POST2020,1.75,2.03,False,
2023-07-01,2023,7,Jul,Cortez,Cortez,neighborhood,,vehicle,0.0,POST2020,1.75,2.03,False,
2023-07-01,2023,7,Jul,East Village,East Village,neighborhood,,individual,262.0,POST2020,1.75,2.03,False,
2023-07-01,2023,7,Jul,East Village,East Village,neighborhood,,tent,365.0,POST2020,1.75,2.03,False,
2023-07-01,2023,7,Jul,East Village,East Village,neighborhood,,total,921.0,POST2020,1.75,2.03,False,
2023-07-01,2023,7,Jul,East Village,East Village,neighborhood,,vehicle,10.0,POST2020,1.75,2.03,False,
2023-07-01,2023,7,Jul,Gaslamp,Gaslamp,neighborhood,,individual,25.0,POST2020,1.75,2.03,False,
2023-07-01,2023,7,Jul,Gaslamp,Gaslamp,neighborhood,,tent,0.0,POST2020,1.75,2.03,False,
2023-07-01,2023,7,Jul,Gaslamp,Gaslamp,neighborhood,,total,25.0,POST2020,1.75,2.03,False,
2023-07-01,2023,7,Jul,Gaslamp,Gaslamp,neighborhood,,vehicle,0.0,POST2020,1.75,2.03,False,
2023-07-01,2023,7,Jul,Marina,Marina,neighborhood,,individual,7.0,POST2020,1.75,2.03,False,
2023-07-01,2023,7,Jul,Marina,Marina,neighborhood,,tent,3.0,POST2020,1.75,2.03,False,
2023-07-01,2023,7,Jul,Marina,Marina,neighborhood,,total,12.0,POST2020,1.75,2.03,False,
2023-07-01,2023,7,Jul,Marina,Marina,neighborhood,,vehicle,0.0,POST2020,1.75,2.03,False,
2023-07-01,2023,7,Jul,Outside Perimeter,Outside Perimeter,neighborhood,,total,286.0,POST2020,1.75,2.03,False,
2023-08-01,2023,8,Aug,East Village - North East,North East EV,ev_subarea,East Village,total,61.0,POST2020,1.75,2.03,False,
2023-08-01,2023,8,Aug,East Village - North West,North West EV,ev_subarea,East Village,total,184.0,POST2020,1.75,2.03,False,
2023-08-01,2023,8,Aug,East Village - South East,South East EV,ev_subarea,East Village,total,554.0,POST2020,1.75,2.03,False,
2023-08-01,2023,8,Aug,East Village - South West,South West EV,ev_subarea,East Village,total,62.0,POST2020,1.75,2.03,False,
2023-08-01,2023,8,Aug,City Center,City Center,neighborhood,,individual,117.0,POST2020,1.75,2.03,False,
2023-08-01,2023,8,Aug,City Center,City Center,neighborhood,,tent,49.0,POST2020,1.75,2.03,False,
2023-08-01,2023,8,Aug,City Center,City Center,neighborhood,,total,203.0,POST2020,1.75,2.03,False,
2023-08-01,2023,8,Aug,City Center,City Center,neighborhood,,vehicle,0.0,POST2020,1.75,2.03,False,
2023-08-01,2023,8,Aug,Columbia,Columbia,neighborhood,,individual,12.0,POST2020,1.75,2.03,False,
2023-08-01,2023,8,Aug,Columbia,Columbia,neighborhood,,tent,1.0,POST2020,1.75,2.03,False,
2023-08-01,2023,8,Aug,Columbia,Columbia,neighborhood,,total,14.0,POST2020,1.75,2.03,False,
2023-08-01,2023,8,Aug,Columbia,Columbia,neighborhood,,vehicle,0.0,POST2020,1.75,2.03,False,
2023-08-01,2023,8,Aug,Cortez,Cortez,neighborhood,,individual,32.0,POST2020,1.75,2.03,False,
2023-08-01,2023,8,Aug,Cortez,Cortez,neighborhood,,tent,19.0,POST2020,1.75,2.03,False,
2023-08-01,2023,8,Aug,Cortez,Cortez,neighborhood,,total,65.0,POST2020,1.75,2.03,False,
2023-08-01,2023,8,Aug,Cortez,Cortez,neighborhood,,vehicle,0.0,POST2020,1.75,2.03,False,
2023-08-01,2023,8,Aug,East Village,East Village,neighborhood,,individual,334.0,POST2020,1.75,2.03,False,
2023-08-01,2023,8,Aug,East Village,East Village,neighborhood,,tent,294.0,POST2020,1.75,2.03,False,
2023-08-01,2023,8,Aug,East Village,East Village,neighborhood,,total,861.0,POST2020,1.75,2.03,False,
2023-08-01,2023,8,Aug,East Village,East Village,neighborhood,,vehicle,6.0,POST2020,1.75,2.03,False,
2023-08-01,2023,8,Aug,Gaslamp,Gaslamp,neighborhood,,individual,44.0,POST2020,1.75,2.03,False,
2023-08-01,2023,8,Aug,Gaslamp,Gaslamp,neighborhood,,tent,0.0,POST2020,1.75,2.03,False,
2023-08-01,2023,8,Aug,Gaslamp,Gaslamp,neighborhood,,total,44.0,POST2020,1.75,2.03,False,
2023-08-01,2023,8,Aug,Gaslamp,Gaslamp,neighborhood,,vehicle,0.0,POST2020,1.75,2.03,False,
2023-08-01,2023,8,Aug,Marina,Marina,neighborhood,,individual,20.0,POST2020,1.75,2.03,False,
2023-08-01,2023,8,Aug,Marina,Marina,neighborhood,,tent,0.0,POST2020,1.75,2.03,False,
2023-08-01,2023,8,Aug,Marina,Marina,neighborhood,,total,20.0,POST2020,1.75,2.03,False,
2023-08-01,2023,8,Aug,Marina,Marina,neighborhood,,vehicle,0.0,POST2020,1.75,2.03,False,
2023-08-01,2023,8,Aug,Outside Perimeter,Outside Perimeter,neighborhood,,total,79.0,POST2020,1.75,2.03,False,
2023-09-01,2023,9,Sep,East Village - North East,North East EV,ev_subarea,East Village,total,94.0,POST2020,1.75,2.03,False,
2023-09-01,2023,9,Sep,East Village - North West,North West EV,ev_subarea,East Village,total,179.0,POST2020,1.75,2.03,False,
2023-09-01,2023,9,Sep,East Village - South East,South East EV,ev_subarea,East Village,total,575.0,POST2020,1.75,2.03,False,
2023-09-01,2023,9,Sep,East Village - South West,South West EV,ev_subarea,East Village,total,59.0,POST2020,1.75,2.03,False,
2023-09-01,2023,9,Sep,City Center,City Center,neighborhood,,individual,111.0,POST2020,1.75,2.03,False,
2023-09-01,2023,9,Sep,City Center,City Center,neighborhood,,tent,34.0,POST2020,1.75,2.03,False,
2023-09-01,2023,9,Sep,City Center,City Center,neighborhood,,total,173.0,POST2020,1.75,2.03,False,
2023-09-01,2023,9,Sep,City Center,City Center,neighborhood,,vehicle,1.0,POST2020,1.75,2.03,False,
2023-09-01,2023,9,Sep,Columbia,Columbia,neighborhood,,individual,28.0,POST2020,1.75,2.03,False,
2023-09-01,2023,9,Sep,Columbia,Columbia,neighborhood,,tent,1.0,POST2020,1.75,2.03,False,
2023-09-01,2023,9,Sep,Columbia,Columbia,neighborhood,,total,30.0,POST2020,1.75,2.03,False,
2023-09-01,2023,9,Sep,Columbia,Columbia,neighborhood,,vehicle,0.0,POST2020,1.75,2.03,False,
2023-09-01,2023,9,Sep,Cortez,Cortez,neighborhood,,individual,45.0,POST2020,1.75,2.03,False,
2023-09-01,2023,9,Sep,Cortez,Cortez,neighborhood,,tent,33.0,POST2020,1.75,2.03,False,
2023-09-01,2023,9,Sep,Cortez,Cortez,neighborhood,,total,103.0,POST2020,1.75,2.03,False,
2023-09-01,2023,9,Sep,Cortez,Cortez,neighborhood,,vehicle,0.0,POST2020,1.75,2.03,False,
2023-09-01,2023,9,Sep,East Village,East Village,neighborhood,,individual,338.0,POST2020,1.75,2.03,False,
2023-09-01,2023,9,Sep,East Village,East Village,neighborhood,,tent,312.0,POST2020,1.75,2.03,False,
2023-09-01,2023,9,Sep,East Village,East Village,neighborhood,,total,907.0,POST2020,1.75,2.03,False,
2023-09-01,2023,9,Sep,East Village,East Village,neighborhood,,vehicle,11.0,POST2020,1.75,2.03,False,
2023-09-01,2023,9,Sep,Gaslamp,Gaslamp,neighborhood,,individual,49.0,POST2020,1.75,2.03,False,
2023-09-01,2023,9,Sep,Gaslamp,Gaslamp,neighborhood,,tent,1.0,POST2020,1.75,2.03,False,
2023-09-01,2023,9,Sep,Gaslamp,Gaslamp,neighborhood,,total,51.0,POST2020,1.75,2.03,False,
2023-09-01,2023,9,Sep,Gaslamp,Gaslamp,neighborhood,,vehicle,0.0,POST2020,1.75,2.03,False,
2023-09-01,2023,9,Sep,Marina,Marina,neighborhood,,individual,13.0,POST2020,1.75,2.03,False,
2023-09-01,2023,9,Sep,Marina,Marina,neighborhood,,tent,0.0,POST2020,1.75,2.03,False,
2023-09-01,2023,9,Sep,Marina,Marina,neighborhood,,total,13.0,POST2020,1.75,2.03,False,
2023-09-01,2023,9,Sep,Marina,Marina,neighborhood,,vehicle,0.0,POST2020,1.75,2.03,False,
2023-09-01,2023,9,Sep,Outside Perimeter,Outside Perimeter,neighborhood,,total,93.0,POST2020,1.75,2.03,False,
2023-10-01,2023,10,Oct,East Village - North East,North East EV,ev_subarea,East Village,total,104.0,POST2020,1.75,2.03,False,
2023-10-01,2023,10,Oct,East Village - North West,North West EV,ev_subarea,East Village,total,160.0,POST2020,1.75,2.03,False,
2023-10-01,2023,10,Oct,East Village - South East,South East EV,ev_subarea,East Village,total,544.0,POST2020,1.75,2.03,False,
2023-10-01,2023,10,Oct,East Village - South West,South West EV,ev_subarea,East Village,total,62.0,POST2020,1.75,2.03,False,
2023-10-01,2023,10,Oct,City Center,City Center,neighborhood,,individual,148.0,POST2020,1.75,2.03,False,
2023-10-01,2023,10,Oct,City Center,City Center,neighborhood,,tent,32.0,POST2020,1.75,2.03,False,
2023-10-01,2023,10,Oct,City Center,City Center,neighborhood,,total,204.0,POST2020,1.75,2.03,False,
2023-10-01,2023,10,Oct,City Center,City Center,neighborhood,,vehicle,0.0,POST2020,1.75,2.03,False,
2023-10-01,2023,10,Oct,Columbia,Columbia,neighborhood,,individual,24.0,POST2020,1.75,2.03,False,
2023-10-01,2023,10,Oct,Columbia,Columbia,neighborhood,,tent,2.0,POST2020,1.75,2.03,False,
2023-10-01,2023,10,Oct,Columbia,Columbia,neighborhood,,total,28.0,POST2020,1.75,2.03,False,
2023-10-01,2023,10,Oct,Columbia,Columbia,neighborhood,,vehicle,0.0,POST2020,1.75,2.03,False,
2023-10-01,2023,10,Oct,Cortez,Cortez,neighborhood,,individual,35.0,POST2020,1.75,2.03,False,
2023-10-01,2023,10,Oct,Cortez,Cortez,neighborhood,,tent,15.0,POST2020,1.75,2.03,False,
2023-10-01,2023,10,Oct,Cortez,Cortez,neighborhood,,total,63.0,POST2020,1.75,2.03,False,
2023-10-01,2023,10,Oct,Cortez,Cortez,neighborhood,,vehicle,1.0,POST2020,1.75,2.03,False,
2023-10-01,2023,10,Oct,East Village,East Village,neighborhood,,individual,310.0,POST2020,1.75,2.03,False,
2023-10-01,2023,10,Oct,East Village,East Village,neighborhood,,tent,308.0,POST2020,1.75,2.03,False,
2023-10-01,2023,10,Oct,East Village,East Village,neighborhood,,total,869.0,POST2020,1.75,2.03,False,
2023-10-01,2023,10,Oct,East Village,East Village,neighborhood,,vehicle,10.0,POST2020,1.75,2.03,False,
2023-10-01,2023,10,Oct,Gaslamp,Gaslamp,neighborhood,,individual,50.0,POST2020,1.75,2.03,False,
2023-10-01,2023,10,Oct,Gaslamp,Gaslamp,neighborhood,,tent,1.0,POST2020,1.75,2.03,False,
2023-10-01,2023,10,Oct,Gaslamp,Gaslamp,neighborhood,,total,52.0,POST2020,1.75,2.03,False,
2023-10-01,2023,10,Oct,Gaslamp,Gaslamp,neighborhood,,vehicle,0.0,POST2020,1.75,2.03,False,
2023-10-01,2023,10,Oct,Marina,Marina,neighborhood,,individual,17.0,POST2020,1.75,2.03,False,
2023-10-01,2023,10,Oct,Marina,Marina,neighborhood,,tent,3.0,POST2020,1.75,2.03,False,
2023-10-01,2023,10,Oct,Marina,Marina,neighborhood,,total,22.0,POST2020,1.75,2.03,False,
2023-10-01,2023,10,Oct,Marina,Marina,neighborhood,,vehicle,0.0,POST2020,1.75,2.03,False,
2023-10-01,2023,10,Oct,Outside Perimeter,Outside Perimeter,neighborhood,,total,56.0,POST2020,1.75,2.03,False,
2023-11-01,2023,11,Nov,East Village - North East,North East EV,ev_subarea,East Village,total,138.0,POST2020,1.75,2.03,False,
2023-11-01,2023,11,Nov,East Village - North West,North West EV,ev_subarea,East Village,total,116.0,POST2020,1.75,2.03,False,
2023-11-01,2023,11,Nov,East Village - South East,South East EV,ev_subarea,East Village,total,352.0,POST2020,1.75,2.03,False,
2023-11-01,2023,11,Nov,East Village - South West,South West EV,ev_subarea,East Village,total,73.0,POST2020,1.75,2.03,False,
2023-11-01,2023,11,Nov,City Center,City Center,neighborhood,,individual,175.0,POST2020,1.75,2.03,False,
2023-11-01,2023,11,Nov,City Center,City Center,neighborhood,,tent,34.0,POST2020,1.75,2.03,False,
2023-11-01,2023,11,Nov,City Center,City Center,neighborhood,,total,235.0,POST2020,1.75,2.03,False,
2023-11-01,2023,11,Nov,City Center,City Center,neighborhood,,vehicle,0.0,POST2020,1.75,2.03,False,
2023-11-01,2023,11,Nov,Columbia,Columbia,neighborhood,,individual,32.0,POST2020,1.75,2.03,False,
2023-11-01,2023,11,Nov,Columbia,Columbia,neighborhood,,tent,3.0,POST2020,1.75,2.03,False,
2023-11-01,2023,11,Nov,Columbia,Columbia,neighborhood,,total,37.0,POST2020,1.75,2.03,False,
2023-11-01,2023,11,Nov,Columbia,Columbia,neighborhood,,vehicle,0.0,POST2020,1.75,2.03,False,
2023-11-01,2023,11,Nov,Cortez,Cortez,neighborhood,,individual,47.0,POST2020,1.75,2.03,False,
2023-11-01,2023,11,Nov,Cortez,Cortez,neighborhood,,tent,26.0,POST2020,1.75,2.03,False,
2023-11-01,2023,11,Nov,Cortez,Cortez,neighborhood,,total,95.0,POST2020,1.75,2.03,False,
2023-11-01,2023,11,Nov,Cortez,Cortez,neighborhood,,vehicle,1.0,POST2020,1.75,2.03,False,
2023-11-01,2023,11,Nov,East Village,East Village,neighborhood,,individual,208.0,POST2020,1.75,2.03,False,
2023-11-01,2023,11,Nov,East Village,East Village,neighborhood,,tent,262.0,POST2020,1.75,2.03,False,
2023-11-01,2023,11,Nov,East Village,East Village,neighborhood,,total,679.0,POST2020,1.75,2.03,False,
2023-11-01,2023,11,Nov,East Village,East Village,neighborhood,,vehicle,6.0,POST2020,1.75,2.03,False,
2023-11-01,2023,11,Nov,Gaslamp,Gaslamp,neighborhood,,individual,36.0,POST2020,1.75,2.03,False,
2023-11-01,2023,11,Nov,Gaslamp,Gaslamp,neighborhood,,tent,0.0,POST2020,1.75,2.03,False,
2023-11-01,2023,11,Nov,Gaslamp,Gaslamp,neighborhood,,total,36.0,POST2020,1.75,2.03,False,
2023-11-01,2023,11,Nov,Gaslamp,Gaslamp,neighborhood,,vehicle,0.0,POST2020,1.75,2.03,False,
2023-11-01,2023,11,Nov,Marina,Marina,neighborhood,,individual,11.0,POST2020,1.75,2.03,False,
2023-11-01,2023,11,Nov,Marina,Marina,neighborhood,,tent,1.0,POST2020,1.75,2.03,False,
2023-11-01,2023,11,Nov,Marina,Marina,neighborhood,,total,13.0,POST2020,1.75,2.03,False,
2023-11-01,2023,11,Nov,Marina,Marina,neighborhood,,vehicle,0.0,POST2020,1.75,2.03,False,
2023-11-01,2023,11,Nov,Outside Perimeter,Outside Perimeter,neighborhood,,total,77.0,POST2020,1.75,2.03,False,
2023-12-01,2023,12,Dec,East Village - North East,North East EV,ev_subarea,East Village,total,121.0,POST2020,1.75,2.03,False,
2023-12-01,2023,12,Dec,East Village - North West,North West EV,ev_subarea,East Village,total,42.0,POST2020,1.75,2.03,False,
2023-12-01,2023,12,Dec,East Village - South East,South East EV,ev_subarea,East Village,total,258.0,POST2020,1.75,2.03,False,
2023-12-01,2023,12,Dec,East Village - South West,South West EV,ev_subarea,East Village,total,76.0,POST2020,1.75,2.03,False,
2023-12-01,2023,12,Dec,City Center,City Center,neighborhood,,individual,89.0,POST2020,1.75,2.03,False,
2023-12-01,2023,12,Dec,City Center,City Center,neighborhood,,tent,23.0,POST2020,1.75,2.03,False,
2023-12-01,2023,12,Dec,City Center,City Center,neighborhood,,total,129.0,POST2020,1.75,2.03,False,
2023-12-01,2023,12,Dec,City Center,City Center,neighborhood,,vehicle,0.0,POST2020,1.75,2.03,False,
2023-12-01,2023,12,Dec,Columbia,Columbia,neighborhood,,individual,18.0,POST2020,1.75,2.03,False,
2023-12-01,2023,12,Dec,Columbia,Columbia,neighborhood,,tent,6.0,POST2020,1.75,2.03,False,
2023-12-01,2023,12,Dec,Columbia,Columbia,neighborhood,,total,29.0,POST2020,1.75,2.03,False,
2023-12-01,2023,12,Dec,Columbia,Columbia,neighborhood,,vehicle,0.0,POST2020,1.75,2.03,False,
2023-12-01,2023,12,Dec,Cortez,Cortez,neighborhood,,individual,40.0,POST2020,1.75,2.03,False,
2023-12-01,2023,12,Dec,Cortez,Cortez,neighborhood,,tent,37.0,POST2020,1.75,2.03,False,
2023-12-01,2023,12,Dec,Cortez,Cortez,neighborhood,,total,105.0,POST2020,1.75,2.03,False,
2023-12-01,2023,12,Dec,Cortez,Cortez,neighborhood,,vehicle,0.0,POST2020,1.75,2.03,False,
2023-12-01,2023,12,Dec,East Village,East Village,neighborhood,,individual,274.0,POST2020,1.75,2.03,False,component_total_mismatch
2023-12-01,2023,12,Dec,East Village,East Village,neighborhood,,tent,155.0,POST2020,1.75,2.03,False,component_total_mismatch
2023-12-01,2023,12,Dec,East Village,East Village,neighborhood,,total,498.0,POST2020,1.75,2.03,False,component_total_mismatch
2023-12-01,2023,12,Dec,East Village,East Village,neighborhood,,vehicle,5.0,POST2020,1.75,2.03,False,component_total_mismatch
2023-12-01,2023,12,Dec,Gaslamp,Gaslamp,neighborhood,,individual,31.0,POST2020,1.75,2.03,False,
2023-12-01,2023,12,Dec,Gaslamp,Gaslamp,neighborhood,,tent,0.0,POST2020,1.75,2.03,False,
2023-12-01,2023,12,Dec,Gaslamp,Gaslamp,neighborhood,,total,31.0,POST2020,1.75,2.03,False,
2023-12-01,2023,12,Dec,Gaslamp,Gaslamp,neighborhood,,vehicle,0.0,POST2020,1.75,2.03,False,
2023-12-01,2023,12,Dec,Marina,Marina,neighborhood,,individual,8.0,POST2020,1.75,2.03,False,
2023-12-01,2023,12,Dec,Marina,Marina,neighborhood,,tent,5.0,POST2020,1.75,2.03,False,
2023-12-01,2023,12,Dec,Marina,Marina,neighborhood,,total,17.0,POST2020,1.75,2.03,False,
2023-12-01,2023,12,Dec,Marina,Marina,neighborhood,,vehicle,0.0,POST2020,1.75,2.03,False,
2023-12-01,2023,12,Dec,Outside Perimeter,Outside Perimeter,neighborhood,,total,37.0,POST2020,1.75,2.03,False,
2024-01-01,2024,1,Jan,East Village - North East,North East EV,ev_subarea,East Village,total,136.0,POST2020,1.75,2.03,False,
2024-01-01,2024,1,Jan,East Village - North West,North West EV,ev_subarea,East Village,total,81.0,POST2020,1.75,2.03,False,
2024-01-01,2024,1,Jan,East Village - South East,South East EV,ev_subarea,East Village,total,234.0,POST2020,1.75,2.03,False,
2024-01-01,2024,1,Jan,East Village - South West,South West EV,ev_subarea,East Village,total,79.0,POST2020,1.75,2.03,False,
2024-01-01,2024,1,Jan,City Center,City Center,neighborhood,,individual,131.0,POST2020,1.75,2.03,False,
2024-01-01,2024,1,Jan,City Center,City Center,neighborhood,,tent,38.0,POST2020,1.75,2.03,False,
2024-01-01,2024,1,Jan,City Center,City Center,neighborhood,,total,198.0,POST2020,1.75,2.03,False,
2024-01-01,2024,1,Jan,City Center,City Center,neighborhood,,vehicle,0.0,POST2020,1.75,2.03,False,
2024-01-01,2024,1,Jan,Columbia,Columbia,neighborhood,,individual,23.0,POST2020,1.75,2.03,False,
2024-01-01,2024,1,Jan,Columbia,Columbia,neighborhood,,tent,6.0,POST2020,1.75,2.03,False,
2024-01-01,2024,1,Jan,Columbia,Columbia,neighborhood,,total,34.0,POST2020,1.75,2.03,False,
2024-01-01,2024,1,Jan,Columbia,Columbia,neighborhood,,vehicle,0.0,POST2020,1.75,2.03,False,
2024-01-01,2024,1,Jan,Cortez,Cortez,neighborhood,,individual,45.0,POST2020,1.75,2.03,False,
2024-01-01,2024,1,Jan,Cortez,Cortez,neighborhood,,tent,59.0,POST2020,1.75,2.03,False,
2024-01-01,2024,1,Jan,Cortez,Cortez,neighborhood,,total,154.0,POST2020,1.75,2.03,False,
2024-01-01,2024,1,Jan,Cortez,Cortez,neighborhood,,vehicle,3.0,POST2020,1.75,2.03,False,
2024-01-01,2024,1,Jan,East Village,East Village,neighborhood,,individual,247.0,POST2020,1.75,2.03,False,
2024-01-01,2024,1,Jan,East Village,East Village,neighborhood,,tent,150.0,POST2020,1.75,2.03,False,
2024-01-01,2024,1,Jan,East Village,East Village,neighborhood,,total,530.0,POST2020,1.75,2.03,False,
2024-01-01,2024,1,Jan,East Village,East Village,neighborhood,,vehicle,10.0,POST2020,1.75,2.03,False,
2024-01-01,2024,1,Jan,Gaslamp,Gaslamp,neighborhood,,individual,47.0,POST2020,1.75,2.03,False,
2024-01-01,2024,1,Jan,Gaslamp,Gaslamp,neighborhood,,tent,0.0,POST2020,1.75,2.03,False,
2024-01-01,2024,1,Jan,Gaslamp,Gaslamp,neighborhood,,total,47.0,POST2020,1.75,2.03,False,
2024-01-01,2024,1,Jan,Gaslamp,Gaslamp,neighborhood,,vehicle,0.0,POST2020,1.75,2.03,False,
2024-01-01,2024,1,Jan,Marina,Marina,neighborhood,,individual,12.0,POST2020,1.75,2.03,False,
2024-01-01,2024,1,Jan,Marina,Marina,neighborhood,,tent,4.0,POST2020,1.75,2.03,False,
2024-01-01,2024,1,Jan,Marina,Marina,neighborhood,,total,19.0,POST2020,1.75,2.03,False,
2024-01-01,2024,1,Jan,Marina,Marina,neighborhood,,vehicle,0.0,POST2020,1.75,2.03,False,
2024-01-01,2024,1,Jan,Outside Perimeter,Outside Perimeter,neighborhood,,total,37.0,POST2020,1.75,2.03,False,
2024-02-01,2024,2,Feb,East Village - North East,North East EV,ev_subarea,East Village,total,123.0,POST2020,1.75,2.03,False,
2024-02-01,2024,2,Feb,East Village - North West,North West EV,ev_subarea,East Village,total,81.0,POST2020,1.75,2.03,False,
2024-02-01,2024,2,Feb,East Village - South East,South East EV,ev_subarea,East Village,total,306.0,POST2020,1.75,2.03,False,
2024-02-01,2024,2,Feb,East Village - South West,South West EV,ev_subarea,East Village,total,43.0,POST2020,1.75,2.03,False,
2024-02-01,2024,2,Feb,City Center,City Center,neighborhood,,individual,133.0,POST2020,1.75,2.03,False,
2024-02-01,2024,2,Feb,City Center,City Center,neighborhood,,tent,22.0,POST2020,1.75,2.03,False,
2024-02-01,2024,2,Feb,City Center,City Center,neighborhood,,total,172.0,POST2020,1.75,2.03,False,
2024-02-01,2024,2,Feb,City Center,City Center,neighborhood,,vehicle,0.0,POST2020,1.75,2.03,False,
2024-02-01,2024,2,Feb,Columbia,Columbia,neighborhood,,individual,35.0,POST2020,1.75,2.03,False,
2024-02-01,2024,2,Feb,Columbia,Columbia,neighborhood,,tent,3.0,POST2020,1.75,2.03,False,
2024-02-01,2024,2,Feb,Columbia,Columbia,neighborhood,,total,40.0,POST2020,1.75,2.03,False,
2024-02-01,2024,2,Feb,Columbia,Columbia,neighborhood,,vehicle,0.0,POST2020,1.75,2.03,False,
2024-02-01,2024,2,Feb,Cortez,Cortez,neighborhood,,individual,39.0,POST2020,1.75,2.03,False,
2024-02-01,2024,2,Feb,Cortez,Cortez,neighborhood,,tent,67.0,POST2020,1.75,2.03,False,
2024-02-01,2024,2,Feb,Cortez,Cortez,neighborhood,,total,170.0,POST2020,1.75,2.03,False,
2024-02-01,2024,2,Feb,Cortez,Cortez,neighborhood,,vehicle,7.0,POST2020,1.75,2.03,False,
2024-02-01,2024,2,Feb,East Village,East Village,neighborhood,,individual,272.0,POST2020,1.75,2.03,False,
2024-02-01,2024,2,Feb,East Village,East Village,neighborhood,,tent,150.0,POST2020,1.75,2.03,False,
2024-02-01,2024,2,Feb,East Village,East Village,neighborhood,,total,553.0,POST2020,1.75,2.03,False,
2024-02-01,2024,2,Feb,East Village,East Village,neighborhood,,vehicle,9.0,POST2020,1.75,2.03,False,
2024-02-01,2024,2,Feb,Gaslamp,Gaslamp,neighborhood,,individual,53.0,POST2020,1.75,2.03,False,
2024-02-01,2024,2,Feb,Gaslamp,Gaslamp,neighborhood,,tent,1.0,POST2020,1.75,2.03,False,
2024-02-01,2024,2,Feb,Gaslamp,Gaslamp,neighborhood,,total,55.0,POST2020,1.75,2.03,False,
2024-02-01,2024,2,Feb,Gaslamp,Gaslamp,neighborhood,,vehicle,0.0,POST2020,1.75,2.03,False,
2024-02-01,2024,2,Feb,Marina,Marina,neighborhood,,individual,15.0,POST2020,1.75,2.03,False,
2024-02-01,2024,2,Feb,Marina,Marina,neighborhood,,tent,1.0,POST2020,1.75,2.03,False,
2024-02-01,2024,2,Feb,Marina,Marina,neighborhood,,total,17.0,POST2020,1.75,2.03,False,
2024-02-01,2024,2,Feb,Marina,Marina,neighborhood,,vehicle,0.0,POST2020,1.75,2.03,False,
2024-02-01,2024,2,Feb,Outside Perimeter,Outside Perimeter,neighborhood,,total,56.0,POST2020,1.75,2.03,False,
2024-03-01,2024,3,Mar,East Village - North East,North East EV,ev_subarea,East Village,total,37.0,POST2020,1.75,2.03,False,
2024-03-01,2024,3,Mar,East Village - North West,North West EV,ev_subarea,East Village,total,20.0,POST2020,1.75,2.03,False,
2024-03-01,2024,3,Mar,East Village - South East,South East EV,ev_subarea,East Village,total,275.0,POST2020,1.75,2.03,False,
2024-03-01,2024,3,Mar,East Village - South West,South West EV,ev_subarea,East Village,total,49.0,POST2020,1.75,2.03,False,
2024-03-01,2024,3,Mar,City Center,City Center,neighborhood,,individual,189.0,POST2020,1.75,2.03,False,component_total_mismatch
2024-03-01,2024,3,Mar,City Center,City Center,neighborhood,,tent,8.0,POST2020,1.75,2.03,False,component_total_mismatch
2024-03-01,2024,3,Mar,City Center,City Center,neighborhood,,total,221.0,POST2020,1.75,2.03,False,component_total_mismatch
2024-03-01,2024,3,Mar,City Center,City Center,neighborhood,,vehicle,0.0,POST2020,1.75,2.03,False,component_total_mismatch
2024-03-01,2024,3,Mar,Columbia,Columbia,neighborhood,,individual,36.0,POST2020,1.75,2.03,False,
2024-03-01,2024,3,Mar,Columbia,Columbia,neighborhood,,tent,3.0,POST2020,1.75,2.03,False,
2024-03-01,2024,3,Mar,Columbia,Columbia,neighborhood,,total,41.0,POST2020,1.75,2.03,False,
2024-03-01,2024,3,Mar,Columbia,Columbia,neighborhood,,vehicle,0.0,POST2020,1.75,2.03,False,
2024-03-01,2024,3,Mar,Cortez,Cortez,neighborhood,,individual,36.0,POST2020,1.75,2.03,False,
2024-03-01,2024,3,Mar,Cortez,Cortez,neighborhood,,tent,23.0,POST2020,1.75,2.03,False,
2024-03-01,2024,3,Mar,Cortez,Cortez,neighborhood,,total,76.0,POST2020,1.75,2.03,False,
2024-03-01,2024,3,Mar,Cortez,Cortez,neighborhood,,vehicle,0.0,POST2020,1.75,2.03,False,
2024-03-01,2024,3,Mar,East Village,East Village,neighborhood,,individual,227.0,POST2020,1.75,2.03,False,
2024-03-01,2024,3,Mar,East Village,East Village,neighborhood,,tent,78.0,POST2020,1.75,2.03,False,
2024-03-01,2024,3,Mar,East Village,East Village,neighborhood,,total,380.0,POST2020,1.75,2.03,False,
2024-03-01,2024,3,Mar,East Village,East Village,neighborhood,,vehicle,8.0,POST2020,1.75,2.03,False,
2024-03-01,2024,3,Mar,Gaslamp,Gaslamp,neighborhood,,individual,36.0,POST2020,1.75,2.03,False,
2024-03-01,2024,3,Mar,Gaslamp,Gaslamp,neighborhood,,tent,0.0,POST2020,1.75,2.03,False,
2024-03-01,2024,3,Mar,Gaslamp,Gaslamp,neighborhood,,total,36.0,POST2020,1.75,2.03,False,
2024-03-01,2024,3,Mar,Gaslamp,Gaslamp,neighborhood,,vehicle,0.0,POST2020,1.75,2.03,False,
2024-03-01,2024,3,Mar,Marina,Marina,neighborhood,,individual,16.0,POST2020,1.75,2.03,False,
2024-03-01,2024,3,Mar,Marina,Marina,neighborhood,,tent,3.0,POST2020,1.75,2.03,False,
2024-03-01,2024,3,Mar,Marina,Marina,neighborhood,,total,21.0,POST2020,1.75,2.03,False,
2024-03-01,2024,3,Mar,Marina,Marina,neighborhood,,vehicle,0.0,POST2020,1.75,2.03,False,
2024-03-01,2024,3,Mar,Outside Perimeter,Outside Perimeter,neighborhood,,total,34.0,POST2020,1.75,2.03,False,
2024-04-01,2024,4,Apr,East Village - North East,North East EV,ev_subarea,East Village,total,45.0,POST2020,1.75,2.03,False,
2024-04-01,2024,4,Apr,East Village - North West,North West EV,ev_subarea,East Village,total,12.0,POST2020,1.75,2.03,False,
2024-04-01,2024,4,Apr,East Village - South East,South East EV,ev_subarea,East Village,total,59.0,POST2020,1.75,2.03,False,
2024-04-01,2024,4,Apr,East Village - South West,South West EV,ev_subarea,East Village,total,251.0,POST2020,1.75,2.03,False,
2024-04-01,2024,4,Apr,City Center,City Center,neighborhood,,individual,181.0,POST2020,1.75,2.03,False,
2024-04-01,2024,4,Apr,City Center,City Center,neighborhood,,tent,31.0,POST2020,1.75,2.03,False,
2024-04-01,2024,4,Apr,City Center,City Center,neighborhood,,total,237.0,POST2020,1.75,2.03,False,
2024-04-01,2024,4,Apr,City Center,City Center,neighborhood,,vehicle,1.0,POST2020,1.75,2.03,False,
2024-04-01,2024,4,Apr,Columbia,Columbia,neighborhood,,individual,22.0,POST2020,1.75,2.03,False,
2024-04-01,2024,4,Apr,Columbia,Columbia,neighborhood,,tent,7.0,POST2020,1.75,2.03,False,
2024-04-01,2024,4,Apr,Columbia,Columbia,neighborhood,,total,34.0,POST2020,1.75,2.03,False,
2024-04-01,2024,4,Apr,Columbia,Columbia,neighborhood,,vehicle,0.0,POST2020,1.75,2.03,False,
2024-04-01,2024,4,Apr,Cortez,Cortez,neighborhood,,individual,24.0,POST2020,1.75,2.03,False,
2024-04-01,2024,4,Apr,Cortez,Cortez,neighborhood,,tent,29.0,POST2020,1.75,2.03,False,
2024-04-01,2024,4,Apr,Cortez,Cortez,neighborhood,,total,75.0,POST2020,1.75,2.03,False,
2024-04-01,2024,4,Apr,Cortez,Cortez,neighborhood,,vehicle,0.0,POST2020,1.75,2.03,False,
2024-04-01,2024,4,Apr,East Village,East Village,neighborhood,,individual,202.0,POST2020,1.75,2.03,False,
2024-04-01,2024,4,Apr,East Village,East Village,neighborhood,,tent,87.0,POST2020,1.75,2.03,False,
2024-04-01,2024,4,Apr,East Village,East Village,neighborhood,,total,366.0,POST2020,1.75,2.03,False,
2024-04-01,2024,4,Apr,East Village,East Village,neighborhood,,vehicle,6.0,POST2020,1.75,2.03,False,
2024-04-01,2024,4,Apr,Gaslamp,Gaslamp,neighborhood,,individual,50.0,POST2020,1.75,2.03,False,
2024-04-01,2024,4,Apr,Gaslamp,Gaslamp,neighborhood,,tent,1.0,POST2020,1.75,2.03,False,
2024-04-01,2024,4,Apr,Gaslamp,Gaslamp,neighborhood,,total,52.0,POST2020,1.75,2.03,False,
2024-04-01,2024,4,Apr,Gaslamp,Gaslamp,neighborhood,,vehicle,0.0,POST2020,1.75,2.03,False,
2024-04-01,2024,4,Apr,Marina,Marina,neighborhood,,individual,8.0,POST2020,1.75,2.03,False,
2024-04-01,2024,4,Apr,Marina,Marina,neighborhood,,tent,3.0,POST2020,1.75,2.03,False,
2024-04-01,2024,4,Apr,Marina,Marina,neighborhood,,total,13.0,POST2020,1.75,2.03,False,
2024-04-01,2024,4,Apr,Marina,Marina,neighborhood,,vehicle,0.0,POST2020,1.75,2.03,False,
2024-04-01,2024,4,Apr,Outside Perimeter,Outside Perimeter,neighborhood,,total,63.0,POST2020,1.75,2.03,False,
2024-05-01,2024,5,May,East Village - North East,North East EV,ev_subarea,East Village,total,38.0,POST2020,1.75,2.03,False,
2024-05-01,2024,5,May,East Village - North West,North West EV,ev_subarea,East Village,total,15.0,POST2020,1.75,2.03,False,
2024-05-01,2024,5,May,East Village - South East,South East EV,ev_subarea,East Village,total,329.0,POST2020,1.75,2.03,False,
2024-05-01,2024,5,May,East Village - South West,South West EV,ev_subarea,East Village,total,26.0,POST2020,1.75,2.03,False,
2024-05-01,2024,5,May,City Center,City Center,neighborhood,,individual,165.0,POST2020,1.75,2.03,False,
2024-05-01,2024,5,May,City Center,City Center,neighborhood,,tent,31.0,POST2020,1.75,2.03,False,
2024-05-01,2024,5,May,City Center,City Center,neighborhood,,total,219.0,POST2020,1.75,2.03,False,
2024-05-01,2024,5,May,City Center,City Center,neighborhood,,vehicle,0.0,POST2020,1.75,2.03,False,
2024-05-01,2024,5,May,Columbia,Columbia,neighborhood,,individual,18.0,POST2020,1.75,2.03,False,
2024-05-01,2024,5,May,Columbia,Columbia,neighborhood,,tent,10.0,POST2020,1.75,2.03,False,
2024-05-01,2024,5,May,Columbia,Columbia,neighborhood,,total,36.0,POST2020,1.75,2.03,False,
2024-05-01,2024,5,May,Columbia,Columbia,neighborhood,,vehicle,0.0,POST2020,1.75,2.03,False,
2024-05-01,2024,5,May,Cortez,Cortez,neighborhood,,individual,35.0,POST2020,1.75,2.03,False,
2024-05-01,2024,5,May,Cortez,Cortez,neighborhood,,tent,9.0,POST2020,1.75,2.03,False,
2024-05-01,2024,5,May,Cortez,Cortez,neighborhood,,total,51.0,POST2020,1.75,2.03,False,
2024-05-01,2024,5,May,Cortez,Cortez,neighborhood,,vehicle,0.0,POST2020,1.75,2.03,False,
2024-05-01,2024,5,May,East Village,East Village,neighborhood,,individual,237.0,POST2020,1.75,2.03,False,
2024-05-01,2024,5,May,East Village,East Village,neighborhood,,tent,95.0,POST2020,1.75,2.03,False,
2024-05-01,2024,5,May,East Village,East Village,neighborhood,,total,407.0,POST2020,1.75,2.03,False,
2024-05-01,2024,5,May,East Village,East Village,neighborhood,,vehicle,2.0,POST2020,1.75,2.03,False,
2024-05-01,2024,5,May,Gaslamp,Gaslamp,neighborhood,,individual,75.0,POST2020,1.75,2.03,False,
2024-05-01,2024,5,May,Gaslamp,Gaslamp,neighborhood,,tent,1.0,POST2020,1.75,2.03,False,
2024-05-01,2024,5,May,Gaslamp,Gaslamp,neighborhood,,total,77.0,POST2020,1.75,2.03,False,
2024-05-01,2024,5,May,Gaslamp,Gaslamp,neighborhood,,vehicle,0.0,POST2020,1.75,2.03,False,
2024-05-01,2024,5,May,Marina,Marina,neighborhood,,individual,11.0,POST2020,1.75,2.03,False,
2024-05-01,2024,5,May,Marina,Marina,neighborhood,,tent,3.0,POST2020,1.75,2.03,False,
2024-05-01,2024,5,May,Marina,Marina,neighborhood,,total,16.0,POST2020,1.75,2.03,False,
2024-05-01,2024,5,May,Marina,Marina,neighborhood,,vehicle,0.0,POST2020,1.75,2.03,False,
2024-05-01,2024,5,May,Outside Perimeter,Outside Perimeter,neighborhood,,total,20.0,POST2020,1.75,2.03,False,
2024-06-01,2024,6,Jun,East Village - North East,North East EV,ev_subarea,East Village,total,85.0,POST2020,1.75,2.03,False,
2024-06-01,2024,6,Jun,East Village - North West,North West EV,ev_subarea,East Village,total,18.0,POST2020,1.75,2.03,False,
2024-06-01,2024,6,Jun,East Village - South East,South East EV,ev_subarea,East Village,total,317.0,POST2020,1.75,2.03,False,
2024-06-01,2024,6,Jun,East Village - South West,South West EV,ev_subarea,East Village,total,31.0,POST2020,1.75,2.03,False,
2024-06-01,2024,6,Jun,City Center,City Center,neighborhood,,individual,155.0,POST2020,1.75,2.03,False,
2024-06-01,2024,6,Jun,City Center,City Center,neighborhood,,tent,25.0,POST2020,1.75,2.03,False,
2024-06-01,2024,6,Jun,City Center,City Center,neighborhood,,total,199.0,POST2020,1.75,2.03,False,
2024-06-01,2024,6,Jun,City Center,City Center,neighborhood,,vehicle,0.0,POST2020,1.75,2.03,False,
2024-06-01,2024,6,Jun,Columbia,Columbia,neighborhood,,individual,21.0,POST2020,1.75,2.03,False,
2024-06-01,2024,6,Jun,Columbia,Columbia,neighborhood,,tent,11.0,POST2020,1.75,2.03,False,
2024-06-01,2024,6,Jun,Columbia,Columbia,neighborhood,,total,40.0,POST2020,1.75,2.03,False,
2024-06-01,2024,6,Jun,Columbia,Columbia,neighborhood,,vehicle,0.0,POST2020,1.75,2.03,False,
2024-06-01,2024,6,Jun,Cortez,Cortez,neighborhood,,individual,36.0,POST2020,1.75,2.03,False,
2024-06-01,2024,6,Jun,Cortez,Cortez,neighborhood,,tent,13.0,POST2020,1.75,2.03,False,
2024-06-01,2024,6,Jun,Cortez,Cortez,neighborhood,,total,59.0,POST2020,1.75,2.03,False,
2024-06-01,2024,6,Jun,Cortez,Cortez,neighborhood,,vehicle,0.0,POST2020,1.75,2.03,False,
2024-06-01,2024,6,Jun,East Village,East Village,neighborhood,,individual,293.0,POST2020,1.75,2.03,False,
2024-06-01,2024,6,Jun,East Village,East Village,neighborhood,,tent,89.0,POST2020,1.75,2.03,False,
2024-06-01,2024,6,Jun,East Village,East Village,neighborhood,,total,451.0,POST2020,1.75,2.03,False,
2024-06-01,2024,6,Jun,East Village,East Village,neighborhood,,vehicle,1.0,POST2020,1.75,2.03,False,
2024-06-01,2024,6,Jun,Gaslamp,Gaslamp,neighborhood,,individual,56.0,POST2020,1.75,2.03,False,
2024-06-01,2024,6,Jun,Gaslamp,Gaslamp,neighborhood,,tent,0.0,POST2020,1.75,2.03,False,
2024-06-01,2024,6,Jun,Gaslamp,Gaslamp,neighborhood,,total,56.0,POST2020,1.75,2.03,False,
2024-06-01,2024,6,Jun,Gaslamp,Gaslamp,neighborhood,,vehicle,0.0,POST2020,1.75,2.03,False,
2024-06-01,2024,6,Jun,Marina,Marina,neighborhood,,individual,16.0,POST2020,1.75,2.03,False,
2024-06-01,2024,6,Jun,Marina,Marina,neighborhood,,tent,5.0,POST2020,1.75,2.03,False,
2024-06-01,2024,6,Jun,Marina,Marina,neighborhood,,total,25.0,POST2020,1.75,2.03,False,
2024-06-01,2024,6,Jun,Marina,Marina,neighborhood,,vehicle,0.0,POST2020,1.75,2.03,False,
2024-06-01,2024,6,Jun,Outside Perimeter,Outside Perimeter,neighborhood,,total,16.0,POST2020,1.75,2.03,False,
2024-07-01,2024,7,Jul,East Village - North East,North East EV,ev_subarea,East Village,total,81.0,POST2020,1.75,2.03,False,
2024-07-01,2024,7,Jul,East Village - North West,North West EV,ev_subarea,East Village,total,49.0,POST2020,1.75,2.03,False,
2024-07-01,2024,7,Jul,East Village - South East,South East EV,ev_subarea,East Village,total,293.0,POST2020,1.75,2.03,False,
2024-07-01,2024,7,Jul,East Village - South West,South West EV,ev_subarea,East Village,total,35.0,POST2020,1.75,2.03,False,
2024-07-01,2024,7,Jul,City Center,City Center,neighborhood,,individual,176.0,POST2020,1.75,2.03,False,
2024-07-01,2024,7,Jul,City Center,City Center,neighborhood,,tent,17.0,POST2020,1.75,2.03,False,
2024-07-01,2024,7,Jul,City Center,City Center,neighborhood,,total,208.0,POST2020,1.75,2.03,False,
2024-07-01,2024,7,Jul,City Center,City Center,neighborhood,,vehicle,1.0,POST2020,1.75,2.03,False,
2024-07-01,2024,7,Jul,Columbia,Columbia,neighborhood,,individual,17.0,POST2020,1.75,2.03,False,
2024-07-01,2024,7,Jul,Columbia,Columbia,neighborhood,,tent,9.0,POST2020,1.75,2.03,False,
2024-07-01,2024,7,Jul,Columbia,Columbia,neighborhood,,total,33.0,POST2020,1.75,2.03,False,
2024-07-01,2024,7,Jul,Columbia,Columbia,neighborhood,,vehicle,0.0,POST2020,1.75,2.03,False,
2024-07-01,2024,7,Jul,Cortez,Cortez,neighborhood,,individual,34.0,POST2020,1.75,2.03,False,
2024-07-01,2024,7,Jul,Cortez,Cortez,neighborhood,,tent,20.0,POST2020,1.75,2.03,False,
2024-07-01,2024,7,Jul,Cortez,Cortez,neighborhood,,total,69.0,POST2020,1.75,2.03,False,
2024-07-01,2024,7,Jul,Cortez,Cortez,neighborhood,,vehicle,0.0,POST2020,1.75,2.03,False,
2024-07-01,2024,7,Jul,East Village,East Village,neighborhood,,individual,301.0,POST2020,1.75,2.03,False,
2024-07-01,2024,7,Jul,East Village,East Village,neighborhood,,tent,86.0,POST2020,1.75,2.03,False,
2024-07-01,2024,7,Jul,East Village,East Village,neighborhood,,total,458.0,POST2020,1.75,2.03,False,
2024-07-01,2024,7,Jul,East Village,East Village,neighborhood,,vehicle,3.0,POST2020,1.75,2.03,False,
2024-07-01,2024,7,Jul,Gaslamp,Gaslamp,neighborhood,,individual,54.0,POST2020,1.75,2.03,False,
2024-07-01,2024,7,Jul,Gaslamp,Gaslamp,neighborhood,,tent,0.0,POST2020,1.75,2.03,False,
2024-07-01,2024,7,Jul,Gaslamp,Gaslamp,neighborhood,,total,54.0,POST2020,1.75,2.03,False,
2024-07-01,2024,7,Jul,Gaslamp,Gaslamp,neighborhood,,vehicle,0.0,POST2020,1.75,2.03,False,
2024-07-01,2024,7,Jul,Marina,Marina,neighborhood,,individual,11.0,POST2020,1.75,2.03,False,
2024-07-01,2024,7,Jul,Marina,Marina,neighborhood,,tent,0.0,POST2020,1.75,2.03,False,
2024-07-01,2024,7,Jul,Marina,Marina,neighborhood,,total,11.0,POST2020,1.75,2.03,False,
2024-07-01,2024,7,Jul,Marina,Marina,neighborhood,,vehicle,0.0,POST2020,1.75,2.03,False,
2024-07-01,2024,7,Jul,Outside Perimeter,Outside Perimeter,neighborhood,,total,48.0,POST2020,1.75,2.03,False,
2024-08-01,2024,8,Aug,East Village - North East,North East EV,ev_subarea,East Village,total,48.0,POST2020,1.75,2.03,False,
2024-08-01,2024,8,Aug,East Village - North West,North West EV,ev_subarea,East Village,total,34.0,POST2020,1.75,2.03,False,
2024-08-01,2024,8,Aug,East Village - South East,South East EV,ev_subarea,East Village,total,315.0,POST2020,1.75,2.03,False,
2024-08-01,2024,8,Aug,East Village - South West,South West EV,ev_subarea,East Village,total,53.0,POST2020,1.75,2.03,False,
2024-08-01,2024,8,Aug,City Center,City Center,neighborhood,,individual,184.0,POST2020,1.75,2.03,False,
2024-08-01,2024,8,Aug,City Center,City Center,neighborhood,,tent,12.0,POST2020,1.75,2.03,False,
2024-08-01,2024,8,Aug,City Center,City Center,neighborhood,,total,209.0,POST2020,1.75,2.03,False,
2024-08-01,2024,8,Aug,City Center,City Center,neighborhood,,vehicle,2.0,POST2020,1.75,2.03,False,
2024-08-01,2024,8,Aug,Columbia,Columbia,neighborhood,,individual,19.0,POST2020,1.75,2.03,False,
2024-08-01,2024,8,Aug,Columbia,Columbia,neighborhood,,tent,9.0,POST2020,1.75,2.03,False,
2024-08-01,2024,8,Aug,Columbia,Columbia,neighborhood,,total,35.0,POST2020,1.75,2.03,False,
2024-08-01,2024,8,Aug,Columbia,Columbia,neighborhood,,vehicle,0.0,POST2020,1.75,2.03,False,
2024-08-01,2024,8,Aug,Cortez,Cortez,neighborhood,,individual,26.0,POST2020,1.75,2.03,False,
2024-08-01,2024,8,Aug,Cortez,Cortez,neighborhood,,tent,13.0,POST2020,1.75,2.03,False,
2024-08-01,2024,8,Aug,Cortez,Cortez,neighborhood,,total,49.0,POST2020,1.75,2.03,False,
2024-08-01,2024,8,Aug,Cortez,Cortez,neighborhood,,vehicle,0.0,POST2020,1.75,2.03,False,
2024-08-01,2024,8,Aug,East Village,East Village,neighborhood,,individual,287.0,POST2020,1.75,2.03,False,
2024-08-01,2024,8,Aug,East Village,East Village,neighborhood,,tent,88.0,POST2020,1.75,2.03,False,
2024-08-01,2024,8,Aug,East Village,East Village,neighborhood,,total,449.0,POST2020,1.75,2.03,False,
2024-08-01,2024,8,Aug,East Village,East Village,neighborhood,,vehicle,4.0,POST2020,1.75,2.03,False,
2024-08-01,2024,8,Aug,Gaslamp,Gaslamp,neighborhood,,individual,37.0,POST2020,1.75,2.03,False,
2024-08-01,2024,8,Aug,Gaslamp,Gaslamp,neighborhood,,tent,0.0,POST2020,1.75,2.03,False,
2024-08-01,2024,8,Aug,Gaslamp,Gaslamp,neighborhood,,total,37.0,POST2020,1.75,2.03,False,
2024-08-01,2024,8,Aug,Gaslamp,Gaslamp,neighborhood,,vehicle,0.0,POST2020,1.75,2.03,False,
2024-08-01,2024,8,Aug,Marina,Marina,neighborhood,,individual,26.0,POST2020,1.75,2.03,False,
2024-08-01,2024,8,Aug,Marina,Marina,neighborhood,,tent,0.0,POST2020,1.75,2.03,False,
2024-08-01,2024,8,Aug,Marina,Marina,neighborhood,,total,26.0,POST2020,1.75,2.03,False,
2024-08-01,2024,8,Aug,Marina,Marina,neighborhood,,vehicle,0.0,POST2020,1.75,2.03,False,
2024-08-01,2024,8,Aug,Outside Perimeter,Outside Perimeter,neighborhood,,total,51.0,POST2020,1.75,2.03,False,
2024-09-01,2024,9,Sep,East Village - North East,North East EV,ev_subarea,East Village,total,67.0,POST2020,1.75,2.03,False,
2024-09-01,2024,9,Sep,East Village - North West,North West EV,ev_subarea,East Village,total,24.0,POST2020,1.75,2.03,False,
2024-09-01,2024,9,Sep,East Village - South East,South East EV,ev_subarea,East Village,total,317.0,POST2020,1.75,2.03,False,
2024-09-01,2024,9,Sep,East Village - South West,South West EV,ev_subarea,East Village,total,37.0,POST2020,1.75,2.03,False,
2024-09-01,2024,9,Sep,City Center,City Center,neighborhood,,individual,115.0,POST2020,1.75,2.03,False,
2024-09-01,2024,9,Sep,City Center,City Center,neighborhood,,tent,11.0,POST2020,1.75,2.03,False,
2024-09-01,2024,9,Sep,City Center,City Center,neighborhood,,total,134.0,POST2020,1.75,2.03,False,
2024-09-01,2024,9,Sep,City Center,City Center,neighborhood,,vehicle,0.0,POST2020,1.75,2.03,False,
2024-09-01,2024,9,Sep,Columbia,Columbia,neighborhood,,individual,12.0,POST2020,1.75,2.03,False,
2024-09-01,2024,9,Sep,Columbia,Columbia,neighborhood,,tent,7.0,POST2020,1.75,2.03,False,
2024-09-01,2024,9,Sep,Columbia,Columbia,neighborhood,,total,24.0,POST2020,1.75,2.03,False,
2024-09-01,2024,9,Sep,Columbia,Columbia,neighborhood,,vehicle,0.0,POST2020,1.75,2.03,False,
2024-09-01,2024,9,Sep,Cortez,Cortez,neighborhood,,individual,40.0,POST2020,1.75,2.03,False,
2024-09-01,2024,9,Sep,Cortez,Cortez,neighborhood,,tent,15.0,POST2020,1.75,2.03,False,
2024-09-01,2024,9,Sep,Cortez,Cortez,neighborhood,,total,68.0,POST2020,1.75,2.03,False,
2024-09-01,2024,9,Sep,Cortez,Cortez,neighborhood,,vehicle,1.0,POST2020,1.75,2.03,False,
2024-09-01,2024,9,Sep,East Village,East Village,neighborhood,,individual,241.0,POST2020,1.75,2.03,False,
2024-09-01,2024,9,Sep,East Village,East Village,neighborhood,,tent,111.0,POST2020,1.75,2.03,False,
2024-09-01,2024,9,Sep,East Village,East Village,neighborhood,,total,445.0,POST2020,1.75,2.03,False,
2024-09-01,2024,9,Sep,East Village,East Village,neighborhood,,vehicle,5.0,POST2020,1.75,2.03,False,
2024-09-01,2024,9,Sep,Gaslamp,Gaslamp,neighborhood,,individual,44.0,POST2020,1.75,2.03,False,
2024-09-01,2024,9,Sep,Gaslamp,Gaslamp,neighborhood,,tent,1.0,POST2020,1.75,2.03,False,
2024-09-01,2024,9,Sep,Gaslamp,Gaslamp,neighborhood,,total,46.0,POST2020,1.75,2.03,False,
2024-09-01,2024,9,Sep,Gaslamp,Gaslamp,neighborhood,,vehicle,0.0,POST2020,1.75,2.03,False,
2024-09-01,2024,9,Sep,Marina,Marina,neighborhood,,individual,22.0,POST2020,1.75,2.03,False,
2024-09-01,2024,9,Sep,Marina,Marina,neighborhood,,tent,0.0,POST2020,1.75,2.03,False,
2024-09-01,2024,9,Sep,Marina,Marina,neighborhood,,total,24.0,POST2020,1.75,2.03,False,
2024-09-01,2024,9,Sep,Marina,Marina,neighborhood,,vehicle,1.0,POST2020,1.75,2.03,False,
2024-09-01,2024,9,Sep,Outside Perimeter,Outside Perimeter,neighborhood,,total,59.0,POST2020,1.75,2.03,False,
2024-10-01,2024,10,Oct,East Village - North East,North East EV,ev_subarea,East Village,total,20.0,POST2020,1.75,2.03,False,
2024-10-01,2024,10,Oct,East Village - North West,North West EV,ev_subarea,East Village,total,32.0,POST2020,1.75,2.03,False,
2024-10-01,2024,10,Oct,East Village - South East,South East EV,ev_subarea,East Village,total,289.0,POST2020,1.75,2.03,False,
2024-10-01,2024,10,Oct,East Village - South West,South West EV,ev_subarea,East Village,total,56.0,POST2020,1.75,2.03,False,
2024-10-01,2024,10,Oct,City Center,City Center,neighborhood,,individual,197.0,POST2020,1.75,2.03,False,
2024-10-01,2024,10,Oct,City Center,City Center,neighborhood,,tent,17.0,POST2020,1.75,2.03,False,
2024-10-01,2024,10,Oct,City Center,City Center,neighborhood,,total,227.0,POST2020,1.75,2.03,False,
2024-10-01,2024,10,Oct,City Center,City Center,neighborhood,,vehicle,0.0,POST2020,1.75,2.03,False,
2024-10-01,2024,10,Oct,Columbia,Columbia,neighborhood,,individual,23.0,POST2020,1.75,2.03,False,
2024-10-01,2024,10,Oct,Columbia,Columbia,neighborhood,,tent,6.0,POST2020,1.75,2.03,False,
2024-10-01,2024,10,Oct,Columbia,Columbia,neighborhood,,total,34.0,POST2020,1.75,2.03,False,
2024-10-01,2024,10,Oct,Columbia,Columbia,neighborhood,,vehicle,0.0,POST2020,1.75,2.03,False,
2024-10-01,2024,10,Oct,Cortez,Cortez,neighborhood,,individual,34.0,POST2020,1.75,2.03,False,
2024-10-01,2024,10,Oct,Cortez,Cortez,neighborhood,,tent,20.0,POST2020,1.75,2.03,False,
2024-10-01,2024,10,Oct,Cortez,Cortez,neighborhood,,total,69.0,POST2020,1.75,2.03,False,
2024-10-01,2024,10,Oct,Cortez,Cortez,neighborhood,,vehicle,0.0,POST2020,1.75,2.03,False,
2024-10-01,2024,10,Oct,East Village,East Village,neighborhood,,individual,263.0,POST2020,1.75,2.03,False,
2024-10-01,2024,10,Oct,East Village,East Village,neighborhood,,tent,69.0,POST2020,1.75,2.03,False,
2024-10-01,2024,10,Oct,East Village,East Village,neighborhood,,total,396.0,POST2020,1.75,2.03,False,
2024-10-01,2024,10,Oct,East Village,East Village,neighborhood,,vehicle,6.0,POST2020,1.75,2.03,False,
2024-10-01,2024,10,Oct,Gaslamp,Gaslamp,neighborhood,,individual,35.0,POST2020,1.75,2.03,False,
2024-10-01,2024,10,Oct,Gaslamp,Gaslamp,neighborhood,,tent,0.0,POST2020,1.75,2.03,False,
2024-10-01,2024,10,Oct,Gaslamp,Gaslamp,neighborhood,,total,35.0,POST2020,1.75,2.03,False,
2024-10-01,2024,10,Oct,Gaslamp,Gaslamp,neighborhood,,vehicle,0.0,POST2020,1.75,2.03,False,
2024-10-01,2024,10,Oct,Marina,Marina,neighborhood,,individual,11.0,POST2020,1.75,2.03,False,
2024-10-01,2024,10,Oct,Marina,Marina,neighborhood,,tent,0.0,POST2020,1.75,2.03,False,
2024-10-01,2024,10,Oct,Marina,Marina,neighborhood,,total,11.0,POST2020,1.75,2.03,False,
2024-10-01,2024,10,Oct,Marina,Marina,neighborhood,,vehicle,0.0,POST2020,1.75,2.03,False,
2024-10-01,2024,10,Oct,Outside Perimeter,Outside Perimeter,neighborhood,,total,96.0,POST2020,1.75,2.03,False,
2024-11-01,2024,11,Nov,East Village - North East,North East EV,ev_subarea,East Village,total,53.0,POST2020,1.75,2.03,False,
2024-11-01,2024,11,Nov,East Village - North West,North West EV,ev_subarea,East Village,total,44.0,POST2020,1.75,2.03,False,
2024-11-01,2024,11,Nov,East Village - South East,South East EV,ev_subarea,East Village,total,253.0,POST2020,1.75,2.03,False,
2024-11-01,2024,11,Nov,East Village - South West,South West EV,ev_subarea,East Village,total,41.0,POST2020,1.75,2.03,False,
2024-11-01,2024,11,Nov,City Center,City Center,neighborhood,,individual,140.0,POST2020,1.75,2.03,False,
2024-11-01,2024,11,Nov,City Center,City Center,neighborhood,,tent,6.0,POST2020,1.75,2.03,False,
2024-11-01,2024,11,Nov,City Center,City Center,neighborhood,,total,151.0,POST2020,1.75,2.03,False,
2024-11-01,2024,11,Nov,City Center,City Center,neighborhood,,vehicle,0.0,POST2020,1.75,2.03,False,
2024-11-01,2024,11,Nov,Columbia,Columbia,neighborhood,,individual,33.0,POST2020,1.75,2.03,False,
2024-11-01,2024,11,Nov,Columbia,Columbia,neighborhood,,tent,7.0,POST2020,1.75,2.03,False,
2024-11-01,2024,11,Nov,Columbia,Columbia,neighborhood,,total,45.0,POST2020,1.75,2.03,False,
2024-11-01,2024,11,Nov,Columbia,Columbia,neighborhood,,vehicle,0.0,POST2020,1.75,2.03,False,
2024-11-01,2024,11,Nov,Cortez,Cortez,neighborhood,,individual,53.0,POST2020,1.75,2.03,False,
2024-11-01,2024,11,Nov,Cortez,Cortez,neighborhood,,tent,8.0,POST2020,1.75,2.03,False,
2024-11-01,2024,11,Nov,Cortez,Cortez,neighborhood,,total,69.0,POST2020,1.75,2.03,False,
2024-11-01,2024,11,Nov,Cortez,Cortez,neighborhood,,vehicle,1.0,POST2020,1.75,2.03,False,
2024-11-01,2024,11,Nov,East Village,East Village,neighborhood,,individual,245.0,POST2020,1.75,2.03,False,
2024-11-01,2024,11,Nov,East Village,East Village,neighborhood,,tent,76.0,POST2020,1.75,2.03,False,
2024-11-01,2024,11,Nov,East Village,East Village,neighborhood,,total,390.0,POST2020,1.75,2.03,False,
2024-11-01,2024,11,Nov,East Village,East Village,neighborhood,,vehicle,6.0,POST2020,1.75,2.03,False,
2024-11-01,2024,11,Nov,Gaslamp,Gaslamp,neighborhood,,individual,40.0,POST2020,1.75,2.03,False,
2024-11-01,2024,11,Nov,Gaslamp,Gaslamp,neighborhood,,tent,0.0,POST2020,1.75,2.03,False,
2024-11-01,2024,11,Nov,Gaslamp,Gaslamp,neighborhood,,total,40.0,POST2020,1.75,2.03,False,
2024-11-01,2024,11,Nov,Gaslamp,Gaslamp,neighborhood,,vehicle,0.0,POST2020,1.75,2.03,False,
2024-11-01,2024,11,Nov,Marina,Marina,neighborhood,,individual,24.0,POST2020,1.75,2.03,False,
2024-11-01,2024,11,Nov,Marina,Marina,neighborhood,,tent,1.0,POST2020,1.75,2.03,False,
2024-11-01,2024,11,Nov,Marina,Marina,neighborhood,,total,26.0,POST2020,1.75,2.03,False,
2024-11-01,2024,11,Nov,Marina,Marina,neighborhood,,vehicle,0.0,POST2020,1.75,2.03,False,
2024-11-01,2024,11,Nov,Outside Perimeter,Outside Perimeter,neighborhood,,total,123.0,POST2020,1.75,2.03,False,
2024-12-01,2024,12,Dec,East Village - North East,North East EV,ev_subarea,East Village,total,103.0,POST2020,1.75,2.03,False,
2024-12-01,2024,12,Dec,East Village - North West,North West EV,ev_subarea,East Village,total,63.0,POST2020,1.75,2.03,False,
2024-12-01,2024,12,Dec,East Village - South East,South East EV,ev_subarea,East Village,total,275.0,POST2020,1.75,2.03,False,
2024-12-01,2024,12,Dec,East Village - South West,South West EV,ev_subarea,East Village,total,51.0,POST2020,1.75,2.03,False,
2024-12-01,2024,12,Dec,City Center,City Center,neighborhood,,individual,136.0,POST2020,1.75,2.03,False,
2024-12-01,2024,12,Dec,City Center,City Center,neighborhood,,tent,8.0,POST2020,1.75,2.03,False,
2024-12-01,2024,12,Dec,City Center,City Center,neighborhood,,total,156.0,POST2020,1.75,2.03,False,
2024-12-01,2024,12,Dec,City Center,City Center,neighborhood,,vehicle,3.0,POST2020,1.75,2.03,False,
2024-12-01,2024,12,Dec,Columbia,Columbia,neighborhood,,individual,33.0,POST2020,1.75,2.03,False,
2024-12-01,2024,12,Dec,Columbia,Columbia,neighborhood,,tent,4.0,POST2020,1.75,2.03,False,
2024-12-01,2024,12,Dec,Columbia,Columbia,neighborhood,,total,40.0,POST2020,1.75,2.03,False,
2024-12-01,2024,12,Dec,Columbia,Columbia,neighborhood,,vehicle,0.0,POST2020,1.75,2.03,False,
2024-12-01,2024,12,Dec,Cortez,Cortez,neighborhood,,individual,47.0,POST2020,1.75,2.03,False,
2024-12-01,2024,12,Dec,Cortez,Cortez,neighborhood,,tent,13.0,POST2020,1.75,2.03,False,
2024-12-01,2024,12,Dec,Cortez,Cortez,neighborhood,,total,74.0,POST2020,1.75,2.03,False,
2024-12-01,2024,12,Dec,Cortez,Cortez,neighborhood,,vehicle,2.0,POST2020,1.75,2.03,False,
2024-12-01,2024,12,Dec,East Village,East Village,neighborhood,,individual,311.0,POST2020,1.75,2.03,False,
2024-12-01,2024,12,Dec,East Village,East Village,neighborhood,,tent,94.0,POST2020,1.75,2.03,False,
2024-12-01,2024,12,Dec,East Village,East Village,neighborhood,,total,492.0,POST2020,1.75,2.03,False,
2024-12-01,2024,12,Dec,East Village,East Village,neighborhood,,vehicle,8.0,POST2020,1.75,2.03,False,
2024-12-01,2024,12,Dec,Gaslamp,Gaslamp,neighborhood,,individual,40.0,POST2020,1.75,2.03,False,
2024-12-01,2024,12,Dec,Gaslamp,Gaslamp,neighborhood,,tent,1.0,POST2020,1.75,2.03,False,
2024-12-01,2024,12,Dec,Gaslamp,Gaslamp,neighborhood,,total,42.0,POST2020,1.75,2.03,False,
2024-12-01,2024,12,Dec,Gaslamp,Gaslamp,neighborhood,,vehicle,0.0,POST2020,1.75,2.03,False,
2024-12-01,2024,12,Dec,Marina,Marina,neighborhood,,individual,10.0,POST2020,1.75,2.03,False,
2024-12-01,2024,12,Dec,Marina,Marina,neighborhood,,tent,1.0,POST2020,1.75,2.03,False,
2024-12-01,2024,12,Dec,Marina,Marina,neighborhood,,total,14.0,POST2020,1.75,2.03,False,
2024-12-01,2024,12,Dec,Marina,Marina,neighborhood,,vehicle,1.0,POST2020,1.75,2.03,False,
2024-12-01,2024,12,Dec,Outside Perimeter,Outside Perimeter,neighborhood,,total,177.0,POST2020,1.75,2.03,False,
2025-01-01,2025,1,Jan,East Village - North East,North East EV,ev_subarea,East Village,total,84.0,POST2020,1.75,2.03,False,
2025-01-01,2025,1,Jan,East Village - North West,North West EV,ev_subarea,East Village,total,47.0,POST2020,1.75,2.03,False,
2025-01-01,2025,1,Jan,East Village - South East,South East EV,ev_subarea,East Village,total,262.0,POST2020,1.75,2.03,False,
2025-01-01,2025,1,Jan,East Village - South West,South West EV,ev_subarea,East Village,total,43.0,POST2020,1.75,2.03,False,
2025-01-01,2025,1,Jan,City Center,City Center,neighborhood,,individual,165.0,POST2020,1.75,2.03,False,
2025-01-01,2025,1,Jan,City Center,City Center,neighborhood,,tent,8.0,POST2020,1.75,2.03,False,
2025-01-01,2025,1,Jan,City Center,City Center,neighborhood,,total,179.0,POST2020,1.75,2.03,False,
2025-01-01,2025,1,Jan,City Center,City Center,neighborhood,,vehicle,0.0,POST2020,1.75,2.03,False,
2025-01-01,2025,1,Jan,Columbia,Columbia,neighborhood,,individual,32.0,POST2020,1.75,2.03,False,
2025-01-01,2025,1,Jan,Columbia,Columbia,neighborhood,,tent,3.0,POST2020,1.75,2.03,False,
2025-01-01,2025,1,Jan,Columbia,Columbia,neighborhood,,total,37.0,POST2020,1.75,2.03,False,
2025-01-01,2025,1,Jan,Columbia,Columbia,neighborhood,,vehicle,0.0,POST2020,1.75,2.03,False,
2025-01-01,2025,1,Jan,Cortez,Cortez,neighborhood,,individual,44.0,POST2020,1.75,2.03,False,
2025-01-01,2025,1,Jan,Cortez,Cortez,neighborhood,,tent,2.0,POST2020,1.75,2.03,False,
2025-01-01,2025,1,Jan,Cortez,Cortez,neighborhood,,total,50.0,POST2020,1.75,2.03,False,
2025-01-01,2025,1,Jan,Cortez,Cortez,neighborhood,,vehicle,1.0,POST2020,1.75,2.03,False,
2025-01-01,2025,1,Jan,East Village,East Village,neighborhood,,individual,245.0,POST2020,1.75,2.03,False,
2025-01-01,2025,1,Jan,East Village,East Village,neighborhood,,tent,104.0,POST2020,1.75,2.03,False,
2025-01-01,2025,1,Jan,East Village,East Village,neighborhood,,total,435.0,POST2020,1.75,2.03,False,
2025-01-01,2025,1,Jan,East Village,East Village,neighborhood,,vehicle,4.0,POST2020,1.75,2.03,False,corrected_from_blocklevel
2025-01-01,2025,1,Jan,Gaslamp,Gaslamp,neighborhood,,individual,41.0,POST2020,1.75,2.03,False,
2025-01-01,2025,1,Jan,Gaslamp,Gaslamp,neighborhood,,tent,0.0,POST2020,1.75,2.03,False,
2025-01-01,2025,1,Jan,Gaslamp,Gaslamp,neighborhood,,total,41.0,POST2020,1.75,2.03,False,
2025-01-01,2025,1,Jan,Gaslamp,Gaslamp,neighborhood,,vehicle,0.0,POST2020,1.75,2.03,False,
2025-01-01,2025,1,Jan,Marina,Marina,neighborhood,,individual,17.0,POST2020,1.75,2.03,False,
2025-01-01,2025,1,Jan,Marina,Marina,neighborhood,,tent,0.0,POST2020,1.75,2.03,False,
2025-01-01,2025,1,Jan,Marina,Marina,neighborhood,,total,17.0,POST2020,1.75,2.03,False,
2025-01-01,2025,1,Jan,Marina,Marina,neighborhood,,vehicle,0.0,POST2020,1.75,2.03,False,
2025-01-01,2025,1,Jan,Outside Perimeter,Outside Perimeter,neighborhood,,total,84.0,POST2020,1.75,2.03,False,
2025-02-01,2025,2,Feb,East Village - North East,North East EV,ev_subarea,East Village,total,61.0,POST2020,1.75,2.03,False,
2025-02-01,2025,2,Feb,East Village - North West,North West EV,ev_subarea,East Village,total,75.0,POST2020,1.75,2.03,False,
2025-02-01,2025,2,Feb,East Village - South East,South East EV,ev_subarea,East Village,total,215.0,POST2020,1.75,2.03,False,
2025-02-01,2025,2,Feb,East Village - South West,South West EV,ev_subarea,East Village,total,57.0,POST2020,1.75,2.03,False,
2025-02-01,2025,2,Feb,City Center,City Center,neighborhood,,individual,158.0,POST2020,1.75,2.03,False,
2025-02-01,2025,2,Feb,City Center,City Center,neighborhood,,tent,10.0,POST2020,1.75,2.03,False,
2025-02-01,2025,2,Feb,City Center,City Center,neighborhood,,total,176.0,POST2020,1.75,2.03,False,
2025-02-01,2025,2,Feb,City Center,City Center,neighborhood,,vehicle,0.0,POST2020,1.75,2.03,False,
2025-02-01,2025,2,Feb,Columbia,Columbia,neighborhood,,individual,39.0,POST2020,1.75,2.03,False,
2025-02-01,2025,2,Feb,Columbia,Columbia,neighborhood,,tent,0.0,POST2020,1.75,2.03,False,
2025-02-01,2025,2,Feb,Columbia,Columbia,neighborhood,,total,39.0,POST2020,1.75,2.03,False,
2025-02-01,2025,2,Feb,Columbia,Columbia,neighborhood,,vehicle,0.0,POST2020,1.75,2.03,False,
2025-02-01,2025,2,Feb,Cortez,Cortez,neighborhood,,individual,49.0,POST2020,1.75,2.03,False,
2025-02-01,2025,2,Feb,Cortez,Cortez,neighborhood,,tent,8.0,POST2020,1.75,2.03,False,
2025-02-01,2025,2,Feb,Cortez,Cortez,neighborhood,,total,63.0,POST2020,1.75,2.03,False,
2025-02-01,2025,2,Feb,Cortez,Cortez,neighborhood,,vehicle,0.0,POST2020,1.75,2.03,False,
2025-02-01,2025,2,Feb,East Village,East Village,neighborhood,,individual,294.0,POST2020,1.75,2.03,False,component_total_mismatch
2025-02-01,2025,2,Feb,East Village,East Village,neighborhood,,tent,60.0,POST2020,1.75,2.03,False,component_total_mismatch
2025-02-01,2025,2,Feb,East Village,East Village,neighborhood,,total,409.0,POST2020,1.75,2.03,False,component_total_mismatch
2025-02-01,2025,2,Feb,East Village,East Village,neighborhood,,vehicle,6.0,POST2020,1.75,2.03,False,component_total_mismatch
2025-02-01,2025,2,Feb,Gaslamp,Gaslamp,neighborhood,,individual,27.0,POST2020,1.75,2.03,False,
2025-02-01,2025,2,Feb,Gaslamp,Gaslamp,neighborhood,,tent,0.0,POST2020,1.75,2.03,False,
2025-02-01,2025,2,Feb,Gaslamp,Gaslamp,neighborhood,,total,27.0,POST2020,1.75,2.03,False,
2025-02-01,2025,2,Feb,Gaslamp,Gaslamp,neighborhood,,vehicle,0.0,POST2020,1.75,2.03,False,
2025-02-01,2025,2,Feb,Marina,Marina,neighborhood,,individual,13.0,POST2020,1.75,2.03,False,
2025-02-01,2025,2,Feb,Marina,Marina,neighborhood,,tent,2.0,POST2020,1.75,2.03,False,
2025-02-01,2025,2,Feb,Marina,Marina,neighborhood,,total,17.0,POST2020,1.75,2.03,False,
2025-02-01,2025,2,Feb,Marina,Marina,neighborhood,,vehicle,0.0,POST2020,1.75,2.03,False,
2025-02-01,2025,2,Feb,Outside Perimeter,Outside Perimeter,neighborhood,,total,253.0,POST2020,1.75,2.03,False,
2025-03-01,2025,3,Mar,East Village - North East,North East EV,ev_subarea,East Village,total,56.0,POST2020,1.75,2.03,False,
2025-03-01,2025,3,Mar,East Village - North West,North West EV,ev_subarea,East Village,total,101.0,POST2020,1.75,2.03,False,
2025-03-01,2025,3,Mar,East Village - South East,South East EV,ev_subarea,East Village,total,61.0,POST2020,1.75,2.03,False,
2025-03-01,2025,3,Mar,East Village - South West,South West EV,ev_subarea,East Village,total,196.0,POST2020,1.75,2.03,False,
2025-03-01,2025,3,Mar,City Center,City Center,neighborhood,,individual,147.0,POST2020,1.75,2.03,False,
2025-03-01,2025,3,Mar,City Center,City Center,neighborhood,,tent,8.0,POST2020,1.75,2.03,False,
2025-03-01,2025,3,Mar,City Center,City Center,neighborhood,,total,161.0,POST2020,1.75,2.03,False,
2025-03-01,2025,3,Mar,City Center,City Center,neighborhood,,vehicle,0.0,POST2020,1.75,2.03,False,
2025-03-01,2025,3,Mar,Columbia,Columbia,neighborhood,,individual,14.0,POST2020,1.75,2.03,False,
2025-03-01,2025,3,Mar,Columbia,Columbia,neighborhood,,tent,0.0,POST2020,1.75,2.03,False,
2025-03-01,2025,3,Mar,Columbia,Columbia,neighborhood,,total,14.0,POST2020,1.75,2.03,False,
2025-03-01,2025,3,Mar,Columbia,Columbia,neighborhood,,vehicle,0.0,POST2020,1.75,2.03,False,
2025-03-01,2025,3,Mar,Cortez,Cortez,neighborhood,,individual,22.0,POST2020,1.75,2.03,False,
2025-03-01,2025,3,Mar,Cortez,Cortez,neighborhood,,tent,7.0,POST2020,1.75,2.03,False,
2025-03-01,2025,3,Mar,Cortez,Cortez,neighborhood,,total,34.0,POST2020,1.75,2.03,False,
2025-03-01,2025,3,Mar,Cortez,Cortez,neighborhood,,vehicle,0.0,POST2020,1.75,2.03,False,
2025-03-01,2025,3,Mar,East Village,East Village,neighborhood,,individual,288.0,POST2020,1.75,2.03,False,
2025-03-01,2025,3,Mar,East Village,East Village,neighborhood,,tent,67.0,POST2020,1.75,2.03,False,
2025-03-01,2025,3,Mar,East Village,East Village,neighborhood,,total,413.0,POST2020,1.75,2.03,False,
2025-03-01,2025,3,Mar,East Village,East Village,neighborhood,,vehicle,4.0,POST2020,1.75,2.03,False,
2025-03-01,2025,3,Mar,Gaslamp,Gaslamp,neighborhood,,individual,30.0,POST2020,1.75,2.03,False,
2025-03-01,2025,3,Mar,Gaslamp,Gaslamp,neighborhood,,tent,1.0,POST2020,1.75,2.03,False,
2025-03-01,2025,3,Mar,Gaslamp,Gaslamp,neighborhood,,total,32.0,POST2020,1.75,2.03,False,
2025-03-01,2025,3,Mar,Gaslamp,Gaslamp,neighborhood,,vehicle,0.0,POST2020,1.75,2.03,False,
2025-03-01,2025,3,Mar,Marina,Marina,neighborhood,,individual,14.0,POST2020,1.75,2.03,False,
2025-03-01,2025,3,Mar,Marina,Marina,neighborhood,,tent,0.0,POST2020,1.75,2.03,False,
2025-03-01,2025,3,Mar,Marina,Marina,neighborhood,,total,16.0,POST2020,1.75,2.03,False,
2025-03-01,2025,3,Mar,Marina,Marina,neighborhood,,vehicle,1.0,POST2020,1.75,2.03,False,
2025-03-01,2025,3,Mar,Outside Perimeter,Outside Perimeter,neighborhood,,total,141.0,POST2020,1.75,2.03,False,
2025-04-01,2025,4,Apr,East Village - North East,North East EV,ev_subarea,East Village,total,264.0,POST2020,1.75,2.03,False,
2025-04-01,2025,4,Apr,East Village - North West,North West EV,ev_subarea,East Village,total,53.0,POST2020,1.75,2.03,False,
2025-04-01,2025,4,Apr,East Village - South East,South East EV,ev_subarea,East Village,total,43.0,POST2020,1.75,2.03,False,
2025-04-01,2025,4,Apr,East Village - South West,South West EV,ev_subarea,East Village,total,41.0,POST2020,1.75,2.03,False,
2025-04-01,2025,4,Apr,City Center,City Center,neighborhood,,individual,140.0,POST2020,1.75,2.03,False,
2025-04-01,2025,4,Apr,City Center,City Center,neighborhood,,tent,8.0,POST2020,1.75,2.03,False,
2025-04-01,2025,4,Apr,City Center,City Center,neighborhood,,total,154.0,POST2020,1.75,2.03,False,
2025-04-01,2025,4,Apr,City Center,City Center,neighborhood,,vehicle,0.0,POST2020,1.75,2.03,False,
2025-04-01,2025,4,Apr,Columbia,Columbia,neighborhood,,individual,27.0,POST2020,1.75,2.03,False,
2025-04-01,2025,4,Apr,Columbia,Columbia,neighborhood,,tent,1.0,POST2020,1.75,2.03,False,
2025-04-01,2025,4,Apr,Columbia,Columbia,neighborhood,,total,29.0,POST2020,1.75,2.03,False,
2025-04-01,2025,4,Apr,Columbia,Columbia,neighborhood,,vehicle,0.0,POST2020,1.75,2.03,False,
2025-04-01,2025,4,Apr,Cortez,Cortez,neighborhood,,individual,49.0,POST2020,1.75,2.03,False,
2025-04-01,2025,4,Apr,Cortez,Cortez,neighborhood,,tent,15.0,POST2020,1.75,2.03,False,
2025-04-01,2025,4,Apr,Cortez,Cortez,neighborhood,,total,77.0,POST2020,1.75,2.03,False,
2025-04-01,2025,4,Apr,Cortez,Cortez,neighborhood,,vehicle,1.0,POST2020,1.75,2.03,False,
2025-04-01,2025,4,Apr,East Village,East Village,neighborhood,,individual,303.0,POST2020,1.75,2.03,False,
2025-04-01,2025,4,Apr,East Village,East Village,neighborhood,,tent,48.0,POST2020,1.75,2.03,False,
2025-04-01,2025,4,Apr,East Village,East Village,neighborhood,,total,401.0,POST2020,1.75,2.03,False,
2025-04-01,2025,4,Apr,East Village,East Village,neighborhood,,vehicle,7.0,POST2020,1.75,2.03,False,
2025-04-01,2025,4,Apr,Gaslamp,Gaslamp,neighborhood,,individual,40.0,POST2020,1.75,2.03,False,
2025-04-01,2025,4,Apr,Gaslamp,Gaslamp,neighborhood,,tent,0.0,POST2020,1.75,2.03,False,
2025-04-01,2025,4,Apr,Gaslamp,Gaslamp,neighborhood,,total,40.0,POST2020,1.75,2.03,False,
2025-04-01,2025,4,Apr,Gaslamp,Gaslamp,neighborhood,,vehicle,0.0,POST2020,1.75,2.03,False,
2025-04-01,2025,4,Apr,Marina,Marina,neighborhood,,individual,5.0,POST2020,1.75,2.03,False,
2025-04-01,2025,4,Apr,Marina,Marina,neighborhood,,tent,1.0,POST2020,1.75,2.03,False,
2025-04-01,2025,4,Apr,Marina,Marina,neighborhood,,total,7.0,POST2020,1.75,2.03,False,
2025-04-01,2025,4,Apr,Marina,Marina,neighborhood,,vehicle,0.0,POST2020,1.75,2.03,False,
2025-04-01,2025,4,Apr,Outside Perimeter,Outside Perimeter,neighborhood,,total,194.0,POST2020,1.75,2.03,False,
2025-05-01,2025,5,May,East Village - North East,North East EV,ev_subarea,East Village,total,60.0,POST2020,1.75,2.03,False,
2025-05-01,2025,5,May,East Village - North West,North West EV,ev_subarea,East Village,total,64.0,POST2020,1.75,2.03,False,
2025-05-01,2025,5,May,East Village - South East,South East EV,ev_subarea,East Village,total,232.0,POST2020,1.75,2.03,False,
2025-05-01,2025,5,May,East Village - South West,South West EV,ev_subarea,East Village,total,50.0,POST2020,1.75,2.03,False,
2025-05-01,2025,5,May,City Center,City Center,neighborhood,,individual,110.0,POST2020,1.75,2.03,False,
2025-05-01,2025,5,May,City Center,City Center,neighborhood,,tent,18.0,POST2020,1.75,2.03,False,
2025-05-01,2025,5,May,City Center,City Center,neighborhood,,total,148.0,POST2020,1.75,2.03,False,
2025-05-01,2025,5,May,City Center,City Center,neighborhood,,vehicle,3.0,POST2020,1.75,2.03,False,
2025-05-01,2025,5,May,Columbia,Columbia,neighborhood,,individual,28.0,POST2020,1.75,2.03,False,
2025-05-01,2025,5,May,Columbia,Columbia,neighborhood,,tent,3.0,POST2020,1.75,2.03,False,
2025-05-01,2025,5,May,Columbia,Columbia,neighborhood,,total,33.0,POST2020,1.75,2.03,False,
2025-05-01,2025,5,May,Columbia,Columbia,neighborhood,,vehicle,0.0,POST2020,1.75,2.03,False,
2025-05-01,2025,5,May,Cortez,Cortez,neighborhood,,individual,53.0,POST2020,1.75,2.03,False,
2025-05-01,2025,5,May,Cortez,Cortez,neighborhood,,tent,11.0,POST2020,1.75,2.03,False,
2025-05-01,2025,5,May,Cortez,Cortez,neighborhood,,total,74.0,POST2020,1.75,2.03,False,
2025-05-01,2025,5,May,Cortez,Cortez,neighborhood,,vehicle,1.0,POST2020,1.75,2.03,False,
2025-05-01,2025,5,May,East Village,East Village,neighborhood,,individual,318.0,POST2020,1.75,2.03,False,
2025-05-01,2025,5,May,East Village,East Village,neighborhood,,tent,46.0,POST2020,1.75,2.03,False,
2025-05-01,2025,5,May,East Village,East Village,neighborhood,,total,405.0,POST2020,1.75,2.03,False,
2025-05-01,2025,5,May,East Village,East Village,neighborhood,,vehicle,3.0,POST2020,1.75,2.03,False,
2025-05-01,2025,5,May,Gaslamp,Gaslamp,neighborhood,,individual,23.0,POST2020,1.75,2.03,False,
2025-05-01,2025,5,May,Gaslamp,Gaslamp,neighborhood,,tent,0.0,POST2020,1.75,2.03,False,
2025-05-01,2025,5,May,Gaslamp,Gaslamp,neighborhood,,total,23.0,POST2020,1.75,2.03,False,
2025-05-01,2025,5,May,Gaslamp,Gaslamp,neighborhood,,vehicle,0.0,POST2020,1.75,2.03,False,
2025-05-01,2025,5,May,Marina,Marina,neighborhood,,individual,6.0,POST2020,1.75,2.03,False,
2025-05-01,2025,5,May,Marina,Marina,neighborhood,,tent,1.0,POST2020,1.75,2.03,False,
2025-05-01,2025,5,May,Marina,Marina,neighborhood,,total,8.0,POST2020,1.75,2.03,False,
2025-05-01,2025,5,May,Marina,Marina,neighborhood,,vehicle,0.0,POST2020,1.75,2.03,False,
2025-05-01,2025,5,May,Outside Perimeter,Outside Perimeter,neighborhood,,total,147.0,POST2020,1.75,2.03,False,
2025-06-01,2025,6,Jun,East Village - North East,North East EV,ev_subarea,East Village,total,54.0,POST2020,1.75,2.03,False,
2025-06-01,2025,6,Jun,East Village - North West,North West EV,ev_subarea,East Village,total,63.0,POST2020,1.75,2.03,False,
2025-06-01,2025,6,Jun,East Village - South East,South East EV,ev_subarea,East Village,total,248.0,POST2020,1.75,2.03,False,
2025-06-01,2025,6,Jun,East Village - South West,South West EV,ev_subarea,East Village,total,42.0,POST2020,1.75,2.03,False,
2025-06-01,2025,6,Jun,City Center,City Center,neighborhood,,individual,117.0,POST2020,1.75,2.03,False,
2025-06-01,2025,6,Jun,City Center,City Center,neighborhood,,tent,7.0,POST2020,1.75,2.03,False,
2025-06-01,2025,6,Jun,City Center,City Center,neighborhood,,total,129.0,POST2020,1.75,2.03,False,
2025-06-01,2025,6,Jun,City Center,City Center,neighborhood,,vehicle,0.0,POST2020,1.75,2.03,False,
2025-06-01,2025,6,Jun,Columbia,Columbia,neighborhood,,individual,14.0,POST2020,1.75,2.03,False,
2025-06-01,2025,6,Jun,Columbia,Columbia,neighborhood,,tent,4.0,POST2020,1.75,2.03,False,
2025-06-01,2025,6,Jun,Columbia,Columbia,neighborhood,,total,21.0,POST2020,1.75,2.03,False,
2025-06-01,2025,6,Jun,Columbia,Columbia,neighborhood,,vehicle,0.0,POST2020,1.75,2.03,False,
2025-06-01,2025,6,Jun,Cortez,Cortez,neighborhood,,individual,35.0,POST2020,1.75,2.03,False,
2025-06-01,2025,6,Jun,Cortez,Cortez,neighborhood,,tent,5.0,POST2020,1.75,2.03,False,
2025-06-01,2025,6,Jun,Cortez,Cortez,neighborhood,,total,44.0,POST2020,1.75,2.03,False,
2025-06-01,2025,6,Jun,Cortez,Cortez,neighborhood,,vehicle,0.0,POST2020,1.75,2.03,False,
2025-06-01,2025,6,Jun,East Village,East Village,neighborhood,,individual,291.0,POST2020,1.75,2.03,False,
2025-06-01,2025,6,Jun,East Village,East Village,neighborhood,,tent,62.0,POST2020,1.75,2.03,False,
2025-06-01,2025,6,Jun,East Village,East Village,neighborhood,,total,408.0,POST2020,1.75,2.03,False,
2025-06-01,2025,6,Jun,East Village,East Village,neighborhood,,vehicle,4.0,POST2020,1.75,2.03,False,
2025-06-01,2025,6,Jun,Gaslamp,Gaslamp,neighborhood,,individual,38.0,POST2020,1.75,2.03,False,
2025-06-01,2025,6,Jun,Gaslamp,Gaslamp,neighborhood,,tent,1.0,POST2020,1.75,2.03,False,
2025-06-01,2025,6,Jun,Gaslamp,Gaslamp,neighborhood,,total,40.0,POST2020,1.75,2.03,False,
2025-06-01,2025,6,Jun,Gaslamp,Gaslamp,neighborhood,,vehicle,0.0,POST2020,1.75,2.03,False,
2025-06-01,2025,6,Jun,Marina,Marina,neighborhood,,individual,11.0,POST2020,1.75,2.03,False,
2025-06-01,2025,6,Jun,Marina,Marina,neighborhood,,tent,0.0,POST2020,1.75,2.03,False,
2025-06-01,2025,6,Jun,Marina,Marina,neighborhood,,total,11.0,POST2020,1.75,2.03,False,
2025-06-01,2025,6,Jun,Marina,Marina,neighborhood,,vehicle,0.0,POST2020,1.75,2.03,False,
2025-06-01,2025,6,Jun,Outside Perimeter,Outside Perimeter,neighborhood,,total,104.0,POST2020,1.75,2.03,False,
2025-07-01,2025,7,Jul,East Village - North East,North East EV,ev_subarea,East Village,total,,POST2020,1.75,2.03,False,not_reported
2025-07-01,2025,7,Jul,East Village - North West,North West EV,ev_subarea,East Village,total,,POST2020,1.75,2.03,False,not_reported
2025-07-01,2025,7,Jul,East Village - South East,South East EV,ev_subarea,East Village,total,,POST2020,1.75,2.03,False,not_reported
2025-07-01,2025,7,Jul,East Village - South West,South West EV,ev_subarea,East Village,total,,POST2020,1.75,2.03,False,not_reported
2025-07-01,2025,7,Jul,City Center,City Center,neighborhood,,individual,,POST2020,1.75,2.03,False,not_reported
2025-07-01,2025,7,Jul,City Center,City Center,neighborhood,,tent,,POST2020,1.75,2.03,False,not_reported
2025-07-01,2025,7,Jul,City Center,City Center,neighborhood,,total,,POST2020,1.75,2.03,False,not_reported
2025-07-01,2025,7,Jul,City Center,City Center,neighborhood,,vehicle,,POST2020,1.75,2.03,False,not_reported
2025-07-01,2025,7,Jul,Columbia,Columbia,neighborhood,,individual,,POST2020,1.75,2.03,False,not_reported
2025-07-01,2025,7,Jul,Columbia,Columbia,neighborhood,,tent,,POST2020,1.75,2.03,False,not_reported
2025-07-01,2025,7,Jul,Columbia,Columbia,neighborhood,,total,,POST2020,1.75,2.03,False,not_reported
2025-07-01,2025,7,Jul,Columbia,Columbia,neighborhood,,vehicle,,POST2020,1.75,2.03,False,not_reported
2025-07-01,2025,7,Jul,Cortez,Cortez,neighborhood,,individual,,POST2020,1.75,2.03,False,not_reported
2025-07-01,2025,7,Jul,Cortez,Cortez,neighborhood,,tent,,POST2020,1.75,2.03,False,not_reported
2025-07-01,2025,7,Jul,Cortez,Cortez,neighborhood,,total,,POST2020,1.75,2.03,False,not_reported
2025-07-01,2025,7,Jul,Cortez,Cortez,neighborhood,,vehicle,,POST2020,1.75,2.03,False,not_reported
2025-07-01,2025,7,Jul,East Village,East Village,neighborhood,,individual,,POST2020,1.75,2.03,False,not_reported
2025-07-01,2025,7,Jul,East Village,East Village,neighborhood,,tent,,POST2020,1.75,2.03,False,not_reported
2025-07-01,2025,7,Jul,East Village,East Village,neighborhood,,total,,POST2020,1.75,2.03,False,not_reported
2025-07-01,2025,7,Jul,East Village,East Village,neighborhood,,vehicle,,POST2020,1.75,2.03,False,not_reported
2025-07-01,2025,7,Jul,Gaslamp,Gaslamp,neighborhood,,individual,,POST2020,1.75,2.03,False,not_reported
2025-07-01,2025,7,Jul,Gaslamp,Gaslamp,neighborhood,,tent,,POST2020,1.75,2.03,False,not_reported
2025-07-01,2025,7,Jul,Gaslamp,Gaslamp,neighborhood,,total,,POST2020,1.75,2.03,False,not_reported
2025-07-01,2025,7,Jul,Gaslamp,Gaslamp,neighborhood,,vehicle,,POST2020,1.75,2.03,False,not_reported
2025-07-01,2025,7,Jul,Marina,Marina,neighborhood,,individual,,POST2020,1.75,2.03,False,not_reported
2025-07-01,2025,7,Jul,Marina,Marina,neighborhood,,tent,,POST2020,1.75,2.03,False,not_reported
2025-07-01,2025,7,Jul,Marina,Marina,neighborhood,,total,,POST2020,1.75,2.03,False,not_reported
2025-07-01,2025,7,Jul,Marina,Marina,neighborhood,,vehicle,,POST2020,1.75,2.03,False,not_reported
2025-07-01,2025,7,Jul,Outside Perimeter,Outside Perimeter,neighborhood,,total,,POST2020,1.75,2.03,False,not_reported
2025-08-01,2025,8,Aug,East Village - North East,North East EV,ev_subarea,East Village,total,,POST2020,1.75,2.03,False,not_reported
2025-08-01,2025,8,Aug,East Village - North West,North West EV,ev_subarea,East Village,total,,POST2020,1.75,2.03,False,not_reported
2025-08-01,2025,8,Aug,East Village - South East,South East EV,ev_subarea,East Village,total,,POST2020,1.75,2.03,False,not_reported
2025-08-01,2025,8,Aug,East Village - South West,South West EV,ev_subarea,East Village,total,,POST2020,1.75,2.03,False,not_reported
2025-08-01,2025,8,Aug,City Center,City Center,neighborhood,,individual,,POST2020,1.75,2.03,False,not_reported
2025-08-01,2025,8,Aug,City Center,City Center,neighborhood,,tent,,POST2020,1.75,2.03,False,not_reported
2025-08-01,2025,8,Aug,City Center,City Center,neighborhood,,total,,POST2020,1.75,2.03,False,not_reported
2025-08-01,2025,8,Aug,City Center,City Center,neighborhood,,vehicle,,POST2020,1.75,2.03,False,not_reported
2025-08-01,2025,8,Aug,Columbia,Columbia,neighborhood,,individual,,POST2020,1.75,2.03,False,not_reported
2025-08-01,2025,8,Aug,Columbia,Columbia,neighborhood,,tent,,POST2020,1.75,2.03,False,not_reported
2025-08-01,2025,8,Aug,Columbia,Columbia,neighborhood,,total,,POST2020,1.75,2.03,False,not_reported
2025-08-01,2025,8,Aug,Columbia,Columbia,neighborhood,,vehicle,,POST2020,1.75,2.03,False,not_reported
2025-08-01,2025,8,Aug,Cortez,Cortez,neighborhood,,individual,,POST2020,1.75,2.03,False,not_reported
2025-08-01,2025,8,Aug,Cortez,Cortez,neighborhood,,tent,,POST2020,1.75,2.03,False,not_reported
2025-08-01,2025,8,Aug,Cortez,Cortez,neighborhood,,total,,POST2020,1.75,2.03,False,not_reported
2025-08-01,2025,8,Aug,Cortez,Cortez,neighborhood,,vehicle,,POST2020,1.75,2.03,False,not_reported
2025-08-01,2025,8,Aug,East Village,East Village,neighborhood,,individual,,POST2020,1.75,2.03,False,not_reported
2025-08-01,2025,8,Aug,East Village,East Village,neighborhood,,tent,,POST2020,1.75,2.03,False,not_reported
2025-08-01,2025,8,Aug,East Village,East Village,neighborhood,,total,,POST2020,1.75,2.03,False,not_reported
2025-08-01,2025,8,Aug,East Village,East Village,neighborhood,,vehicle,,POST2020,1.75,2.03,False,not_reported
2025-08-01,2025,8,Aug,Gaslamp,Gaslamp,neighborhood,,individual,,POST2020,1.75,2.03,False,not_reported
2025-08-01,2025,8,Aug,Gaslamp,Gaslamp,neighborhood,,tent,,POST2020,1.75,2.03,False,not_reported
2025-08-01,2025,8,Aug,Gaslamp,Gaslamp,neighborhood,,total,,POST2020,1.75,2.03,False,not_reported
2025-08-01,2025,8,Aug,Gaslamp,Gaslamp,neighborhood,,vehicle,,POST2020,1.75,2.03,False,not_reported
2025-08-01,2025,8,Aug,Marina,Marina,neighborhood,,individual,,POST2020,1.75,2.03,False,not_reported
2025-08-01,2025,8,Aug,Marina,Marina,neighborhood,,tent,,POST2020,1.75,2.03,False,not_reported
2025-08-01,2025,8,Aug,Marina,Marina,neighborhood,,total,,POST2020,1.75,2.03,False,not_reported
2025-08-01,2025,8,Aug,Marina,Marina,neighborhood,,vehicle,,POST2020,1.75,2.03,False,not_reported
2025-08-01,2025,8,Aug,Outside Perimeter,Outside Perimeter,neighborhood,,total,,POST2020,1.75,2.03,False,not_reported
2025-09-01,2025,9,Sep,East Village - North East,North East EV,ev_subarea,East Village,total,24.0,POST2020,1.75,2.03,False,
2025-09-01,2025,9,Sep,East Village - North West,North West EV,ev_subarea,East Village,total,96.0,POST2020,1.75,2.03,False,
2025-09-01,2025,9,Sep,East Village - South East,South East EV,ev_subarea,East Village,total,238.0,POST2020,1.75,2.03,False,
2025-09-01,2025,9,Sep,East Village - South West,South West EV,ev_subarea,East Village,total,49.0,POST2020,1.75,2.03,False,
2025-09-01,2025,9,Sep,City Center,City Center,neighborhood,,individual,107.0,POST2020,1.75,2.03,False,
2025-09-01,2025,9,Sep,City Center,City Center,neighborhood,,tent,10.0,POST2020,1.75,2.03,False,
2025-09-01,2025,9,Sep,City Center,City Center,neighborhood,,total,125.0,POST2020,1.75,2.03,False,
2025-09-01,2025,9,Sep,City Center,City Center,neighborhood,,vehicle,0.0,POST2020,1.75,2.03,False,
2025-09-01,2025,9,Sep,Columbia,Columbia,neighborhood,,individual,25.0,POST2020,1.75,2.03,False,
2025-09-01,2025,9,Sep,Columbia,Columbia,neighborhood,,tent,2.0,POST2020,1.75,2.03,False,
2025-09-01,2025,9,Sep,Columbia,Columbia,neighborhood,,total,31.0,POST2020,1.75,2.03,False,
2025-09-01,2025,9,Sep,Columbia,Columbia,neighborhood,,vehicle,1.0,POST2020,1.75,2.03,False,
2025-09-01,2025,9,Sep,Cortez,Cortez,neighborhood,,individual,32.0,POST2020,1.75,2.03,False,
2025-09-01,2025,9,Sep,Cortez,Cortez,neighborhood,,tent,6.0,POST2020,1.75,2.03,False,
2025-09-01,2025,9,Sep,Cortez,Cortez,neighborhood,,total,45.0,POST2020,1.75,2.03,False,
2025-09-01,2025,9,Sep,Cortez,Cortez,neighborhood,,vehicle,1.0,POST2020,1.75,2.03,False,
2025-09-01,2025,9,Sep,East Village,East Village,neighborhood,,individual,283.0,POST2020,1.75,2.03,False,component_total_mismatch
2025-09-01,2025,9,Sep,East Village,East Village,neighborhood,,tent,60.0,POST2020,1.75,2.03,False,component_total_mismatch
2025-09-01,2025,9,Sep,East Village,East Village,neighborhood,,total,445.0,POST2020,1.75,2.03,False,component_total_mismatch
2025-09-01,2025,9,Sep,East Village,East Village,neighborhood,,vehicle,9.0,POST2020,1.75,2.03,False,component_total_mismatch
2025-09-01,2025,9,Sep,Gaslamp,Gaslamp,neighborhood,,individual,52.0,POST2020,1.75,2.03,False,
2025-09-01,2025,9,Sep,Gaslamp,Gaslamp,neighborhood,,tent,0.0,POST2020,1.75,2.03,False,
2025-09-01,2025,9,Sep,Gaslamp,Gaslamp,neighborhood,,total,52.0,POST2020,1.75,2.03,False,
2025-09-01,2025,9,Sep,Gaslamp,Gaslamp,neighborhood,,vehicle,0.0,POST2020,1.75,2.03,False,
2025-09-01,2025,9,Sep,Marina,Marina,neighborhood,,individual,24.0,POST2020,1.75,2.03,False,
2025-09-01,2025,9,Sep,Marina,Marina,neighborhood,,tent,0.0,POST2020,1.75,2.03,False,
2025-09-01,2025,9,Sep,Marina,Marina,neighborhood,,total,24.0,POST2020,1.75,2.03,False,
2025-09-01,2025,9,Sep,Marina,Marina,neighborhood,,vehicle,0.0,POST2020,1.75,2.03,False,
2025-09-01,2025,9,Sep,Outside Perimeter,Outside Perimeter,neighborhood,,total,65.0,POST2020,1.75,2.03,False,
2025-10-01,2025,10,Oct,East Village - North East,North East EV,ev_subarea,East Village,total,,POST2020,1.75,2.03,False,not_reported
2025-10-01,2025,10,Oct,East Village - North West,North West EV,ev_subarea,East Village,total,,POST2020,1.75,2.03,False,not_reported
2025-10-01,2025,10,Oct,East Village - South East,South East EV,ev_subarea,East Village,total,,POST2020,1.75,2.03,False,not_reported
2025-10-01,2025,10,Oct,East Village - South West,South West EV,ev_subarea,East Village,total,,POST2020,1.75,2.03,False,not_reported
2025-10-01,2025,10,Oct,City Center,City Center,neighborhood,,individual,,POST2020,1.75,2.03,False,not_reported
2025-10-01,2025,10,Oct,City Center,City Center,neighborhood,,tent,,POST2020,1.75,2.03,False,not_reported
2025-10-01,2025,10,Oct,City Center,City Center,neighborhood,,total,,POST2020,1.75,2.03,False,not_reported
2025-10-01,2025,10,Oct,City Center,City Center,neighborhood,,vehicle,,POST2020,1.75,2.03,False,not_reported
2025-10-01,2025,10,Oct,Columbia,Columbia,neighborhood,,individual,,POST2020,1.75,2.03,False,not_reported
2025-10-01,2025,10,Oct,Columbia,Columbia,neighborhood,,tent,,POST2020,1.75,2.03,False,not_reported
2025-10-01,2025,10,Oct,Columbia,Columbia,neighborhood,,total,,POST2020,1.75,2.03,False,not_reported
2025-10-01,2025,10,Oct,Columbia,Columbia,neighborhood,,vehicle,,POST2020,1.75,2.03,False,not_reported
2025-10-01,2025,10,Oct,Cortez,Cortez,neighborhood,,individual,,POST2020,1.75,2.03,False,not_reported
2025-10-01,2025,10,Oct,Cortez,Cortez,neighborhood,,tent,,POST2020,1.75,2.03,False,not_reported
2025-10-01,2025,10,Oct,Cortez,Cortez,neighborhood,,total,,POST2020,1.75,2.03,False,not_reported
2025-10-01,2025,10,Oct,Cortez,Cortez,neighborhood,,vehicle,,POST2020,1.75,2.03,False,not_reported
2025-10-01,2025,10,Oct,East Village,East Village,neighborhood,,individual,,POST2020,1.75,2.03,False,not_reported
2025-10-01,2025,10,Oct,East Village,East Village,neighborhood,,tent,,POST2020,1.75,2.03,False,not_reported
2025-10-01,2025,10,Oct,East Village,East Village,neighborhood,,total,,POST2020,1.75,2.03,False,not_reported
2025-10-01,2025,10,Oct,East Village,East Village,neighborhood,,vehicle,,POST2020,1.75,2.03,False,not_reported
2025-10-01,2025,10,Oct,Gaslamp,Gaslamp,neighborhood,,individual,,POST2020,1.75,2.03,False,not_reported
2025-10-01,2025,10,Oct,Gaslamp,Gaslamp,neighborhood,,tent,,POST2020,1.75,2.03,False,not_reported
2025-10-01,2025,10,Oct,Gaslamp,Gaslamp,neighborhood,,total,,POST2020,1.75,2.03,False,not_reported
2025-10-01,2025,10,Oct,Gaslamp,Gaslamp,neighborhood,,vehicle,,POST2020,1.75,2.03,False,not_reported
2025-10-01,2025,10,Oct,Marina,Marina,neighborhood,,individual,,POST2020,1.75,2.03,False,not_reported
2025-10-01,2025,10,Oct,Marina,Marina,neighborhood,,tent,,POST2020,1.75,2.03,False,not_reported
2025-10-01,2025,10,Oct,Marina,Marina,neighborhood,,total,,POST2020,1.75,2.03,False,not_reported
2025-10-01,2025,10,Oct,Marina,Marina,neighborhood,,vehicle,,POST2020,1.75,2.03,False,not_reported
2025-10-01,2025,10,Oct,Outside Perimeter,Outside Perimeter,neighborhood,,total,,POST2020,1.75,2.03,False,not_reported
2025-11-01,2025,11,Nov,East Village - North East,North East EV,ev_subarea,East Village,total,,POST2020,1.75,2.03,False,not_reported
2025-11-01,2025,11,Nov,East Village - North West,North West EV,ev_subarea,East Village,total,,POST2020,1.75,2.03,False,not_reported
2025-11-01,2025,11,Nov,East Village - South East,South East EV,ev_subarea,East Village,total,,POST2020,1.75,2.03,False,not_reported
2025-11-01,2025,11,Nov,East Village - South West,South West EV,ev_subarea,East Village,total,,POST2020,1.75,2.03,False,not_reported
2025-11-01,2025,11,Nov,City Center,City Center,neighborhood,,individual,,POST2020,1.75,2.03,False,not_reported
2025-11-01,2025,11,Nov,City Center,City Center,neighborhood,,tent,,POST2020,1.75,2.03,False,not_reported
2025-11-01,2025,11,Nov,City Center,City Center,neighborhood,,total,,POST2020,1.75,2.03,False,not_reported
2025-11-01,2025,11,Nov,City Center,City Center,neighborhood,,vehicle,,POST2020,1.75,2.03,False,not_reported
2025-11-01,2025,11,Nov,Columbia,Columbia,neighborhood,,individual,,POST2020,1.75,2.03,False,not_reported
2025-11-01,2025,11,Nov,Columbia,Columbia,neighborhood,,tent,,POST2020,1.75,2.03,False,not_reported
2025-11-01,2025,11,Nov,Columbia,Columbia,neighborhood,,total,,POST2020,1.75,2.03,False,not_reported
2025-11-01,2025,11,Nov,Columbia,Columbia,neighborhood,,vehicle,,POST2020,1.75,2.03,False,not_reported
2025-11-01,2025,11,Nov,Cortez,Cortez,neighborhood,,individual,,POST2020,1.75,2.03,False,not_reported
2025-11-01,2025,11,Nov,Cortez,Cortez,neighborhood,,tent,,POST2020,1.75,2.03,False,not_reported
2025-11-01,2025,11,Nov,Cortez,Cortez,neighborhood,,total,,POST2020,1.75,2.03,False,not_reported
2025-11-01,2025,11,Nov,Cortez,Cortez,neighborhood,,vehicle,,POST2020,1.75,2.03,False,not_reported
2025-11-01,2025,11,Nov,East Village,East Village,neighborhood,,individual,,POST2020,1.75,2.03,False,not_reported
2025-11-01,2025,11,Nov,East Village,East Village,neighborhood,,tent,,POST2020,1.75,2.03,False,not_reported
2025-11-01,2025,11,Nov,East Village,East Village,neighborhood,,total,,POST2020,1.75,2.03,False,not_reported
2025-11-01,2025,11,Nov,East Village,East Village,neighborhood,,vehicle,,POST2020,1.75,2.03,False,not_reported
2025-11-01,2025,11,Nov,Gaslamp,Gaslamp,neighborhood,,individual,,POST2020,1.75,2.03,False,not_reported
2025-11-01,2025,11,Nov,Gaslamp,Gaslamp,neighborhood,,tent,,POST2020,1.75,2.03,False,not_reported
2025-11-01,2025,11,Nov,Gaslamp,Gaslamp,neighborhood,,total,,POST2020,1.75,2.03,False,not_reported
2025-11-01,2025,11,Nov,Gaslamp,Gaslamp,neighborhood,,vehicle,,POST2020,1.75,2.03,False,not_reported
2025-11-01,2025,11,Nov,Marina,Marina,neighborhood,,individual,,POST2020,1.75,2.03,False,not_reported
2025-11-01,2025,11,Nov,Marina,Marina,neighborhood,,tent,,POST2020,1.75,2.03,False,not_reported
2025-11-01,2025,11,Nov,Marina,Marina,neighborhood,,total,,POST2020,1.75,2.03,False,not_reported
2025-11-01,2025,11,Nov,Marina,Marina,neighborhood,,vehicle,,POST2020,1.75,2.03,False,not_reported
2025-11-01,2025,11,Nov,Outside Perimeter,Outside Perimeter,neighborhood,,total,,POST2020,1.75,2.03,False,not_reported
2025-12-01,2025,12,Dec,East Village - North East,North East EV,ev_subarea,East Village,total,49.0,POST2020,1.75,2.03,False,
2025-12-01,2025,12,Dec,East Village - North West,North West EV,ev_subarea,East Village,total,119.0,POST2020,1.75,2.03,False,
2025-12-01,2025,12,Dec,East Village - South East,South East EV,ev_subarea,East Village,total,313.0,POST2020,1.75,2.03,False,
2025-12-01,2025,12,Dec,East Village - South West,South West EV,ev_subarea,East Village,total,73.0,POST2020,1.75,2.03,False,
2025-12-01,2025,12,Dec,City Center,City Center,neighborhood,,individual,163.0,POST2020,1.75,2.03,False,
2025-12-01,2025,12,Dec,City Center,City Center,neighborhood,,tent,15.0,POST2020,1.75,2.03,False,
2025-12-01,2025,12,Dec,City Center,City Center,neighborhood,,total,195.0,POST2020,1.75,2.03,False,
2025-12-01,2025,12,Dec,City Center,City Center,neighborhood,,vehicle,3.0,POST2020,1.75,2.03,False,
2025-12-01,2025,12,Dec,Columbia,Columbia,neighborhood,,individual,28.0,POST2020,1.75,2.03,False,
2025-12-01,2025,12,Dec,Columbia,Columbia,neighborhood,,tent,2.0,POST2020,1.75,2.03,False,
2025-12-01,2025,12,Dec,Columbia,Columbia,neighborhood,,total,32.0,POST2020,1.75,2.03,False,
2025-12-01,2025,12,Dec,Columbia,Columbia,neighborhood,,vehicle,0.0,POST2020,1.75,2.03,False,
2025-12-01,2025,12,Dec,Cortez,Cortez,neighborhood,,individual,57.0,POST2020,1.75,2.03,False,
2025-12-01,2025,12,Dec,Cortez,Cortez,neighborhood,,tent,10.0,POST2020,1.75,2.03,False,
2025-12-01,2025,12,Dec,Cortez,Cortez,neighborhood,,total,83.0,POST2020,1.75,2.03,False,
2025-12-01,2025,12,Dec,Cortez,Cortez,neighborhood,,vehicle,4.0,POST2020,1.75,2.03,False,
2025-12-01,2025,12,Dec,East Village,East Village,neighborhood,,individual,313.0,POST2020,1.75,2.03,False,
2025-12-01,2025,12,Dec,East Village,East Village,neighborhood,,tent,122.0,POST2020,1.75,2.03,False,
2025-12-01,2025,12,Dec,East Village,East Village,neighborhood,,total,555.0,POST2020,1.75,2.03,False,
2025-12-01,2025,12,Dec,East Village,East Village,neighborhood,,vehicle,14.0,POST2020,1.75,2.03,False,
2025-12-01,2025,12,Dec,Gaslamp,Gaslamp,neighborhood,,individual,42.0,POST2020,1.75,2.03,False,
2025-12-01,2025,12,Dec,Gaslamp,Gaslamp,neighborhood,,tent,0.0,POST2020,1.75,2.03,False,
2025-12-01,2025,12,Dec,Gaslamp,Gaslamp,neighborhood,,total,42.0,POST2020,1.75,2.03,False,
2025-12-01,2025,12,Dec,Gaslamp,Gaslamp,neighborhood,,vehicle,0.0,POST2020,1.75,2.03,False,
2025-12-01,2025,12,Dec,Marina,Marina,neighborhood,,individual,11.0,POST2020,1.75,2.03,False,
2025-12-01,2025,12,Dec,Marina,Marina,neighborhood,,tent,0.0,POST2020,1.75,2.03,False,
2025-12-01,2025,12,Dec,Marina,Marina,neighborhood,,total,11.0,POST2020,1.75,2.03,False,
2025-12-01,2025,12,Dec,Marina,Marina,neighborhood,,vehicle,0.0,POST2020,1.75,2.03,False,
2025-12-01,2025,12,Dec,Outside Perimeter,Outside Perimeter,neighborhood,,total,68.0,POST2020,1.75,2.03,False,
