{
"type": "FeatureCollection",
"name": "dd",
"crs": { "type": "name", "properties": { "name": "urn:ogc:def:crs:OGC:1.3:CRS84" } },
"features": [
{ "type": "Feature", "properties": { "lon": -117.1579578, "lat": 32.7224837, "neighborhood": "Cortez", "block_id": "08TH_AV_DATE_ST", "st_north": "DATE_ST", "st_east": "08TH_AV", "st_south": "CEDAR_ST", "st_west": "07TH_AV" }, "geometry": { "type": "Polygon", "coordinates": [ [ [ -117.158262259966136, 32.722969746642327 ], [ -117.157485182102903, 32.72297271784965 ], [ -117.157475079732535, 32.721991572882523 ], [ -117.158388671357542, 32.721984847845569 ], [ -117.158394059672219, 32.722823105082526 ], [ -117.158395114103726, 32.722836812807692 ], [ -117.158394488561385, 32.722850537414182 ], [ -117.158392186890993, 32.722864134595014 ], [ -117.158388237490314, 32.722877461665739 ], [ -117.158382680407286, 32.72289036774044 ], [ -117.158375576142589, 32.72290271981722 ], [ -117.158366998025144, 32.722914387505028 ], [ -117.158357040717561, 32.722925240255641 ], [ -117.158345807629885, 32.722935168196379 ], [ -117.158333423496714, 32.722944060395825 ], [ -117.158320016447902, 32.722951824834119 ], [ -117.158305738164174, 32.722958377433891 ], [ -117.158290731895192, 32.72296364409867 ], [ -117.158275161427227, 32.722967576731683 ], [ -117.158262259966136, 32.722969746642327 ] ] ] } },
{ "type": "Feature", "properties": { "lon": -117.1588533, "lat": 32.7214614, "neighborhood": "Cortez", "block_id": "07TH_AV_CEDAR_ST", "st_north": "CEDAR_ST", "st_east": "07TH_AV", "st_south": "BEECH_ST", "st_west": "06TH_AV" }, "geometry": { "type": "Polygon", "coordinates": [ [ [ -117.159297625641855, 32.721978422554173 ], [ -117.158388671357542, 32.721984847845569 ], [ -117.158377879232717, 32.720937743780027 ], [ -117.159301270080149, 32.720936436750506 ], [ -117.159297625641855, 32.721978422554173 ] ] ] } },
{ "type": "Feature", "properties": { "lon": -117.1588123, "lat": 32.7224379, "neighborhood": "Cortez", "block_id": "07TH_AV_I-5_SB", "st_north": "I-5_SB", "st_east": "07TH_AV", "st_south": "CEDAR_ST", "st_west": "06TH_AV" }, "geometry": { "type": "Polygon", "coordinates": [ [ [ -117.158388671357542, 32.721984847845569 ], [ -117.159297625641855, 32.721978422554173 ], [ -117.159307111507971, 32.722448076199242 ], [ -117.159307070432689, 32.722457743173429 ], [ -117.159307054880799, 32.722461819160721 ], [ -117.159307060092786, 32.722475558961023 ], [ -117.159307127199895, 32.72248930101027 ], [ -117.15930725830755, 32.722503042587753 ], [ -117.159307449121158, 32.722516781019799 ], [ -117.159307701857827, 32.722530524405741 ], [ -117.159307880055024, 32.722538387181707 ], [ -117.159307890845952, 32.722538812724231 ], [ -117.159308015367273, 32.722544264638493 ], [ -117.15930839498273, 32.722558001678692 ], [ -117.159308832226756, 32.722571740999243 ], [ -117.159309331282387, 32.722585474453666 ], [ -117.159309893299948, 32.722599210149156 ], [ -117.159310519262505, 32.722612939962822 ], [ -117.159311203920382, 32.722626672048946 ], [ -117.159311950389949, 32.722640398268922 ], [ -117.159312432659092, 32.722648679014831 ], [ -117.159316761389917, 32.722753090437301 ], [ -117.159321090130987, 32.722857501859863 ], [ -117.158305738164174, 32.722958377433891 ], [ -117.158320016447902, 32.722951824834119 ], [ -117.158333423496714, 32.722944060395825 ], [ -117.158345807629885, 32.722935168196379 ], [ -117.158357040717561, 32.722925240255641 ], [ -117.158366998025144, 32.722914387505028 ], [ -117.158375576142589, 32.72290271981722 ], [ -117.158382680407286, 32.72289036774044 ], [ -117.158388237490314, 32.722877461665739 ], [ -117.158392186890993, 32.722864134595014 ], [ -117.158394488561385, 32.722850537414182 ], [ -117.158395114103726, 32.722836812807692 ], [ -117.158394059672219, 32.722823105082526 ], [ -117.158388671357542, 32.721984847845569 ] ] ] } },
{ "type": "Feature", "properties": { "lon": -117.1634219, "lat": 32.7225051, "neighborhood": "Cortez", "block_id": "02ND_AV_I-5_SB", "st_north": "I-5_SB", "st_east": "02ND_AV", "st_south": "CEDAR_ST", "st_west": "01ST_AV" }, "geometry": { "type": "Polygon", "coordinates": [ [ [ -117.163867353585502, 32.723236179083202 ], [ -117.163030419454685, 32.722797117714734 ], [ -117.162958495818629, 32.722759170963826 ], [ -117.162958068926613, 32.722717960004886 ], [ -117.162958068104686, 32.722717880657669 ], [ -117.162950325321475, 32.721970407373014 ], [ -117.1629693958959, 32.721973935403376 ], [ -117.162970954132589, 32.721974319734173 ], [ -117.162972515569294, 32.72197470404118 ], [ -117.16297407697796, 32.721975085643194 ], [ -117.16297564155866, 32.721975464516476 ], [ -117.162977202939359, 32.721975843413439 ], [ -117.162978767482684, 32.721976218679941 ], [ -117.162980333102084, 32.721976594840278 ], [ -117.162981897598755, 32.721976965598394 ], [ -117.162983462123449, 32.721977339061546 ], [ -117.162985026582803, 32.721977706212954 ], [ -117.162986594251493, 32.721978074242323 ], [ -117.162988161882879, 32.721978438664983 ], [ -117.162989729495536, 32.72197880128433 ], [ -117.162991297098927, 32.721979163001912 ], [ -117.162992867883588, 32.721979522892461 ], [ -117.16299443543096, 32.721979879200006 ], [ -117.162996006187626, 32.721980236385484 ], [ -117.162997577973684, 32.721980589956409 ], [ -117.162999151902383, 32.721980944413161 ], [ -117.163000719365741, 32.721981292605541 ], [ -117.16300229322907, 32.721981640750563 ], [ -117.163003867092414, 32.721981988895529 ], [ -117.163005440937155, 32.721982335237136 ], [ -117.163007015811147, 32.721982677964156 ], [ -117.163008589590518, 32.721983017994027 ], [ -117.163010163369833, 32.721983358023891 ], [ -117.163011740321181, 32.721983695324994 ], [ -117.163013317244491, 32.721984029921082 ], [ -117.163014895234539, 32.721984364509247 ], [ -117.163016472129883, 32.721984696400305 ], [ -117.163018048997202, 32.721985025586264 ], [ -117.163019625864536, 32.721985354772208 ], [ -117.163021206970555, 32.721985681221568 ], [ -117.16302278698187, 32.721986004973736 ], [ -117.163024366993227, 32.721986328725961 ], [ -117.163025946976532, 32.721986649773065 ], [ -117.163027527989172, 32.721986967205623 ], [ -117.163029111144482, 32.721987285523994 ], [ -117.163030691071853, 32.721987601161011 ], [ -117.163032275237811, 32.721987914061458 ], [ -117.163033858299769, 32.72198822336307 ], [ -117.163035441371093, 32.721988533566332 ], [ -117.163037028699733, 32.721988842836325 ], [ -117.163038611715024, 32.721989147629486 ], [ -117.163040197921006, 32.721989451497279 ], [ -117.163041785174954, 32.721989753553792 ], [ -117.163043371352927, 32.721990054716557 ], [ -117.163044958578865, 32.721990354068055 ], [ -117.163046544700819, 32.721990649820675 ], [ -117.163048130804086, 32.72199094377001 ], [ -117.163049721164697, 32.72199123678601 ], [ -117.163051310430646, 32.721991527104855 ], [ -117.163052897591257, 32.721991820144545 ], [ -117.163054486782499, 32.721992103249995 ], [ -117.163056083487135, 32.721992390808495 ], [ -117.163057669469012, 32.721992673035928 ], [ -117.163059255450932, 32.721992955263367 ], [ -117.16306085207151, 32.721993234706751 ], [ -117.163062444397383, 32.721993511476661 ], [ -117.163064037789965, 32.721993788238692 ], [ -117.163065630087871, 32.721994062303565 ], [ -117.163067223424406, 32.721994333655566 ], [ -117.163068815694317, 32.721994605015382 ], [ -117.163070412202885, 32.721994873638579 ], [ -117.163072004416691, 32.721995139588358 ], [ -117.163073600897235, 32.721995405506505 ], [ -117.163075196283131, 32.72199566872748 ], [ -117.163076792698305, 32.721995928333868 ], [ -117.163078388056135, 32.721996188849836 ], [ -117.163079987652651, 32.721996446629092 ], [ -117.163081582945168, 32.72199670083333 ], [ -117.163083182485607, 32.72199695320257 ], [ -117.163084777759451, 32.721997205603373 ], [ -117.163086377234578, 32.72199745166084 ], [ -117.163087976775117, 32.721997704030017 ], [ -117.163089575155524, 32.721997947390342 ], [ -117.16309117784003, 32.721998194325771 ], [ -117.163092776192443, 32.721998434981039 ], [ -117.163094378792906, 32.721998673801345 ], [ -117.163095978212027, 32.721998914448633 ], [ -117.16309757970842, 32.721999149670118 ], [ -117.163099182280874, 32.721999385785352 ], [ -117.163100783749286, 32.721999618301759 ], [ -117.163102386256341, 32.721999848105249 ], [ -117.163103200337915, 32.721999965617265 ], [ -117.163103988763453, 32.722000077908696 ], [ -117.163105593375832, 32.722000304991326 ], [ -117.163107195836218, 32.72200053028638 ], [ -117.163108801487255, 32.722000754656094 ], [ -117.163110406043657, 32.72200097632858 ], [ -117.163112008438631, 32.722001195311876 ], [ -117.163113614005653, 32.722001411566431 ], [ -117.163115218505979, 32.722001627828845 ], [ -117.163116824044991, 32.722001841378322 ], [ -117.163118432783975, 32.722002054904131 ], [ -117.163120037228325, 32.722002265756451 ], [ -117.163121645901938, 32.722002472970473 ], [ -117.163123254556936, 32.722002678381131 ], [ -117.163124858945196, 32.722002883823343 ], [ -117.163126467572127, 32.722003086528929 ], [ -117.163128076161726, 32.722003285627842 ], [ -117.163129684760648, 32.722003485628377 ], [ -117.163131292264893, 32.722003682931792 ], [ -117.163132903998473, 32.722003876596894 ], [ -117.163134512541362, 32.722004071187293 ], [ -117.163136123189602, 32.722004263056888 ], [ -117.163137734867163, 32.722004451311932 ], [ -117.163139346554004, 32.722004640468548 ], [ -117.163140958175546, 32.722004823313448 ], [ -117.163142569825041, 32.722005008863405 ], [ -117.163144180333177, 32.722005187207785 ], [ -117.163145791954733, 32.722005370052649 ], [ -117.16314740032017, 32.722005547511145 ], [ -117.163149011866949, 32.722005723142544 ], [ -117.163150622337781, 32.722005897880202 ], [ -117.163152233847185, 32.722006069904914 ], [ -117.163153851700599, 32.722006236472147 ], [ -117.163155463219368, 32.722006409398453 ], [ -117.163157076778077, 32.722006573292269 ], [ -117.163158691431519, 32.722006739883149 ], [ -117.163160306056909, 32.722006903768985 ], [ -117.163161920654261, 32.722007064949771 ], [ -117.16316353522366, 32.722007223425557 ], [ -117.163165149793016, 32.722007381901321 ], [ -117.163166766439673, 32.72200753495121 ], [ -117.163168380952996, 32.722007688016838 ], [ -117.16316999542893, 32.722007837475793 ], [ -117.163171613142296, 32.722007990517739 ], [ -117.163173233999601, 32.722008138125915 ], [ -117.163174845228838, 32.722008283100102 ], [ -117.163176461791451, 32.722008428034826 ], [ -117.163178079383343, 32.722008569354912 ], [ -117.163179696956561, 32.72200870887167 ], [ -117.1631813145205, 32.72200884748672 ], [ -117.163182932093733, 32.722008987003377 ], [ -117.16318454958288, 32.722009118405026 ], [ -117.163186170262719, 32.722009248881236 ], [ -117.163187786685228, 32.722009380290707 ], [ -117.163189404137029, 32.722009508085549 ], [ -117.163191024798181, 32.722009636758379 ], [ -117.163192642193948, 32.72200975914317 ], [ -117.163194262817782, 32.722009884209207 ], [ -117.163195883394891, 32.722010004766908 ], [ -117.163197500762621, 32.722010124446641 ], [ -117.163199121302355, 32.722010241397591 ], [ -117.163200741814052, 32.722010355643519 ], [ -117.163202361268446, 32.722010470798963 ], [ -117.163203984924124, 32.722010579611137 ], [ -117.163205602207796, 32.722010691175662 ], [ -117.163207222635435, 32.722010797306453 ], [ -117.163208843063089, 32.72201090343723 ], [ -117.163210463462704, 32.722011006862914 ], [ -117.163212087062334, 32.722011110264965 ], [ -117.163213707405916, 32.722011208280577 ], [ -117.163215327777507, 32.722011309001239 ], [ -117.163216948093108, 32.722011404311772 ], [ -117.163218571580657, 32.722011496893629 ], [ -117.163220195058841, 32.722011588573814 ], [ -117.163221815346361, 32.722011681179282 ], [ -117.163223437711153, 32.722011768358939 ], [ -117.163225061142668, 32.722011855530653 ], [ -117.163226681336766, 32.722011939119362 ], [ -117.163228304740244, 32.722012023586032 ], [ -117.163229928115683, 32.722012105347645 ], [ -117.163231551453777, 32.722012183502564 ], [ -117.163233174773154, 32.722012259854154 ], [ -117.163234798083209, 32.722012335303972 ], [ -117.163236421374577, 32.722012408950448 ], [ -117.163238044656609, 32.722012481695273 ], [ -117.163239667891929, 32.722012549931641 ], [ -117.163241291117899, 32.722012617266373 ], [ -117.163242914315873, 32.722012681896032 ], [ -117.16324454072317, 32.722012747403639 ], [ -117.16324616389312, 32.722012809328234 ], [ -117.163247787035004, 32.7220128685478 ], [ -117.163249413386268, 32.722012928645384 ], [ -117.163251036472104, 32.722012982454864 ], [ -117.163252659557955, 32.722013036264308 ], [ -117.163254285843834, 32.722013090050076 ], [ -117.163255908901647, 32.72201314115447 ], [ -117.16325753513145, 32.722013189530145 ], [ -117.163259158133229, 32.722013235224459 ], [ -117.163260784335009, 32.722013280895077 ], [ -117.163262410480712, 32.72201332115565 ], [ -117.163264033454467, 32.722013364144864 ], [ -117.163265659572133, 32.722013401700337 ], [ -117.163267285689813, 32.722013439255853 ], [ -117.163268908579468, 32.722013474130001 ], [ -117.163270534659802, 32.722013508078696 ], [ -117.163272160693424, 32.722013537519089 ], [ -117.163273783527032, 32.722013566983065 ], [ -117.163275405293973, 32.722013596454971 ], [ -117.163277035556888, 32.722013622256995 ], [ -117.163278661534463, 32.722013646287202 ], [ -117.163280283179873, 32.722013664037327 ], [ -117.163281913396133, 32.722013685330886 ], [ -117.16328353931759, 32.722013703950999 ], [ -117.1632851652017, 32.722013718964391 ], [ -117.163286786819185, 32.722013734009408 ], [ -117.163288412684608, 32.722013747219393 ], [ -117.163290042779352, 32.722013756791156 ], [ -117.163291664322074, 32.722013764622652 ], [ -117.163293290094074, 32.722013768815863 ], [ -117.163294912694099, 32.722013775737821 ], [ -117.163296542704728, 32.722013777194377 ], [ -117.163532863615714, 32.722010826889438 ], [ -117.16382771171051, 32.722006941154952 ], [ -117.163857650220692, 32.722006543500193 ], [ -117.163857651155624, 32.722006633667448 ], [ -117.163861226694422, 32.722645293952375 ], [ -117.163864240460754, 32.722935946379913 ], [ -117.163867353585502, 32.723236179083202 ] ] ] } },
{ "type": "Feature", "properties": { "lon": -117.1624937, "lat": 32.7214529, "neighborhood": "Cortez", "block_id": "03RD_AV_CEDAR_ST", "st_north": "CEDAR_ST", "st_east": "03RD_AV", "st_south": "BEECH_ST", "st_west": "02ND_AV" }, "geometry": { "type": "Polygon", "coordinates": [ [ [ -117.162950325321475, 32.721970407373014 ], [ -117.16203676050138, 32.721979914512104 ], [ -117.162032402133917, 32.720930014362928 ], [ -117.162942755440298, 32.720926027966009 ], [ -117.162950325321475, 32.721970407373014 ] ] ] } },
{ "type": "Feature", "properties": { "lon": -117.1625336, "lat": 32.7223266, "neighborhood": "Cortez", "block_id": "03RD_AV_I-5_SB", "st_north": "I-5_SB", "st_east": "03RD_AV", "st_south": "CEDAR_ST", "st_west": "02ND_AV" }, "geometry": { "type": "Polygon", "coordinates": [ [ [ -117.16203676050138, 32.721979914512104 ], [ -117.162950325321475, 32.721970407373014 ], [ -117.162958068104686, 32.722717880657669 ], [ -117.162958068926613, 32.722717960004886 ], [ -117.162958495818629, 32.722759170963826 ], [ -117.162479593404328, 32.722661725979172 ], [ -117.162046154792847, 32.7225735248836 ], [ -117.16203676050138, 32.721979914512104 ] ] ] } },
{ "type": "Feature", "properties": { "lon": -117.1634179, "lat": 32.7214684, "neighborhood": "Cortez", "block_id": "02ND_AV_CEDAR_ST", "st_north": "CEDAR_ST", "st_east": "02ND_AV", "st_south": "BEECH_ST", "st_west": "01ST_AV" }, "geometry": { "type": "Polygon", "coordinates": [ [ [ -117.162950325321475, 32.721970407373014 ], [ -117.162942755440298, 32.720926027966009 ], [ -117.163856360898095, 32.720922010753654 ], [ -117.163857407673376, 32.721961546564785 ], [ -117.163857650220692, 32.722006543500193 ], [ -117.16382771171051, 32.722006941154952 ], [ -117.163532863615714, 32.722010826889438 ], [ -117.163296542704728, 32.722013777194377 ], [ -117.163294912694099, 32.722013775737821 ], [ -117.163293290094074, 32.722013768815863 ], [ -117.163291664322074, 32.722013764622652 ], [ -117.163290042779352, 32.722013756791156 ], [ -117.163288412684608, 32.722013747219393 ], [ -117.163286786819185, 32.722013734009408 ], [ -117.1632851652017, 32.722013718964391 ], [ -117.16328353931759, 32.722013703950999 ], [ -117.163281913396133, 32.722013685330886 ], [ -117.163280283179873, 32.722013664037327 ], [ -117.163278661534463, 32.722013646287202 ], [ -117.163277035556888, 32.722013622256995 ], [ -117.163275405293973, 32.722013596454971 ], [ -117.163273783527032, 32.722013566983065 ], [ -117.163272160693424, 32.722013537519089 ], [ -117.163270534659802, 32.722013508078696 ], [ -117.163268908579468, 32.722013474130001 ], [ -117.163267285689813, 32.722013439255853 ], [ -117.163265659572133, 32.722013401700337 ], [ -117.163264033454467, 32.722013364144864 ], [ -117.163262410480712, 32.72201332115565 ], [ -117.163260784335009, 32.722013280895077 ], [ -117.163259158133229, 32.722013235224459 ], [ -117.16325753513145, 32.722013189530145 ], [ -117.163255908901647, 32.72201314115447 ], [ -117.163254285843834, 32.722013090050076 ], [ -117.163252659557955, 32.722013036264308 ], [ -117.163251036472104, 32.722012982454864 ], [ -117.163249413386268, 32.722012928645384 ], [ -117.163247787035004, 32.7220128685478 ], [ -117.16324616389312, 32.722012809328234 ], [ -117.16324454072317, 32.722012747403639 ], [ -117.163242914315873, 32.722012681896032 ], [ -117.163241291117899, 32.722012617266373 ], [ -117.163239667891929, 32.722012549931641 ], [ -117.163238044656609, 32.722012481695273 ], [ -117.163236421374577, 32.722012408950448 ], [ -117.163234798083209, 32.722012335303972 ], [ -117.163233174773154, 32.722012259854154 ], [ -117.163231551453777, 32.722012183502564 ], [ -117.163229928115683, 32.722012105347645 ], [ -117.163228304740244, 32.722012023586032 ], [ -117.163226681336766, 32.722011939119362 ], [ -117.163225061142668, 32.722011855530653 ], [ -117.163223437711153, 32.722011768358939 ], [ -117.163221815346361, 32.722011681179282 ], [ -117.163220195058841, 32.722011588573814 ], [ -117.163218571580657, 32.722011496893629 ], [ -117.163216948093108, 32.722011404311772 ], [ -117.163215327777507, 32.722011309001239 ], [ -117.163213707405916, 32.722011208280577 ], [ -117.163212087062334, 32.722011110264965 ], [ -117.163210463462704, 32.722011006862914 ], [ -117.163208843063089, 32.72201090343723 ], [ -117.163207222635435, 32.722010797306453 ], [ -117.163205602207796, 32.722010691175662 ], [ -117.163203984924124, 32.722010579611137 ], [ -117.163202361268446, 32.722010470798963 ], [ -117.163200741814052, 32.722010355643519 ], [ -117.163199121302355, 32.722010241397591 ], [ -117.163197500762621, 32.722010124446641 ], [ -117.163195883394891, 32.722010004766908 ], [ -117.163194262817782, 32.722009884209207 ], [ -117.163192642193948, 32.72200975914317 ], [ -117.163191024798181, 32.722009636758379 ], [ -117.163189404137029, 32.722009508085549 ], [ -117.163187786685228, 32.722009380290707 ], [ -117.163186170262719, 32.722009248881236 ], [ -117.16318454958288, 32.722009118405026 ], [ -117.163182932093733, 32.722008987003377 ], [ -117.1631813145205, 32.72200884748672 ], [ -117.163179696956561, 32.72200870887167 ], [ -117.163178079383343, 32.722008569354912 ], [ -117.163176461791451, 32.722008428034826 ], [ -117.163174845228838, 32.722008283100102 ], [ -117.163173233999601, 32.722008138125915 ], [ -117.163171613142296, 32.722007990517739 ], [ -117.16316999542893, 32.722007837475793 ], [ -117.163168380952996, 32.722007688016838 ], [ -117.163166766439673, 32.72200753495121 ], [ -117.163165149793016, 32.722007381901321 ], [ -117.16316353522366, 32.722007223425557 ], [ -117.163161920654261, 32.722007064949771 ], [ -117.163160306056909, 32.722006903768985 ], [ -117.163158691431519, 32.722006739883149 ], [ -117.163157076778077, 32.722006573292269 ], [ -117.163155463219368, 32.722006409398453 ], [ -117.163153851700599, 32.722006236472147 ], [ -117.163152233847185, 32.722006069904914 ], [ -117.163150622337781, 32.722005897880202 ], [ -117.163149011866949, 32.722005723142544 ], [ -117.16314740032017, 32.722005547511145 ], [ -117.163145791954733, 32.722005370052649 ], [ -117.163144180333177, 32.722005187207785 ], [ -117.163142569825041, 32.722005008863405 ], [ -117.163140958175546, 32.722004823313448 ], [ -117.163139346554004, 32.722004640468548 ], [ -117.163137734867163, 32.722004451311932 ], [ -117.163136123189602, 32.722004263056888 ], [ -117.163134512541362, 32.722004071187293 ], [ -117.163132903998473, 32.722003876596894 ], [ -117.163131292264893, 32.722003682931792 ], [ -117.163129684760648, 32.722003485628377 ], [ -117.163128076161726, 32.722003285627842 ], [ -117.163126467572127, 32.722003086528929 ], [ -117.163124858945196, 32.722002883823343 ], [ -117.163123254556936, 32.722002678381131 ], [ -117.163121645901938, 32.722002472970473 ], [ -117.163120037228325, 32.722002265756451 ], [ -117.163118432783975, 32.722002054904131 ], [ -117.163116824044991, 32.722001841378322 ], [ -117.163115218505979, 32.722001627828845 ], [ -117.163113614005653, 32.722001411566431 ], [ -117.163112008438631, 32.722001195311876 ], [ -117.163110406043657, 32.72200097632858 ], [ -117.163108801487255, 32.722000754656094 ], [ -117.163107195836218, 32.72200053028638 ], [ -117.163105593375832, 32.722000304991326 ], [ -117.163103988763453, 32.722000077908696 ], [ -117.163103200337915, 32.721999965617265 ], [ -117.163102386256341, 32.721999848105249 ], [ -117.163100783749286, 32.721999618301759 ], [ -117.163099182280874, 32.721999385785352 ], [ -117.16309757970842, 32.721999149670118 ], [ -117.163095978212027, 32.721998914448633 ], [ -117.163094378792906, 32.721998673801345 ], [ -117.163092776192443, 32.721998434981039 ], [ -117.16309117784003, 32.721998194325771 ], [ -117.163089575155524, 32.721997947390342 ], [ -117.163087976775117, 32.721997704030017 ], [ -117.163086377234578, 32.72199745166084 ], [ -117.163084777759451, 32.721997205603373 ], [ -117.163083182485607, 32.72199695320257 ], [ -117.163081582945168, 32.72199670083333 ], [ -117.163079987652651, 32.721996446629092 ], [ -117.163078388056135, 32.721996188849836 ], [ -117.163076792698305, 32.721995928333868 ], [ -117.163075196283131, 32.72199566872748 ], [ -117.163073600897235, 32.721995405506505 ], [ -117.163072004416691, 32.721995139588358 ], [ -117.163070412202885, 32.721994873638579 ], [ -117.163068815694317, 32.721994605015382 ], [ -117.163067223424406, 32.721994333655566 ], [ -117.163065630087871, 32.721994062303565 ], [ -117.163064037789965, 32.721993788238692 ], [ -117.163062444397383, 32.721993511476661 ], [ -117.16306085207151, 32.721993234706751 ], [ -117.163059255450932, 32.721992955263367 ], [ -117.163057669469012, 32.721992673035928 ], [ -117.163056083487135, 32.721992390808495 ], [ -117.163054486782499, 32.721992103249995 ], [ -117.163052897591257, 32.721991820144545 ], [ -117.163051310430646, 32.721991527104855 ], [ -117.163049721164697, 32.72199123678601 ], [ -117.163048130804086, 32.72199094377001 ], [ -117.163046544700819, 32.721990649820675 ], [ -117.163044958578865, 32.721990354068055 ], [ -117.163043371352927, 32.721990054716557 ], [ -117.163041785174954, 32.721989753553792 ], [ -117.163040197921006, 32.721989451497279 ], [ -117.163038611715024, 32.721989147629486 ], [ -117.163037028699733, 32.721988842836325 ], [ -117.163035441371093, 32.721988533566332 ], [ -117.163033858299769, 32.72198822336307 ], [ -117.163032275237811, 32.721987914061458 ], [ -117.163030691071853, 32.721987601161011 ], [ -117.163029111144482, 32.721987285523994 ], [ -117.163027527989172, 32.721986967205623 ], [ -117.163025946976532, 32.721986649773065 ], [ -117.163024366993227, 32.721986328725961 ], [ -117.16302278698187, 32.721986004973736 ], [ -117.163021206970555, 32.721985681221568 ], [ -117.163019625864536, 32.721985354772208 ], [ -117.163018048997202, 32.721985025586264 ], [ -117.163016472129883, 32.721984696400305 ], [ -117.163014895234539, 32.721984364509247 ], [ -117.163013317244491, 32.721984029921082 ], [ -117.163011740321181, 32.721983695324994 ], [ -117.163010163369833, 32.721983358023891 ], [ -117.163008589590518, 32.721983017994027 ], [ -117.163007015811147, 32.721982677964156 ], [ -117.163005440937155, 32.721982335237136 ], [ -117.163003867092414, 32.721981988895529 ], [ -117.16300229322907, 32.721981640750563 ], [ -117.163000719365741, 32.721981292605541 ], [ -117.162999151902383, 32.721980944413161 ], [ -117.162997577973684, 32.721980589956409 ], [ -117.162996006187626, 32.721980236385484 ], [ -117.16299443543096, 32.721979879200006 ], [ -117.162992867883588, 32.721979522892461 ], [ -117.162991297098927, 32.721979163001912 ], [ -117.162989729495536, 32.72197880128433 ], [ -117.162988161882879, 32.721978438664983 ], [ -117.162986594251493, 32.721978074242323 ], [ -117.162985026582803, 32.721977706212954 ], [ -117.162983462123449, 32.721977339061546 ], [ -117.162981897598755, 32.721976965598394 ], [ -117.162980333102084, 32.721976594840278 ], [ -117.162978767482684, 32.721976218679941 ], [ -117.162977202939359, 32.721975843413439 ], [ -117.16297564155866, 32.721975464516476 ], [ -117.16297407697796, 32.721975085643194 ], [ -117.162972515569294, 32.72197470404118 ], [ -117.162970954132589, 32.721974319734173 ], [ -117.1629693958959, 32.721973935403376 ], [ -117.162950325321475, 32.721970407373014 ] ] ] } },
{ "type": "Feature", "properties": { "lon": -117.1597531, "lat": 32.7214606, "neighborhood": "Cortez", "block_id": "06TH_AV_CEDAR_ST", "st_north": "CEDAR_ST", "st_east": "06TH_AV", "st_south": "BEECH_ST", "st_west": "05TH_AV" }, "geometry": { "type": "Polygon", "coordinates": [ [ [ -117.160212772213086, 32.721987891268896 ], [ -117.159297625641855, 32.721978422554173 ], [ -117.159301270080149, 32.720936436750506 ], [ -117.160201901652641, 32.720935290764167 ], [ -117.160212772213086, 32.721987891268896 ] ] ] } },
{ "type": "Feature", "properties": { "lon": -117.1597543, "lat": 32.722368, "neighborhood": "Cortez", "block_id": "06TH_AV_I-5_SB", "st_north": "I-5_SB", "st_east": "06TH_AV", "st_south": "CEDAR_ST", "st_west": "05TH_AV" }, "geometry": { "type": "Polygon", "coordinates": [ [ [ -117.159297625641855, 32.721978422554173 ], [ -117.160212772213086, 32.721987891268896 ], [ -117.160216518787834, 32.72235066770839 ], [ -117.160219271974739, 32.722617253666378 ], [ -117.159321090130987, 32.722857501859863 ], [ -117.159316761389917, 32.722753090437301 ], [ -117.159312432659092, 32.722648679014831 ], [ -117.159311950389949, 32.722640398268922 ], [ -117.159311203920382, 32.722626672048946 ], [ -117.159310519262505, 32.722612939962822 ], [ -117.159309893299948, 32.722599210149156 ], [ -117.159309331282387, 32.722585474453666 ], [ -117.159308832226756, 32.722571740999243 ], [ -117.15930839498273, 32.722558001678692 ], [ -117.159308015367273, 32.722544264638493 ], [ -117.159307890845952, 32.722538812724231 ], [ -117.159307880055024, 32.722538387181707 ], [ -117.159307701857827, 32.722530524405741 ], [ -117.159307449121158, 32.722516781019799 ], [ -117.15930725830755, 32.722503042587753 ], [ -117.159307127199895, 32.72248930101027 ], [ -117.159307060092786, 32.722475558961023 ], [ -117.159307054880799, 32.722461819160721 ], [ -117.159307070432689, 32.722457743173429 ], [ -117.159307111507971, 32.722448076199242 ], [ -117.159297625641855, 32.721978422554173 ] ] ] } },
{ "type": "Feature", "properties": { "lon": -117.1606714, "lat": 32.7214611, "neighborhood": "Cortez", "block_id": "05TH_AV_CEDAR_ST", "st_north": "CEDAR_ST", "st_east": "05TH_AV", "st_south": "BEECH_ST", "st_west": "04TH_AV" }, "geometry": { "type": "Polygon", "coordinates": [ [ [ -117.160212772213086, 32.721987891268896 ], [ -117.160201901652641, 32.720935290764167 ], [ -117.16112854361549, 32.720933946062743 ], [ -117.161139425242382, 32.721986546485716 ], [ -117.160212772213086, 32.721987891268896 ] ] ] } },
{ "type": "Feature", "properties": { "lon": -117.1597464, "lat": 32.7204162, "neighborhood": "Cortez", "block_id": "06TH_AV_BEECH_ST", "st_north": "BEECH_ST", "st_east": "06TH_AV", "st_south": "ASH_ST", "st_west": "05TH_AV" }, "geometry": { "type": "Polygon", "coordinates": [ [ [ -117.160194452771947, 32.719899156090925 ], [ -117.160201901652641, 32.720935290764167 ], [ -117.159301270080149, 32.720936436750506 ], [ -117.159297026210112, 32.719894781455295 ], [ -117.160194452771947, 32.719899156090925 ] ] ] } },
{ "type": "Feature", "properties": { "lon": -117.1606585, "lat": 32.7204177, "neighborhood": "Cortez", "block_id": "05TH_AV_BEECH_ST", "st_north": "BEECH_ST", "st_east": "05TH_AV", "st_south": "ASH_ST", "st_west": "04TH_AV" }, "geometry": { "type": "Polygon", "coordinates": [ [ [ -117.160201901652641, 32.720935290764167 ], [ -117.160194452771947, 32.719899156090925 ], [ -117.161117889532477, 32.719903332060284 ], [ -117.16112854361549, 32.720933946062743 ], [ -117.160201901652641, 32.720935290764167 ] ] ] } },
{ "type": "Feature", "properties": { "lon": -117.1615802, "lat": 32.7214559, "neighborhood": "Cortez", "block_id": "04TH_AV_CEDAR_ST", "st_north": "CEDAR_ST", "st_east": "04TH_AV", "st_south": "BEECH_ST", "st_west": "03RD_AV" }, "geometry": { "type": "Polygon", "coordinates": [ [ [ -117.16203676050138, 32.721979914512104 ], [ -117.161139425242382, 32.721986546485716 ], [ -117.16112854361549, 32.720933946062743 ], [ -117.162032402133917, 32.720930014362928 ], [ -117.16203676050138, 32.721979914512104 ] ] ] } },
{ "type": "Feature", "properties": { "lon": -117.1616025, "lat": 32.7222703, "neighborhood": "Cortez", "block_id": "04TH_AV_I-5_SB", "st_north": "I-5_SB", "st_east": "04TH_AV", "st_south": "CEDAR_ST", "st_west": "03RD_AV" }, "geometry": { "type": "Polygon", "coordinates": [ [ [ -117.161139425242382, 32.721986546485716 ], [ -117.16203676050138, 32.721979914512104 ], [ -117.162046154792847, 32.7225735248836 ], [ -117.162045656365862, 32.722573500615155 ], [ -117.161142315777127, 32.72253350732035 ], [ -117.161141831217407, 32.722533482945842 ], [ -117.161139425242382, 32.721986546485716 ] ] ] } },
{ "type": "Feature", "properties": { "lon": -117.1624858, "lat": 32.7204129, "neighborhood": "Cortez", "block_id": "03RD_AV_BEECH_ST", "st_north": "BEECH_ST", "st_east": "03RD_AV", "st_south": "ASH_ST", "st_west": "02ND_AV" }, "geometry": { "type": "Polygon", "coordinates": [ [ [ -117.162938579203939, 32.71989536601567 ], [ -117.162942755440298, 32.720926027966009 ], [ -117.162032402133917, 32.720930014362928 ], [ -117.162031484472706, 32.719899328364868 ], [ -117.162938579203939, 32.71989536601567 ] ] ] } },
{ "type": "Feature", "properties": { "lon": -117.1633936, "lat": 32.7204076, "neighborhood": "Cortez", "block_id": "02ND_AV_BEECH_ST", "st_north": "BEECH_ST", "st_east": "02ND_AV", "st_south": "ASH_ST", "st_west": "01ST_AV" }, "geometry": { "type": "Polygon", "coordinates": [ [ [ -117.162942755440298, 32.720926027966009 ], [ -117.162938579203939, 32.71989536601567 ], [ -117.163852180378541, 32.719891348786966 ], [ -117.163856360898095, 32.720922010753654 ], [ -117.162942755440298, 32.720926027966009 ] ] ] } },
{ "type": "Feature", "properties": { "lon": -117.162472, "lat": 32.7193651, "neighborhood": "Cortez", "block_id": "03RD_AV_ASH_ST", "st_north": "ASH_ST", "st_east": "03RD_AV", "st_south": "A_ST", "st_west": "02ND_AV" }, "geometry": { "type": "Polygon", "coordinates": [ [ [ -117.162938579203939, 32.71989536601567 ], [ -117.162031484472706, 32.719899328364868 ], [ -117.162027040946086, 32.718841182473206 ], [ -117.162930845230449, 32.718834495922458 ], [ -117.162938579203939, 32.71989536601567 ] ] ] } },
{ "type": "Feature", "properties": { "lon": -117.1588194, "lat": 32.7204099, "neighborhood": "Cortez", "block_id": "07TH_AV_BEECH_ST", "st_north": "BEECH_ST", "st_east": "07TH_AV", "st_south": "ASH_ST", "st_west": "06TH_AV" }, "geometry": { "type": "Polygon", "coordinates": [ [ [ -117.159297026210112, 32.719894781455295 ], [ -117.159301270080149, 32.720936436750506 ], [ -117.158377879232717, 32.720937743780027 ], [ -117.15837033849499, 32.71989061579751 ], [ -117.159297026210112, 32.719894781455295 ] ] ] } },
{ "type": "Feature", "properties": { "lon": -117.1570188, "lat": 32.722482, "neighborhood": "Cortez", "block_id": "09TH_AV_DATE_ST", "st_north": "DATE_ST", "st_east": "09TH_AV", "st_south": "CEDAR_ST", "st_west": "08TH_AV" }, "geometry": { "type": "Polygon", "coordinates": [ [ [ -117.157475079732535, 32.721991572882523 ], [ -117.157485182102903, 32.72297271784965 ], [ -117.156578054389342, 32.722976640100939 ], [ -117.156577354729919, 32.722876368879447 ], [ -117.156574460497225, 32.722461322132986 ], [ -117.156573889279528, 32.722379344500773 ], [ -117.156571213325392, 32.721995471162899 ], [ -117.157475079732535, 32.721991572882523 ] ] ] } },
{ "type": "Feature", "properties": { "lon": -117.1643142, "lat": 32.7227731, "neighborhood": "Cortez", "block_id": "01ST_AV_I-5_SB", "st_north": "I-5_SB", "st_east": "01ST_AV", "st_south": "W_CEDAR_ST", "st_west": "FRONT_ST" }, "geometry": { "type": "Polygon", "coordinates": [ [ [ -117.163867353585502, 32.723236179083202 ], [ -117.163864240460754, 32.722935946379913 ], [ -117.163861226694422, 32.722645293952375 ], [ -117.163857651155624, 32.722006633667448 ], [ -117.163857650220692, 32.722006543500193 ], [ -117.163857858137035, 32.722006533844038 ], [ -117.163863067310814, 32.722006247269341 ], [ -117.163911957560671, 32.722003571152577 ], [ -117.163958474462163, 32.721999266021797 ], [ -117.164086626678866, 32.721989825548995 ], [ -117.164476049320356, 32.721961133769085 ], [ -117.164476784254916, 32.721961128320181 ], [ -117.164478501591063, 32.72196111558754 ], [ -117.164480126903712, 32.721961075583131 ], [ -117.164481706274785, 32.721961028705437 ], [ -117.164483374226123, 32.721960985679658 ], [ -117.164484999510719, 32.721960942970156 ], [ -117.1644866247766, 32.72196089845739 ], [ -117.164488250061183, 32.721960855747845 ], [ -117.16448987535513, 32.721960813940036 ], [ -117.164491500611661, 32.721960768525456 ], [ -117.164493125905551, 32.721960726717576 ], [ -117.164494746923467, 32.721960684039594 ], [ -117.164496372217414, 32.721960642231657 ], [ -117.164497997501982, 32.721960599522021 ], [ -117.16449962279593, 32.721960557714063 ], [ -117.164501248080512, 32.721960515004376 ], [ -117.164502874441098, 32.721960473188467 ], [ -117.164504499725652, 32.721960430478745 ], [ -117.164506125019614, 32.721960388670681 ], [ -117.164507746037472, 32.721960345992557 ], [ -117.164509371322026, 32.721960303282771 ], [ -117.164510996644012, 32.721960264179664 ], [ -117.16451262192858, 32.721960221469864 ], [ -117.164514247250565, 32.721960182366708 ], [ -117.164515872507067, 32.721960136951829 ], [ -117.164517497829053, 32.721960097848616 ], [ -117.164519123113621, 32.721960055138688 ], [ -117.164520745235592, 32.721960016059185 ], [ -117.164522370520146, 32.721959973349236 ], [ -117.164523995814022, 32.721959931540944 ], [ -117.164525621126643, 32.721959891535988 ], [ -117.164527246448614, 32.721959852432647 ], [ -117.164528871733168, 32.721959809722634 ], [ -117.164530497055139, 32.721959770619257 ], [ -117.16453212236776, 32.721959730614174 ], [ -117.164533747661665, 32.721959688805768 ], [ -117.164535372974285, 32.721959648800642 ], [ -117.164536995096228, 32.721959609720926 ], [ -117.164538620408862, 32.721959569715771 ], [ -117.16454024570271, 32.721959527907252 ], [ -117.164541871015317, 32.721959487902105 ], [ -117.164543496337274, 32.721959448798543 ], [ -117.16454512164988, 32.72195940879331 ], [ -117.164546746971837, 32.72195936968977 ], [ -117.164548372293808, 32.721959330586124 ], [ -117.1645499976064, 32.72195929058082 ], [ -117.164551622928371, 32.72195925147718 ], [ -117.164553245069015, 32.721959214200595 ], [ -117.164554870390987, 32.721959175096899 ], [ -117.164556495703508, 32.721959135091524 ], [ -117.164558120997398, 32.721959093282784 ], [ -117.164559746338071, 32.721959055982339 ], [ -117.16456137168808, 32.721959019583586 ], [ -117.164562996972592, 32.721958976873125 ], [ -117.164564622350682, 32.721958943179331 ], [ -117.164566247663274, 32.721958903173842 ], [ -117.16456787295715, 32.721958861364961 ], [ -117.164569495125846, 32.721958826793141 ], [ -117.164571120447775, 32.721958787689253 ], [ -117.164572745797756, 32.721958751290344 ], [ -117.1645743711384, 32.721958713989764 ], [ -117.164575996460343, 32.721958674885798 ], [ -117.164577621800973, 32.721958637585139 ], [ -117.164579247150982, 32.721958601186145 ], [ -117.16458087246356, 32.721958561180465 ], [ -117.164582497813569, 32.721958524781421 ], [ -117.164584123154199, 32.721958487480649 ], [ -117.164585748476114, 32.72195844837659 ], [ -117.164587373854133, 32.721958414682504 ], [ -117.164588995994777, 32.721958377405485 ], [ -117.164590621344757, 32.721958341006314 ], [ -117.164592246685402, 32.72195830370547 ], [ -117.164593872035383, 32.72195826730627 ], [ -117.164595497376027, 32.721958230005406 ], [ -117.164597122725993, 32.721958193606213 ], [ -117.164598748075974, 32.721958157206949 ], [ -117.164600373416619, 32.721958119905985 ], [ -117.164601998794666, 32.721958086211714 ], [ -117.164603624135253, 32.721958048910764 ], [ -117.164605249485234, 32.721958012511422 ], [ -117.16460687482585, 32.72195797521038 ], [ -117.164608500203897, 32.721957941516024 ], [ -117.164610122353878, 32.72195790514035 ], [ -117.16461174772256, 32.72195787054428 ], [ -117.164613373072541, 32.721957834144838 ], [ -117.164614998441209, 32.721957799548726 ], [ -117.16461662379119, 32.721957763149248 ], [ -117.164618249141142, 32.721957726749771 ], [ -117.164619874509782, 32.721957692153552 ], [ -117.164621499887815, 32.72195765845904 ], [ -117.164623125256497, 32.721957623862785 ], [ -117.164624247223244, 32.721957599311651 ], [ -117.164767721813504, 32.721954193487917 ], [ -117.164785060748017, 32.722998501420065 ], [ -117.164785720749421, 32.72337504240997 ], [ -117.164765187577075, 32.723902910442952 ], [ -117.164545582784939, 32.72373413038369 ], [ -117.164499712037738, 32.723700452264566 ], [ -117.163867700807728, 32.723236435310561 ], [ -117.163867353585502, 32.723236179083202 ] ] ] } },
{ "type": "Feature", "properties": { "lon": -117.1552592, "lat": 32.7193915, "neighborhood": "Cortez", "block_id": "SR-163_NB_ON_RA_ASH_ST", "st_north": "ASH_ST", "st_east": "SR-163_NB_ON_RA", "st_south": "A_ST", "st_west": "10TH_AV" }, "geometry": { "type": "Polygon", "coordinates": [ [ [ -117.155628764759243, 32.718877334926738 ], [ -117.155652387311463, 32.719910603087932 ], [ -117.155141569125718, 32.719879241756402 ], [ -117.155084949850604, 32.719871690367562 ], [ -117.155028167011253, 32.719848209088482 ], [ -117.154980670602512, 32.719811381504854 ], [ -117.154951992423463, 32.719771761106536 ], [ -117.154844661463216, 32.719414072115491 ], [ -117.15484679306924, 32.719315807251441 ], [ -117.154846686849226, 32.719284381351237 ], [ -117.154849525733908, 32.719253047087541 ], [ -117.154855291878974, 32.719222001382725 ], [ -117.154863949043602, 32.719191439345586 ], [ -117.154875442818451, 32.719161553044934 ], [ -117.154889700967416, 32.719132530302772 ], [ -117.154906633881879, 32.719104553513816 ], [ -117.154926135143725, 32.719077798499264 ], [ -117.154948082194423, 32.719052433401878 ], [ -117.154972337105093, 32.71902861762932 ], [ -117.154998747443358, 32.719006500852302 ], [ -117.155027147231479, 32.71898622206411 ], [ -117.155057357989307, 32.718967908707029 ], [ -117.155089189856014, 32.718951675871473 ], [ -117.155122442783295, 32.718937625572821 ], [ -117.155156907792389, 32.718925846110146 ], [ -117.155338619542874, 32.718879465029623 ], [ -117.155339416316934, 32.718879459181018 ], [ -117.155628764759243, 32.718877334926738 ] ] ] } },
{ "type": "Feature", "properties": { "lon": -117.156102, "lat": 32.7193903, "neighborhood": "Cortez", "block_id": "10TH_AV_ASH_ST", "st_north": "ASH_ST", "st_east": "10TH_AV", "st_south": "A_ST", "st_west": "09TH_AV" }, "geometry": { "type": "Polygon", "coordinates": [ [ [ -117.155652387311463, 32.719910603087932 ], [ -117.155628764759243, 32.718877334926738 ], [ -117.156552104727268, 32.718873300185841 ], [ -117.156559425907332, 32.719901191052088 ], [ -117.155652387311463, 32.719910603087932 ] ] ] } },
{ "type": "Feature", "properties": { "lon": -117.1606357, "lat": 32.7222727, "neighborhood": "Cortez", "block_id": "05TH_AV_I-5_SB", "st_north": "I-5_SB", "st_east": "05TH_AV", "st_south": "CEDAR_ST", "st_west": "04TH_AV" }, "geometry": { "type": "Polygon", "coordinates": [ [ [ -117.160216518787834, 32.72235066770839 ], [ -117.160212772213086, 32.721987891268896 ], [ -117.161139425242382, 32.721986546485716 ], [ -117.161141831217407, 32.722533482945842 ], [ -117.160219271974739, 32.722617253666378 ], [ -117.160216518787834, 32.72235066770839 ] ] ] } },
{ "type": "Feature", "properties": { "lon": -117.1634028, "lat": 32.7193655, "neighborhood": "Cortez", "block_id": "02ND_AV_ASH_ST", "st_north": "ASH_ST", "st_east": "02ND_AV", "st_south": "A_ST", "st_west": "01ST_AV" }, "geometry": { "type": "Polygon", "coordinates": [ [ [ -117.162938579203939, 32.71989536601567 ], [ -117.162930845230449, 32.718834495922458 ], [ -117.163847683299338, 32.718830454686533 ], [ -117.163852180378541, 32.719891348786966 ], [ -117.162938579203939, 32.71989536601567 ] ] ] } },
{ "type": "Feature", "properties": { "lon": -117.1642985, "lat": 32.7193598, "neighborhood": "Cortez", "block_id": "01ST_AV_W_ASH_ST", "st_north": "W_ASH_ST", "st_east": "01ST_AV", "st_south": "W_A_ST", "st_west": "FRONT_ST" }, "geometry": { "type": "Polygon", "coordinates": [ [ [ -117.163852180378541, 32.719891348786966 ], [ -117.163847683299338, 32.718830454686533 ], [ -117.164449135997558, 32.718825996859913 ], [ -117.164735232954087, 32.718823875346715 ], [ -117.164738662243408, 32.719154299603979 ], [ -117.164746271497009, 32.719887469488917 ], [ -117.164460161957706, 32.7198887109952 ], [ -117.163852180378541, 32.719891348786966 ] ] ] } },
{ "type": "Feature", "properties": { "lon": -117.1561138, "lat": 32.7224867, "neighborhood": "Cortez", "block_id": "10TH_AV_DATE_ST", "st_north": "DATE_ST", "st_east": "10TH_AV", "st_south": "CEDAR_ST", "st_west": "09TH_AV" }, "geometry": { "type": "Polygon", "coordinates": [ [ [ -117.156571213325392, 32.721995471162899 ], [ -117.156573889279528, 32.722379344500773 ], [ -117.156574460497225, 32.722461322132986 ], [ -117.156577354729919, 32.722876368879447 ], [ -117.156578054389342, 32.722976640100939 ], [ -117.155986655421458, 32.722984634835925 ], [ -117.155687268615097, 32.722988681209557 ], [ -117.155687238348989, 32.722910163195117 ], [ -117.155687119381625, 32.72260729886802 ], [ -117.155686883401998, 32.722001967874363 ], [ -117.156433906285855, 32.721996480302089 ], [ -117.156571213325392, 32.721995471162899 ] ] ] } },
{ "type": "Feature", "properties": { "lon": -117.1561651, "lat": 32.7214876, "neighborhood": "Cortez", "block_id": "10TH_AV_CEDAR_ST", "st_north": "CEDAR_ST", "st_east": "10TH_AV", "st_south": "BEECH_ST", "st_west": "09TH_AV" }, "geometry": { "type": "Polygon", "coordinates": [ [ [ -117.156566945131431, 32.720948319145414 ], [ -117.156566984256457, 32.720957930520413 ], [ -117.15657020037483, 32.721746928890141 ], [ -117.156571213325392, 32.721995471162899 ], [ -117.156433906285855, 32.721996480302089 ], [ -117.155686883401998, 32.722001967874363 ], [ -117.155685490253504, 32.721613828910208 ], [ -117.155684004595102, 32.721199972963682 ], [ -117.155683391431694, 32.721029019915818 ], [ -117.15564729351253, 32.720364145178223 ], [ -117.155682875858233, 32.721019332686588 ], [ -117.155685226203815, 32.721005764959671 ], [ -117.155691065242863, 32.7209929687547 ], [ -117.155691135837955, 32.720992883472647 ], [ -117.155700104042282, 32.720981581920533 ], [ -117.155711893922245, 32.720972164125534 ], [ -117.155712043551901, 32.720972088182293 ], [ -117.155725859365447, 32.720965181286907 ], [ -117.155740426518804, 32.720961215763538 ], [ -117.155741298805495, 32.720960978512146 ], [ -117.155757459126022, 32.720959763321495 ], [ -117.156566945131431, 32.720948319145414 ] ] ] } },
{ "type": "Feature", "properties": { "lon": -117.1570136, "lat": 32.7214682, "neighborhood": "Cortez", "block_id": "09TH_AV_CEDAR_ST", "st_north": "CEDAR_ST", "st_east": "09TH_AV", "st_south": "BEECH_ST", "st_west": "08TH_AV" }, "geometry": { "type": "Polygon", "coordinates": [ [ [ -117.156571213325392, 32.721995471162899 ], [ -117.15657020037483, 32.721746928890141 ], [ -117.156566984256457, 32.720957930520413 ], [ -117.156566945131431, 32.720948319145414 ], [ -117.157464270163658, 32.720941720436812 ], [ -117.157475079732535, 32.721991572882523 ], [ -117.156571213325392, 32.721995471162899 ] ] ] } },
{ "type": "Feature", "properties": { "lon": -117.1561276, "lat": 32.7204857, "neighborhood": "Cortez", "block_id": "10TH_AV_BEECH_ST", "st_north": "BEECH_ST", "st_east": "10TH_AV", "st_south": "SR-163_SB_OFF_RA", "st_west": "09TH_AV" }, "geometry": { "type": "Polygon", "coordinates": [ [ [ -117.155757459126022, 32.720959763321495 ], [ -117.155741298805495, 32.720960978512146 ], [ -117.155740426518804, 32.720961215763538 ], [ -117.155725859365447, 32.720965181286907 ], [ -117.155712043551901, 32.720972088182293 ], [ -117.155711893922245, 32.720972164125534 ], [ -117.155700104042282, 32.720981581920533 ], [ -117.155691135837955, 32.720992883472647 ], [ -117.155691065242863, 32.7209929687547 ], [ -117.155685226203815, 32.721005764959671 ], [ -117.155682875858233, 32.721019332686588 ], [ -117.15564729351253, 32.720364145178223 ], [ -117.155769481452552, 32.720231318649439 ], [ -117.155869447751911, 32.720150877757732 ], [ -117.156018011400761, 32.720053586057453 ], [ -117.156163579014546, 32.719981058169346 ], [ -117.156267219690818, 32.719941817574401 ], [ -117.156559425907332, 32.719901191052088 ], [ -117.156566945131431, 32.720948319145414 ], [ -117.155757459126022, 32.720959763321495 ] ] ] } },
{ "type": "Feature", "properties": { "lon": -117.1615763, "lat": 32.7204154, "neighborhood": "Cortez", "block_id": "04TH_AV_BEECH_ST", "st_north": "BEECH_ST", "st_east": "04TH_AV", "st_south": "ASH_ST", "st_west": "03RD_AV" }, "geometry": { "type": "Polygon", "coordinates": [ [ [ -117.16112854361549, 32.720933946062743 ], [ -117.161117889532477, 32.719903332060284 ], [ -117.162031484472706, 32.719899328364868 ], [ -117.162032402133917, 32.720930014362928 ], [ -117.16112854361549, 32.720933946062743 ] ] ] } },
{ "type": "Feature", "properties": { "lon": -117.1615803, "lat": 32.719375, "neighborhood": "Cortez", "block_id": "04TH_AV_ASH_ST", "st_north": "ASH_ST", "st_east": "04TH_AV", "st_south": "A_ST", "st_west": "03RD_AV" }, "geometry": { "type": "Polygon", "coordinates": [ [ [ -117.162027040946086, 32.718841182473206 ], [ -117.162031484472706, 32.719899328364868 ], [ -117.161117889532477, 32.719903332060284 ], [ -117.161110231092252, 32.718847958474683 ], [ -117.162027040946086, 32.718841182473206 ] ] ] } },
{ "type": "Feature", "properties": { "lon": -117.158832, "lat": 32.7193765, "neighborhood": "Cortez", "block_id": "07TH_AV_ASH_ST", "st_north": "ASH_ST", "st_east": "07TH_AV", "st_south": "A_ST", "st_west": "06TH_AV" }, "geometry": { "type": "Polygon", "coordinates": [ [ [ -117.159297026210112, 32.719894781455295 ], [ -117.15837033849499, 32.71989061579751 ], [ -117.158359745104264, 32.718862748983 ], [ -117.159292839137663, 32.718858621885246 ], [ -117.159297026210112, 32.719894781455295 ] ] ] } },
{ "type": "Feature", "properties": { "lon": -117.1570225, "lat": 32.7204252, "neighborhood": "Cortez", "block_id": "09TH_AV_BEECH_ST", "st_north": "BEECH_ST", "st_east": "09TH_AV", "st_south": "ASH_ST", "st_west": "08TH_AV" }, "geometry": { "type": "Polygon", "coordinates": [ [ [ -117.157456768575884, 32.719897340698374 ], [ -117.157464270163658, 32.720941720436812 ], [ -117.156566945131431, 32.720948319145414 ], [ -117.156559425907332, 32.719901191052088 ], [ -117.157456768575884, 32.719897340698374 ] ] ] } },
{ "type": "Feature", "properties": { "lon": -117.1579315, "lat": 32.7204208, "neighborhood": "Cortez", "block_id": "08TH_AV_BEECH_ST", "st_north": "BEECH_ST", "st_east": "08TH_AV", "st_south": "ASH_ST", "st_west": "07TH_AV" }, "geometry": { "type": "Polygon", "coordinates": [ [ [ -117.157464270163658, 32.720941720436812 ], [ -117.157456768575884, 32.719897340698374 ], [ -117.15837033849499, 32.71989061579751 ], [ -117.158377879232717, 32.720937743780027 ], [ -117.157464270163658, 32.720941720436812 ] ] ] } },
{ "type": "Feature", "properties": { "lon": -117.1542576, "lat": 32.7191273, "neighborhood": "City Center", "block_id": "PARK_BL_RUSS_BL", "st_north": "RUSS_BL", "st_east": "PARK_BL", "st_south": "A_ST", "st_west": "11TH_AV" }, "geometry": { "type": "Polygon", "coordinates": [ [ [ -117.154724901968095, 32.718878468671704 ], [ -117.154729923561916, 32.719367669780461 ], [ -117.153780652935438, 32.719380129082673 ], [ -117.153795002242788, 32.718877040787277 ], [ -117.154724901968095, 32.718878468671704 ] ] ] } },
{ "type": "Feature", "properties": { "lon": -117.1606493, "lat": 32.7193752, "neighborhood": "Cortez", "block_id": "05TH_AV_ASH_ST", "st_north": "ASH_ST", "st_east": "05TH_AV", "st_south": "A_ST", "st_west": "04TH_AV" }, "geometry": { "type": "Polygon", "coordinates": [ [ [ -117.161110231092252, 32.718847958474683 ], [ -117.161117889532477, 32.719903332060284 ], [ -117.160194452771947, 32.719899156090925 ], [ -117.16018366782167, 32.718854799637178 ], [ -117.161110231092252, 32.718847958474683 ] ] ] } },
{ "type": "Feature", "properties": { "lon": -117.1651687, "lat": 32.7193522, "neighborhood": "Cortez", "block_id": "FRONT_ST_W_ASH_ST", "st_north": "W_ASH_ST", "st_east": "FRONT_ST", "st_south": "W_A_ST", "st_west": "UNION_ST" }, "geometry": { "type": "Polygon", "coordinates": [ [ [ -117.164746271497009, 32.719887469488917 ], [ -117.164738662243408, 32.719154299603979 ], [ -117.164735232954087, 32.718823875346715 ], [ -117.164865090962167, 32.718823325181134 ], [ -117.16560005233589, 32.718820206870276 ], [ -117.165599322174472, 32.719218060015727 ], [ -117.165598096800522, 32.719883897473764 ], [ -117.164746271497009, 32.719887469488917 ] ] ] } },
{ "type": "Feature", "properties": { "lon": -117.1579206, "lat": 32.7214624, "neighborhood": "Cortez", "block_id": "08TH_AV_CEDAR_ST", "st_north": "CEDAR_ST", "st_east": "08TH_AV", "st_south": "BEECH_ST", "st_west": "07TH_AV" }, "geometry": { "type": "Polygon", "coordinates": [ [ [ -117.157475079732535, 32.721991572882523 ], [ -117.157464270163658, 32.720941720436812 ], [ -117.158377879232717, 32.720937743780027 ], [ -117.158388671357542, 32.721984847845569 ], [ -117.157475079732535, 32.721991572882523 ] ] ] } },
{ "type": "Feature", "properties": { "lon": -117.1579077, "lat": 32.7193799, "neighborhood": "Cortez", "block_id": "08TH_AV_ASH_ST", "st_north": "ASH_ST", "st_east": "08TH_AV", "st_south": "A_ST", "st_west": "07TH_AV" }, "geometry": { "type": "Polygon", "coordinates": [ [ [ -117.15837033849499, 32.71989061579751 ], [ -117.157456768575884, 32.719897340698374 ], [ -117.157446185838069, 32.71886947380527 ], [ -117.158359745104264, 32.718862748983 ], [ -117.15837033849499, 32.71989061579751 ] ] ] } },
{ "type": "Feature", "properties": { "lon": -117.1643624, "lat": 32.7214641, "neighborhood": "Cortez", "block_id": "01ST_AV_W_CEDAR_ST", "st_north": "W_CEDAR_ST", "st_east": "01ST_AV", "st_south": "W_BEECH_ST", "st_west": "FRONT_ST" }, "geometry": { "type": "Polygon", "coordinates": [ [ [ -117.164760219200119, 32.720918061769517 ], [ -117.164767721813504, 32.721954193487917 ], [ -117.164624247223244, 32.721957599311651 ], [ -117.164623125256497, 32.721957623862785 ], [ -117.164621499887815, 32.72195765845904 ], [ -117.164619874509782, 32.721957692153552 ], [ -117.164618249141142, 32.721957726749771 ], [ -117.16461662379119, 32.721957763149248 ], [ -117.164614998441209, 32.721957799548726 ], [ -117.164613373072541, 32.721957834144838 ], [ -117.16461174772256, 32.72195787054428 ], [ -117.164610122353878, 32.72195790514035 ], [ -117.164608500203897, 32.721957941516024 ], [ -117.16460687482585, 32.72195797521038 ], [ -117.164605249485234, 32.721958012511422 ], [ -117.164603624135253, 32.721958048910764 ], [ -117.164601998794666, 32.721958086211714 ], [ -117.164600373416619, 32.721958119905985 ], [ -117.164598748075974, 32.721958157206949 ], [ -117.164597122725993, 32.721958193606213 ], [ -117.164595497376027, 32.721958230005406 ], [ -117.164593872035383, 32.72195826730627 ], [ -117.164592246685402, 32.72195830370547 ], [ -117.164590621344757, 32.721958341006314 ], [ -117.164588995994777, 32.721958377405485 ], [ -117.164587373854133, 32.721958414682504 ], [ -117.164585748476114, 32.72195844837659 ], [ -117.164584123154199, 32.721958487480649 ], [ -117.164582497813569, 32.721958524781421 ], [ -117.16458087246356, 32.721958561180465 ], [ -117.164579247150982, 32.721958601186145 ], [ -117.164577621800973, 32.721958637585139 ], [ -117.164575996460343, 32.721958674885798 ], [ -117.1645743711384, 32.721958713989764 ], [ -117.164572745797756, 32.721958751290344 ], [ -117.164571120447775, 32.721958787689253 ], [ -117.164569495125846, 32.721958826793141 ], [ -117.16456787295715, 32.721958861364961 ], [ -117.164566247663274, 32.721958903173842 ], [ -117.164564622350682, 32.721958943179331 ], [ -117.164562996972592, 32.721958976873125 ], [ -117.16456137168808, 32.721959019583586 ], [ -117.164559746338071, 32.721959055982339 ], [ -117.164558120997398, 32.721959093282784 ], [ -117.164556495703508, 32.721959135091524 ], [ -117.164554870390987, 32.721959175096899 ], [ -117.164553245069015, 32.721959214200595 ], [ -117.164551622928371, 32.72195925147718 ], [ -117.1645499976064, 32.72195929058082 ], [ -117.164548372293808, 32.721959330586124 ], [ -117.164546746971837, 32.72195936968977 ], [ -117.16454512164988, 32.72195940879331 ], [ -117.164543496337274, 32.721959448798543 ], [ -117.164541871015317, 32.721959487902105 ], [ -117.16454024570271, 32.721959527907252 ], [ -117.164538620408862, 32.721959569715771 ], [ -117.164536995096228, 32.721959609720926 ], [ -117.164535372974285, 32.721959648800642 ], [ -117.164533747661665, 32.721959688805768 ], [ -117.16453212236776, 32.721959730614174 ], [ -117.164530497055139, 32.721959770619257 ], [ -117.164528871733168, 32.721959809722634 ], [ -117.164527246448614, 32.721959852432647 ], [ -117.164525621126643, 32.721959891535988 ], [ -117.164523995814022, 32.721959931540944 ], [ -117.164522370520146, 32.721959973349236 ], [ -117.164520745235592, 32.721960016059185 ], [ -117.164519123113621, 32.721960055138688 ], [ -117.164517497829053, 32.721960097848616 ], [ -117.164515872507067, 32.721960136951829 ], [ -117.164514247250565, 32.721960182366708 ], [ -117.16451262192858, 32.721960221469864 ], [ -117.164510996644012, 32.721960264179664 ], [ -117.164509371322026, 32.721960303282771 ], [ -117.164507746037472, 32.721960345992557 ], [ -117.164506125019614, 32.721960388670681 ], [ -117.164504499725652, 32.721960430478745 ], [ -117.164502874441098, 32.721960473188467 ], [ -117.164501248080512, 32.721960515004376 ], [ -117.16449962279593, 32.721960557714063 ], [ -117.164497997501982, 32.721960599522021 ], [ -117.164496372217414, 32.721960642231657 ], [ -117.164494746923467, 32.721960684039594 ], [ -117.164493125905551, 32.721960726717576 ], [ -117.164491500611661, 32.721960768525456 ], [ -117.16448987535513, 32.721960813940036 ], [ -117.164488250061183, 32.721960855747845 ], [ -117.1644866247766, 32.72196089845739 ], [ -117.164484999510719, 32.721960942970156 ], [ -117.164483374226123, 32.721960985679658 ], [ -117.164481706274785, 32.721961028705437 ], [ -117.164480126903712, 32.721961075583131 ], [ -117.164478501591063, 32.72196111558754 ], [ -117.164476784254916, 32.721961128320181 ], [ -117.164476049320356, 32.721961133769085 ], [ -117.164086626678866, 32.721989825548995 ], [ -117.163958474462163, 32.721999266021797 ], [ -117.163911957560671, 32.722003571152577 ], [ -117.163863067310814, 32.722006247269341 ], [ -117.163857858137035, 32.722006533844038 ], [ -117.163857650220692, 32.722006543500193 ], [ -117.163857407673376, 32.721961546564785 ], [ -117.163856360898095, 32.720922010753654 ], [ -117.16447085515793, 32.72091932831475 ], [ -117.164760219200119, 32.720918061769517 ] ] ] } },
{ "type": "Feature", "properties": { "lon": -117.159752, "lat": 32.7193801, "neighborhood": "Cortez", "block_id": "06TH_AV_ASH_ST", "st_north": "ASH_ST", "st_east": "06TH_AV", "st_south": "A_ST", "st_west": "05TH_AV" }, "geometry": { "type": "Polygon", "coordinates": [ [ [ -117.16018366782167, 32.718854799637178 ], [ -117.160194452771947, 32.719899156090925 ], [ -117.159297026210112, 32.719894781455295 ], [ -117.159292839137663, 32.718858621885246 ], [ -117.16018366782167, 32.718854799637178 ] ] ] } },
{ "type": "Feature", "properties": { "lon": -117.1643077, "lat": 32.7204067, "neighborhood": "Cortez", "block_id": "01ST_AV_W_BEECH_ST", "st_north": "W_BEECH_ST", "st_east": "01ST_AV", "st_south": "W_ASH_ST", "st_west": "FRONT_ST" }, "geometry": { "type": "Polygon", "coordinates": [ [ [ -117.163852180378541, 32.719891348786966 ], [ -117.164460161957706, 32.7198887109952 ], [ -117.164746271497009, 32.719887469488917 ], [ -117.164760219200119, 32.720918061769517 ], [ -117.16447085515793, 32.72091932831475 ], [ -117.163856360898095, 32.720922010753654 ], [ -117.163852180378541, 32.719891348786966 ] ] ] } },
{ "type": "Feature", "properties": { "lon": -117.1569963, "lat": 32.7193836, "neighborhood": "Cortez", "block_id": "09TH_AV_ASH_ST", "st_north": "ASH_ST", "st_east": "09TH_AV", "st_south": "A_ST", "st_west": "08TH_AV" }, "geometry": { "type": "Polygon", "coordinates": [ [ [ -117.156559425907332, 32.719901191052088 ], [ -117.156552104727268, 32.718873300185841 ], [ -117.157446185838069, 32.71886947380527 ], [ -117.157456768575884, 32.719897340698374 ], [ -117.156559425907332, 32.719901191052088 ] ] ] } },
{ "type": "Feature", "properties": { "lon": -117.1623282, "lat": 32.7084097, "neighborhood": "Marina", "block_id": "03RD_AV_J_ST", "st_north": "J_ST", "st_east": "03RD_AV", "st_south": "HARBOR_DR", "st_west": "01ST_AV" }, "geometry": { "type": "Polygon", "coordinates": [ [ [ -117.161901855491394, 32.708312550357903 ], [ -117.160998183146589, 32.708321977696798 ], [ -117.160560231951607, 32.706838266592811 ], [ -117.161733349247243, 32.707490404312445 ], [ -117.161828878116765, 32.707543505838068 ], [ -117.162905921738329, 32.708142214928401 ], [ -117.163352988800469, 32.708390725951048 ], [ -117.164215827326018, 32.7088767638432 ], [ -117.163880330101946, 32.709409915579016 ], [ -117.163460154507845, 32.709359195445543 ], [ -117.163003209623113, 32.709360692736425 ], [ -117.162946964487546, 32.709360876472417 ], [ -117.162938508793047, 32.709360904801926 ], [ -117.1628411530384, 32.709361223286884 ], [ -117.162329047596458, 32.709367938958778 ], [ -117.16191283009006, 32.709373395245322 ], [ -117.161901855491394, 32.708312550357903 ] ] ] } },
{ "type": "Feature", "properties": { "lon": -117.1614727, "lat": 32.7088488, "neighborhood": "Marina", "block_id": "04TH_AV_J_ST", "st_north": "J_ST", "st_east": "04TH_AV", "st_south": "K_ST", "st_west": "03RD_AV" }, "geometry": { "type": "Polygon", "coordinates": [ [ [ -117.160998183146589, 32.708321977696798 ], [ -117.161901855491394, 32.708312550357903 ], [ -117.16191283009006, 32.709373395245322 ], [ -117.161022093032457, 32.709377230013217 ], [ -117.160998183146589, 32.708321977696798 ] ] ] } },
{ "type": "Feature", "properties": { "lon": -117.1605705, "lat": 32.710951, "neighborhood": "Gaslamp", "block_id": "05TH_AV_MARKET_ST", "st_north": "MARKET_ST", "st_east": "05TH_AV", "st_south": "ISLAND_AV", "st_west": "04TH_AV" }, "geometry": { "type": "Polygon", "coordinates": [ [ [ -117.161036052322501, 32.710413317212804 ], [ -117.161037374725893, 32.711485227502678 ], [ -117.160120619326548, 32.711489247800706 ], [ -117.160119383601199, 32.710425582467842 ], [ -117.161036052322501, 32.710413317212804 ] ] ] } },
{ "type": "Feature", "properties": { "lon": -117.1614943, "lat": 32.7109505, "neighborhood": "Marina", "block_id": "04TH_AV_MARKET_ST", "st_north": "MARKET_ST", "st_east": "04TH_AV", "st_south": "ISLAND_AV", "st_west": "03RD_AV" }, "geometry": { "type": "Polygon", "coordinates": [ [ [ -117.161037374725893, 32.711485227502678 ], [ -117.161036052322501, 32.710413317212804 ], [ -117.161936605855445, 32.710414906850545 ], [ -117.161947609567733, 32.71147850009752 ], [ -117.161037374725893, 32.711485227502678 ] ] ] } },
{ "type": "Feature", "properties": { "lon": -117.1605805, "lat": 32.709901, "neighborhood": "Gaslamp", "block_id": "05TH_AV_ISLAND_AV", "st_north": "ISLAND_AV", "st_east": "05TH_AV", "st_south": "J_ST", "st_west": "04TH_AV" }, "geometry": { "type": "Polygon", "coordinates": [ [ [ -117.161022093032457, 32.709377230013217 ], [ -117.161036052322501, 32.710413317212804 ], [ -117.160119383601199, 32.710425582467842 ], [ -117.160105296405249, 32.709375753647507 ], [ -117.161022093032457, 32.709377230013217 ] ] ] } },
{ "type": "Feature", "properties": { "lon": -117.1614691, "lat": 32.7098934, "neighborhood": "Marina", "block_id": "04TH_AV_ISLAND_AV", "st_north": "ISLAND_AV", "st_east": "04TH_AV", "st_south": "J_ST", "st_west": "03RD_AV" }, "geometry": { "type": "Polygon", "coordinates": [ [ [ -117.161036052322501, 32.710413317212804 ], [ -117.161022093032457, 32.709377230013217 ], [ -117.16191283009006, 32.709373395245322 ], [ -117.161936605855445, 32.710414906850545 ], [ -117.161036052322501, 32.710413317212804 ] ] ] } },
{ "type": "Feature", "properties": { "lon": -117.1596516, "lat": 32.7099052, "neighborhood": "Gaslamp", "block_id": "06TH_AV_ISLAND_AV", "st_north": "ISLAND_AV", "st_east": "06TH_AV", "st_south": "J_ST", "st_west": "05TH_AV" }, "geometry": { "type": "Polygon", "coordinates": [ [ [ -117.160105296405249, 32.709375753647507 ], [ -117.160119383601199, 32.710425582467842 ], [ -117.159206001220213, 32.710440565187383 ], [ -117.159195087401983, 32.709382467423737 ], [ -117.160105296405249, 32.709375753647507 ] ] ] } },
{ "type": "Feature", "properties": { "lon": -117.160541, "lat": 32.7088473, "neighborhood": "Gaslamp", "block_id": "05TH_AV_J_ST", "st_north": "J_ST", "st_east": "05TH_AV", "st_south": "K_ST", "st_west": "04TH_AV" }, "geometry": { "type": "Polygon", "coordinates": [ [ [ -117.161022093032457, 32.709377230013217 ], [ -117.160105296405249, 32.709375753647507 ], [ -117.160091206354636, 32.708325925782802 ], [ -117.160998183146589, 32.708321977696798 ], [ -117.161022093032457, 32.709377230013217 ] ] ] } },
{ "type": "Feature", "properties": { "lon": -117.1605939, "lat": 32.7120267, "neighborhood": "Gaslamp", "block_id": "05TH_AV_G_ST", "st_north": "G_ST", "st_east": "05TH_AV", "st_south": "MARKET_ST", "st_west": "04TH_AV" }, "geometry": { "type": "Polygon", "coordinates": [ [ [ -117.161037374725893, 32.711485227502678 ], [ -117.161067932889239, 32.712554173346646 ], [ -117.160556488986742, 32.712560956888744 ], [ -117.160142014581794, 32.712566452831005 ], [ -117.160135349031151, 32.712566542599625 ], [ -117.160134152412169, 32.712566556840841 ], [ -117.160134076336249, 32.712560531965202 ], [ -117.160120619326548, 32.711489247800706 ], [ -117.161037374725893, 32.711485227502678 ] ] ] } },
{ "type": "Feature", "properties": { "lon": -117.1615051, "lat": 32.7120166, "neighborhood": "Marina", "block_id": "04TH_AV_G_ST", "st_north": "G_ST", "st_east": "04TH_AV", "st_south": "MARKET_ST", "st_west": "03RD_AV" }, "geometry": { "type": "Polygon", "coordinates": [ [ [ -117.161067932889239, 32.712554173346646 ], [ -117.161037374725893, 32.711485227502678 ], [ -117.161947609567733, 32.71147850009752 ], [ -117.161947699665802, 32.711484012679854 ], [ -117.161965229001098, 32.712553038491976 ], [ -117.161916466115102, 32.712553399063871 ], [ -117.161152039571832, 32.712554096647501 ], [ -117.161067932889239, 32.712554173346646 ] ] ] } },
{ "type": "Feature", "properties": { "lon": -117.1606053, "lat": 32.7141324, "neighborhood": "Gaslamp", "block_id": "05TH_AV_E_ST", "st_north": "E_ST", "st_east": "05TH_AV", "st_south": "F_ST", "st_west": "04TH_AV" }, "geometry": { "type": "Polygon", "coordinates": [ [ [ -117.161072453006156, 32.713620563966231 ], [ -117.161076518702558, 32.714642980934933 ], [ -117.160153253768016, 32.714649797828976 ], [ -117.160145916303279, 32.713624656545278 ], [ -117.161072453006156, 32.713620563966231 ] ] ] } },
{ "type": "Feature", "properties": { "lon": -117.1624468, "lat": 32.7140043, "neighborhood": "City Center", "block_id": "04TH_AV_BROADWAY", "st_north": "BROADWAY", "st_east": "04TH_AV", "st_south": "G_ST", "st_west": "01ST_AV" }, "geometry": { "type": "Polygon", "coordinates": [ [ [ -117.161076518702558, 32.714642980934933 ], [ -117.161072453006156, 32.713620563966231 ], [ -117.161067932889239, 32.712554173346646 ], [ -117.161152039571832, 32.712554096647501 ], [ -117.161916466115102, 32.712553399063871 ], [ -117.161965229001098, 32.712553038491976 ], [ -117.162878749854002, 32.71254902850557 ], [ -117.163776235214215, 32.712547725777512 ], [ -117.163778078332697, 32.712547722942212 ], [ -117.163802052756907, 32.712547687781672 ], [ -117.163802199575997, 32.712567714379922 ], [ -117.163807454673091, 32.713286559369621 ], [ -117.163808242809068, 32.713394372999943 ], [ -117.163809353474974, 32.713546260481138 ], [ -117.163809828356236, 32.713611305915052 ], [ -117.163810395453311, 32.713979602848632 ], [ -117.16381398278962, 32.714639219389234 ], [ -117.163825152150608, 32.715716554084956 ], [ -117.162901730659954, 32.715709650086453 ], [ -117.162897956850713, 32.714717464430336 ], [ -117.162465553547335, 32.714717915800115 ], [ -117.161997360408805, 32.714715881804189 ], [ -117.161998298806196, 32.714806575657455 ], [ -117.161988060106495, 32.7157026670723 ], [ -117.161080893781417, 32.715695629243243 ], [ -117.161078216537106, 32.715051499757763 ], [ -117.16107717785269, 32.71480148331672 ], [ -117.161077129340484, 32.714789772755871 ], [ -117.161076518702558, 32.714642980934933 ] ] ] } },
{ "type": "Feature", "properties": { "lon": -117.159649, "lat": 32.7088562, "neighborhood": "Gaslamp", "block_id": "06TH_AV_J_ST", "st_north": "J_ST", "st_east": "06TH_AV", "st_south": "K_ST", "st_west": "05TH_AV" }, "geometry": { "type": "Polygon", "coordinates": [ [ [ -117.160105296405249, 32.709375753647507 ], [ -117.159195087401983, 32.709382467423737 ], [ -117.159194011007017, 32.708332543592689 ], [ -117.160091206354636, 32.708325925782802 ], [ -117.160105296405249, 32.709375753647507 ] ] ] } },
{ "type": "Feature", "properties": { "lon": -117.1604955, "lat": 32.7077649, "neighborhood": "Gaslamp", "block_id": "05TH_AV_K_ST", "st_north": "K_ST", "st_east": "05TH_AV", "st_south": "Map_Border", "st_west": "04TH_AV" }, "geometry": { "type": "Polygon", "coordinates": [ [ [ -117.160560231951607, 32.706838266592811 ], [ -117.160998183146589, 32.708321977696798 ], [ -117.160091206354636, 32.708325925782802 ], [ -117.160089740425207, 32.707556352588483 ], [ -117.160089731247623, 32.707553604148337 ], [ -117.160091095889513, 32.707540635151581 ], [ -117.16009119299585, 32.70753991664877 ], [ -117.160092973970308, 32.707526983354391 ], [ -117.160095304830449, 32.707513385025472 ], [ -117.160098081050862, 32.707499844728218 ], [ -117.160101305998367, 32.707486378669117 ], [ -117.160104975444, 32.707472990486252 ], [ -117.160105153961467, 32.707472409349087 ], [ -117.160109083146892, 32.707459695555293 ], [ -117.16011363239943, 32.707446502869324 ], [ -117.160118613696113, 32.707433421515852 ], [ -117.16012402611922, 32.707420465929424 ], [ -117.160129865439856, 32.707407639748141 ], [ -117.160130193476007, 32.70740697454724 ], [ -117.160136126511517, 32.707394961044855 ], [ -117.160142804011031, 32.707382430760418 ], [ -117.160149893839716, 32.707370065156425 ], [ -117.160157387549418, 32.707357872410803 ], [ -117.160165284157245, 32.707345860646377 ], [ -117.160165716136035, 32.707345242470574 ], [ -117.160165844404702, 32.707345062979059 ], [ -117.160173575252202, 32.707334041647847 ], [ -117.160182249177197, 32.70732242271508 ], [ -117.160191308130393, 32.707311010143933 ], [ -117.160200737348333, 32.707299820274613 ], [ -117.160210536858884, 32.707288855812109 ], [ -117.160284733521067, 32.707192957118494 ], [ -117.160560231951607, 32.706838266592811 ] ] ] } },
{ "type": "Feature", "properties": { "lon": -117.1596713, "lat": 32.7109659, "neighborhood": "Gaslamp", "block_id": "06TH_AV_MARKET_ST", "st_north": "MARKET_ST", "st_east": "06TH_AV", "st_south": "ISLAND_AV", "st_west": "05TH_AV" }, "geometry": { "type": "Polygon", "coordinates": [ [ [ -117.159206001220213, 32.710440565187383 ], [ -117.160119383601199, 32.710425582467842 ], [ -117.160120619326548, 32.711489247800706 ], [ -117.159210441997629, 32.71150145831195 ], [ -117.159206001220213, 32.710440565187383 ] ] ] } },
{ "type": "Feature", "properties": { "lon": -117.1597059, "lat": 32.7151784, "neighborhood": "Gaslamp", "block_id": "06TH_AV_BROADWAY", "st_north": "BROADWAY", "st_east": "06TH_AV", "st_south": "E_ST", "st_west": "05TH_AV" }, "geometry": { "type": "Polygon", "coordinates": [ [ [ -117.160157589441937, 32.715699697871102 ], [ -117.159703483170034, 32.715703048188836 ], [ -117.159414350032236, 32.715705180491931 ], [ -117.159321753744919, 32.715705863228997 ], [ -117.159260319043312, 32.715706316165054 ], [ -117.159259825032507, 32.715637747771325 ], [ -117.159257550261742, 32.715322417401588 ], [ -117.159252768270065, 32.714659188381368 ], [ -117.160153253768016, 32.714649797828976 ], [ -117.160155840986107, 32.715276154614422 ], [ -117.160155926410297, 32.715296926504131 ], [ -117.160157008942292, 32.715559189166569 ], [ -117.160157589441937, 32.715699697871102 ] ] ] } },
{ "type": "Feature", "properties": { "lon": -117.1597014, "lat": 32.7162296, "neighborhood": "City Center", "block_id": "06TH_AV_C_ST", "st_north": "C_ST", "st_east": "06TH_AV", "st_south": "BROADWAY", "st_west": "05TH_AV" }, "geometry": { "type": "Polygon", "coordinates": [ [ [ -117.159260319043312, 32.715706316165054 ], [ -117.159321753744919, 32.715705863228997 ], [ -117.159414350032236, 32.715705180491931 ], [ -117.159703483170034, 32.715703048188836 ], [ -117.160157589441937, 32.715699697871102 ], [ -117.160165321341552, 32.716763316325505 ], [ -117.159271234427592, 32.716764414109385 ], [ -117.159261278186676, 32.715799293077573 ], [ -117.159261177208464, 32.715789504515577 ], [ -117.159260639166803, 32.715737348142817 ], [ -117.1592603319353, 32.715707565883847 ], [ -117.159260319043312, 32.715706316165054 ] ] ] } },
{ "type": "Feature", "properties": { "lon": -117.158807, "lat": 32.7151884, "neighborhood": "City Center", "block_id": "07TH_AV_BROADWAY", "st_north": "BROADWAY", "st_east": "07TH_AV", "st_south": "E_ST", "st_west": "06TH_AV" }, "geometry": { "type": "Polygon", "coordinates": [ [ [ -117.159260319043312, 32.715706316165054 ], [ -117.159248018709107, 32.715706369875925 ], [ -117.158948936752083, 32.715707680807157 ], [ -117.158651541135242, 32.715708984901241 ], [ -117.158634152992292, 32.715709060705372 ], [ -117.158340262284781, 32.715710347244404 ], [ -117.158336001701031, 32.714665943760615 ], [ -117.159252768270065, 32.714659188381368 ], [ -117.159257550261742, 32.715322417401588 ], [ -117.159259825032507, 32.715637747771325 ], [ -117.159260319043312, 32.715706316165054 ] ] ] } },
{ "type": "Feature", "properties": { "lon": -117.1588143, "lat": 32.7162388, "neighborhood": "City Center", "block_id": "07TH_AV_C_ST", "st_north": "C_ST", "st_east": "07TH_AV", "st_south": "BROADWAY", "st_west": "06TH_AV" }, "geometry": { "type": "Polygon", "coordinates": [ [ [ -117.158340262284781, 32.715710347244404 ], [ -117.158634152992292, 32.715709060705372 ], [ -117.158651541135242, 32.715708984901241 ], [ -117.158948936752083, 32.715707680807157 ], [ -117.159248018709107, 32.715706369875925 ], [ -117.159260319043312, 32.715706316165054 ], [ -117.1592603319353, 32.715707565883847 ], [ -117.159260639166803, 32.715737348142817 ], [ -117.159261177208464, 32.715789504515577 ], [ -117.159261278186676, 32.715799293077573 ], [ -117.159271234427592, 32.716764414109385 ], [ -117.158347858963111, 32.716762972614539 ], [ -117.158344476053571, 32.716294155060979 ], [ -117.158341229720548, 32.715844383091664 ], [ -117.158340931525373, 32.715803026913861 ], [ -117.158340262284781, 32.715710347244404 ] ] ] } },
{ "type": "Feature", "properties": { "lon": -117.1606163, "lat": 32.7151718, "neighborhood": "Gaslamp", "block_id": "05TH_AV_BROADWAY", "st_north": "BROADWAY", "st_east": "05TH_AV", "st_south": "E_ST", "st_west": "04TH_AV" }, "geometry": { "type": "Polygon", "coordinates": [ [ [ -117.161080893781417, 32.715695629243243 ], [ -117.160157589441937, 32.715699697871102 ], [ -117.160157008942292, 32.715559189166569 ], [ -117.160155926410297, 32.715296926504131 ], [ -117.160155840986107, 32.715276154614422 ], [ -117.160153253768016, 32.714649797828976 ], [ -117.161076518702558, 32.714642980934933 ], [ -117.161077129340484, 32.714789772755871 ], [ -117.16107717785269, 32.71480148331672 ], [ -117.161078216537106, 32.715051499757763 ], [ -117.161080893781417, 32.715695629243243 ] ] ] } },
{ "type": "Feature", "properties": { "lon": -117.1606236, "lat": 32.7162302, "neighborhood": "City Center", "block_id": "05TH_AV_C_ST", "st_north": "C_ST", "st_east": "05TH_AV", "st_south": "BROADWAY", "st_west": "04TH_AV" }, "geometry": { "type": "Polygon", "coordinates": [ [ [ -117.160157589441937, 32.715699697871102 ], [ -117.161080893781417, 32.715695629243243 ], [ -117.161088668430608, 32.716761995914915 ], [ -117.160165321341552, 32.716763316325505 ], [ -117.160157589441937, 32.715699697871102 ] ] ] } },
{ "type": "Feature", "properties": { "lon": -117.1597181, "lat": 32.7068019, "neighborhood": "Gaslamp", "block_id": "06TH_AV_L_ST", "st_north": "L_ST", "st_east": "06TH_AV", "st_south": "HARBOR_DR", "st_west": "05TH_AV" }, "geometry": { "type": "Polygon", "coordinates": [ [ [ -117.160284733521067, 32.707192957118494 ], [ -117.160210536858884, 32.707288855812109 ], [ -117.159192934637716, 32.707282619793915 ], [ -117.159189835707039, 32.706666975134212 ], [ -117.159189518840151, 32.706578964811236 ], [ -117.15918812577705, 32.706185998016281 ], [ -117.159049339402941, 32.705932261201454 ], [ -117.159552961413823, 32.706257517394683 ], [ -117.160560231951607, 32.706838266592811 ], [ -117.160284733521067, 32.707192957118494 ] ] ] } },
{ "type": "Feature", "properties": { "lon": -117.1587482, "lat": 32.7099117, "neighborhood": "South East Village", "block_id": "07TH_AV_ISLAND_AV", "st_north": "ISLAND_AV", "st_east": "07TH_AV", "st_south": "J_ST", "st_west": "06TH_AV" }, "geometry": { "type": "Polygon", "coordinates": [ [ [ -117.159195087401983, 32.709382467423737 ], [ -117.159206001220213, 32.710440565187383 ], [ -117.158285744548181, 32.710419861169164 ], [ -117.158304438264764, 32.70939452473106 ], [ -117.159195087401983, 32.709382467423737 ] ] ] } },
{ "type": "Feature", "properties": { "lon": -117.1596315, "lat": 32.7077977, "neighborhood": "Gaslamp", "block_id": "06TH_AV_K_ST", "st_north": "K_ST", "st_east": "06TH_AV", "st_south": "L_ST", "st_west": "05TH_AV" }, "geometry": { "type": "Polygon", "coordinates": [ [ [ -117.160210536858884, 32.707288855812109 ], [ -117.160200737348333, 32.707299820274613 ], [ -117.160191308130393, 32.707311010143933 ], [ -117.160182249177197, 32.70732242271508 ], [ -117.160173575252202, 32.707334041647847 ], [ -117.160165844404702, 32.707345062979059 ], [ -117.160165716136035, 32.707345242470574 ], [ -117.160165284157245, 32.707345860646377 ], [ -117.160157387549418, 32.707357872410803 ], [ -117.160149893839716, 32.707370065156425 ], [ -117.160142804011031, 32.707382430760418 ], [ -117.160136126511517, 32.707394961044855 ], [ -117.160130193476007, 32.70740697454724 ], [ -117.160129865439856, 32.707407639748141 ], [ -117.16012402611922, 32.707420465929424 ], [ -117.160118613696113, 32.707433421515852 ], [ -117.16011363239943, 32.707446502869324 ], [ -117.160109083146892, 32.707459695555293 ], [ -117.160105153961467, 32.707472409349087 ], [ -117.160104975444, 32.707472990486252 ], [ -117.160101305998367, 32.707486378669117 ], [ -117.160098081050862, 32.707499844728218 ], [ -117.160095304830449, 32.707513385025472 ], [ -117.160092973970308, 32.707526983354391 ], [ -117.16009119299585, 32.70753991664877 ], [ -117.160091095889513, 32.707540635151581 ], [ -117.160089731247623, 32.707553604148337 ], [ -117.160089740425207, 32.707556352588483 ], [ -117.160091206354636, 32.708325925782802 ], [ -117.159194011007017, 32.708332543592689 ], [ -117.159193221602195, 32.707562965457655 ], [ -117.159192934637716, 32.707282619793915 ], [ -117.160210536858884, 32.707288855812109 ] ] ] } },
{ "type": "Feature", "properties": { "lon": -117.1587374, "lat": 32.7078133, "neighborhood": "South East Village", "block_id": "TONY_GWYNN_DR_K_ST", "st_north": "K_ST", "st_east": "TONY_GWYNN_DR", "st_south": "L_ST", "st_west": "06TH_AV" }, "geometry": { "type": "Polygon", "coordinates": [ [ [ -117.159194011007017, 32.708332543592689 ], [ -117.158274091043282, 32.708342070751144 ], [ -117.158268522651611, 32.707569779359176 ], [ -117.158266521098881, 32.707292194850346 ], [ -117.159192934637716, 32.707282619793915 ], [ -117.159193221602195, 32.707562965457655 ], [ -117.159194011007017, 32.708332543592689 ] ] ] } },
{ "type": "Feature", "properties": { "lon": -117.1587426, "lat": 32.7088603, "neighborhood": "South East Village", "block_id": "07TH_AV_J_ST", "st_north": "J_ST", "st_east": "07TH_AV", "st_south": "K_ST", "st_west": "06TH_AV" }, "geometry": { "type": "Polygon", "coordinates": [ [ [ -117.158274091043282, 32.708342070751144 ], [ -117.159194011007017, 32.708332543592689 ], [ -117.159195087401983, 32.709382467423737 ], [ -117.158304438264764, 32.70939452473106 ], [ -117.158274091043282, 32.708342070751144 ] ] ] } },
{ "type": "Feature", "properties": { "lon": -117.1596919, "lat": 32.7141385, "neighborhood": "Gaslamp", "block_id": "06TH_AV_E_ST", "st_north": "E_ST", "st_east": "06TH_AV", "st_south": "F_ST", "st_west": "05TH_AV" }, "geometry": { "type": "Polygon", "coordinates": [ [ [ -117.160145916303279, 32.713624656545278 ], [ -117.160153253768016, 32.714649797828976 ], [ -117.159252768270065, 32.714659188381368 ], [ -117.159242136877324, 32.71362857438902 ], [ -117.160145916303279, 32.713624656545278 ] ] ] } },
{ "type": "Feature", "properties": { "lon": -117.1587996, "lat": 32.7141496, "neighborhood": "East Village", "block_id": "07TH_AV_E_ST", "st_north": "E_ST", "st_east": "07TH_AV", "st_south": "F_ST", "st_west": "06TH_AV" }, "geometry": { "type": "Polygon", "coordinates": [ [ [ -117.159242136877324, 32.71362857438902 ], [ -117.159252768270065, 32.714659188381368 ], [ -117.158336001701031, 32.714665943760615 ], [ -117.158328606804631, 32.713632557423317 ], [ -117.159242136877324, 32.71362857438902 ] ] ] } },
{ "type": "Feature", "properties": { "lon": -117.1583317, "lat": 32.7061663, "neighborhood": "South East Village", "block_id": "TONY_GWYNN_DR_L_ST", "st_north": "L_ST", "st_east": "TONY_GWYNN_DR", "st_south": "PARK_BL", "st_west": "HARBOR_DR" }, "geometry": { "type": "Polygon", "coordinates": [ [ [ -117.159192934637716, 32.707282619793915 ], [ -117.158266521098881, 32.707292194850346 ], [ -117.158256078195095, 32.70627866949409 ], [ -117.158177879480647, 32.706238127808334 ], [ -117.157346617355429, 32.705807129525674 ], [ -117.157340248032966, 32.705803827322327 ], [ -117.157224518346425, 32.705743822960727 ], [ -117.1569818037906, 32.705617976764529 ], [ -117.15698217066479, 32.705617663867308 ], [ -117.157056451287588, 32.705550141607226 ], [ -117.1571510207838, 32.705464171022541 ], [ -117.157151466686187, 32.705463764664159 ], [ -117.157164765877766, 32.705451675478862 ], [ -117.157299935314711, 32.705328798122586 ], [ -117.157303731895595, 32.705325346278578 ], [ -117.157638465354552, 32.705021050449723 ], [ -117.159049339402941, 32.705932261201454 ], [ -117.15918812577705, 32.706185998016281 ], [ -117.159189518840151, 32.706578964811236 ], [ -117.159189835707039, 32.706666975134212 ], [ -117.159192934637716, 32.707282619793915 ] ] ] } },
{ "type": "Feature", "properties": { "lon": -117.1605939, "lat": 32.7130875, "neighborhood": "Gaslamp", "block_id": "05TH_AV_F_ST", "st_north": "F_ST", "st_east": "05TH_AV", "st_south": "G_ST", "st_west": "04TH_AV" }, "geometry": { "type": "Polygon", "coordinates": [ [ [ -117.161072453006156, 32.713620563966231 ], [ -117.160145916303279, 32.713624656545278 ], [ -117.160134165069906, 32.712567679415642 ], [ -117.160134152412169, 32.712566556840841 ], [ -117.160135349031151, 32.712566542599625 ], [ -117.160142014581794, 32.712566452831005 ], [ -117.160556488986742, 32.712560956888744 ], [ -117.161067932889239, 32.712554173346646 ], [ -117.161072453006156, 32.713620563966231 ] ] ] } },
{ "type": "Feature", "properties": { "lon": -117.1596933, "lat": 32.713099, "neighborhood": "Gaslamp", "block_id": "06TH_AV_F_ST", "st_north": "F_ST", "st_east": "06TH_AV", "st_south": "G_ST", "st_west": "05TH_AV" }, "geometry": { "type": "Polygon", "coordinates": [ [ [ -117.160134152412169, 32.712566556840841 ], [ -117.160134165069906, 32.712567679415642 ], [ -117.160145916303279, 32.713624656545278 ], [ -117.159242136877324, 32.71362857438902 ], [ -117.159231222230616, 32.71257047653296 ], [ -117.160134152412169, 32.712566556840841 ] ] ] } },
{ "type": "Feature", "properties": { "lon": -117.1587475, "lat": 32.7109631, "neighborhood": "South East Village", "block_id": "07TH_AV_MARKET_ST", "st_north": "MARKET_ST", "st_east": "07TH_AV", "st_south": "ISLAND_AV", "st_west": "06TH_AV" }, "geometry": { "type": "Polygon", "coordinates": [ [ [ -117.158285744548181, 32.710419861169164 ], [ -117.159206001220213, 32.710440565187383 ], [ -117.159210441997629, 32.71150145831195 ], [ -117.158660916254576, 32.711502153899467 ], [ -117.158309905733873, 32.711502597066712 ], [ -117.158303800356194, 32.711229018527824 ], [ -117.158301544809788, 32.711127923780388 ], [ -117.158285744548181, 32.710419861169164 ] ] ] } },
{ "type": "Feature", "properties": { "lon": -117.1596875, "lat": 32.7120348, "neighborhood": "Gaslamp", "block_id": "06TH_AV_G_ST", "st_north": "G_ST", "st_east": "06TH_AV", "st_south": "MARKET_ST", "st_west": "05TH_AV" }, "geometry": { "type": "Polygon", "coordinates": [ [ [ -117.160134152412169, 32.712566556840841 ], [ -117.159231222230616, 32.71257047653296 ], [ -117.159210441997629, 32.71150145831195 ], [ -117.160120619326548, 32.711489247800706 ], [ -117.160134076336249, 32.712560531965202 ], [ -117.160134152412169, 32.712566556840841 ] ] ] } },
{ "type": "Feature", "properties": { "lon": -117.1587796, "lat": 32.7120424, "neighborhood": "East Village", "block_id": "07TH_AV_G_ST", "st_north": "G_ST", "st_east": "07TH_AV", "st_south": "MARKET_ST", "st_west": "06TH_AV" }, "geometry": { "type": "Polygon", "coordinates": [ [ [ -117.159210441997629, 32.71150145831195 ], [ -117.159231222230616, 32.71257047653296 ], [ -117.159222789238555, 32.71257056395298 ], [ -117.158985910445125, 32.71257302786502 ], [ -117.158324258287379, 32.712579908223034 ], [ -117.158324078606043, 32.712566405066873 ], [ -117.158309928014177, 32.711504241678917 ], [ -117.158309905733873, 32.711502597066712 ], [ -117.158660916254576, 32.711502153899467 ], [ -117.159210441997629, 32.71150145831195 ] ] ] } },
{ "type": "Feature", "properties": { "lon": -117.1587686, "lat": 32.7130998, "neighborhood": "East Village", "block_id": "07TH_AV_F_ST", "st_north": "F_ST", "st_east": "07TH_AV", "st_south": "G_ST", "st_west": "06TH_AV" }, "geometry": { "type": "Polygon", "coordinates": [ [ [ -117.159231222230616, 32.71257047653296 ], [ -117.159242136877324, 32.71362857438902 ], [ -117.158328606804631, 32.713632557423317 ], [ -117.158328562565416, 32.713621950564509 ], [ -117.158326971930222, 32.713236879007162 ], [ -117.158324547645819, 32.712649908278422 ], [ -117.158324364276467, 32.712605616090322 ], [ -117.158324286764213, 32.712586915445854 ], [ -117.158324258287379, 32.712579908223034 ], [ -117.158985910445125, 32.71257302786502 ], [ -117.159222789238555, 32.71257056395298 ], [ -117.159231222230616, 32.71257047653296 ] ] ] } },
{ "type": "Feature", "properties": { "lon": -117.1444639, "lat": 32.7142172, "neighborhood": "Golden Hill", "block_id": "22ND_ST_E_ST", "st_north": "E_ST", "st_east": "22ND_ST", "st_south": "F_ST", "st_west": "21ST_ST" }, "geometry": { "type": "Polygon", "coordinates": [ [ [ -117.144911791341414, 32.713700408974795 ], [ -117.144922283091873, 32.714733772497191 ], [ -117.144012016547251, 32.714740374224782 ], [ -117.144001451842882, 32.713698765716956 ], [ -117.144755663091033, 32.713693296261098 ], [ -117.144833716995663, 32.713695478464366 ], [ -117.144911791341414, 32.713700408974795 ] ] ] } },
{ "type": "Feature", "properties": { "lon": -117.1453569, "lat": 32.7142517, "neighborhood": "Golden Hill", "block_id": "21ST_ST_E_ST", "st_north": "E_ST", "st_east": "21ST_ST", "st_south": "F_ST", "st_west": "20TH_ST" }, "geometry": { "type": "Polygon", "coordinates": [ [ [ -117.144922283091873, 32.714733772497191 ], [ -117.144911791341414, 32.713700408974795 ], [ -117.145188174166577, 32.713703900182601 ], [ -117.145840646842558, 32.713924539932279 ], [ -117.145842301264281, 32.71472709321818 ], [ -117.144922283091873, 32.714733772497191 ] ] ] } },
{ "type": "Feature", "properties": { "lon": -117.1419995, "lat": 32.713132, "neighborhood": "Golden Hill", "block_id": "25TH_ST_SR-94_WB", "st_north": "SR-94_WB", "st_east": "25TH_ST", "st_south": "SR-94_EB", "st_west": "22ND_ST" }, "geometry": { "type": "Polygon", "coordinates": [ [ [ -117.143999685270913, 32.713204045881575 ], [ -117.143638863498808, 32.713209409403525 ], [ -117.142461091151361, 32.713253611581749 ], [ -117.142459150587371, 32.713253683335743 ], [ -117.140744324194628, 32.713268218540854 ], [ -117.140255070156201, 32.713272361663392 ], [ -117.140253710012615, 32.713137693894154 ], [ -117.140252544186382, 32.713022265150904 ], [ -117.140253344162829, 32.713022264786744 ], [ -117.142460036204739, 32.713020053161479 ], [ -117.143997957047802, 32.713033651122323 ], [ -117.143998793283941, 32.713116100199301 ], [ -117.143999685270913, 32.713204045881575 ] ] ] } },
{ "type": "Feature", "properties": { "lon": -117.1464733, "lat": 32.7142189, "neighborhood": "Golden Hill", "block_id": "22ND_ST_BROADWAY", "st_north": "BROADWAY", "st_east": "22ND_ST", "st_south": "I-5_SB_OFF_RA", "st_west": "I-5_NB" }, "geometry": { "type": "Polygon", "coordinates": [ [ [ -117.143999685270913, 32.713204045881575 ], [ -117.143998793283941, 32.713116100199301 ], [ -117.143997957047802, 32.713033651122323 ], [ -117.143999771800551, 32.713033690268396 ], [ -117.144370133745568, 32.713042078378066 ], [ -117.144882759222455, 32.713082426970232 ], [ -117.144967335732971, 32.713087087531534 ], [ -117.145690624723457, 32.713238502397438 ], [ -117.147073451901093, 32.71366546502361 ], [ -117.147080065592519, 32.713676410938596 ], [ -117.147086651314609, 32.713684608551326 ], [ -117.147557808311944, 32.713978019119232 ], [ -117.147553771932465, 32.71407007744002 ], [ -117.147548815320874, 32.714183115141978 ], [ -117.147534059939389, 32.714519648437118 ], [ -117.147537492692322, 32.714742687945261 ], [ -117.147553240929767, 32.715765780291242 ], [ -117.147553260488422, 32.715766967741388 ], [ -117.147553267406849, 32.715767332896014 ], [ -117.14751308278602, 32.715767141998491 ], [ -117.147325669651963, 32.715766240514149 ], [ -117.147127359776107, 32.715767683181049 ], [ -117.146938801772308, 32.715769054609147 ], [ -117.146750244829192, 32.715770425741233 ], [ -117.146720617302122, 32.714775680397366 ], [ -117.146722757419923, 32.714346897100121 ], [ -117.146525968524358, 32.714177920436619 ], [ -117.146450725318161, 32.714131742786762 ], [ -117.146204945870466, 32.713941132762464 ], [ -117.146021721263679, 32.713827026844484 ], [ -117.146017350776219, 32.713824991807577 ], [ -117.146003098246993, 32.713818386404213 ], [ -117.145988814162692, 32.713811824512021 ], [ -117.145974501768862, 32.713805310616074 ], [ -117.145960159953034, 32.713798840215802 ], [ -117.145945792990787, 32.713792414181817 ], [ -117.145931396634026, 32.713786034348473 ], [ -117.145916968767949, 32.713779702534616 ], [ -117.145902515746116, 32.713773414185347 ], [ -117.145888033311493, 32.713767170233396 ], [ -117.145873524718652, 32.713760976065501 ], [ -117.145858988818588, 32.713754823574284 ], [ -117.145844426760277, 32.713748720867159 ], [ -117.145829835279869, 32.713742661655544 ], [ -117.14581521868034, 32.713736649515219 ], [ -117.145800576934121, 32.713730681741055 ], [ -117.145785905829896, 32.713724763774181 ], [ -117.14577120956983, 32.713718889271824 ], [ -117.14575648819968, 32.713713062742329 ], [ -117.145741743834208, 32.713707282366897 ], [ -117.145726970055705, 32.71370154638862 ], [ -117.145719065187976, 32.713698509026585 ], [ -117.145712172251976, 32.713695860178802 ], [ -117.145697348253208, 32.713690220146241 ], [ -117.145682501249908, 32.713684625365971 ], [ -117.145667630212159, 32.713679079452483 ], [ -117.145652731921885, 32.713673580625638 ], [ -117.145637812750991, 32.713668126133953 ], [ -117.145622867412513, 32.713662720524475 ], [ -117.145607900163427, 32.713657362864531 ], [ -117.145592906719187, 32.713652051381835 ], [ -117.145577891391824, 32.713646790553661 ], [ -117.14556285089914, 32.713641572288211 ], [ -117.145557490427521, 32.713639731985964 ], [ -117.145547790656465, 32.713636404661827 ], [ -117.14553968066879, 32.713633649219126 ], [ -117.145532705294286, 32.713631284106505 ], [ -117.145517598030537, 32.713626212402438 ], [ -117.145502467762086, 32.713621185950508 ], [ -117.14548731985829, 32.713616208318818 ], [ -117.145472144729254, 32.713611280478695 ], [ -117.145456951919115, 32.713606396950325 ], [ -117.145441732941038, 32.713601562304078 ], [ -117.145426494212828, 32.713596778296896 ], [ -117.145411237821691, 32.713592040404777 ], [ -117.145395958443999, 32.713587349568193 ], [ -117.14538065720123, 32.713582711189424 ], [ -117.145365336171551, 32.713578119842943 ], [ -117.145349996421487, 32.713573575520975 ], [ -117.145334634769696, 32.71356908005005 ], [ -117.145319254406587, 32.71356463250536 ], [ -117.145303854274871, 32.713560233796223 ], [ -117.14529911651293, 32.713558896642205 ], [ -117.145288435450084, 32.713555884816621 ], [ -117.145279061892424, 32.713553272888852 ], [ -117.145272997904883, 32.71355158286147 ], [ -117.145257540600042, 32.713547330643571 ], [ -117.145242064592992, 32.713543127253558 ], [ -117.145226569902064, 32.713538974494625 ], [ -117.145211055414833, 32.713534867866237 ], [ -117.145195526500743, 32.713530810936369 ], [ -117.145179977826999, 32.713526803743648 ], [ -117.145164409393445, 32.713522846288178 ], [ -117.145148826533017, 32.713518938531173 ], [ -117.145133227084997, 32.713515077783107 ], [ -117.145117608962067, 32.713511268567792 ], [ -117.145101975318141, 32.7135075063537 ], [ -117.145086321950956, 32.713503797483483 ], [ -117.14507065731982, 32.713500134681745 ], [ -117.145054971862194, 32.71349652162494 ], [ -117.145039271968358, 32.71349295736492 ], [ -117.145026420626692, 32.713490083001993 ], [ -117.145023559762208, 32.713489440984489 ], [ -117.145021184382927, 32.713488919883879 ], [ -117.145007827878501, 32.713485982456227 ], [ -117.144992083636637, 32.713482567299209 ], [ -117.144976320701375, 32.71347920187155 ], [ -117.144960547632593, 32.713475888816383 ], [ -117.14494475690941, 32.713472622777857 ], [ -117.144928952852993, 32.713469409134944 ], [ -117.144000660892829, 32.713300237373467 ], [ -117.143999685270913, 32.713204045881575 ] ] ] } },
{ "type": "Feature", "properties": { "lon": -117.1435701, "lat": 32.7142204, "neighborhood": "Golden Hill", "block_id": "23RD_ST_E_ST", "st_north": "E_ST", "st_east": "23RD_ST", "st_south": "F_ST", "st_west": "22ND_ST" }, "geometry": { "type": "Polygon", "coordinates": [ [ [ -117.144001451842882, 32.713698765716956 ], [ -117.144012016547251, 32.714740374224782 ], [ -117.143150486193349, 32.714743867798383 ], [ -117.143143210423773, 32.713704983976903 ], [ -117.144001451842882, 32.713698765716956 ] ] ] } },
{ "type": "Feature", "properties": { "lon": -117.1371217, "lat": 32.7173875, "neighborhood": "Golden Hill", "block_id": "27TH_ST_B_ST", "st_north": "B_ST", "st_east": "27TH_ST", "st_south": "C_ST", "st_west": "26TH_ST" }, "geometry": { "type": "Polygon", "coordinates": [ [ [ -117.138195041019998, 32.717907458161079 ], [ -117.136062256212554, 32.717914553255873 ], [ -117.136060230213573, 32.717389602801887 ], [ -117.136055036088848, 32.716872919723272 ], [ -117.138194270046768, 32.716863029625365 ], [ -117.138196253362509, 32.71738248433013 ], [ -117.138195288292906, 32.717800420738136 ], [ -117.138195041019998, 32.717907458161079 ] ] ] } },
{ "type": "Feature", "properties": { "lon": -117.1371302, "lat": 32.7184356, "neighborhood": "Golden Hill", "block_id": "27TH_ST_A_ST", "st_north": "A_ST", "st_east": "27TH_ST", "st_south": "B_ST", "st_west": "26TH_ST" }, "geometry": { "type": "Polygon", "coordinates": [ [ [ -117.136062256212554, 32.717914553255873 ], [ -117.138195041019998, 32.717907458161079 ], [ -117.138197107440703, 32.718435156891317 ], [ -117.138198157583162, 32.718710000603146 ], [ -117.138199090799404, 32.718954610715912 ], [ -117.136069587014489, 32.718967179134168 ], [ -117.136068670270902, 32.718725317432579 ], [ -117.13606761620558, 32.718447725275219 ], [ -117.136062256212554, 32.717914553255873 ] ] ] } },
{ "type": "Feature", "properties": { "lon": -117.1349323, "lat": 32.7173994, "neighborhood": "Golden Hill", "block_id": "28TH_ST_B_ST", "st_north": "B_ST", "st_east": "28TH_ST", "st_south": "C_ST", "st_west": "27TH_ST" }, "geometry": { "type": "Polygon", "coordinates": [ [ [ -117.133854779256041, 32.717930392258559 ], [ -117.133812181508986, 32.717844419960123 ], [ -117.133810475280271, 32.717402999031776 ], [ -117.133795513714759, 32.716883638344044 ], [ -117.134442487958253, 32.716880572281333 ], [ -117.136055036088848, 32.716872919723272 ], [ -117.136060230213573, 32.717389602801887 ], [ -117.136062256212554, 32.717914553255873 ], [ -117.134467606031208, 32.717925999089928 ], [ -117.134459478369664, 32.717926057374591 ], [ -117.133854779256041, 32.717930392258559 ] ] ] } },
{ "type": "Feature", "properties": { "lon": -117.1349655, "lat": 32.7184471, "neighborhood": "Golden Hill", "block_id": "28TH_ST_A_ST", "st_north": "A_ST", "st_east": "28TH_ST", "st_south": "B_ST", "st_west": "27TH_ST" }, "geometry": { "type": "Polygon", "coordinates": [ [ [ -117.13606761620558, 32.718447725275219 ], [ -117.136068670270902, 32.718725317432579 ], [ -117.136069587014489, 32.718967179134168 ], [ -117.134491133149481, 32.718974506858011 ], [ -117.133901045017993, 32.718977242052475 ], [ -117.133861640817685, 32.718876520566248 ], [ -117.133861121811691, 32.718741156917133 ], [ -117.133860015656325, 32.718452571152973 ], [ -117.133854779256041, 32.717930392258559 ], [ -117.134459478369664, 32.717926057374591 ], [ -117.134467606031208, 32.717925999089928 ], [ -117.136062256212554, 32.717914553255873 ], [ -117.13606761620558, 32.718447725275219 ] ] ] } },
{ "type": "Feature", "properties": { "lon": -117.134985, "lat": 32.7192082, "neighborhood": "Golden Hill", "block_id": "28TH_ST_RUSS_BL", "st_north": "RUSS_BL", "st_east": "28TH_ST", "st_south": "A_ST", "st_west": "27TH_ST" }, "geometry": { "type": "Polygon", "coordinates": [ [ [ -117.13389925261022, 32.719447247074491 ], [ -117.133901045017993, 32.718977242052475 ], [ -117.134491133149481, 32.718974506858011 ], [ -117.136069587014489, 32.718967179134168 ], [ -117.136074394526034, 32.719445385071438 ], [ -117.135274787892129, 32.719446075374563 ], [ -117.134716914410376, 32.719446554307098 ], [ -117.134490995179647, 32.71944674537891 ], [ -117.13389925261022, 32.719447247074491 ] ] ] } },
{ "type": "Feature", "properties": { "lon": -117.1444915, "lat": 32.7173511, "neighborhood": "Golden Hill", "block_id": "22ND_ST_B_ST", "st_north": "B_ST", "st_east": "22ND_ST", "st_south": "C_ST", "st_west": "21ST_ST" }, "geometry": { "type": "Polygon", "coordinates": [ [ [ -117.14494023956037, 32.716822510539437 ], [ -117.144945534591926, 32.717344001869314 ], [ -117.14494557645007, 32.71734812432328 ], [ -117.144949799435892, 32.717764028719614 ], [ -117.14494984267688, 32.71776828732645 ], [ -117.144895659337038, 32.717875513288284 ], [ -117.144037349434413, 32.717878989468424 ], [ -117.144033690173046, 32.717359547652222 ], [ -117.144029951446228, 32.716829112399815 ], [ -117.14494023956037, 32.716822510539437 ] ] ] } },
{ "type": "Feature", "properties": { "lon": -117.1453824, "lat": 32.7173432, "neighborhood": "Golden Hill", "block_id": "21ST_ST_B_ST", "st_north": "B_ST", "st_east": "21ST_ST", "st_south": "C_ST", "st_west": "20TH_ST" }, "geometry": { "type": "Polygon", "coordinates": [ [ [ -117.144895659337038, 32.717875513288284 ], [ -117.14494984267688, 32.71776828732645 ], [ -117.144949799435892, 32.717764028719614 ], [ -117.14494557645007, 32.71734812432328 ], [ -117.144945534591926, 32.717344001869314 ], [ -117.14494023956037, 32.716822510539437 ], [ -117.145847275450791, 32.716815925582395 ], [ -117.145851499892842, 32.717871322760509 ], [ -117.144950927356263, 32.717875112265595 ], [ -117.144895659337038, 32.717875513288284 ] ] ] } },
{ "type": "Feature", "properties": { "lon": -117.1472282, "lat": 32.7175296, "neighborhood": "Golden Hill", "block_id": "19TH_ST_I-5_SB_OFF_RA", "st_north": "I-5_SB_OFF_RA", "st_east": "19TH_ST", "st_south": "BROADWAY", "st_west": "I-5_NB" }, "geometry": { "type": "Polygon", "coordinates": [ [ [ -117.147759888514273, 32.719135504373689 ], [ -117.147790576194964, 32.719275454801313 ], [ -117.147634075035313, 32.719232617794468 ], [ -117.147428946261911, 32.719203876951902 ], [ -117.147412709665346, 32.719203236727047 ], [ -117.147396463596152, 32.719202713795319 ], [ -117.147380215539073, 32.719202309905711 ], [ -117.147363962257316, 32.719202021474764 ], [ -117.147347706978408, 32.719201851184273 ], [ -117.147331449674681, 32.719201796329131 ], [ -117.147315196745893, 32.719201856862917 ], [ -117.147298941874794, 32.719202040947103 ], [ -117.147282684951136, 32.719202337761701 ], [ -117.147266438838756, 32.719202753525266 ], [ -117.14725019391949, 32.719203286504353 ], [ -117.147233956574738, 32.719203934848956 ], [ -117.147217727898635, 32.719204701256452 ], [ -117.14720150573946, 32.719205583938937 ], [ -117.147185291172988, 32.719206583790339 ], [ -117.147169088484034, 32.719207702582999 ], [ -117.147152899759959, 32.719208935793041 ], [ -117.147136721819138, 32.719210285247044 ], [ -117.14712055787048, 32.71921175182348 ], [ -117.14710441110482, 32.719213334597335 ], [ -117.147088279425418, 32.719215037190885 ], [ -117.147072164873762, 32.719216850571826 ], [ -117.147056070750622, 32.719218784635373 ], [ -117.147039996936684, 32.719220827659711 ], [ -117.147023941454592, 32.719222994988861 ], [ -117.14700791271801, 32.719225274838962 ], [ -117.146991904354692, 32.719227669961668 ], [ -117.146975919592009, 32.719230183038661 ], [ -117.146959966880331, 32.719232805892865 ], [ -117.146944036693313, 32.7192355458075 ], [ -117.14692813435488, 32.719238401842119 ], [ -117.146912261961646, 32.719241370374448 ], [ -117.146896420607604, 32.719244454101876 ], [ -117.146883162582469, 32.719247136965137 ], [ -117.146878019181429, 32.719248197257436 ], [ -117.146864834189344, 32.719250964413611 ], [ -117.146849090182485, 32.719254390088537 ], [ -117.146833383596132, 32.719257929108707 ], [ -117.146817710154451, 32.719261580603394 ], [ -117.146802076284757, 32.719265347231222 ], [ -117.146786480865288, 32.719269223589798 ], [ -117.146770923941887, 32.719273214187645 ], [ -117.146755411877635, 32.719277315371414 ], [ -117.146739939357616, 32.719281528983288 ], [ -117.146724506372607, 32.719285854121665 ], [ -117.146709120379896, 32.719290289830489 ], [ -117.146693781388535, 32.719294837011603 ], [ -117.146678485122735, 32.719299494794257 ], [ -117.146663240097297, 32.719304261313091 ], [ -117.146648044187998, 32.719309137485375 ], [ -117.14663289419488, 32.719314123334307 ], [ -117.146617797584412, 32.719319218805637 ], [ -117.14660621511436, 32.719323225889461 ], [ -117.146600016860603, 32.719325392984409 ], [ -117.146587758083712, 32.719329735957245 ], [ -117.146572821593267, 32.719335157591011 ], [ -117.14655793739108, 32.719340686149984 ], [ -117.146543110801147, 32.719346320693759 ], [ -117.14652833968097, 32.719352060336227 ], [ -117.146513628333764, 32.719357908653052 ], [ -117.146498978874391, 32.719363863825379 ], [ -117.146484390181115, 32.719369920451037 ], [ -117.146469861269878, 32.719376086652723 ], [ -117.146455394182169, 32.719382353398345 ], [ -117.146440990057982, 32.719388727893495 ], [ -117.14642786720357, 32.719394654564304 ], [ -117.146425436828295, 32.719395763571804 ], [ -117.146412381182884, 32.719401782021549 ], [ -117.146398175402012, 32.719408465268891 ], [ -117.146390629816167, 32.719412068458091 ], [ -117.146393881692148, 32.719409497406822 ], [ -117.146405689138106, 32.719400052425904 ], [ -117.14641740721602, 32.71939052603495 ], [ -117.146429024165258, 32.719380915614245 ], [ -117.146440549576496, 32.719371220192443 ], [ -117.146451976074928, 32.719361448840431 ], [ -117.14646330356878, 32.719351592541599 ], [ -117.146474534255617, 32.71934165759216 ], [ -117.146485665974623, 32.719331641302617 ], [ -117.146496695571756, 32.719321548204654 ], [ -117.146507627286013, 32.71931137556227 ], [ -117.146518453669316, 32.719301125233073 ], [ -117.146529178997397, 32.719290798087719 ], [ -117.146539803297784, 32.719280396831351 ], [ -117.146550319067273, 32.719269917911497 ], [ -117.146560732769998, 32.719259367593459 ], [ -117.146571042217602, 32.719248740482669 ], [ -117.146581243189416, 32.719238041118523 ], [ -117.146591339961219, 32.719227270371739 ], [ -117.146601328275565, 32.719216429175034 ], [ -117.146611204905128, 32.719205514846649 ], [ -117.146620974162275, 32.719194531863984 ], [ -117.146630634962094, 32.719183478431468 ], [ -117.146640185198805, 32.719172357269649 ], [ -117.146649623833255, 32.719161171091351 ], [ -117.146658951868034, 32.719149913577134 ], [ -117.146668164070817, 32.719138594684146 ], [ -117.146677262501456, 32.719127207183583 ], [ -117.146686253624111, 32.71911575734061 ], [ -117.14669512994476, 32.719104242504528 ], [ -117.146703888291043, 32.719092665403672 ], [ -117.146712528663031, 32.719081026038062 ], [ -117.146721055354774, 32.719069327081677 ], [ -117.146729467262972, 32.719057564935682 ], [ -117.146737758061278, 32.719045746859884 ], [ -117.1467459309129, 32.719033869224504 ], [ -117.146753986875353, 32.719021931120082 ], [ -117.146761924955385, 32.719009939767737 ], [ -117.146769741907264, 32.718997890682438 ], [ -117.146777438816031, 32.718985785659797 ], [ -117.146785013585159, 32.718973628322075 ], [ -117.146792465138844, 32.718961417775255 ], [ -117.146799798773614, 32.71894915037398 ], [ -117.146807009238913, 32.718936834272164 ], [ -117.146814094364757, 32.718924465878537 ], [ -117.146821059530296, 32.718912049662762 ], [ -117.146827900441551, 32.718899582950883 ], [ -117.146834613962767, 32.718887072077855 ], [ -117.146841203193034, 32.718874507102029 ], [ -117.146847668224126, 32.718861897040242 ], [ -117.146854010141098, 32.71884924368797 ], [ -117.146860223583232, 32.718836544379101 ], [ -117.146866307511615, 32.718823801826339 ], [ -117.146872267259255, 32.718811015991037 ], [ -117.146878096463254, 32.718798190526371 ], [ -117.146883801486709, 32.718785321779109 ], [ -117.146889375984927, 32.718772415205919 ], [ -117.146894824151076, 32.718759463562336 ], [ -117.146900140780531, 32.718746479510628 ], [ -117.146905327923974, 32.718733454920233 ], [ -117.146910386675643, 32.718720392488457 ], [ -117.146915312833301, 32.718707298557987 ], [ -117.146920108502712, 32.718694170408384 ], [ -117.146924773665617, 32.718681006236253 ], [ -117.146929311540276, 32.718667807821724 ], [ -117.146933712582154, 32.718654580644674 ], [ -117.146936230482794, 32.718646764982005 ], [ -117.146937986354246, 32.718641321028564 ], [ -117.146942123284447, 32.718628031748253 ], [ -117.146946129781867, 32.718614713658958 ], [ -117.146950005864781, 32.718601368563917 ], [ -117.146953746181865, 32.718587994698673 ], [ -117.146957351827197, 32.718574594760497 ], [ -117.146960823885948, 32.718561170544966 ], [ -117.146964165558018, 32.718547722028816 ], [ -117.146967371519523, 32.718534250152523 ], [ -117.146970442837045, 32.718520754908319 ], [ -117.146973378462476, 32.718507238107406 ], [ -117.146976182699063, 32.718493703325372 ], [ -117.146978850186187, 32.718480147895988 ], [ -117.146981382008931, 32.718466573614926 ], [ -117.146983779243058, 32.718452981376011 ], [ -117.146986037649754, 32.718439373915416 ], [ -117.146988164686277, 32.718425750277127 ], [ -117.146990156095328, 32.718412111393796 ], [ -117.146992009743698, 32.718398457281005 ], [ -117.146993726743958, 32.718384792439359 ], [ -117.146995311353592, 32.718371115936144 ], [ -117.146996755048733, 32.718357428735146 ], [ -117.146998066371609, 32.718343731675922 ], [ -117.146999236780246, 32.718330023918959 ], [ -117.147000273786759, 32.718316309918201 ], [ -117.147001175267334, 32.718302590590916 ], [ -117.147001935852103, 32.71828886236915 ], [ -117.147002563071709, 32.718275131510431 ], [ -117.147003051574828, 32.718261396250085 ], [ -117.147003402428098, 32.718247656580438 ], [ -117.147003619925599, 32.718233915175333 ], [ -117.147003697695197, 32.718220174786509 ], [ -117.147003643175807, 32.71820643265464 ], [ -117.147003447862062, 32.718192691546662 ], [ -117.147003116020443, 32.718178951431646 ], [ -117.147002647678576, 32.718165215014636 ], [ -117.147002039636646, 32.718151482318824 ], [ -117.147001298322024, 32.718137756002726 ], [ -117.147000420488951, 32.718124031581269 ], [ -117.146999399829625, 32.718110318117674 ], [ -117.146998253364103, 32.718096610979508 ], [ -117.146765077655175, 32.717867432120258 ], [ -117.146757563292425, 32.716809310309344 ], [ -117.14675388250032, 32.716287121927209 ], [ -117.146750244829192, 32.715770425741233 ], [ -117.146938801772308, 32.715769054609147 ], [ -117.147127359776107, 32.715767683181049 ], [ -117.147325669651963, 32.715766240514149 ], [ -117.14751308278602, 32.715767141998491 ], [ -117.147553267406849, 32.715767332896014 ], [ -117.147555266172446, 32.716273044291647 ], [ -117.147557398125443, 32.716810582565365 ], [ -117.14755740028815, 32.716811737679535 ], [ -117.147561393322391, 32.717842400079711 ], [ -117.147561613133547, 32.717863985251753 ], [ -117.147561617219594, 32.717864386496672 ], [ -117.147605863791156, 32.718378035980109 ], [ -117.147659436429265, 32.718641503548405 ], [ -117.147759888514273, 32.719135504373689 ] ] ] } },
{ "type": "Feature", "properties": { "lon": -117.1452507, "lat": 32.7187746, "neighborhood": "Golden Hill", "block_id": "21ST_ST_RUSS_BL", "st_north": "RUSS_BL", "st_east": "21ST_ST", "st_south": "B_ST", "st_west": "I-5_NB_OFF_RA" }, "geometry": { "type": "Polygon", "coordinates": [ [ [ -117.144895659337038, 32.717875513288284 ], [ -117.144950927356263, 32.717875112265595 ], [ -117.145851499892842, 32.717871322760509 ], [ -117.146765077655175, 32.717867432120258 ], [ -117.146998253364103, 32.718096610979508 ], [ -117.146999399829625, 32.718110318117674 ], [ -117.147000420488951, 32.718124031581269 ], [ -117.147001298322024, 32.718137756002726 ], [ -117.147002039636646, 32.718151482318824 ], [ -117.147002647678576, 32.718165215014636 ], [ -117.147003116020443, 32.718178951431646 ], [ -117.147003447862062, 32.718192691546662 ], [ -117.147003643175807, 32.71820643265464 ], [ -117.147003697695197, 32.718220174786509 ], [ -117.147003619925599, 32.718233915175333 ], [ -117.147003402428098, 32.718247656580438 ], [ -117.147003051574828, 32.718261396250085 ], [ -117.147002563071709, 32.718275131510431 ], [ -117.147001935852103, 32.71828886236915 ], [ -117.147001175267334, 32.718302590590916 ], [ -117.147000273786759, 32.718316309918201 ], [ -117.146999236780246, 32.718330023918959 ], [ -117.146998066371609, 32.718343731675922 ], [ -117.146996755048733, 32.718357428735146 ], [ -117.146995311353592, 32.718371115936144 ], [ -117.146993726743958, 32.718384792439359 ], [ -117.146992009743698, 32.718398457281005 ], [ -117.146990156095328, 32.718412111393796 ], [ -117.146988164686277, 32.718425750277127 ], [ -117.146986037649754, 32.718439373915416 ], [ -117.146983779243058, 32.718452981376011 ], [ -117.146981382008931, 32.718466573614926 ], [ -117.146978850186187, 32.718480147895988 ], [ -117.146976182699063, 32.718493703325372 ], [ -117.146973378462476, 32.718507238107406 ], [ -117.146970442837045, 32.718520754908319 ], [ -117.146967371519523, 32.718534250152523 ], [ -117.146964165558018, 32.718547722028816 ], [ -117.146960823885948, 32.718561170544966 ], [ -117.146957351827197, 32.718574594760497 ], [ -117.146953746181865, 32.718587994698673 ], [ -117.146950005864781, 32.718601368563917 ], [ -117.146946129781867, 32.718614713658958 ], [ -117.146942123284447, 32.718628031748253 ], [ -117.146937986354246, 32.718641321028564 ], [ -117.146936230482794, 32.718646764982005 ], [ -117.146933712582154, 32.718654580644674 ], [ -117.146929311540276, 32.718667807821724 ], [ -117.146924773665617, 32.718681006236253 ], [ -117.146920108502712, 32.718694170408384 ], [ -117.146915312833301, 32.718707298557987 ], [ -117.146910386675643, 32.718720392488457 ], [ -117.146905327923974, 32.718733454920233 ], [ -117.146900140780531, 32.718746479510628 ], [ -117.146894824151076, 32.718759463562336 ], [ -117.146889375984927, 32.718772415205919 ], [ -117.146883801486709, 32.718785321779109 ], [ -117.146878096463254, 32.718798190526371 ], [ -117.146872267259255, 32.718811015991037 ], [ -117.146866307511615, 32.718823801826339 ], [ -117.146860223583232, 32.718836544379101 ], [ -117.146854010141098, 32.71884924368797 ], [ -117.146847668224126, 32.718861897040242 ], [ -117.146841203193034, 32.718874507102029 ], [ -117.146834613962767, 32.718887072077855 ], [ -117.146827900441551, 32.718899582950883 ], [ -117.146821059530296, 32.718912049662762 ], [ -117.146814094364757, 32.718924465878537 ], [ -117.146807009238913, 32.718936834272164 ], [ -117.146799798773614, 32.71894915037398 ], [ -117.146792465138844, 32.718961417775255 ], [ -117.146785013585159, 32.718973628322075 ], [ -117.146777438816031, 32.718985785659797 ], [ -117.146769741907264, 32.718997890682438 ], [ -117.146761924955385, 32.719009939767737 ], [ -117.146753986875353, 32.719021931120082 ], [ -117.1467459309129, 32.719033869224504 ], [ -117.146737758061278, 32.719045746859884 ], [ -117.146729467262972, 32.719057564935682 ], [ -117.146721055354774, 32.719069327081677 ], [ -117.146712528663031, 32.719081026038062 ], [ -117.146703888291043, 32.719092665403672 ], [ -117.14669512994476, 32.719104242504528 ], [ -117.146686253624111, 32.71911575734061 ], [ -117.146677262501456, 32.719127207183583 ], [ -117.146668164070817, 32.719138594684146 ], [ -117.146658951868034, 32.719149913577134 ], [ -117.146649623833255, 32.719161171091351 ], [ -117.146640185198805, 32.719172357269649 ], [ -117.146630634962094, 32.719183478431468 ], [ -117.146620974162275, 32.719194531863984 ], [ -117.146611204905128, 32.719205514846649 ], [ -117.146601328275565, 32.719216429175034 ], [ -117.146591339961219, 32.719227270371739 ], [ -117.146581243189416, 32.719238041118523 ], [ -117.146571042217602, 32.719248740482669 ], [ -117.146560732769998, 32.719259367593459 ], [ -117.146550319067273, 32.719269917911497 ], [ -117.146539803297784, 32.719280396831351 ], [ -117.146529178997397, 32.719290798087719 ], [ -117.146518453669316, 32.719301125233073 ], [ -117.146507627286013, 32.71931137556227 ], [ -117.146496695571756, 32.719321548204654 ], [ -117.146485665974623, 32.719331641302617 ], [ -117.146474534255617, 32.71934165759216 ], [ -117.14646330356878, 32.719351592541599 ], [ -117.146451976074928, 32.719361448840431 ], [ -117.146440549576496, 32.719371220192443 ], [ -117.146429024165258, 32.719380915614245 ], [ -117.14641740721602, 32.71939052603495 ], [ -117.146405689138106, 32.719400052425904 ], [ -117.146393881692148, 32.719409497406822 ], [ -117.146390629816167, 32.719412068458091 ], [ -117.146390629816082, 32.719412068458148 ], [ -117.14605570895236, 32.719409005107863 ], [ -117.14494651790433, 32.719419757322363 ], [ -117.144046598163442, 32.719431830483906 ], [ -117.143191524189845, 32.719435277211701 ], [ -117.142525071736443, 32.71944285022618 ], [ -117.142510086304597, 32.718926238872861 ], [ -117.143186399554068, 32.718929588521149 ], [ -117.144038189645457, 32.718923417092299 ], [ -117.144512879017924, 32.718922723803182 ], [ -117.1449098176451, 32.718933017396864 ], [ -117.144895659337038, 32.717875513288284 ] ] ] } },
{ "type": "Feature", "properties": { "lon": -117.1444968, "lat": 32.7163093, "neighborhood": "Golden Hill", "block_id": "22ND_ST_C_ST", "st_north": "C_ST", "st_east": "22ND_ST", "st_south": "BROADWAY", "st_west": "21ST_ST" }, "geometry": { "type": "Polygon", "coordinates": [ [ [ -117.14493291461099, 32.715780877560718 ], [ -117.144936548001468, 32.716297571048862 ], [ -117.14494023956037, 32.716822510539437 ], [ -117.144029951446228, 32.716829112399815 ], [ -117.144026286812604, 32.716306923936202 ], [ -117.144022637253642, 32.715787479366909 ], [ -117.14493291461099, 32.715780877560718 ] ] ] } },
{ "type": "Feature", "properties": { "lon": -117.1453954, "lat": 32.7162995, "neighborhood": "Golden Hill", "block_id": "21ST_ST_C_ST", "st_north": "C_ST", "st_east": "21ST_ST", "st_south": "BROADWAY", "st_west": "20TH_ST" }, "geometry": { "type": "Polygon", "coordinates": [ [ [ -117.14494023956037, 32.716822510539437 ], [ -117.144936548001468, 32.716297571048862 ], [ -117.14493291461099, 32.715780877560718 ], [ -117.145846469680578, 32.715776993732504 ], [ -117.14584687070689, 32.716293023584804 ], [ -117.145846872558764, 32.716296459202987 ], [ -117.145846875769038, 32.716300238374451 ], [ -117.145847275450791, 32.716815925582395 ], [ -117.14494023956037, 32.716822510539437 ] ] ] } },
{ "type": "Feature", "properties": { "lon": -117.1462957, "lat": 32.7162925, "neighborhood": "Golden Hill", "block_id": "20TH_ST_C_ST", "st_north": "C_ST", "st_east": "20TH_ST", "st_south": "BROADWAY", "st_west": "19TH_ST" }, "geometry": { "type": "Polygon", "coordinates": [ [ [ -117.146750244829192, 32.715770425741233 ], [ -117.14675388250032, 32.716287121927209 ], [ -117.146757563292425, 32.716809310309344 ], [ -117.145847275450791, 32.716815925582395 ], [ -117.145846875769038, 32.716300238374451 ], [ -117.145846872558764, 32.716296459202987 ], [ -117.14584687070689, 32.716293023584804 ], [ -117.145846469680578, 32.715776993732504 ], [ -117.146750244829192, 32.715770425741233 ] ] ] } },
{ "type": "Feature", "properties": { "lon": -117.1463063, "lat": 32.7173415, "neighborhood": "Golden Hill", "block_id": "20TH_ST_B_ST", "st_north": "B_ST", "st_east": "20TH_ST", "st_south": "C_ST", "st_west": "19TH_ST" }, "geometry": { "type": "Polygon", "coordinates": [ [ [ -117.145851499892842, 32.717871322760509 ], [ -117.145847275450791, 32.716815925582395 ], [ -117.146757563292425, 32.716809310309344 ], [ -117.146765077655175, 32.717867432120258 ], [ -117.145851499892842, 32.717871322760509 ] ] ] } },
{ "type": "Feature", "properties": { "lon": -117.1462671, "lat": 32.7152465, "neighborhood": "Golden Hill", "block_id": "20TH_ST_BROADWAY", "st_north": "BROADWAY", "st_east": "20TH_ST", "st_south": "E_ST", "st_west": "19TH_ST" }, "geometry": { "type": "Polygon", "coordinates": [ [ [ -117.146750244829192, 32.715770425741233 ], [ -117.145846469680578, 32.715776993732504 ], [ -117.145842301264281, 32.71472709321818 ], [ -117.146619278865842, 32.714721447059404 ], [ -117.14662836893919, 32.714723018535437 ], [ -117.146643971655209, 32.714726858332732 ], [ -117.146648695397687, 32.714728486799899 ], [ -117.146652421471487, 32.714729767234338 ], [ -117.146659018392981, 32.714732036746327 ], [ -117.146673354039891, 32.71473850981706 ], [ -117.146677604835986, 32.714740936155088 ], [ -117.146680073554009, 32.714742344760005 ], [ -117.146686816671092, 32.714746193057145 ], [ -117.14669927116357, 32.714755015310025 ], [ -117.14671057787109, 32.714764880203333 ], [ -117.146720617302122, 32.714775680397366 ], [ -117.146750244829192, 32.715770425741233 ] ] ] } },
{ "type": "Feature", "properties": { "lon": -117.1428047, "lat": 32.7142245, "neighborhood": "Golden Hill", "block_id": "24TH_ST_E_ST", "st_north": "E_ST", "st_east": "24TH_ST", "st_south": "F_ST", "st_west": "23RD_ST" }, "geometry": { "type": "Polygon", "coordinates": [ [ [ -117.143143210423773, 32.713704983976903 ], [ -117.143150486193349, 32.714743867798383 ], [ -117.142480790434504, 32.714748715812469 ], [ -117.142472280085443, 32.714229309165809 ], [ -117.142473494730339, 32.713707083648458 ], [ -117.143143210423773, 32.713704983976903 ] ] ] } },
{ "type": "Feature", "properties": { "lon": -117.139224, "lat": 32.7142467, "neighborhood": "Golden Hill", "block_id": "26TH_ST_E_ST", "st_north": "E_ST", "st_east": "26TH_ST", "st_south": "F_ST", "st_west": "25TH_ST" }, "geometry": { "type": "Polygon", "coordinates": [ [ [ -117.139151032879241, 32.713728333182551 ], [ -117.13966798386133, 32.713730102149569 ], [ -117.14025948369148, 32.713709342812095 ], [ -117.140251865108141, 32.714242608454626 ], [ -117.140266892025792, 32.714764716624629 ], [ -117.139675190933275, 32.714766237872553 ], [ -117.139168014438994, 32.714767146926199 ], [ -117.138673841722309, 32.714767960195594 ], [ -117.138189449531993, 32.714771449553126 ], [ -117.138185400059314, 32.713724297115668 ], [ -117.138666591003911, 32.713726327806476 ], [ -117.139151032879241, 32.713728333182551 ] ] ] } },
{ "type": "Feature", "properties": { "lon": -117.14136, "lat": 32.7142315, "neighborhood": "Golden Hill", "block_id": "25TH_ST_E_ST", "st_north": "E_ST", "st_east": "25TH_ST", "st_south": "F_ST", "st_west": "24TH_ST" }, "geometry": { "type": "Polygon", "coordinates": [ [ [ -117.142472280085443, 32.714229309165809 ], [ -117.142480790434504, 32.714748715812469 ], [ -117.140764287881581, 32.714761125188964 ], [ -117.140746407677483, 32.714761254327328 ], [ -117.140266892025792, 32.714764716624629 ], [ -117.140251865108141, 32.714242608454626 ], [ -117.14025948369148, 32.713709342812095 ], [ -117.140748780185675, 32.713708844216534 ], [ -117.142473494730339, 32.713707083648458 ], [ -117.142472280085443, 32.714229309165809 ] ] ] } },
{ "type": "Feature", "properties": { "lon": -117.1370976, "lat": 32.7142269, "neighborhood": "Golden Hill", "block_id": "27TH_ST_E_ST", "st_north": "E_ST", "st_east": "27TH_ST", "st_south": "F_ST", "st_west": "26TH_ST" }, "geometry": { "type": "Polygon", "coordinates": [ [ [ -117.137601026981628, 32.71477568574209 ], [ -117.136622461903556, 32.71477997593621 ], [ -117.136040513490741, 32.714781409633957 ], [ -117.1360395741752, 32.714687967281648 ], [ -117.136035899803986, 32.714322441886097 ], [ -117.136035752646578, 32.713984376183141 ], [ -117.136035882493204, 32.713673793525608 ], [ -117.136608070133661, 32.713672429963033 ], [ -117.137576928745318, 32.713673706656493 ], [ -117.138185400059314, 32.713724297115668 ], [ -117.138189449531993, 32.714771449553126 ], [ -117.137601026981628, 32.71477568574209 ] ] ] } },
{ "type": "Feature", "properties": { "lon": -117.1371187, "lat": 32.7152998, "neighborhood": "Golden Hill", "block_id": "27TH_ST_BROADWAY", "st_north": "BROADWAY", "st_east": "27TH_ST", "st_south": "E_ST", "st_west": "26TH_ST" }, "geometry": { "type": "Polygon", "coordinates": [ [ [ -117.136622461903556, 32.71477997593621 ], [ -117.137601026981628, 32.71477568574209 ], [ -117.138189449531993, 32.714771449553126 ], [ -117.138190220420711, 32.715815877128506 ], [ -117.137621296814672, 32.715819972940196 ], [ -117.136639469157444, 32.715824286666468 ], [ -117.13604776088988, 32.715825790511786 ], [ -117.136043220940707, 32.715050743474514 ], [ -117.136040513490741, 32.714781409633957 ], [ -117.136622461903556, 32.71477997593621 ] ] ] } },
{ "type": "Feature", "properties": { "lon": -117.1349129, "lat": 32.714698, "neighborhood": "Golden Hill", "block_id": "28TH_ST_E_ST", "st_north": "E_ST", "st_east": "28TH_ST", "st_south": "TREAT_ST", "st_west": "27TH_ST" }, "geometry": { "type": "Polygon", "coordinates": [ [ [ -117.133757437019312, 32.714707089973174 ], [ -117.133755276479079, 32.714615862928781 ], [ -117.133755274408799, 32.714615656445226 ], [ -117.133751785529725, 32.714468009856134 ], [ -117.133750490423239, 32.714338839522632 ], [ -117.134319404648991, 32.714334761566306 ], [ -117.134859060435033, 32.714330890907739 ], [ -117.13546048387407, 32.714326574440712 ], [ -117.136035899803986, 32.714322441886097 ], [ -117.1360395741752, 32.714687967281648 ], [ -117.136040513490741, 32.714781409633957 ], [ -117.136043220940707, 32.715050743474514 ], [ -117.134440475789575, 32.715060315957842 ], [ -117.134412601282364, 32.715060485189007 ], [ -117.13441122002429, 32.715060492388744 ], [ -117.133761019281053, 32.715064369623583 ], [ -117.133758236136728, 32.714786790817932 ], [ -117.133757437019312, 32.714707089973174 ] ] ] } },
{ "type": "Feature", "properties": { "lon": -117.1392609, "lat": 32.7192067, "neighborhood": "Golden Hill", "block_id": "26TH_ST_RUSS_BL", "st_north": "RUSS_BL", "st_east": "26TH_ST", "st_south": "A_ST", "st_west": "25TH_ST" }, "geometry": { "type": "Polygon", "coordinates": [ [ [ -117.140307776547473, 32.719456126998253 ], [ -117.139657551547444, 32.719460818874175 ], [ -117.138197712278057, 32.719463094742459 ], [ -117.138199090799404, 32.718954610715912 ], [ -117.139645837220442, 32.718944183698852 ], [ -117.140296082970835, 32.718942240211696 ], [ -117.140307776547473, 32.719456126998253 ] ] ] } },
{ "type": "Feature", "properties": { "lon": -117.1435955, "lat": 32.7163112, "neighborhood": "Golden Hill", "block_id": "23RD_ST_C_ST", "st_north": "C_ST", "st_east": "23RD_ST", "st_south": "BROADWAY", "st_west": "22ND_ST" }, "geometry": { "type": "Polygon", "coordinates": [ [ [ -117.144022637253642, 32.715787479366909 ], [ -117.144026286812604, 32.716306923936202 ], [ -117.144029951446228, 32.716829112399815 ], [ -117.143165177504912, 32.716835377945145 ], [ -117.143161508394769, 32.716313189525273 ], [ -117.143157845682012, 32.715790996557843 ], [ -117.144022637253642, 32.715787479366909 ] ] ] } },
{ "type": "Feature", "properties": { "lon": -117.142808, "lat": 32.7173536, "neighborhood": "Golden Hill", "block_id": "24TH_ST_B_ST", "st_north": "B_ST", "st_east": "24TH_ST", "st_south": "C_ST", "st_west": "23RD_ST" }, "geometry": { "type": "Polygon", "coordinates": [ [ [ -117.14317253414292, 32.717882506785784 ], [ -117.142502817737864, 32.71788735489681 ], [ -117.14249753016874, 32.717365176378905 ], [ -117.142495437990505, 32.716837474129392 ], [ -117.143165177504912, 32.716835377945145 ], [ -117.143168904628141, 32.717365813270149 ], [ -117.1431689333224, 32.717369592256453 ], [ -117.14317253414292, 32.717882506785784 ] ] ] } },
{ "type": "Feature", "properties": { "lon": -117.1428447, "lat": 32.7184077, "neighborhood": "Golden Hill", "block_id": "24TH_ST_A_ST", "st_north": "A_ST", "st_east": "24TH_ST", "st_south": "B_ST", "st_west": "23RD_ST" }, "geometry": { "type": "Polygon", "coordinates": [ [ [ -117.142502817737864, 32.71788735489681 ], [ -117.14317253414292, 32.717882506785784 ], [ -117.143183016905368, 32.7186740020652 ], [ -117.143186399554068, 32.718929588521149 ], [ -117.142510086304597, 32.718926238872861 ], [ -117.142507581613174, 32.718678891573482 ], [ -117.142504798630071, 32.718404060340951 ], [ -117.142502817737864, 32.71788735489681 ] ] ] } },
{ "type": "Feature", "properties": { "lon": -117.1413911, "lat": 32.7173685, "neighborhood": "Golden Hill", "block_id": "25TH_ST_B_ST", "st_north": "B_ST", "st_east": "25TH_ST", "st_south": "C_ST", "st_west": "24TH_ST" }, "geometry": { "type": "Polygon", "coordinates": [ [ [ -117.14249753016874, 32.717365176378905 ], [ -117.142502817737864, 32.71788735489681 ], [ -117.140769955287738, 32.717895580994984 ], [ -117.140288784977471, 32.717897859497455 ], [ -117.140286733806832, 32.717372909113607 ], [ -117.140281487120575, 32.716853475204893 ], [ -117.140761014134966, 32.716850012850621 ], [ -117.142495437990505, 32.716837474129392 ], [ -117.14249753016874, 32.717365176378905 ] ] ] } },
{ "type": "Feature", "properties": { "lon": -117.1428216, "lat": 32.7163136, "neighborhood": "Golden Hill", "block_id": "24TH_ST_C_ST", "st_north": "C_ST", "st_east": "24TH_ST", "st_south": "BROADWAY", "st_west": "23RD_ST" }, "geometry": { "type": "Polygon", "coordinates": [ [ [ -117.143165177504912, 32.716835377945145 ], [ -117.142495437990505, 32.716837474129392 ], [ -117.142490150555432, 32.716315298330777 ], [ -117.142488141967746, 32.715795844612039 ], [ -117.143157845682012, 32.715790996557843 ], [ -117.143161508394769, 32.716313189525273 ], [ -117.143165177504912, 32.716835377945145 ] ] ] } },
{ "type": "Feature", "properties": { "lon": -117.1392518, "lat": 32.7173841, "neighborhood": "Golden Hill", "block_id": "26TH_ST_B_ST", "st_north": "B_ST", "st_east": "26TH_ST", "st_south": "C_ST", "st_west": "25TH_ST" }, "geometry": { "type": "Polygon", "coordinates": [ [ [ -117.140281487120575, 32.716853475204893 ], [ -117.140286733806832, 32.717372909113607 ], [ -117.140288784977471, 32.717897859497455 ], [ -117.139628790544947, 32.717899873319581 ], [ -117.138195041019998, 32.717907458161079 ], [ -117.138195288292906, 32.717800420738136 ], [ -117.138196253362509, 32.71738248433013 ], [ -117.138194270046768, 32.716863029625365 ], [ -117.13962478247096, 32.716858213818853 ], [ -117.140281487120575, 32.716853475204893 ] ] ] } },
{ "type": "Feature", "properties": { "lon": -117.1349234, "lat": 32.7163562, "neighborhood": "Golden Hill", "block_id": "28TH_ST_C_ST", "st_north": "C_ST", "st_east": "28TH_ST", "st_south": "BROADWAY", "st_west": "27TH_ST" }, "geometry": { "type": "Polygon", "coordinates": [ [ [ -117.136055036088848, 32.716872919723272 ], [ -117.134442487958253, 32.716880572281333 ], [ -117.133795513714759, 32.716883638344044 ], [ -117.133783772539616, 32.716361502476872 ], [ -117.133775288927197, 32.71583934688114 ], [ -117.134451500412482, 32.715835315548588 ], [ -117.13604776088988, 32.715825790511786 ], [ -117.13605303778472, 32.716350717588327 ], [ -117.136055036088848, 32.716872919723272 ] ] ] } },
{ "type": "Feature", "properties": { "lon": -117.1413996, "lat": 32.7191888, "neighborhood": "Golden Hill", "block_id": "25TH_ST_RUSS_BL", "st_north": "RUSS_BL", "st_east": "25TH_ST", "st_south": "A_ST", "st_west": "24TH_ST" }, "geometry": { "type": "Polygon", "coordinates": [ [ [ -117.142525071736443, 32.71944285022618 ], [ -117.140893675481323, 32.719452622249165 ], [ -117.140790574900024, 32.719453240674454 ], [ -117.140307776547473, 32.719456126998253 ], [ -117.140296082970835, 32.718942240211696 ], [ -117.14079187684996, 32.71893866039823 ], [ -117.142510086304597, 32.718926238872861 ], [ -117.142525071736443, 32.71944285022618 ] ] ] } },
{ "type": "Feature", "properties": { "lon": -117.143609, "lat": 32.7173586, "neighborhood": "Golden Hill", "block_id": "23RD_ST_B_ST", "st_north": "B_ST", "st_east": "23RD_ST", "st_south": "C_ST", "st_west": "22ND_ST" }, "geometry": { "type": "Polygon", "coordinates": [ [ [ -117.144029951446228, 32.716829112399815 ], [ -117.144033690173046, 32.717359547652222 ], [ -117.144037349434413, 32.717878989468424 ], [ -117.14317253414292, 32.717882506785784 ], [ -117.1431689333224, 32.717369592256453 ], [ -117.143168904628141, 32.717365813270149 ], [ -117.143165177504912, 32.716835377945145 ], [ -117.144029951446228, 32.716829112399815 ] ] ] } },
{ "type": "Feature", "properties": { "lon": -117.1436063, "lat": 32.7184017, "neighborhood": "Golden Hill", "block_id": "23RD_ST_A_ST", "st_north": "A_ST", "st_east": "23RD_ST", "st_south": "B_ST", "st_west": "22ND_ST" }, "geometry": { "type": "Polygon", "coordinates": [ [ [ -117.144037349434413, 32.717878989468424 ], [ -117.144037983085582, 32.718667807619312 ], [ -117.144038189645457, 32.718923417092299 ], [ -117.143186399554068, 32.718929588521149 ], [ -117.143183016905368, 32.7186740020652 ], [ -117.14317253414292, 32.717882506785784 ], [ -117.144037349434413, 32.717878989468424 ] ] ] } },
{ "type": "Feature", "properties": { "lon": -117.1444777, "lat": 32.7184044, "neighborhood": "Golden Hill", "block_id": "22ND_ST_A_ST", "st_north": "A_ST", "st_east": "22ND_ST", "st_south": "B_ST", "st_west": "21ST_ST" }, "geometry": { "type": "Polygon", "coordinates": [ [ [ -117.144038189645457, 32.718923417092299 ], [ -117.144037983085582, 32.718667807619312 ], [ -117.144037349434413, 32.717878989468424 ], [ -117.144895659337038, 32.717875513288284 ], [ -117.1449098176451, 32.718933017396864 ], [ -117.144512879017924, 32.718922723803182 ], [ -117.144038189645457, 32.718923417092299 ] ] ] } },
{ "type": "Feature", "properties": { "lon": -117.1413938, "lat": 32.7184121, "neighborhood": "Golden Hill", "block_id": "25TH_ST_A_ST", "st_north": "A_ST", "st_east": "25TH_ST", "st_south": "B_ST", "st_west": "24TH_ST" }, "geometry": { "type": "Polygon", "coordinates": [ [ [ -117.142502817737864, 32.71788735489681 ], [ -117.142504798630071, 32.718404060340951 ], [ -117.142507581613174, 32.718678891573482 ], [ -117.142510086304597, 32.718926238872861 ], [ -117.14079187684996, 32.71893866039823 ], [ -117.140296082970835, 32.718942240211696 ], [ -117.140295141773407, 32.71869488162632 ], [ -117.14029411501464, 32.718425534724908 ], [ -117.140288784977471, 32.717897859497455 ], [ -117.140769955287738, 32.717895580994984 ], [ -117.142502817737864, 32.71788735489681 ] ] ] } },
{ "type": "Feature", "properties": { "lon": -117.1392537, "lat": 32.7184275, "neighborhood": "Golden Hill", "block_id": "26TH_ST_A_ST", "st_north": "A_ST", "st_east": "26TH_ST", "st_south": "B_ST", "st_west": "25TH_ST" }, "geometry": { "type": "Polygon", "coordinates": [ [ [ -117.140288784977471, 32.717897859497455 ], [ -117.14029411501464, 32.718425534724908 ], [ -117.140295141773407, 32.71869488162632 ], [ -117.140296082970835, 32.718942240211696 ], [ -117.139645837220442, 32.718944183698852 ], [ -117.138199090799404, 32.718954610715912 ], [ -117.138198157583162, 32.718710000603146 ], [ -117.138197107440703, 32.718435156891317 ], [ -117.138195041019998, 32.717907458161079 ], [ -117.139628790544947, 32.717899873319581 ], [ -117.140288784977471, 32.717897859497455 ] ] ] } },
{ "type": "Feature", "properties": { "lon": -117.1413835, "lat": 32.7163238, "neighborhood": "Golden Hill", "block_id": "25TH_ST_C_ST", "st_north": "C_ST", "st_east": "25TH_ST", "st_south": "BROADWAY", "st_west": "24TH_ST" }, "geometry": { "type": "Polygon", "coordinates": [ [ [ -117.142488141967746, 32.715795844612039 ], [ -117.142490150555432, 32.716315298330777 ], [ -117.142495437990505, 32.716837474129392 ], [ -117.140761014134966, 32.716850012850621 ], [ -117.140281487120575, 32.716853475204893 ], [ -117.140279408285465, 32.716325779236882 ], [ -117.140274189500403, 32.715809097252738 ], [ -117.140766701742663, 32.715806151579862 ], [ -117.142488141967746, 32.715795844612039 ] ] ] } },
{ "type": "Feature", "properties": { "lon": -117.1392374, "lat": 32.7152924, "neighborhood": "Golden Hill", "block_id": "26TH_ST_BROADWAY", "st_north": "BROADWAY", "st_east": "26TH_ST", "st_south": "E_ST", "st_west": "25TH_ST" }, "geometry": { "type": "Polygon", "coordinates": [ [ [ -117.139620712678067, 32.715811064097288 ], [ -117.139181828589543, 32.715814229046892 ], [ -117.138190220420711, 32.715815877128506 ], [ -117.138189449531993, 32.714771449553126 ], [ -117.138673841722309, 32.714767960195594 ], [ -117.139168014438994, 32.714767146926199 ], [ -117.139675190933275, 32.714766237872553 ], [ -117.140266892025792, 32.714764716624629 ], [ -117.14027205518812, 32.715275901987283 ], [ -117.140274189500403, 32.715809097252738 ], [ -117.139620712678067, 32.715811064097288 ] ] ] } },
{ "type": "Feature", "properties": { "lon": -117.1392365, "lat": 32.7163365, "neighborhood": "Golden Hill", "block_id": "26TH_ST_C_ST", "st_north": "C_ST", "st_east": "26TH_ST", "st_south": "BROADWAY", "st_west": "25TH_ST" }, "geometry": { "type": "Polygon", "coordinates": [ [ [ -117.139181828589543, 32.715814229046892 ], [ -117.139620712678067, 32.715811064097288 ], [ -117.140274189500403, 32.715809097252738 ], [ -117.140279408285465, 32.716325779236882 ], [ -117.140281487120575, 32.716853475204893 ], [ -117.13962478247096, 32.716858213818853 ], [ -117.138194270046768, 32.716863029625365 ], [ -117.138192231374447, 32.716338079221217 ], [ -117.138190220420711, 32.715815877128506 ], [ -117.139181828589543, 32.715814229046892 ] ] ] } },
{ "type": "Feature", "properties": { "lon": -117.145393, "lat": 32.715256, "neighborhood": "Golden Hill", "block_id": "21ST_ST_BROADWAY", "st_north": "BROADWAY", "st_east": "21ST_ST", "st_south": "E_ST", "st_west": "20TH_ST" }, "geometry": { "type": "Polygon", "coordinates": [ [ [ -117.145842301264281, 32.71472709321818 ], [ -117.145846469680578, 32.715776993732504 ], [ -117.14493291461099, 32.715780877560718 ], [ -117.144922283091873, 32.714733772497191 ], [ -117.145842301264281, 32.71472709321818 ] ] ] } },
{ "type": "Feature", "properties": { "lon": -117.1349019, "lat": 32.7138216, "neighborhood": "Golden Hill", "block_id": "28TH_ST_TREAT_ST", "st_north": "TREAT_ST", "st_east": "28TH_ST", "st_south": "SR-94_WB", "st_west": "27TH_ST" }, "geometry": { "type": "Polygon", "coordinates": [ [ [ -117.136035899803986, 32.714322441886097 ], [ -117.13546048387407, 32.714326574440712 ], [ -117.134859060435033, 32.714330890907739 ], [ -117.134319404648991, 32.714334761566306 ], [ -117.133750490423239, 32.714338839522632 ], [ -117.133750465452025, 32.714011767013673 ], [ -117.133749363240881, 32.713901834816276 ], [ -117.133748630297291, 32.713828732429867 ], [ -117.133748509029132, 32.713816637363543 ], [ -117.133747489479191, 32.713714949179717 ], [ -117.133746769253776, 32.713319170001739 ], [ -117.134922192020582, 32.713307912904625 ], [ -117.135412428467774, 32.713303218496762 ], [ -117.136032096972514, 32.713297278531137 ], [ -117.136036039922331, 32.713297235776153 ], [ -117.136035882493204, 32.713673793525608 ], [ -117.136035752646578, 32.713984376183141 ], [ -117.136035899803986, 32.714322441886097 ] ] ] } },
{ "type": "Feature", "properties": { "lon": -117.1371398, "lat": 32.7192057, "neighborhood": "Golden Hill", "block_id": "27TH_ST_RUSS_BL", "st_north": "RUSS_BL", "st_east": "27TH_ST", "st_south": "A_ST", "st_west": "26TH_ST" }, "geometry": { "type": "Polygon", "coordinates": [ [ [ -117.138199090799404, 32.718954610715912 ], [ -117.138197712278057, 32.719463094742459 ], [ -117.136074394526034, 32.719445385071438 ], [ -117.136069587014489, 32.718967179134168 ], [ -117.138199090799404, 32.718954610715912 ] ] ] } },
{ "type": "Feature", "properties": { "lon": -117.1413767, "lat": 32.7152792, "neighborhood": "Golden Hill", "block_id": "25TH_ST_BROADWAY", "st_north": "BROADWAY", "st_east": "25TH_ST", "st_south": "E_ST", "st_west": "24TH_ST" }, "geometry": { "type": "Polygon", "coordinates": [ [ [ -117.142482854611004, 32.715273666122755 ], [ -117.142488141967746, 32.715795844612039 ], [ -117.140766701742663, 32.715806151579862 ], [ -117.140274189500403, 32.715809097252738 ], [ -117.14027205518812, 32.715275901987283 ], [ -117.140266892025792, 32.714764716624629 ], [ -117.140746407677483, 32.714761254327328 ], [ -117.140764287881581, 32.714761125188964 ], [ -117.142480790434504, 32.714748715812469 ], [ -117.142482854611004, 32.715273666122755 ] ] ] } },
{ "type": "Feature", "properties": { "lon": -117.1428252, "lat": 32.7152716, "neighborhood": "Golden Hill", "block_id": "24TH_ST_BROADWAY", "st_north": "BROADWAY", "st_east": "24TH_ST", "st_south": "E_ST", "st_west": "23RD_ST" }, "geometry": { "type": "Polygon", "coordinates": [ [ [ -117.142488141967746, 32.715795844612039 ], [ -117.142482854611004, 32.715273666122755 ], [ -117.142480790434504, 32.714748715812469 ], [ -117.143150486193349, 32.714743867798383 ], [ -117.143157845682012, 32.715790996557843 ], [ -117.142488141967746, 32.715795844612039 ] ] ] } },
{ "type": "Feature", "properties": { "lon": -117.144457, "lat": 32.7152563, "neighborhood": "Golden Hill", "block_id": "22ND_ST_BROADWAY__2", "st_north": "BROADWAY", "st_east": "22ND_ST", "st_south": "E_ST", "st_west": "21ST_ST" }, "geometry": { "type": "Polygon", "coordinates": [ [ [ -117.144012016547251, 32.714740374224782 ], [ -117.144922283091873, 32.714733772497191 ], [ -117.14493291461099, 32.715780877560718 ], [ -117.144022637253642, 32.715787479366909 ], [ -117.144012016547251, 32.714740374224782 ] ] ] } },
{ "type": "Feature", "properties": { "lon": -117.1349019, "lat": 32.7154434, "neighborhood": "Golden Hill", "block_id": "28TH_ST_BROADWAY", "st_north": "BROADWAY", "st_east": "28TH_ST", "st_south": "E_ST", "st_west": "27TH_ST" }, "geometry": { "type": "Polygon", "coordinates": [ [ [ -117.133775288927197, 32.71583934688114 ], [ -117.133761019281053, 32.715064369623583 ], [ -117.13441122002429, 32.715060492388744 ], [ -117.134412601282364, 32.715060485189007 ], [ -117.134440475789575, 32.715060315957842 ], [ -117.136043220940707, 32.715050743474514 ], [ -117.13604776088988, 32.715825790511786 ], [ -117.134451500412482, 32.715835315548588 ], [ -117.133775288927197, 32.71583934688114 ] ] ] } },
{ "type": "Feature", "properties": { "lon": -117.1371181, "lat": 32.7163436, "neighborhood": "Golden Hill", "block_id": "27TH_ST_C_ST", "st_north": "C_ST", "st_east": "27TH_ST", "st_south": "BROADWAY", "st_west": "26TH_ST" }, "geometry": { "type": "Polygon", "coordinates": [ [ [ -117.138190220420711, 32.715815877128506 ], [ -117.138192231374447, 32.716338079221217 ], [ -117.138194270046768, 32.716863029625365 ], [ -117.136055036088848, 32.716872919723272 ], [ -117.13605303778472, 32.716350717588327 ], [ -117.13604776088988, 32.715825790511786 ], [ -117.136639469157444, 32.715824286666468 ], [ -117.137621296814672, 32.715819972940196 ], [ -117.138190220420711, 32.715815877128506 ] ] ] } },
{ "type": "Feature", "properties": { "lon": -117.1462531, "lat": 32.7144027, "neighborhood": "Golden Hill", "block_id": "20TH_ST_E_ST", "st_north": "E_ST", "st_east": "20TH_ST", "st_south": "SR-94_RA", "st_west": "19TH_ST" }, "geometry": { "type": "Polygon", "coordinates": [ [ [ -117.145840646842558, 32.713924539932279 ], [ -117.146450725318161, 32.714131742786762 ], [ -117.146525968524358, 32.714177920436619 ], [ -117.146722757419923, 32.714346897100121 ], [ -117.146720617302122, 32.714775680397366 ], [ -117.14671057787109, 32.714764880203333 ], [ -117.14669927116357, 32.714755015310025 ], [ -117.146686816671092, 32.714746193057145 ], [ -117.146680073554009, 32.714742344760005 ], [ -117.146677604835986, 32.714740936155088 ], [ -117.146673354039891, 32.71473850981706 ], [ -117.146659018392981, 32.714732036746327 ], [ -117.146652421471487, 32.714729767234338 ], [ -117.146648695397687, 32.714728486799899 ], [ -117.146643971655209, 32.714726858332732 ], [ -117.14662836893919, 32.714723018535437 ], [ -117.146619278865842, 32.714721447059404 ], [ -117.145842301264281, 32.71472709321818 ], [ -117.145840646842558, 32.713924539932279 ] ] ] } },
{ "type": "Feature", "properties": { "lon": -117.1435962, "lat": 32.7152689, "neighborhood": "Golden Hill", "block_id": "23RD_ST_BROADWAY", "st_north": "BROADWAY", "st_east": "23RD_ST", "st_south": "E_ST", "st_west": "22ND_ST" }, "geometry": { "type": "Polygon", "coordinates": [ [ [ -117.144012016547251, 32.714740374224782 ], [ -117.144022637253642, 32.715787479366909 ], [ -117.143157845682012, 32.715790996557843 ], [ -117.143150486193349, 32.714743867798383 ], [ -117.144012016547251, 32.714740374224782 ] ] ] } },
{ "type": "Feature", "properties": { "lon": -117.1481113, "lat": 32.7148705, "neighborhood": "East Village", "block_id": "I-5_SB_ON_RA_BROADWAY", "st_north": "BROADWAY", "st_east": "I-5_SB_ON_RA", "st_south": "F_ST", "st_west": "17TH_ST" }, "geometry": { "type": "Polygon", "coordinates": [ [ [ -117.147998679883372, 32.715766841830821 ], [ -117.147998041092265, 32.715765076364868 ], [ -117.147993943240323, 32.715753694672685 ], [ -117.147989331077852, 32.715740515948788 ], [ -117.147984849804772, 32.715727306514275 ], [ -117.147980498317665, 32.715714062770303 ], [ -117.147976273536045, 32.715700796461881 ], [ -117.147972180673506, 32.715687495828433 ], [ -117.147968218755167, 32.715674169894456 ], [ -117.147964385611147, 32.715660815068851 ], [ -117.147960685544447, 32.715647434927199 ], [ -117.14795711321284, 32.71563402860675 ], [ -117.147953672891873, 32.715620596978063 ], [ -117.147950365675598, 32.715607142738421 ], [ -117.147947188355005, 32.715593665009393 ], [ -117.147944140966786, 32.715580167397825 ], [ -117.147941229873766, 32.715566646250331 ], [ -117.147938448740518, 32.715553107925253 ], [ -117.147935797539475, 32.715539549717612 ], [ -117.147933282697679, 32.715525974285846 ], [ -117.147930901006077, 32.715512380751534 ], [ -117.147928649301647, 32.715498772744652 ], [ -117.147926530728995, 32.715485144831945 ], [ -117.147924547494654, 32.715471504211244 ], [ -117.147922695350559, 32.71545785271703 ], [ -117.147920976411569, 32.715444188530327 ], [ -117.147919392819887, 32.715430512537324 ], [ -117.147917943508915, 32.715416824745795 ], [ -117.147916627430348, 32.715403126966926 ], [ -117.147915440363732, 32.715389423739985 ], [ -117.147914393995492, 32.715375710471335 ], [ -117.147913479802071, 32.715361988124755 ], [ -117.147913233691369, 32.715357932985079 ], [ -117.14783165872494, 32.71469063908539 ], [ -117.147776589993455, 32.714391212990407 ], [ -117.147774747030539, 32.714210272301621 ], [ -117.147774716916402, 32.714207315713175 ], [ -117.147769370344776, 32.713682389172135 ], [ -117.148026220865191, 32.71368326769651 ], [ -117.148190105807643, 32.714451656748153 ], [ -117.148265913568025, 32.714552800249805 ], [ -117.14837395078068, 32.714626222985515 ], [ -117.148386347406458, 32.714635108612462 ], [ -117.14839919684664, 32.714643524739756 ], [ -117.148412471158736, 32.714651450830729 ], [ -117.148426156320824, 32.714658871657853 ], [ -117.148440210579849, 32.714665772195495 ], [ -117.14845461250286, 32.714672142680556 ], [ -117.148469332060031, 32.714677967100322 ], [ -117.148484344627775, 32.714683236616665 ], [ -117.148499617004006, 32.714687937945229 ], [ -117.148515122441168, 32.71469206316516 ], [ -117.148530825649942, 32.714695603516041 ], [ -117.148546702061765, 32.714698555569811 ], [ -117.148562712111769, 32.71470090969553 ], [ -117.148569792687326, 32.714701754438423 ], [ -117.148577356671069, 32.715762627085539 ], [ -117.148314026133761, 32.715764545368764 ], [ -117.147998679883372, 32.715766841830821 ] ] ] } },
{ "type": "Feature", "properties": { "lon": -117.1633075, "lat": 32.7120049, "neighborhood": "Marina", "block_id": "02ND_AV_G_ST", "st_north": "G_ST", "st_east": "02ND_AV", "st_south": "MARKET_ST", "st_west": "01ST_AV" }, "geometry": { "type": "Polygon", "coordinates": [ [ [ -117.163768099858913, 32.711467773486639 ], [ -117.163768282875765, 32.711473595579193 ], [ -117.163768290760231, 32.711473841696289 ], [ -117.163769216899894, 32.711503298345932 ], [ -117.163801308091934, 32.712524009049993 ], [ -117.163802022293993, 32.71254670420705 ], [ -117.163802052756907, 32.712547687781672 ], [ -117.163778078332697, 32.712547722942212 ], [ -117.163776235214215, 32.712547725777512 ], [ -117.162878749854002, 32.71254902850557 ], [ -117.162857972617431, 32.711478597521577 ], [ -117.162857840004449, 32.711471766006014 ], [ -117.163768099858913, 32.711467773486639 ] ] ] } },
{ "type": "Feature", "properties": { "lon": -117.164258, "lat": 32.7120086, "neighborhood": "Marina", "block_id": "01ST_AV_W_G_ST", "st_north": "W_G_ST", "st_east": "01ST_AV", "st_south": "W_MARKET_ST", "st_west": "FRONT_ST" }, "geometry": { "type": "Polygon", "coordinates": [ [ [ -117.163802052756907, 32.712547687781672 ], [ -117.163802022293993, 32.71254670420705 ], [ -117.163801308091934, 32.712524009049993 ], [ -117.163769216899894, 32.711503298345932 ], [ -117.163768290760231, 32.711473841696289 ], [ -117.163768282875765, 32.711473595579193 ], [ -117.163768099858913, 32.711467773486639 ], [ -117.164372771961311, 32.711465106112009 ], [ -117.16468486126719, 32.711463726028228 ], [ -117.164684784393671, 32.711473689042577 ], [ -117.16468220133099, 32.711809834288715 ], [ -117.164676667355863, 32.712530146175972 ], [ -117.164676585765918, 32.712540785532035 ], [ -117.164676561041915, 32.712543953534727 ], [ -117.164383976399918, 32.71254520248533 ], [ -117.163802052756907, 32.712547687781672 ] ] ] } },
{ "type": "Feature", "properties": { "lon": -117.1642743, "lat": 32.7141304, "neighborhood": "City Center", "block_id": "01ST_AV_W_E_ST", "st_north": "W_E_ST", "st_east": "01ST_AV", "st_south": "W_F_ST", "st_west": "FRONT_ST" }, "geometry": { "type": "Polygon", "coordinates": [ [ [ -117.164690509948954, 32.713574543793584 ], [ -117.16469077674256, 32.713600253182484 ], [ -117.164690909227133, 32.713613019963816 ], [ -117.164701547285503, 32.714638136888709 ], [ -117.164581254944395, 32.71463828324994 ], [ -117.164405692091037, 32.714638497532896 ], [ -117.164218454772325, 32.714638725966225 ], [ -117.16381398278962, 32.714639219389234 ], [ -117.163810395453311, 32.713979602848632 ], [ -117.163809828356236, 32.713611305915052 ], [ -117.164395047773397, 32.713612445547994 ], [ -117.164588709354447, 32.713612822050834 ], [ -117.164690509948954, 32.713574543793584 ] ] ] } },
{ "type": "Feature", "properties": { "lon": -117.1651413, "lat": 32.7140973, "neighborhood": "City Center", "block_id": "FRONT_ST_W_E_ST", "st_north": "W_E_ST", "st_east": "FRONT_ST", "st_south": "W_F_ST", "st_west": "UNION_ST" }, "geometry": { "type": "Polygon", "coordinates": [ [ [ -117.164701547285503, 32.714638136888709 ], [ -117.164690909227133, 32.713613019963816 ], [ -117.16469077674256, 32.713600253182484 ], [ -117.164690509948954, 32.713574543793584 ], [ -117.164717876568801, 32.713574505841983 ], [ -117.165602410131413, 32.713573264320793 ], [ -117.16560407087897, 32.713573261910568 ], [ -117.165604076564435, 32.713574630712756 ], [ -117.165604504072206, 32.713677704764883 ], [ -117.165608325357638, 32.714599550698281 ], [ -117.16560838900655, 32.714614919516741 ], [ -117.165598502612511, 32.714615172359196 ], [ -117.164839095193614, 32.714634616143357 ], [ -117.164701547285503, 32.714638136888709 ] ] ] } },
{ "type": "Feature", "properties": { "lon": -117.1651209, "lat": 32.713051, "neighborhood": "Marina", "block_id": "FRONT_ST_W_F_ST", "st_north": "W_F_ST", "st_east": "FRONT_ST", "st_south": "W_G_ST", "st_west": "UNION_ST" }, "geometry": { "type": "Polygon", "coordinates": [ [ [ -117.16560407087897, 32.713573261910568 ], [ -117.165602410131413, 32.713573264320793 ], [ -117.164717876568801, 32.713574505841983 ], [ -117.164690509948954, 32.713574543793584 ], [ -117.164690472793609, 32.713571785640589 ], [ -117.164683605455693, 32.713064401145623 ], [ -117.164681978194224, 32.712944181260021 ], [ -117.164680108903312, 32.712806085234796 ], [ -117.164676651275414, 32.712550593292804 ], [ -117.164676561041915, 32.712543953534727 ], [ -117.164692537943537, 32.712543929722671 ], [ -117.16515749257988, 32.712543238843111 ], [ -117.165460989729482, 32.71254278715513 ], [ -117.165593623940396, 32.7125425897692 ], [ -117.165603117921378, 32.712542575193389 ], [ -117.165603131875343, 32.712557575567459 ], [ -117.16560407087897, 32.713573261910568 ] ] ] } },
{ "type": "Feature", "properties": { "lon": -117.1624121, "lat": 32.7120133, "neighborhood": "Marina", "block_id": "03RD_AV_G_ST", "st_north": "G_ST", "st_east": "03RD_AV", "st_south": "MARKET_ST", "st_west": "02ND_AV" }, "geometry": { "type": "Polygon", "coordinates": [ [ [ -117.162857840004449, 32.711471766006014 ], [ -117.162857972617431, 32.711478597521577 ], [ -117.162878749854002, 32.71254902850557 ], [ -117.161965229001098, 32.712553038491976 ], [ -117.161947699665802, 32.711484012679854 ], [ -117.161947609567733, 32.71147850009752 ], [ -117.162857840004449, 32.711471766006014 ] ] ] } },
{ "type": "Feature", "properties": { "lon": -117.1660529, "lat": 32.7140915, "neighborhood": "Marina", "block_id": "UNION_ST_W_E_ST", "st_north": "W_E_ST", "st_east": "UNION_ST", "st_south": "W_F_ST", "st_west": "STATE_ST" }, "geometry": { "type": "Polygon", "coordinates": [ [ [ -117.16560407087897, 32.713573261910568 ], [ -117.165727608904234, 32.713572728843218 ], [ -117.166255420781113, 32.71357044897281 ], [ -117.16641898620766, 32.713569742271574 ], [ -117.166440087847761, 32.713569651298648 ], [ -117.166488344081387, 32.713569442396491 ], [ -117.16648843331447, 32.713662554717217 ], [ -117.166488590023619, 32.713825554252288 ], [ -117.16648930522139, 32.714571093057089 ], [ -117.166489335968024, 32.714602876531991 ], [ -117.166477102034861, 32.714603044091064 ], [ -117.16636580851187, 32.714604565404727 ], [ -117.165731916491637, 32.714613231402581 ], [ -117.16560838900655, 32.714614919516741 ], [ -117.165608325357638, 32.714599550698281 ], [ -117.165604504072206, 32.713677704764883 ], [ -117.165604076564435, 32.713574630712756 ], [ -117.16560407087897, 32.713573261910568 ] ] ] } },
{ "type": "Feature", "properties": { "lon": -117.1660505, "lat": 32.7130574, "neighborhood": "Marina", "block_id": "UNION_ST_W_F_ST", "st_north": "W_F_ST", "st_east": "UNION_ST", "st_south": "W_G_ST", "st_west": "STATE_ST" }, "geometry": { "type": "Polygon", "coordinates": [ [ [ -117.166488344081387, 32.713569442396491 ], [ -117.166440087847761, 32.713569651298648 ], [ -117.16641898620766, 32.713569742271574 ], [ -117.166255420781113, 32.71357044897281 ], [ -117.165727608904234, 32.713572728843218 ], [ -117.16560407087897, 32.713573261910568 ], [ -117.165603131875343, 32.712557575567459 ], [ -117.165603117921378, 32.712542575193389 ], [ -117.165607036573249, 32.71254255872531 ], [ -117.165630560188134, 32.712542457122019 ], [ -117.166487380784218, 32.712538755686289 ], [ -117.166487385637637, 32.712543428477453 ], [ -117.166487999736617, 32.71320056301925 ], [ -117.166488344081387, 32.713569442396491 ] ] ] } },
{ "type": "Feature", "properties": { "lon": -117.1678267, "lat": 32.7135653, "neighborhood": "Marina", "block_id": "STATE_ST_Map_Border", "st_north": "Map_Border", "st_east": "STATE_ST", "st_south": "W_G_ST", "st_west": "KETTNER_BL" }, "geometry": { "type": "Polygon", "coordinates": [ [ [ -117.166489335968024, 32.714602876531991 ], [ -117.16648930522139, 32.714571093057089 ], [ -117.166488590023619, 32.713825554252288 ], [ -117.16648843331447, 32.713662554717217 ], [ -117.166488344081387, 32.713569442396491 ], [ -117.166487999736617, 32.71320056301925 ], [ -117.166487385637637, 32.712543428477453 ], [ -117.166487380784218, 32.712538755686289 ], [ -117.166493097702329, 32.712538731237096 ], [ -117.166496464917174, 32.712538716133388 ], [ -117.166905273281515, 32.712536934492888 ], [ -117.167266832828517, 32.712535356840924 ], [ -117.167330148707123, 32.712535080683985 ], [ -117.167381397207521, 32.712534857287061 ], [ -117.167707134838096, 32.712534407767833 ], [ -117.167761621055305, 32.712534332353236 ], [ -117.167994928477512, 32.712534009885388 ], [ -117.168288445609434, 32.712533603883081 ], [ -117.169166951716889, 32.712529773760181 ], [ -117.169175959121688, 32.712529740893942 ], [ -117.169175943702129, 32.712537263342654 ], [ -117.16917593878523, 32.712539860396959 ], [ -117.16917463010391, 32.713186824226199 ], [ -117.169174212008883, 32.713393341649557 ], [ -117.169174211517173, 32.713393601355016 ], [ -117.169174065731923, 32.713465643532764 ], [ -117.169174062808608, 32.713466999774937 ], [ -117.169173940573558, 32.713527389463749 ], [ -117.169173846232013, 32.713574190590528 ], [ -117.169173722280021, 32.713628380814193 ], [ -117.169172814300993, 32.714024508534465 ], [ -117.169172814569635, 32.714024636579857 ], [ -117.169171504031809, 32.714596655745368 ], [ -117.166489335968024, 32.714602876531991 ] ] ] } },
{ "type": "Feature", "properties": { "lon": -117.1651688, "lat": 32.7151745, "neighborhood": "City Center", "block_id": "FRONT_ST_W_BROADWAY", "st_north": "W_BROADWAY", "st_east": "FRONT_ST", "st_south": "W_E_ST", "st_west": "UNION_ST" }, "geometry": { "type": "Polygon", "coordinates": [ [ [ -117.164701547285503, 32.714638136888709 ], [ -117.164839095193614, 32.714634616143357 ], [ -117.165598502612511, 32.714615172359196 ], [ -117.16560838900655, 32.714614919516741 ], [ -117.165609829585321, 32.715538513591383 ], [ -117.16561011177248, 32.715719806735109 ], [ -117.1649033273073, 32.715720706297311 ], [ -117.164716035512228, 32.715720943988806 ], [ -117.164701547285503, 32.714638136888709 ] ] ] } },
{ "type": "Feature", "properties": { "lon": -117.164253, "lat": 32.713081, "neighborhood": "City Center", "block_id": "01ST_AV_W_F_ST", "st_north": "W_F_ST", "st_east": "01ST_AV", "st_south": "W_G_ST", "st_west": "FRONT_ST" }, "geometry": { "type": "Polygon", "coordinates": [ [ [ -117.164676561041915, 32.712543953534727 ], [ -117.164676651275414, 32.712550593292804 ], [ -117.164680108903312, 32.712806085234796 ], [ -117.164681978194224, 32.712944181260021 ], [ -117.164683605455693, 32.713064401145623 ], [ -117.164690472793609, 32.713571785640589 ], [ -117.164690509948954, 32.713574543793584 ], [ -117.164588709354447, 32.713612822050834 ], [ -117.164395047773397, 32.713612445547994 ], [ -117.163809828356236, 32.713611305915052 ], [ -117.163809353474974, 32.713546260481138 ], [ -117.163808242809068, 32.713394372999943 ], [ -117.163807454673091, 32.713286559369621 ], [ -117.163802199575997, 32.712567714379922 ], [ -117.163802052756907, 32.712547687781672 ], [ -117.164383976399918, 32.71254520248533 ], [ -117.164676561041915, 32.712543953534727 ] ] ] } },
{ "type": "Feature", "properties": { "lon": -117.1642381, "lat": 32.7151717, "neighborhood": "City Center", "block_id": "01ST_AV_W_BROADWAY", "st_north": "W_BROADWAY", "st_east": "01ST_AV", "st_south": "W_E_ST", "st_west": "FRONT_ST" }, "geometry": { "type": "Polygon", "coordinates": [ [ [ -117.16381398278962, 32.714639219389234 ], [ -117.164218454772325, 32.714638725966225 ], [ -117.164405692091037, 32.714638497532896 ], [ -117.164581254944395, 32.71463828324994 ], [ -117.164701547285503, 32.714638136888709 ], [ -117.164716035512228, 32.715720943988806 ], [ -117.164416906438206, 32.715719471325606 ], [ -117.163825152150608, 32.715716554084956 ], [ -117.16381398278962, 32.714639219389234 ] ] ] } },
{ "type": "Feature", "properties": { "lon": -117.1651522, "lat": 32.7120098, "neighborhood": "Marina", "block_id": "FRONT_ST_W_G_ST", "st_north": "W_G_ST", "st_east": "FRONT_ST", "st_south": "W_MARKET_ST", "st_west": "UNION_ST" }, "geometry": { "type": "Polygon", "coordinates": [ [ [ -117.164676561041915, 32.712543953534727 ], [ -117.164676585765918, 32.712540785532035 ], [ -117.164676667355863, 32.712530146175972 ], [ -117.16468220133099, 32.711809834288715 ], [ -117.164684784393671, 32.711473689042577 ], [ -117.16468486126719, 32.711463726028228 ], [ -117.165598485935234, 32.71147068637471 ], [ -117.165598495231052, 32.711472813514924 ], [ -117.165600082717134, 32.711840356255671 ], [ -117.165600135371378, 32.71185261324311 ], [ -117.16560206262703, 32.712298456228758 ], [ -117.165602802682187, 32.712469715880893 ], [ -117.165603081065015, 32.712534098190787 ], [ -117.165603092518808, 32.712536741111478 ], [ -117.165603102959906, 32.712539183852925 ], [ -117.165603117921378, 32.712542575193389 ], [ -117.165593623940396, 32.7125425897692 ], [ -117.165460989729482, 32.71254278715513 ], [ -117.16515749257988, 32.712543238843111 ], [ -117.164692537943537, 32.712543929722671 ], [ -117.164676561041915, 32.712543953534727 ] ] ] } },
{ "type": "Feature", "properties": { "lon": -117.1660415, "lat": 32.7120019, "neighborhood": "Marina", "block_id": "UNION_ST_W_G_ST", "st_north": "W_G_ST", "st_east": "UNION_ST", "st_south": "W_MARKET_ST", "st_west": "STATE_ST" }, "geometry": { "type": "Polygon", "coordinates": [ [ [ -117.166487380784218, 32.712538755686289 ], [ -117.165630560188134, 32.712542457122019 ], [ -117.165607036573249, 32.71254255872531 ], [ -117.165603117921378, 32.712542575193389 ], [ -117.165603102959906, 32.712539183852925 ], [ -117.165603092518808, 32.712536741111478 ], [ -117.165603081065015, 32.712534098190787 ], [ -117.165602802682187, 32.712469715880893 ], [ -117.16560206262703, 32.712298456228758 ], [ -117.165600135371378, 32.71185261324311 ], [ -117.165600082717134, 32.711840356255671 ], [ -117.165598495231052, 32.711472813514924 ], [ -117.165598485935234, 32.71147068637471 ], [ -117.166505550949438, 32.711472197093528 ], [ -117.166505382109108, 32.711482117510414 ], [ -117.166499897164584, 32.711804093697275 ], [ -117.166497402778504, 32.71195052538085 ], [ -117.166496401870688, 32.712009266883967 ], [ -117.166495439242667, 32.712065740221455 ], [ -117.166494909455579, 32.712096752361589 ], [ -117.166487523222912, 32.712530399086042 ], [ -117.166487405928592, 32.71253727574075 ], [ -117.166487380784218, 32.712538755686289 ] ] ] } },
{ "type": "Feature", "properties": { "lon": -117.1660291, "lat": 32.715158, "neighborhood": "Columbia", "block_id": "UNION_ST_W_BROADWAY", "st_north": "W_BROADWAY", "st_east": "UNION_ST", "st_south": "W_E_ST", "st_west": "STATE_ST" }, "geometry": { "type": "Polygon", "coordinates": [ [ [ -117.166489335968024, 32.714602876531991 ], [ -117.166489933937029, 32.714660590796122 ], [ -117.166490000896033, 32.714715553282488 ], [ -117.166490004842331, 32.714718497441055 ], [ -117.166490018438054, 32.714730268681322 ], [ -117.166490354540073, 32.715014849676919 ], [ -117.166491185177975, 32.71571875962519 ], [ -117.166251863578651, 32.715719044512419 ], [ -117.16605074874694, 32.715719284123921 ], [ -117.16561011177248, 32.715719806735109 ], [ -117.165609829585321, 32.715538513591383 ], [ -117.16560838900655, 32.714614919516741 ], [ -117.165731916491637, 32.714613231402581 ], [ -117.16636580851187, 32.714604565404727 ], [ -117.166477102034861, 32.714603044091064 ], [ -117.166489335968024, 32.714602876531991 ] ] ] } },
{ "type": "Feature", "properties": { "lon": -117.1678381, "lat": 32.7151604, "neighborhood": "Columbia", "block_id": "STATE_ST_W_BROADWAY", "st_north": "W_BROADWAY", "st_east": "STATE_ST", "st_south": "Map_Border", "st_west": "KETTNER_BL" }, "geometry": { "type": "Polygon", "coordinates": [ [ [ -117.166491185177975, 32.71571875962519 ], [ -117.166490354540073, 32.715014849676919 ], [ -117.166490018438054, 32.714730268681322 ], [ -117.166490004842331, 32.714718497441055 ], [ -117.166490000896033, 32.714715553282488 ], [ -117.166489933937029, 32.714660590796122 ], [ -117.166489335968024, 32.714602876531991 ], [ -117.169171504031809, 32.714596655745368 ], [ -117.169171490956671, 32.714599800218167 ], [ -117.16917101069923, 32.714716790432284 ], [ -117.169167016696406, 32.715690312338445 ], [ -117.169166913938497, 32.715715338257141 ], [ -117.168279339717799, 32.71571645288418 ], [ -117.168269660846704, 32.715716466334861 ], [ -117.167557800831219, 32.715717448656136 ], [ -117.167450698576928, 32.715717596160893 ], [ -117.167388101638537, 32.715717682157887 ], [ -117.167375364649033, 32.715717699348879 ], [ -117.167374963582049, 32.715717699626886 ], [ -117.167372258534272, 32.715717703516169 ], [ -117.167003550865672, 32.715718146031875 ], [ -117.166491185177975, 32.71571875962519 ] ] ] } },
{ "type": "Feature", "properties": { "lon": -117.1660445, "lat": 32.7162224, "neighborhood": "Columbia", "block_id": "UNION_ST_W_C_ST", "st_north": "W_C_ST", "st_east": "UNION_ST", "st_south": "W_BROADWAY", "st_west": "STATE_ST" }, "geometry": { "type": "Polygon", "coordinates": [ [ [ -117.166491185177975, 32.71571875962519 ], [ -117.166488640349229, 32.716724735903938 ], [ -117.16590980131889, 32.716729035850832 ], [ -117.165664365907546, 32.716730858265002 ], [ -117.165607613986964, 32.71673127959145 ], [ -117.16561011177248, 32.715719806735109 ], [ -117.16605074874694, 32.715719284123921 ], [ -117.166251863578651, 32.715719044512419 ], [ -117.166491185177975, 32.71571875962519 ] ] ] } },
{ "type": "Feature", "properties": { "lon": -117.1669388, "lat": 32.7162225, "neighborhood": "Columbia", "block_id": "STATE_ST_W_C_ST", "st_north": "W_C_ST", "st_east": "STATE_ST", "st_south": "W_BROADWAY", "st_west": "COLUMBIA_ST" }, "geometry": { "type": "Polygon", "coordinates": [ [ [ -117.166488640349229, 32.716724735903938 ], [ -117.166491185177975, 32.71571875962519 ], [ -117.167003550865672, 32.715718146031875 ], [ -117.167372258534272, 32.715717703516169 ], [ -117.167372289254658, 32.715721987464768 ], [ -117.167378658751929, 32.716611805435726 ], [ -117.167379348858745, 32.716708240729886 ], [ -117.167379419614221, 32.716718113379017 ], [ -117.166488640349229, 32.716724735903938 ] ] ] } },
{ "type": "Feature", "properties": { "lon": -117.162456, "lat": 32.7162277, "neighborhood": "City Center", "block_id": "03RD_AV_C_ST", "st_north": "C_ST", "st_east": "03RD_AV", "st_south": "BROADWAY", "st_west": "02ND_AV" }, "geometry": { "type": "Polygon", "coordinates": [ [ [ -117.162901730659954, 32.715709650086453 ], [ -117.162912518964845, 32.716751257916812 ], [ -117.162021711659207, 32.71675509987395 ], [ -117.161988060106495, 32.7157026670723 ], [ -117.162901730659954, 32.715709650086453 ] ] ] } },
{ "type": "Feature", "properties": { "lon": -117.163365, "lat": 32.7162296, "neighborhood": "City Center", "block_id": "02ND_AV_C_ST", "st_north": "C_ST", "st_east": "02ND_AV", "st_south": "BROADWAY", "st_west": "01ST_AV" }, "geometry": { "type": "Polygon", "coordinates": [ [ [ -117.162912518964845, 32.716751257916812 ], [ -117.162901730659954, 32.715709650086453 ], [ -117.163825152150608, 32.715716554084956 ], [ -117.163832557884376, 32.716744444431164 ], [ -117.162912518964845, 32.716751257916812 ] ] ] } },
{ "type": "Feature", "properties": { "lon": -117.1615429, "lat": 32.7162311, "neighborhood": "City Center", "block_id": "04TH_AV_C_ST", "st_north": "C_ST", "st_east": "04TH_AV", "st_south": "BROADWAY", "st_west": "03RD_AV" }, "geometry": { "type": "Polygon", "coordinates": [ [ [ -117.161088668430608, 32.716761995914915 ], [ -117.161080893781417, 32.715695629243243 ], [ -117.161988060106495, 32.7157026670723 ], [ -117.162021711659207, 32.71675509987395 ], [ -117.161088668430608, 32.716761995914915 ] ] ] } },
{ "type": "Feature", "properties": { "lon": -117.1642716, "lat": 32.7162294, "neighborhood": "City Center", "block_id": "01ST_AV_W_C_ST", "st_north": "W_C_ST", "st_east": "01ST_AV", "st_south": "W_BROADWAY", "st_west": "FRONT_ST" }, "geometry": { "type": "Polygon", "coordinates": [ [ [ -117.164716035512228, 32.715720943988806 ], [ -117.164723337547898, 32.716737841089227 ], [ -117.164427494323604, 32.716740034886136 ], [ -117.163832557884376, 32.716744444431164 ], [ -117.163825152150608, 32.715716554084956 ], [ -117.164416906438206, 32.715719471325606 ], [ -117.164716035512228, 32.715720943988806 ] ] ] } },
{ "type": "Feature", "properties": { "lon": -117.1651725, "lat": 32.7162289, "neighborhood": "City Center", "block_id": "FRONT_ST_W_C_ST", "st_north": "W_C_ST", "st_east": "FRONT_ST", "st_south": "W_BROADWAY", "st_west": "UNION_ST" }, "geometry": { "type": "Polygon", "coordinates": [ [ [ -117.164723337547898, 32.716737841089227 ], [ -117.164716035512228, 32.715720943988806 ], [ -117.1649033273073, 32.715720706297311 ], [ -117.16561011177248, 32.715719806735109 ], [ -117.165607613986964, 32.71673127959145 ], [ -117.164723337547898, 32.716737841089227 ] ] ] } },
{ "type": "Feature", "properties": { "lon": -117.1624423, "lat": 32.7152117, "neighborhood": "City Center", "block_id": "Map_Border_BROADWAY", "st_north": "BROADWAY", "st_east": "Map_Border", "st_south": "Map_Border", "st_west": "BROADWAY_CR" }, "geometry": { "type": "Polygon", "coordinates": [ [ [ -117.162901730659954, 32.715709650086453 ], [ -117.161988060106495, 32.7157026670723 ], [ -117.161998298806196, 32.714806575657455 ], [ -117.161997360408805, 32.714715881804189 ], [ -117.162465553547335, 32.714717915800115 ], [ -117.162897956850713, 32.714717464430336 ], [ -117.162901730659954, 32.715709650086453 ] ] ] } },
{ "type": "Feature", "properties": { "lon": -117.1462929, "lat": 32.7008405, "neighborhood": "Barrio Logan", "block_id": "CESAR_E_CHAVEZ_PY_NATIONAL_AV", "st_north": "NATIONAL_AV", "st_east": "CESAR_E_CHAVEZ_PY", "st_south": "NEWTON_AV", "st_west": "BEARDSLEY_ST" }, "geometry": { "type": "Polygon", "coordinates": [ [ [ -117.145068725635127, 32.700660339131822 ], [ -117.145471037750099, 32.700264381307782 ], [ -117.145847259301902, 32.699860366187103 ], [ -117.147091646777227, 32.700718375224668 ], [ -117.14752005744792, 32.701013760000102 ], [ -117.147121189836369, 32.701426000260291 ], [ -117.146738379437394, 32.701821821682742 ], [ -117.145068725635127, 32.700660339131822 ] ] ] } },
{ "type": "Feature", "properties": { "lon": -117.1446388, "lat": 32.6996946, "neighborhood": "Barrio Logan", "block_id": "DEWEY_ST_NATIONAL_AV", "st_north": "NATIONAL_AV", "st_east": "DEWEY_ST", "st_south": "NEWTON_AV", "st_west": "CESAR_E_CHAVEZ_PY" }, "geometry": { "type": "Polygon", "coordinates": [ [ [ -117.145471037750099, 32.700264381307782 ], [ -117.145068725635127, 32.700660339131822 ], [ -117.144341999986594, 32.70015988639242 ], [ -117.14385751115752, 32.699825332459461 ], [ -117.143680680405154, 32.699697434481067 ], [ -117.143536631501675, 32.699596782845532 ], [ -117.143418782028647, 32.699515181650682 ], [ -117.143824290939989, 32.699113706355618 ], [ -117.144216934183021, 32.698726070933311 ], [ -117.144278627155956, 32.69877379718816 ], [ -117.145847259301902, 32.699860366187103 ], [ -117.145471037750099, 32.700264381307782 ] ] ] } },
{ "type": "Feature", "properties": { "lon": -117.1478554, "lat": 32.6992415, "neighborhood": "Barrio Logan", "block_id": "CESAR_E_CHAVEZ_PY_MAIN_ST", "st_north": "MAIN_ST", "st_east": "CESAR_E_CHAVEZ_PY", "st_south": "HARBOR_DR", "st_west": "BEARDSLEY_ST" }, "geometry": { "type": "Polygon", "coordinates": [ [ [ -117.14720813414263, 32.698470720194109 ], [ -117.147394755980386, 32.698282462990612 ], [ -117.148170490817051, 32.698807278197215 ], [ -117.149057813758532, 32.699435717334552 ], [ -117.148871224243081, 32.699626724437294 ], [ -117.14874899843079, 32.699754047452501 ], [ -117.148308230594168, 32.700202517825645 ], [ -117.146638667426302, 32.69904930061378 ], [ -117.147082660372718, 32.698598064277739 ], [ -117.14720813414263, 32.698470720194109 ] ] ] } },
{ "type": "Feature", "properties": { "lon": -117.1462473, "lat": 32.698123, "neighborhood": "Barrio Logan", "block_id": "SR-75_NB_MAIN_ST", "st_north": "MAIN_ST", "st_east": "SR-75_NB", "st_south": "HARBOR_DR", "st_west": "CESAR_E_CHAVEZ_PY" }, "geometry": { "type": "Polygon", "coordinates": [ [ [ -117.147394755980386, 32.698282462990612 ], [ -117.14720813414263, 32.698470720194109 ], [ -117.147082660372718, 32.698598064277739 ], [ -117.146638667426302, 32.69904930061378 ], [ -117.145266597705273, 32.698088433979073 ], [ -117.145201569134883, 32.698042632401425 ], [ -117.145110188757585, 32.697978271301231 ], [ -117.145357312199096, 32.697705405080946 ], [ -117.145571916134713, 32.697492090105925 ], [ -117.145661403603768, 32.697403739602287 ], [ -117.145671096400065, 32.697394169365531 ], [ -117.145776766637496, 32.697288564560715 ], [ -117.145869532538242, 32.697201215365574 ], [ -117.1459181167628, 32.697235005861472 ], [ -117.145996654978376, 32.697289628906098 ], [ -117.146258560655454, 32.697471671490902 ], [ -117.147394755980386, 32.698282462990612 ] ] ] } },
{ "type": "Feature", "properties": { "lon": -117.1470844, "lat": 32.7000337, "neighborhood": "Barrio Logan", "block_id": "CESAR_E_CHAVEZ_PY_NEWTON_AV", "st_north": "NEWTON_AV", "st_east": "CESAR_E_CHAVEZ_PY", "st_south": "MAIN_ST", "st_west": "BEARDSLEY_ST" }, "geometry": { "type": "Polygon", "coordinates": [ [ [ -117.14624300656142, 32.699458956487973 ], [ -117.146638667426302, 32.69904930061378 ], [ -117.148308230594168, 32.700202517825645 ], [ -117.14790937894071, 32.700617699333641 ], [ -117.14752005744792, 32.701013760000102 ], [ -117.147091646777227, 32.700718375224668 ], [ -117.145847259301902, 32.699860366187103 ], [ -117.14624300656142, 32.699458956487973 ] ] ] } },
{ "type": "Feature", "properties": { "lon": -117.145457, "lat": 32.6989139, "neighborhood": "Barrio Logan", "block_id": "SR-75_NB_NEWTON_AV", "st_north": "NEWTON_AV", "st_east": "SR-75_NB", "st_south": "MAIN_ST", "st_west": "CESAR_E_CHAVEZ_PY" }, "geometry": { "type": "Polygon", "coordinates": [ [ [ -117.146638667426302, 32.69904930061378 ], [ -117.14624300656142, 32.699458956487973 ], [ -117.145847259301902, 32.699860366187103 ], [ -117.144278627155956, 32.69877379718816 ], [ -117.145110188757585, 32.697978271301231 ], [ -117.145201569134883, 32.698042632401425 ], [ -117.145266597705273, 32.698088433979073 ], [ -117.146638667426302, 32.69904930061378 ] ] ] } },
{ "type": "Feature", "properties": { "lon": -117.1499601, "lat": 32.6986333, "neighborhood": "Barrio Logan", "block_id": "CESAR_E_CHAVEZ_PY_HARBOR_DR", "st_north": "HARBOR_DR", "st_east": "CESAR_E_CHAVEZ_PY", "st_south": "CROSBY_RD", "st_west": "Map_Border" }, "geometry": { "type": "Polygon", "coordinates": [ [ [ -117.147394755980386, 32.698282462990612 ], [ -117.148440054168162, 32.697189190257461 ], [ -117.148451205481081, 32.697179195274032 ], [ -117.14846261916361, 32.697169412090325 ], [ -117.148474292117655, 32.697159850647942 ], [ -117.148486213688727, 32.697150511926203 ], [ -117.148498378590944, 32.697141400472269 ], [ -117.148501305617501, 32.697139270875262 ], [ -117.148513451119783, 32.697130139722866 ], [ -117.14852576033428, 32.697121166984388 ], [ -117.148538233279425, 32.697112354462995 ], [ -117.148550867951059, 32.69710371479772 ], [ -117.148563659991964, 32.697095239002813 ], [ -117.14857661054198, 32.697086934283888 ], [ -117.148589707861888, 32.697078799824638 ], [ -117.14860295410287, 32.697070837412838 ], [ -117.148616345045468, 32.697063051587918 ], [ -117.148629877481341, 32.697055441471434 ], [ -117.148638508410869, 32.697050749938398 ], [ -117.148643551456544, 32.697048011571745 ], [ -117.148647641801688, 32.697045865377483 ], [ -117.14865735740139, 32.697040764663711 ], [ -117.148671295297504, 32.697033698944061 ], [ -117.148685361955089, 32.697026815337622 ], [ -117.148699554248608, 32.697020121081067 ], [ -117.148713867875912, 32.697013612598781 ], [ -117.148728300740984, 32.697007293512968 ], [ -117.14873495556887, 32.697004488388814 ], [ -117.148742846455008, 32.697001164771841 ], [ -117.148752864882752, 32.696997106960303 ], [ -117.148757503979184, 32.696995229088209 ], [ -117.148772267954214, 32.696989483795861 ], [ -117.148787138481282, 32.696983938813126 ], [ -117.148802106946803, 32.696978586087141 ], [ -117.148809421814846, 32.696976086346481 ], [ -117.148817173424348, 32.696973432831214 ], [ -117.148822019182063, 32.696971846515851 ], [ -117.148832331515834, 32.696968479092 ], [ -117.148847580164201, 32.696963725778843 ], [ -117.148862911895733, 32.696959172044522 ], [ -117.148878331012767, 32.696954821464537 ], [ -117.148893822586288, 32.696950674147701 ], [ -117.148903422481297, 32.696948243409196 ], [ -117.148909391966569, 32.696946731858539 ], [ -117.148914061237917, 32.696945617534539 ], [ -117.148925030631986, 32.696942995560789 ], [ -117.148940737507061, 32.696939464360582 ], [ -117.148956507296901, 32.696936141903429 ], [ -117.148972334642139, 32.696933025523187 ], [ -117.148988219561275, 32.696930117023157 ], [ -117.149004155693035, 32.696927420056653 ], [ -117.149020139801564, 32.696924931040286 ], [ -117.14903616766756, 32.696922654513521 ], [ -117.149052232865316, 32.696920587817999 ], [ -117.149068336488867, 32.696918733650854 ], [ -117.149084472158563, 32.696917093862183 ], [ -117.149100372400383, 32.696915688437016 ], [ -117.149100635572267, 32.696915664876293 ], [ -117.149116823530946, 32.696914446716569 ], [ -117.149133033975616, 32.696913446611859 ], [ -117.14914925827425, 32.696912654706026 ], [ -117.149165495452607, 32.696912080023594 ], [ -117.149181741190105, 32.696911717185529 ], [ -117.149188098500673, 32.69691163475688 ], [ -117.149202266879669, 32.696912847977181 ], [ -117.149218399618917, 32.696914476099202 ], [ -117.149234499799022, 32.696916362354273 ], [ -117.149250549236626, 32.69691850146458 ], [ -117.14926655330062, 32.696920896997945 ], [ -117.14928250132742, 32.696923549032171 ], [ -117.149294115241815, 32.696925670889478 ], [ -117.149298387939339, 32.696926453097831 ], [ -117.149305702672962, 32.6969279146738 ], [ -117.149314204623906, 32.696929611060469 ], [ -117.149329945966713, 32.696933014843999 ], [ -117.149345612096653, 32.696936677071747 ], [ -117.149361192212169, 32.696940584296534 ], [ -117.149371013340939, 32.696943219688478 ], [ -117.149376684217444, 32.696944740140594 ], [ -117.149381997824335, 32.696946259591385 ], [ -117.149392078506111, 32.696949143772336 ], [ -117.149407373956706, 32.696953789789475 ], [ -117.149422562038453, 32.696958678254333 ], [ -117.149437641685026, 32.69696380917469 ], [ -117.149452600054161, 32.696969178135532 ], [ -117.149467437136749, 32.696974784235344 ], [ -117.149482146534666, 32.696980627520695 ], [ -117.149496722861002, 32.696986702620578 ], [ -117.149511163983135, 32.696993009550582 ], [ -117.149525458115818, 32.696999542986291 ], [ -117.149535541535982, 32.69700436677909 ], [ -117.149539605314359, 32.697006308337819 ], [ -117.149545251066144, 32.697009128373359 ], [ -117.14955360226935, 32.697013294808386 ], [ -117.149567435136504, 32.697020504302628 ], [ -117.149581111343565, 32.697027933159355 ], [ -117.149594613782824, 32.697035576994814 ], [ -117.149607946728935, 32.697043436679557 ], [ -117.149612581733734, 32.697046280317466 ], [ -117.149621102662167, 32.697051506858102 ], [ -117.149634071976052, 32.697059786698837 ], [ -117.149637132049691, 32.697061814930407 ], [ -117.14964685883487, 32.697068266252295 ], [ -117.149659451554655, 32.697076950112432 ], [ -117.149661662464752, 32.697078533668815 ], [ -117.149671852249767, 32.697085836460516 ], [ -117.14968405016451, 32.697094916357557 ], [ -117.150227444473302, 32.697467496452106 ], [ -117.150231826312805, 32.697470399626731 ], [ -117.150244796812032, 32.697478679395601 ], [ -117.150258026584666, 32.697486657892298 ], [ -117.150271510243599, 32.697494329745794 ], [ -117.150285237088056, 32.697501691427 ], [ -117.150299188888411, 32.697508733149931 ], [ -117.15031336880682, 32.697515451284382 ], [ -117.150323732708287, 32.69752005654798 ], [ -117.150327752298153, 32.697521844206079 ], [ -117.15032982569349, 32.697522700148447 ], [ -117.150342341366155, 32.697527899275855 ], [ -117.15035711792838, 32.697533621134447 ], [ -117.150372073361538, 32.697539000827312 ], [ -117.150387194841485, 32.697544035742808 ], [ -117.150401320546578, 32.697548368258019 ], [ -117.150402471649002, 32.697548720548752 ], [ -117.150417894149726, 32.697553051708411 ], [ -117.150433452736948, 32.697557028390165 ], [ -117.150449131368845, 32.697560646202398 ], [ -117.150464917230252, 32.697563903435118 ], [ -117.15048080601872, 32.697566796512852 ], [ -117.150496778530083, 32.697569324674014 ], [ -117.150511866107223, 32.697571352517556 ], [ -117.150512829377007, 32.697571482547389 ], [ -117.150514062531698, 32.697571619623659 ], [ -117.150528944724087, 32.697573272939287 ], [ -117.15054510745388, 32.697574690564295 ], [ -117.150561312289497, 32.697575740871265 ], [ -117.150577543161489, 32.697576416763759 ], [ -117.150593795804156, 32.697576718272764 ], [ -117.150610044633495, 32.697576646486979 ], [ -117.150626286468579, 32.697576203233034 ], [ -117.15062757302087, 32.69757613883003 ], [ -117.150642511693476, 32.697575386777757 ], [ -117.150658700037539, 32.697574196367412 ], [ -117.150674846205618, 32.697572635647752 ], [ -117.150690939552206, 32.697570706499924 ], [ -117.150706960863872, 32.697568407260825 ], [ -117.150722902675838, 32.697565737985059 ], [ -117.150738754425547, 32.697562708668968 ], [ -117.1507393474634, 32.697562508659288 ], [ -117.15075440632468, 32.697557341695969 ], [ -117.15076937266295, 32.697551991451704 ], [ -117.150784251883763, 32.697546465100864 ], [ -117.150799036448689, 32.697540755484603 ], [ -117.150813719986971, 32.697534865354825 ], [ -117.150828305753066, 32.697528800098169 ], [ -117.150842780922702, 32.697522557103127 ], [ -117.150857155148444, 32.697516141709706 ], [ -117.150871415596967, 32.697509550404703 ], [ -117.150881520995398, 32.697504718992896 ], [ -117.150885561247875, 32.697502787704316 ], [ -117.150891396194211, 32.697499902788209 ], [ -117.150899594252266, 32.69749585539634 ], [ -117.150913506042244, 32.697488749936426 ], [ -117.150927295625138, 32.697481478545882 ], [ -117.150940962991626, 32.697474040323051 ], [ -117.150954501743456, 32.697466435314666 ], [ -117.150967908764414, 32.697458671659227 ], [ -117.150981183999136, 32.697450743946696 ], [ -117.150994321058576, 32.697442653125648 ], [ -117.151256304421281, 32.697314309142129 ], [ -117.151268258966525, 32.697308848294142 ], [ -117.151282691752215, 32.697302534319306 ], [ -117.151297267684342, 32.697296452847297 ], [ -117.151307384548971, 32.697292434686297 ], [ -117.151311975078968, 32.697290608472017 ], [ -117.151315448967068, 32.697289297197791 ], [ -117.151326815085568, 32.697285009300835 ], [ -117.151341781223024, 32.697279647265376 ], [ -117.151356862919982, 32.697274531460231 ], [ -117.151372061252061, 32.697269662779284 ], [ -117.15138736662206, 32.697265041292617 ], [ -117.151402771574709, 32.697260667956463 ], [ -117.151418277222618, 32.69725654727133 ], [ -117.151433872902118, 32.697252679315085 ], [ -117.151446422107455, 32.697249786768097 ], [ -117.151449552224463, 32.69724906503626 ], [ -117.151453064928745, 32.697248317062183 ], [ -117.151465312018217, 32.697245707163162 ], [ -117.151481145866867, 32.697242603939188 ], [ -117.151497045294875, 32.697239760836695 ], [ -117.151513004952164, 32.697237176091384 ], [ -117.151529022724532, 32.69723485152209 ], [ -117.151544769509314, 32.697232829211551 ], [ -117.15154509115672, 32.697232788085024 ], [ -117.151561204917002, 32.697230985819225 ], [ -117.15157735119989, 32.697229443916477 ], [ -117.151593532202853, 32.697228168672986 ], [ -117.151609739330453, 32.6972271538393 ], [ -117.151625968354224, 32.697226403053335 ], [ -117.15154526767374, 32.701049392016913 ], [ -117.150769137799827, 32.700536374544811 ], [ -117.150147344558249, 32.700128639303109 ], [ -117.150101531659772, 32.700099506643966 ], [ -117.149519146806284, 32.699729192305256 ], [ -117.149057813758532, 32.699435717334552 ], [ -117.148170490817051, 32.698807278197215 ], [ -117.147394755980386, 32.698282462990612 ] ] ] } },
{ "type": "Feature", "properties": { "lon": -117.1471959, "lat": 32.6971758, "neighborhood": "Barrio Logan", "block_id": "SR-75_NB_HARBOR_DR", "st_north": "HARBOR_DR", "st_east": "SR-75_NB", "st_south": "BAY_FRONT_ST", "st_west": "CESAR_E_CHAVEZ_PY" }, "geometry": { "type": "Polygon", "coordinates": [ [ [ -117.148501305617501, 32.697139270875262 ], [ -117.148498378590944, 32.697141400472269 ], [ -117.148486213688727, 32.697150511926203 ], [ -117.148474292117655, 32.697159850647942 ], [ -117.14846261916361, 32.697169412090325 ], [ -117.148451205481081, 32.697179195274032 ], [ -117.148440054168162, 32.697189190257461 ], [ -117.147394755980386, 32.698282462990612 ], [ -117.146258560655454, 32.697471671490902 ], [ -117.145996654978376, 32.697289628906098 ], [ -117.1459181167628, 32.697235005861472 ], [ -117.145869532538242, 32.697201215365574 ], [ -117.146260202731284, 32.696818010704206 ], [ -117.146503664149279, 32.696575504203508 ], [ -117.146642619211207, 32.696439375596924 ], [ -117.146779908916926, 32.696301567601978 ], [ -117.146877879432139, 32.696197583793065 ], [ -117.146977667685263, 32.696095343102023 ], [ -117.146997447481525, 32.696074544856678 ], [ -117.147045463773196, 32.696104732076712 ], [ -117.147087202327342, 32.696130970242116 ], [ -117.147818289334836, 32.696652262763855 ], [ -117.148501305617501, 32.697139270875262 ] ] ] } },
{ "type": "Feature", "properties": { "lon": -117.1465217, "lat": 32.7035033, "neighborhood": "Barrio Logan", "block_id": "CESAR_E_CHAVEZ_PY_I-5_SB", "st_north": "I-5_SB", "st_east": "CESAR_E_CHAVEZ_PY", "st_south": "LOGAN_AV", "st_west": "S_17TH_ST" }, "geometry": { "type": "Polygon", "coordinates": [ [ [ -117.144007262579507, 32.701770191021794 ], [ -117.14430332011726, 32.701473953487728 ], [ -117.145966453525332, 32.702632746242898 ], [ -117.147623045622751, 32.703783319027934 ], [ -117.148523669113715, 32.704436402172846 ], [ -117.148527366839161, 32.704799178788271 ], [ -117.148531820956109, 32.705236159532127 ], [ -117.148212411668595, 32.70523575143983 ], [ -117.147729612725655, 32.705235128055783 ], [ -117.147569562508465, 32.705234921531591 ], [ -117.147565363794371, 32.705221646010031 ], [ -117.147561032066847, 32.705208400312166 ], [ -117.147556560954811, 32.70519518718956 ], [ -117.147551963274211, 32.705182008352381 ], [ -117.147547226200018, 32.705168861188831 ], [ -117.147542356186165, 32.705155751062293 ], [ -117.147537350024038, 32.705142677094329 ], [ -117.147532214112601, 32.705129639238407 ], [ -117.147526942098921, 32.705116642049447 ], [ -117.147521537127432, 32.705103680094055 ], [ -117.147516003519101, 32.705090758751282 ], [ -117.147510335950813, 32.705077878961504 ], [ -117.147504535498328, 32.705065041618724 ], [ -117.147498606399949, 32.705052243986771 ], [ -117.147492546632975, 32.705039496901314 ], [ -117.147486358238567, 32.705026791329935 ], [ -117.147480035921205, 32.705014130918265 ], [ -117.147473588212591, 32.705001515604081 ], [ -117.147467006636234, 32.70498895085958 ], [ -117.147460302886529, 32.704976432992609 ], [ -117.147453469507397, 32.704963962959198 ], [ -117.14744650656317, 32.70495154707104 ], [ -117.147439421473251, 32.704939180765322 ], [ -117.14743220574266, 32.704926867710938 ], [ -117.147424866781634, 32.704914602443445 ], [ -117.147417402567442, 32.704902395798378 ], [ -117.147409815196312, 32.704890244153553 ], [ -117.147402104659093, 32.704878146607292 ], [ -117.147394267802341, 32.704866107691167 ], [ -117.147386307825485, 32.704854127381893 ], [ -117.147378227891252, 32.704842202049456 ], [ -117.147370025940191, 32.704830338922775 ], [ -117.147361700869027, 32.704818534402911 ], [ -117.147353259131805, 32.70480679385323 ], [ -117.14734469426547, 32.704795111008643 ], [ -117.147336013836195, 32.704783495733139 ], [ -117.147327213523127, 32.704771942647753 ], [ -117.147318293363085, 32.704760455359107 ], [ -117.147309259736375, 32.704749032017354 ], [ -117.147300107319978, 32.704737673562789 ], [ -117.147290840416503, 32.704726383571199 ], [ -117.147288026561981, 32.704722999073738 ], [ -117.147252885916927, 32.704661044592427 ], [ -117.147245679805735, 32.70464872875236 ], [ -117.147238413128662, 32.704636434994384 ], [ -117.147231087016323, 32.704624169622306 ], [ -117.147223700347169, 32.704611927233955 ], [ -117.147216258490346, 32.704599711397201 ], [ -117.147208755037866, 32.704587521256833 ], [ -117.147201193189147, 32.704575356789633 ], [ -117.147193574029018, 32.70456321979119 ], [ -117.147185895397058, 32.704551107571959 ], [ -117.14717815516947, 32.704539021049115 ], [ -117.147170360866667, 32.704526965578395 ], [ -117.147162508130975, 32.704514932174142 ], [ -117.147154597045059, 32.7045029289513 ], [ -117.147146627562961, 32.704490951401482 ], [ -117.147138599703098, 32.704479001328181 ], [ -117.14713051456873, 32.704467082330197 ], [ -117.147122373161949, 32.704455188088033 ], [ -117.14711417125379, 32.704443322239435 ], [ -117.147105917394114, 32.704431486525728 ], [ -117.147097601966678, 32.704419679213274 ], [ -117.147089231360908, 32.704407899353939 ], [ -117.147080802414166, 32.704396150577587 ], [ -117.147072319328117, 32.704384426541559 ], [ -117.147063776853031, 32.704372735399573 ], [ -117.147061476595027, 32.704369616781406 ], [ -117.147055180284553, 32.704361073506263 ], [ -117.14704652855616, 32.704349440869294 ], [ -117.147037818468576, 32.704337837511964 ], [ -117.147029054287614, 32.704326263403203 ], [ -117.147020230736004, 32.704314723991843 ], [ -117.147011356262936, 32.704303211100743 ], [ -117.147002423458204, 32.704291730194264 ], [ -117.146993438757249, 32.704280284832471 ], [ -117.146984392424415, 32.704268861560131 ], [ -117.146975294204552, 32.704257474734135 ], [ -117.146966141909758, 32.704246118960057 ], [ -117.146956936597235, 32.704234793328339 ], [ -117.146947674028851, 32.704223500575047 ], [ -117.146938353147235, 32.704212241609639 ], [ -117.146928987788812, 32.704201013626211 ], [ -117.14691956301408, 32.704189815831661 ], [ -117.146910084219414, 32.704178654498911 ], [ -117.146900550274324, 32.704167523324067 ], [ -117.146890964414737, 32.704156425890432 ], [ -117.146881323441434, 32.704145362221269 ], [ -117.146871631610949, 32.704134331383976 ], [ -117.146861883600252, 32.704123334318886 ], [ -117.14685208473243, 32.704112370085568 ], [ -117.146842235016706, 32.704101439585649 ], [ -117.146832329139073, 32.704090544661341 ], [ -117.146822372413581, 32.704079683470425 ], [ -117.146812362707223, 32.704068856028393 ], [ -117.146802302171338, 32.704058064123124 ], [ -117.146792187615674, 32.704047308679478 ], [ -117.146782020042565, 32.704036583378063 ], [ -117.146771804848441, 32.7040258944917 ], [ -117.14676153779503, 32.704015244756469 ], [ -117.146751212419417, 32.704004627907231 ], [ -117.146740844755044, 32.703994047434215 ], [ -117.146730423043451, 32.703983500717776 ], [ -117.146719949490929, 32.703972994955762 ], [ -117.146709427195944, 32.703962520206488 ], [ -117.146698854099014, 32.703952083698844 ], [ -117.146688228048845, 32.703941683644949 ], [ -117.146677554405215, 32.703931322711114 ], [ -117.146666828838164, 32.70392099461651 ], [ -117.146656055705179, 32.703910708346982 ], [ -117.146645233820564, 32.703900452188421 ], [ -117.146634359037819, 32.703890237893553 ], [ -117.146623437728081, 32.703880062710915 ], [ -117.146612466664465, 32.703869923958706 ], [ -117.146601447998265, 32.703859823424722 ], [ -117.146590377445349, 32.703849759336606 ], [ -117.146579261422744, 32.703839733451254 ], [ -117.146568094644053, 32.703829750315712 ], [ -117.146556882359008, 32.703819801776199 ], [ -117.146545621423257, 32.703809893265905 ], [ -117.146534312884882, 32.703800022973788 ], [ -117.14652295462021, 32.703790191817014 ], [ -117.146511548752997, 32.703780398878401 ], [ -117.146500098528364, 32.703770648643015 ], [ -117.146488598568297, 32.703760936641245 ], [ -117.146477054204922, 32.703751262834309 ], [ -117.146465465475046, 32.703741630828866 ], [ -117.14645382701886, 32.703732037958709 ], [ -117.146442137742412, 32.703722481526555 ], [ -117.146430412676807, 32.703712971342149 ], [ -117.146418636818467, 32.703703500300755 ], [ -117.146406815527115, 32.703694071068583 ], [ -117.146394945575906, 32.703684680963811 ], [ -117.146383033381838, 32.703675331743298 ], [ -117.146371076821225, 32.703666024324249 ], [ -117.146360464692592, 32.703657825289582 ], [ -117.145941434293647, 32.703369528964267 ], [ -117.145538174952833, 32.70308499238601 ], [ -117.145346380267839, 32.702947833601854 ], [ -117.145293112187403, 32.702909739488788 ], [ -117.144717724209826, 32.702503252291727 ], [ -117.143872645596474, 32.701906228625461 ], [ -117.143872105279442, 32.701905847499077 ], [ -117.144007262579507, 32.701770191021794 ] ] ] } },
{ "type": "Feature", "properties": { "lon": -117.1423963, "lat": 32.7005212, "neighborhood": "Barrio Logan", "block_id": "S_EVANS_ST_I-5_SB", "st_north": "I-5_SB", "st_east": "S_EVANS_ST", "st_south": "LOGAN_AV", "st_west": "CESAR_E_CHAVEZ_PY" }, "geometry": { "type": "Polygon", "coordinates": [ [ [ -117.14430332011726, 32.701473953487728 ], [ -117.144007262579507, 32.701770191021794 ], [ -117.143872105279442, 32.701905847499077 ], [ -117.142843689090739, 32.701146464583985 ], [ -117.142842138207669, 32.701145497425216 ], [ -117.141986620290282, 32.70061395966291 ], [ -117.140788603839397, 32.699795318611024 ], [ -117.140576023304135, 32.69966767356015 ], [ -117.140543269544011, 32.699643173585407 ], [ -117.140511932371254, 32.699621552546027 ], [ -117.140644958706289, 32.699495748636906 ], [ -117.140719847245322, 32.699424766506965 ], [ -117.140980657054683, 32.699178264649156 ], [ -117.141609204531846, 32.69961623134099 ], [ -117.142188584991729, 32.700013323078558 ], [ -117.142584667328492, 32.700285307913525 ], [ -117.142813866171892, 32.700448558857211 ], [ -117.142977556289352, 32.700562810726588 ], [ -117.143242762988791, 32.700750537558392 ], [ -117.143416233374509, 32.700867466512065 ], [ -117.14430332011726, 32.701473953487728 ] ] ] } },
{ "type": "Feature", "properties": { "lon": -117.1455189, "lat": 32.7016458, "neighborhood": "Barrio Logan", "block_id": "CESAR_E_CHAVEZ_PY_LOGAN_AV", "st_north": "LOGAN_AV", "st_east": "CESAR_E_CHAVEZ_PY", "st_south": "NATIONAL_AV", "st_west": "BEARDSLEY_ST" }, "geometry": { "type": "Polygon", "coordinates": [ [ [ -117.14430332011726, 32.701473953487728 ], [ -117.144679607975533, 32.701075439418716 ], [ -117.145068725635127, 32.700660339131822 ], [ -117.146738379437394, 32.701821821682742 ], [ -117.146329712154284, 32.702231575070762 ], [ -117.145966453525332, 32.702632746242898 ], [ -117.14430332011726, 32.701473953487728 ] ] ] } },
{ "type": "Feature", "properties": { "lon": -117.1430314, "lat": 32.6999216, "neighborhood": "Barrio Logan", "block_id": "S_EVANS_ST_LOGAN_AV", "st_north": "LOGAN_AV", "st_east": "S_EVANS_ST", "st_south": "NATIONAL_AV", "st_west": "CESAR_E_CHAVEZ_PY" }, "geometry": { "type": "Polygon", "coordinates": [ [ [ -117.144679607975533, 32.701075439418716 ], [ -117.14430332011726, 32.701473953487728 ], [ -117.143416233374509, 32.700867466512065 ], [ -117.143242762988791, 32.700750537558392 ], [ -117.142977556289352, 32.700562810726588 ], [ -117.142813866171892, 32.700448558857211 ], [ -117.142584667328492, 32.700285307913525 ], [ -117.142188584991729, 32.700013323078558 ], [ -117.141609204531846, 32.69961623134099 ], [ -117.140980657054683, 32.699178264649156 ], [ -117.141356896709468, 32.698774265932236 ], [ -117.141759102470573, 32.698367325254409 ], [ -117.142305804926224, 32.698748160769433 ], [ -117.143362661353621, 32.699476506837904 ], [ -117.143418782028647, 32.699515181650682 ], [ -117.143536631501675, 32.699596782845532 ], [ -117.143680680405154, 32.699697434481067 ], [ -117.14385751115752, 32.699825332459461 ], [ -117.144341999986594, 32.70015988639242 ], [ -117.145068725635127, 32.700660339131822 ], [ -117.144679607975533, 32.701075439418716 ] ] ] } },
{ "type": "Feature", "properties": { "lon": -117.1453186, "lat": 32.7067905, "neighborhood": "Sherman Heights", "block_id": "21ST_ST_L_ST", "st_north": "L_ST", "st_east": "21ST_ST", "st_south": "IMPERIAL_AV", "st_west": "20TH_ST" }, "geometry": { "type": "Polygon", "coordinates": [ [ [ -117.145782394916125, 32.706273110369452 ], [ -117.145789728037471, 32.707314742123174 ], [ -117.144882734104058, 32.707315830051762 ], [ -117.144872160001185, 32.706274221840125 ], [ -117.145782394916125, 32.706273110369452 ] ] ] } },
{ "type": "Feature", "properties": { "lon": -117.1462508, "lat": 32.7067948, "neighborhood": "Sherman Heights", "block_id": "20TH_ST_L_ST", "st_north": "L_ST", "st_east": "20TH_ST", "st_south": "IMPERIAL_AV", "st_west": "19TH_ST" }, "geometry": { "type": "Polygon", "coordinates": [ [ [ -117.145789728037471, 32.707314742123174 ], [ -117.145782394916125, 32.706273110369452 ], [ -117.146699213874385, 32.706280189819843 ], [ -117.146696766314761, 32.706678741701701 ], [ -117.146686887135459, 32.707305473520307 ], [ -117.145789728037471, 32.707314742123174 ] ] ] } },
{ "type": "Feature", "properties": { "lon": -117.1471732, "lat": 32.7027984, "neighborhood": "Barrio Logan", "block_id": "BEARDSLEY_ST_LOGAN_AV", "st_north": "LOGAN_AV", "st_east": "BEARDSLEY_ST", "st_south": "NATIONAL_AV", "st_west": "SIGSBEE_ST" }, "geometry": { "type": "Polygon", "coordinates": [ [ [ -117.145966453525332, 32.702632746242898 ], [ -117.146329712154284, 32.702231575070762 ], [ -117.146738379437394, 32.701821821682742 ], [ -117.148407999616808, 32.702975037621748 ], [ -117.148006423471713, 32.703379935053135 ], [ -117.147623045622751, 32.703783319027934 ], [ -117.145966453525332, 32.702632746242898 ] ] ] } },
{ "type": "Feature", "properties": { "lon": -117.1479629, "lat": 32.7019938, "neighborhood": "Barrio Logan", "block_id": "BEARDSLEY_ST_NATIONAL_AV", "st_north": "NATIONAL_AV", "st_east": "BEARDSLEY_ST", "st_south": "NEWTON_AV", "st_west": "SIGSBEE_ST" }, "geometry": { "type": "Polygon", "coordinates": [ [ [ -117.148407999616808, 32.702975037621748 ], [ -117.146738379437394, 32.701821821682742 ], [ -117.147121189836369, 32.701426000260291 ], [ -117.14752005744792, 32.701013760000102 ], [ -117.149176631820666, 32.702161373140015 ], [ -117.148784247297073, 32.702573761807002 ], [ -117.148407999616808, 32.702975037621748 ] ] ] } },
{ "type": "Feature", "properties": { "lon": -117.1431857, "lat": 32.7067995, "neighborhood": "Sherman Heights", "block_id": "24TH_ST_L_ST", "st_north": "L_ST", "st_east": "24TH_ST", "st_south": "IMPERIAL_AV", "st_west": "22ND_ST" }, "geometry": { "type": "Polygon", "coordinates": [ [ [ -117.143955423798559, 32.7062753737207 ], [ -117.143967273185453, 32.706803001511751 ], [ -117.143966042812806, 32.707322478615197 ], [ -117.142428634848002, 32.707322622493066 ], [ -117.14242836073187, 32.70732262177156 ], [ -117.142420324405649, 32.706849936372706 ], [ -117.142419879231937, 32.706805963533853 ], [ -117.142408425426325, 32.706316811850741 ], [ -117.142421934489889, 32.706312494849648 ], [ -117.142437285644633, 32.706307981463063 ], [ -117.142452782409904, 32.706303839439457 ], [ -117.142468414111917, 32.70630006795426 ], [ -117.142484162702914, 32.706296675253718 ], [ -117.142499213822347, 32.706293815116837 ], [ -117.142499483139915, 32.706293763572063 ], [ -117.142500018575561, 32.706293660505551 ], [ -117.142515970007892, 32.706291024696327 ], [ -117.142532006444895, 32.706288778723241 ], [ -117.142548108607969, 32.706286914610168 ], [ -117.142564266944561, 32.706285436934905 ], [ -117.14258047189314, 32.706284349373583 ], [ -117.142594199952413, 32.706283754954939 ], [ -117.142596702096881, 32.706283649375564 ], [ -117.142608266682814, 32.706283427703774 ], [ -117.142612950108912, 32.706283338798237 ], [ -117.142618727937702, 32.706283366411121 ], [ -117.142629205255517, 32.706283416817122 ], [ -117.142645448349427, 32.706283884472796 ], [ -117.142661669828939, 32.706284745441472 ], [ -117.143955423798559, 32.7062753737207 ] ] ] } },
{ "type": "Feature", "properties": { "lon": -117.1444237, "lat": 32.7067979, "neighborhood": "Sherman Heights", "block_id": "22ND_ST_L_ST", "st_north": "L_ST", "st_east": "22ND_ST", "st_south": "IMPERIAL_AV", "st_west": "21ST_ST" }, "geometry": { "type": "Polygon", "coordinates": [ [ [ -117.143967273185453, 32.706803001511751 ], [ -117.143955423798559, 32.7062753737207 ], [ -117.144872160001185, 32.706274221840125 ], [ -117.144882734104058, 32.707315830051762 ], [ -117.143966042812806, 32.707322478615197 ], [ -117.143967273185453, 32.706803001511751 ] ] ] } },
{ "type": "Feature", "properties": { "lon": -117.141315, "lat": 32.7068596, "neighborhood": "Sherman Heights", "block_id": "25TH_ST_L_ST", "st_north": "L_ST", "st_east": "25TH_ST", "st_south": "IMPERIAL_AV", "st_west": "24TH_ST" }, "geometry": { "type": "Polygon", "coordinates": [ [ [ -117.14020665211352, 32.706868684400568 ], [ -117.140207852324551, 32.706343710713099 ], [ -117.142083556671494, 32.706338401866759 ], [ -117.142084889044412, 32.706338425592911 ], [ -117.142101139124946, 32.706338634470434 ], [ -117.142117394226531, 32.706338707146706 ], [ -117.142133647959341, 32.70633864456974 ], [ -117.142149897123858, 32.7063384467627 ], [ -117.142155185083993, 32.706338337269777 ], [ -117.142166148082353, 32.706338110072537 ], [ -117.142182391291215, 32.706337639978805 ], [ -117.142198629922419, 32.706337033753265 ], [ -117.142214860758187, 32.706336289615763 ], [ -117.142231080635511, 32.706335411196171 ], [ -117.142247291650833, 32.706334394872307 ], [ -117.142263488535448, 32.706333246994497 ], [ -117.142279669065061, 32.706331958561456 ], [ -117.142290802570997, 32.706330979871687 ], [ -117.142295837606028, 32.706330539460737 ], [ -117.142303468844688, 32.706329802528373 ], [ -117.142311984486852, 32.706328982548371 ], [ -117.142328115067258, 32.706327290490805 ], [ -117.142344224023915, 32.706325464228371 ], [ -117.142360312423151, 32.706323503753296 ], [ -117.142376375962598, 32.706321405489767 ], [ -117.142392412545604, 32.706319173059953 ], [ -117.14240815599004, 32.706316851673577 ], [ -117.142408425426325, 32.706316811850741 ], [ -117.142419879231937, 32.706805963533853 ], [ -117.142420324405649, 32.706849936372706 ], [ -117.14242836073187, 32.70732262177156 ], [ -117.142203916474131, 32.707375385263347 ], [ -117.141323602638394, 32.707377336973835 ], [ -117.140205340870253, 32.707382664884314 ], [ -117.140205345860778, 32.707380518707268 ], [ -117.14020665211352, 32.706868684400568 ] ] ] } },
{ "type": "Feature", "properties": { "lon": -117.1470956, "lat": 32.707881, "neighborhood": "Sherman Heights", "block_id": "19TH_ST_J_ST", "st_north": "J_ST", "st_east": "19TH_ST", "st_south": "IMPERIAL_AV", "st_west": "I-5_NB" }, "geometry": { "type": "Polygon", "coordinates": [ [ [ -117.146699213874385, 32.706280189819843 ], [ -117.147414354972767, 32.706274987729039 ], [ -117.147421009945276, 32.706470967752765 ], [ -117.147421011801171, 32.706471045288943 ], [ -117.147461019989436, 32.707648903300637 ], [ -117.147484788550329, 32.708348570218106 ], [ -117.147515640622657, 32.709256896145682 ], [ -117.147518935021338, 32.709353866988046 ], [ -117.147519599283498, 32.709373433530175 ], [ -117.147521128015072, 32.70941850672574 ], [ -117.14752098509247, 32.709418506864175 ], [ -117.146724612050591, 32.709416055460842 ], [ -117.146713469540671, 32.708959886464889 ], [ -117.146678118348859, 32.708360965834082 ], [ -117.146678175666565, 32.708354437718299 ], [ -117.14668398853172, 32.707654555606517 ], [ -117.146686887135459, 32.707305473520307 ], [ -117.146696766314761, 32.706678741701701 ], [ -117.146699213874385, 32.706280189819843 ] ] ] } },
{ "type": "Feature", "properties": { "lon": -117.1484226, "lat": 32.6960745, "neighborhood": "Barrio Logan", "block_id": "Map_Border_BAY_FRONT_ST", "st_north": "BAY_FRONT_ST", "st_east": "Map_Border", "st_south": "Map_Border", "st_west": "CESAR_E_CHAVEZ_PY" }, "geometry": { "type": "Polygon", "coordinates": [ [ [ -117.148501305617501, 32.697139270875262 ], [ -117.147818289334836, 32.696652262763855 ], [ -117.147087202327342, 32.696130970242116 ], [ -117.147045463773196, 32.696104732076712 ], [ -117.146997447481525, 32.696074544856678 ], [ -117.14824541149224, 32.694960666304247 ], [ -117.149819401474332, 32.696024757741363 ], [ -117.149259659260593, 32.696597783387602 ], [ -117.149251668502245, 32.696608143144196 ], [ -117.149243232211049, 32.696619885812083 ], [ -117.149235264355639, 32.696631864024411 ], [ -117.149229058489681, 32.696641982622552 ], [ -117.14922778183238, 32.696644061426682 ], [ -117.149220789835269, 32.696656464455103 ], [ -117.149214293576676, 32.69666906134902 ], [ -117.149208303554971, 32.696681835800682 ], [ -117.149204834782353, 32.696690027256672 ], [ -117.149202824945775, 32.696694772442868 ], [ -117.14920010927824, 32.696701937636746 ], [ -117.149197868274911, 32.69670785767272 ], [ -117.149193433404704, 32.696721077965243 ], [ -117.149189528728328, 32.69673441973319 ], [ -117.149186155082447, 32.696747860426996 ], [ -117.149183321963449, 32.696761390058256 ], [ -117.149183297796142, 32.696761530004231 ], [ -117.149181029233532, 32.696774995101954 ], [ -117.149179276699911, 32.696788656623042 ], [ -117.149178073794587, 32.696802358321392 ], [ -117.149177415075556, 32.696816089415762 ], [ -117.149177304606269, 32.696829830038311 ], [ -117.149177716221061, 32.696842792258835 ], [ -117.149177740116286, 32.69684356667949 ], [ -117.149177830964831, 32.696844841077812 ], [ -117.149178725705809, 32.696857283078067 ], [ -117.149180252696979, 32.69687096486944 ], [ -117.149182329427873, 32.696884593056282 ], [ -117.149184945106299, 32.696898155092853 ], [ -117.149188098500673, 32.69691163475688 ], [ -117.149181741190105, 32.696911717185529 ], [ -117.149165495452607, 32.696912080023594 ], [ -117.14914925827425, 32.696912654706026 ], [ -117.149133033975616, 32.696913446611859 ], [ -117.149116823530946, 32.696914446716569 ], [ -117.149100635572267, 32.696915664876293 ], [ -117.149100372400383, 32.696915688437016 ], [ -117.149084472158563, 32.696917093862183 ], [ -117.149068336488867, 32.696918733650854 ], [ -117.149052232865316, 32.696920587817999 ], [ -117.14903616766756, 32.696922654513521 ], [ -117.149020139801564, 32.696924931040286 ], [ -117.149004155693035, 32.696927420056653 ], [ -117.148988219561275, 32.696930117023157 ], [ -117.148972334642139, 32.696933025523187 ], [ -117.148956507296901, 32.696936141903429 ], [ -117.148940737507061, 32.696939464360582 ], [ -117.148925030631986, 32.696942995560789 ], [ -117.148914061237917, 32.696945617534539 ], [ -117.148909391966569, 32.696946731858539 ], [ -117.148903422481297, 32.696948243409196 ], [ -117.148893822586288, 32.696950674147701 ], [ -117.148878331012767, 32.696954821464537 ], [ -117.148862911895733, 32.696959172044522 ], [ -117.148847580164201, 32.696963725778843 ], [ -117.148832331515834, 32.696968479092 ], [ -117.148822019182063, 32.696971846515851 ], [ -117.148817173424348, 32.696973432831214 ], [ -117.148809421814846, 32.696976086346481 ], [ -117.148802106946803, 32.696978586087141 ], [ -117.148787138481282, 32.696983938813126 ], [ -117.148772267954214, 32.696989483795861 ], [ -117.148757503979184, 32.696995229088209 ], [ -117.148752864882752, 32.696997106960303 ], [ -117.148742846455008, 32.697001164771841 ], [ -117.14873495556887, 32.697004488388814 ], [ -117.148728300740984, 32.697007293512968 ], [ -117.148713867875912, 32.697013612598781 ], [ -117.148699554248608, 32.697020121081067 ], [ -117.148685361955089, 32.697026815337622 ], [ -117.148671295297504, 32.697033698944061 ], [ -117.14865735740139, 32.697040764663711 ], [ -117.148647641801688, 32.697045865377483 ], [ -117.148643551456544, 32.697048011571745 ], [ -117.148638508410869, 32.697050749938398 ], [ -117.148629877481341, 32.697055441471434 ], [ -117.148616345045468, 32.697063051587918 ], [ -117.14860295410287, 32.697070837412838 ], [ -117.148589707861888, 32.697078799824638 ], [ -117.14857661054198, 32.697086934283888 ], [ -117.148563659991964, 32.697095239002813 ], [ -117.148550867951059, 32.69710371479772 ], [ -117.148538233279425, 32.697112354462995 ], [ -117.14852576033428, 32.697121166984388 ], [ -117.148513451119783, 32.697130139722866 ], [ -117.148501305617501, 32.697139270875262 ] ] ] } },
{ "type": "Feature", "properties": { "lon": -117.1456167, "lat": 32.6961166, "neighborhood": "Barrio Logan", "block_id": "Map_Border_HARBOR_DR", "st_north": "HARBOR_DR", "st_east": "Map_Border", "st_south": "BAY_FRONT_ST", "st_west": "SR-75_NB" }, "geometry": { "type": "Polygon", "coordinates": [ [ [ -117.145431335460259, 32.695075483867576 ], [ -117.14633465694402, 32.695684587303262 ], [ -117.146997447481525, 32.696074544856678 ], [ -117.146977667685263, 32.696095343102023 ], [ -117.146877879432139, 32.696197583793065 ], [ -117.146779908916926, 32.696301567601978 ], [ -117.146642619211207, 32.696439375596924 ], [ -117.146503664149279, 32.696575504203508 ], [ -117.146260202731284, 32.696818010704206 ], [ -117.145869532538242, 32.697201215365574 ], [ -117.145827161418268, 32.697171721591253 ], [ -117.145109200275897, 32.696671958376498 ], [ -117.144206006335537, 32.696046353987157 ], [ -117.145431335460259, 32.695075483867576 ] ] ] } },
{ "type": "Feature", "properties": { "lon": -117.1405284, "lat": 32.6981952, "neighborhood": "Barrio Logan", "block_id": "SAMPSON_ST_LOGAN_AV", "st_north": "LOGAN_AV", "st_east": "SAMPSON_ST", "st_south": "NATIONAL_AV", "st_west": "S_EVANS_ST" }, "geometry": { "type": "Polygon", "coordinates": [ [ [ -117.141759102470573, 32.698367325254409 ], [ -117.141356896709468, 32.698774265932236 ], [ -117.140980657054683, 32.699178264649156 ], [ -117.13931440402996, 32.698019429125033 ], [ -117.139693948933555, 32.69762090597807 ], [ -117.140093021017819, 32.697224989190595 ], [ -117.140793501421214, 32.697706416657077 ], [ -117.141759102470573, 32.698367325254409 ] ] ] } },
{ "type": "Feature", "properties": { "lon": -117.1429736, "lat": 32.6985376, "neighborhood": "Barrio Logan", "block_id": "S_EVANS_ST_NATIONAL_AV", "st_north": "NATIONAL_AV", "st_east": "S_EVANS_ST", "st_south": "NEWTON_AV", "st_west": "DEWEY_ST" }, "geometry": { "type": "Polygon", "coordinates": [ [ [ -117.141759102470573, 32.698367325254409 ], [ -117.142148362054968, 32.69796597572013 ], [ -117.142531089648102, 32.697561923713842 ], [ -117.143241309183054, 32.698040518398926 ], [ -117.144216934183021, 32.698726070933311 ], [ -117.143824290939989, 32.699113706355618 ], [ -117.143418782028647, 32.699515181650682 ], [ -117.143362661353621, 32.699476506837904 ], [ -117.142305804926224, 32.698748160769433 ], [ -117.141759102470573, 32.698367325254409 ] ] ] } },
{ "type": "Feature", "properties": { "lon": -117.1413145, "lat": 32.6973907, "neighborhood": "Barrio Logan", "block_id": "SAMPSON_ST_NATIONAL_AV", "st_north": "NATIONAL_AV", "st_east": "SAMPSON_ST", "st_south": "NEWTON_AV", "st_west": "S_EVANS_ST" }, "geometry": { "type": "Polygon", "coordinates": [ [ [ -117.142148362054968, 32.69796597572013 ], [ -117.141759102470573, 32.698367325254409 ], [ -117.140793501421214, 32.697706416657077 ], [ -117.140093021017819, 32.697224989190595 ], [ -117.140482172103944, 32.696812651722631 ], [ -117.140591124476714, 32.6967046732588 ], [ -117.140884459487452, 32.696413960609803 ], [ -117.141294161798882, 32.696699593521181 ], [ -117.142531089648102, 32.697561923713842 ], [ -117.142148362054968, 32.69796597572013 ] ] ] } },
{ "type": "Feature", "properties": { "lon": -117.1399161, "lat": 32.6988236, "neighborhood": "Barrio Logan", "block_id": "SAMPSON_ST_I-5_SB", "st_north": "I-5_SB", "st_east": "SAMPSON_ST", "st_south": "LOGAN_AV", "st_west": "S_EVANS_ST" }, "geometry": { "type": "Polygon", "coordinates": [ [ [ -117.138867123892467, 32.698470660911347 ], [ -117.13931440402996, 32.698019429125033 ], [ -117.140980657054683, 32.699178264649156 ], [ -117.140719847245322, 32.699424766506965 ], [ -117.140644958706289, 32.699495748636906 ], [ -117.140511932371254, 32.699621552546027 ], [ -117.139250266518829, 32.698750994198448 ], [ -117.138867123892467, 32.698470660911347 ] ] ] } },
{ "type": "Feature", "properties": { "lon": -117.1438153, "lat": 32.697763, "neighborhood": "Barrio Logan", "block_id": "S_EVANS_ST_NEWTON_AV", "st_north": "NEWTON_AV", "st_east": "S_EVANS_ST", "st_south": "MAIN_ST", "st_west": "SR-75_NB" }, "geometry": { "type": "Polygon", "coordinates": [ [ [ -117.142531089648102, 32.697561923713842 ], [ -117.142920257615316, 32.697152329561447 ], [ -117.143319257365988, 32.696750903031216 ], [ -117.145046710858495, 32.697934768644693 ], [ -117.145110188757585, 32.697978271301231 ], [ -117.144278627155956, 32.69877379718816 ], [ -117.144216934183021, 32.698726070933311 ], [ -117.143241309183054, 32.698040518398926 ], [ -117.142531089648102, 32.697561923713842 ] ] ] } },
{ "type": "Feature", "properties": { "lon": -117.1420955, "lat": 32.6965799, "neighborhood": "Barrio Logan", "block_id": "SAMPSON_ST_NEWTON_AV", "st_north": "NEWTON_AV", "st_east": "SAMPSON_ST", "st_south": "MAIN_ST", "st_west": "S_EVANS_ST" }, "geometry": { "type": "Polygon", "coordinates": [ [ [ -117.142920257615316, 32.697152329561447 ], [ -117.142531089648102, 32.697561923713842 ], [ -117.141294161798882, 32.696699593521181 ], [ -117.140884459487452, 32.696413960609803 ], [ -117.141270379755611, 32.69600439245793 ], [ -117.141658006219672, 32.695599597174223 ], [ -117.143224799052547, 32.696685623241969 ], [ -117.143319257365988, 32.696750903031216 ], [ -117.142920257615316, 32.697152329561447 ] ] ] } },
{ "type": "Feature", "properties": { "lon": -117.1446167, "lat": 32.6969947, "neighborhood": "Barrio Logan", "block_id": "S_EVANS_ST_MAIN_ST", "st_north": "MAIN_ST", "st_east": "S_EVANS_ST", "st_south": "HARBOR_DR", "st_west": "SR-75_NB" }, "geometry": { "type": "Polygon", "coordinates": [ [ [ -117.143319257365988, 32.696750903031216 ], [ -117.144206006335537, 32.696046353987157 ], [ -117.145109200275897, 32.696671958376498 ], [ -117.145827161418268, 32.697171721591253 ], [ -117.145869532538242, 32.697201215365574 ], [ -117.145776766637496, 32.697288564560715 ], [ -117.145671096400065, 32.697394169365531 ], [ -117.145661403603768, 32.697403739602287 ], [ -117.145571916134713, 32.697492090105925 ], [ -117.145357312199096, 32.697705405080946 ], [ -117.145110188757585, 32.697978271301231 ], [ -117.145046710858495, 32.697934768644693 ], [ -117.143319257365988, 32.696750903031216 ] ] ] } },
{ "type": "Feature", "properties": { "lon": -117.1429084, "lat": 32.6958054, "neighborhood": "Barrio Logan", "block_id": "SAMPSON_ST_MAIN_ST", "st_north": "MAIN_ST", "st_east": "SAMPSON_ST", "st_south": "HARBOR_DR", "st_west": "S_EVANS_ST" }, "geometry": { "type": "Polygon", "coordinates": [ [ [ -117.144206006335537, 32.696046353987157 ], [ -117.143319257365988, 32.696750903031216 ], [ -117.143224799052547, 32.696685623241969 ], [ -117.141658006219672, 32.695599597174223 ], [ -117.142217962834437, 32.695021196180122 ], [ -117.142402648078829, 32.694828087588967 ], [ -117.144206006335537, 32.696046353987157 ] ] ] } },
{ "type": "Feature", "properties": { "lon": -117.1453325, "lat": 32.709933, "neighborhood": "Sherman Heights", "block_id": "21ST_ST_ISLAND_AV", "st_north": "ISLAND_AV", "st_east": "21ST_ST", "st_south": "J_ST", "st_west": "20TH_ST" }, "geometry": { "type": "Polygon", "coordinates": [ [ [ -117.14580453659083, 32.709411748120921 ], [ -117.145808624781651, 32.710453403543326 ], [ -117.144875643799509, 32.710460176955365 ], [ -117.144887768837464, 32.709412906924648 ], [ -117.14580453659083, 32.709411748120921 ] ] ] } },
{ "type": "Feature", "properties": { "lon": -117.1462789, "lat": 32.7099376, "neighborhood": "Sherman Heights", "block_id": "20TH_ST_ISLAND_AV", "st_north": "ISLAND_AV", "st_east": "20TH_ST", "st_south": "J_ST", "st_west": "19TH_ST" }, "geometry": { "type": "Polygon", "coordinates": [ [ [ -117.145808624781651, 32.710453403543326 ], [ -117.14580453659083, 32.709411748120921 ], [ -117.146724612050591, 32.709416055460842 ], [ -117.146705951346661, 32.710457876341842 ], [ -117.145808624781651, 32.710453403543326 ] ] ] } },
{ "type": "Feature", "properties": { "lon": -117.1462467, "lat": 32.7088883, "neighborhood": "Sherman Heights", "block_id": "20TH_ST_J_ST", "st_north": "J_ST", "st_east": "20TH_ST", "st_south": "K_ST", "st_west": "19TH_ST" }, "geometry": { "type": "Polygon", "coordinates": [ [ [ -117.146724612050591, 32.709416055460842 ], [ -117.14580453659083, 32.709411748120921 ], [ -117.145793811699207, 32.708356398415077 ], [ -117.146678118348859, 32.708360965834082 ], [ -117.146713469540671, 32.708959886464889 ], [ -117.146724612050591, 32.709416055460842 ] ] ] } },
{ "type": "Feature", "properties": { "lon": -117.1444428, "lat": 32.7110048, "neighborhood": "Sherman Heights", "block_id": "22ND_ST_MARKET_ST", "st_north": "MARKET_ST", "st_east": "22ND_ST", "st_south": "ISLAND_AV", "st_west": "21ST_ST" }, "geometry": { "type": "Polygon", "coordinates": [ [ [ -117.144875643799509, 32.710460176955365 ], [ -117.144899668188714, 32.711545664676279 ], [ -117.143989323069533, 32.711541273026647 ], [ -117.143984842484429, 32.71045839204352 ], [ -117.144875643799509, 32.710460176955365 ] ] ] } },
{ "type": "Feature", "properties": { "lon": -117.1453454, "lat": 32.7109963, "neighborhood": "Sherman Heights", "block_id": "21ST_ST_MARKET_ST", "st_north": "MARKET_ST", "st_east": "21ST_ST", "st_south": "ISLAND_AV", "st_west": "20TH_ST" }, "geometry": { "type": "Polygon", "coordinates": [ [ [ -117.144899668188714, 32.711545664676279 ], [ -117.144875643799509, 32.710460176955365 ], [ -117.145808624781651, 32.710453403543326 ], [ -117.145803398957725, 32.711539103631566 ], [ -117.144899668188714, 32.711545664676279 ] ] ] } },
{ "type": "Feature", "properties": { "lon": -117.147112, "lat": 32.7099383, "neighborhood": "Sherman Heights", "block_id": "19TH_ST_ISLAND_AV", "st_north": "ISLAND_AV", "st_east": "19TH_ST", "st_south": "J_ST", "st_west": "I-5_NB" }, "geometry": { "type": "Polygon", "coordinates": [ [ [ -117.146724612050591, 32.709416055460842 ], [ -117.14752098509247, 32.709418506864175 ], [ -117.147521128015072, 32.70941850672574 ], [ -117.147531511035979, 32.710198460173878 ], [ -117.147534950529661, 32.710456746839625 ], [ -117.1475349541669, 32.710456999300511 ], [ -117.14753495979798, 32.710457342822679 ], [ -117.146705951346661, 32.710457876341842 ], [ -117.146724612050591, 32.709416055460842 ] ] ] } },
{ "type": "Feature", "properties": { "lon": -117.1421398, "lat": 32.7128513, "neighborhood": "Sherman Heights", "block_id": "25TH_ST_SR-94_EB", "st_north": "SR-94_EB", "st_east": "25TH_ST", "st_south": "G_ST", "st_west": "22ND_ST" }, "geometry": { "type": "Polygon", "coordinates": [ [ [ -117.144004058097508, 32.712673551891143 ], [ -117.143997957047802, 32.713033651122323 ], [ -117.142460036204739, 32.713020053161479 ], [ -117.140253344162829, 32.713022264786744 ], [ -117.140252544186382, 32.713022265150904 ], [ -117.140252214313477, 32.712667709645189 ], [ -117.14244680528283, 32.712676584971113 ], [ -117.144004058097508, 32.712673551891143 ] ] ] } },
{ "type": "Feature", "properties": { "lon": -117.1461263, "lat": 32.7125135, "neighborhood": "Sherman Heights", "block_id": "22ND_ST_SR-94_EB_ON_RA", "st_north": "SR-94_EB_ON_RA", "st_east": "22ND_ST", "st_south": "MARKET_ST", "st_west": "I-5_NB_OFF_RA" }, "geometry": { "type": "Polygon", "coordinates": [ [ [ -117.143997957047802, 32.713033651122323 ], [ -117.144004058097508, 32.712673551891143 ], [ -117.144517668450376, 32.712667079188471 ], [ -117.144910633888614, 32.712625749277151 ], [ -117.145375480906679, 32.712619626830957 ], [ -117.14584037945761, 32.712618999267946 ], [ -117.146568690540974, 32.712624703514848 ], [ -117.146582622218176, 32.712624737495531 ], [ -117.146583924542043, 32.712624628836394 ], [ -117.146586461049267, 32.712624423735996 ], [ -117.14659878852261, 32.712623410733819 ], [ -117.146614697841216, 32.712620623215095 ], [ -117.146616205070956, 32.712620210982834 ], [ -117.146618400519515, 32.712619612497235 ], [ -117.146630156344315, 32.712616404302672 ], [ -117.146644999246817, 32.712610807495672 ], [ -117.146646392756836, 32.712610121058958 ], [ -117.146648305272379, 32.712609181066711 ], [ -117.146659038382225, 32.712603894579054 ], [ -117.146672118876594, 32.712595749639142 ], [ -117.146673303098453, 32.712594831172929 ], [ -117.146674958250657, 32.712593546783069 ], [ -117.146684086959553, 32.712586460361365 ], [ -117.146694807240038, 32.712576138644543 ], [ -117.146695713434625, 32.712575046360207 ], [ -117.146697040121808, 32.712573453257754 ], [ -117.146704153999508, 32.712564903531202 ], [ -117.14671201976121, 32.712552884751823 ], [ -117.14671264379993, 32.712551632205603 ], [ -117.146713250074114, 32.712550415858111 ], [ -117.146718312072068, 32.712540220945364 ], [ -117.146722956702376, 32.71252705963542 ], [ -117.146725905056513, 32.712513551766286 ], [ -117.146726038908582, 32.712512030458434 ], [ -117.146726179923817, 32.712510479341127 ], [ -117.146727118211473, 32.712499855425555 ], [ -117.146726584965492, 32.712486127597721 ], [ -117.146722957819776, 32.711810019895694 ], [ -117.146716911094174, 32.711535213348476 ], [ -117.147529675550487, 32.711534798048092 ], [ -117.147528682413252, 32.711661118391952 ], [ -117.14727633959042, 32.712836687181131 ], [ -117.147191956749353, 32.712851043602598 ], [ -117.147176227064136, 32.712854505292519 ], [ -117.147160484221061, 32.71285793190826 ], [ -117.147144731410606, 32.712861322524887 ], [ -117.147128968669506, 32.712864680749021 ], [ -117.147113199188368, 32.712868005655849 ], [ -117.147097415473624, 32.712871294594514 ], [ -117.147081621800751, 32.712874548435678 ], [ -117.147065818197348, 32.712877769884422 ], [ -117.147050008883795, 32.712880954401278 ], [ -117.147034184306875, 32.712884106564488 ], [ -117.147018354038181, 32.712887223599147 ], [ -117.147002513793083, 32.712890303732948 ], [ -117.146986662560124, 32.712893352383752 ], [ -117.146970805617059, 32.712896364102619 ], [ -117.14695493447735, 32.712899343460087 ], [ -117.146939056579342, 32.712902287696714 ], [ -117.146923171904746, 32.712905195009228 ], [ -117.146907277308927, 32.71290807083097 ], [ -117.146891372736874, 32.712910909751798 ], [ -117.146875457167866, 32.712913716287886 ], [ -117.146859535879742, 32.712916484990401 ], [ -117.1468436068036, 32.712919222186542 ], [ -117.146827670941818, 32.712921921556891 ], [ -117.146811721950016, 32.712924588557961 ], [ -117.146795769390636, 32.712927219513354 ], [ -117.146779806891843, 32.712929817174512 ], [ -117.146763840807125, 32.712932376986508 ], [ -117.146747858383691, 32.712934903550867 ], [ -117.146731874534993, 32.712937394955681 ], [ -117.146715881831867, 32.712939854861823 ], [ -117.146699881258314, 32.712942275146531 ], [ -117.146683871830319, 32.712944663932646 ], [ -117.146667857750046, 32.712947014877379 ], [ -117.146651833739583, 32.712949333429528 ], [ -117.146635806161783, 32.71295161593595 ], [ -117.146619765417483, 32.712953862466343 ], [ -117.146603726475348, 32.712956076518886 ], [ -117.146587675460836, 32.712958257292776 ], [ -117.146571620823963, 32.712960396610761 ], [ -117.146555558390276, 32.712962503520693 ], [ -117.146539490283644, 32.712964577105353 ], [ -117.146523414315922, 32.712966611970224 ], [ -117.146507331617983, 32.712968614419275 ], [ -117.146491245389498, 32.712970584429229 ], [ -117.146475149157752, 32.712972514833204 ], [ -117.146459052595134, 32.712974412774813 ], [ -117.146442949247344, 32.712976272890515 ], [ -117.146426835960511, 32.712978099711968 ], [ -117.146410719134039, 32.712979893192632 ], [ -117.146394598722097, 32.712981648824169 ], [ -117.146378470504303, 32.712983371145867 ], [ -117.146362339785995, 32.712985057414073 ], [ -117.146346201243503, 32.712986708569133 ], [ -117.146330060200583, 32.712988323670608 ], [ -117.146313911333507, 32.712989903658958 ], [ -117.146297758926963, 32.712991450306511 ], [ -117.14628160292591, 32.71299295820323 ], [ -117.146265441261406, 32.712994433676307 ], [ -117.146249278163111, 32.71299587308809 ], [ -117.146233108298176, 32.712997276477282 ], [ -117.146221368333784, 32.712998274352309 ], [ -117.146062186980416, 32.713010425023057 ], [ -117.14601020083397, 32.713013551227583 ], [ -117.145009290249561, 32.713056549519173 ], [ -117.144370133745568, 32.713042078378066 ], [ -117.143999771800551, 32.713033690268396 ], [ -117.143997957047802, 32.713033651122323 ] ] ] } },
{ "type": "Feature", "properties": { "lon": -117.1432164, "lat": 32.7110029, "neighborhood": "Sherman Heights", "block_id": "24TH_ST_MARKET_ST", "st_north": "MARKET_ST", "st_east": "24TH_ST", "st_south": "ISLAND_AV", "st_west": "22ND_ST" }, "geometry": { "type": "Polygon", "coordinates": [ [ [ -117.143984842484429, 32.71045839204352 ], [ -117.143989323069533, 32.711541273026647 ], [ -117.14302707618927, 32.711548244512421 ], [ -117.143010832762727, 32.711547840024132 ], [ -117.142994577177262, 32.711547498743528 ], [ -117.1429783296972, 32.711547220523933 ], [ -117.142962075363414, 32.711547002768405 ], [ -117.142950740372669, 32.711546898179556 ], [ -117.142945821696429, 32.711546850832988 ], [ -117.1429295686507, 32.71154676020921 ], [ -117.142913313063048, 32.711546734527033 ], [ -117.142897058069039, 32.711546767451487 ], [ -117.142880803760036, 32.711546867999424 ], [ -117.142864545805921, 32.711547029889871 ], [ -117.142848295929468, 32.711547252136334 ], [ -117.142832043520002, 32.711547540226036 ], [ -117.142815794949385, 32.711547891407655 ], [ -117.142799546990531, 32.711548302999198 ], [ -117.142783303964393, 32.711548780379992 ], [ -117.142767060492531, 32.711549319080184 ], [ -117.142750820850253, 32.711549919970636 ], [ -117.142734588255323, 32.711550584831464 ], [ -117.1427183530907, 32.711551311928794 ], [ -117.142702125000767, 32.7115521057016 ], [ -117.142685908160487, 32.711552957102185 ], [ -117.142669684493214, 32.711553871671867 ], [ -117.14265347215769, 32.711554851984438 ], [ -117.142637262566652, 32.711555892691614 ], [ -117.142621061080177, 32.711556996459812 ], [ -117.142604865574327, 32.71155816420611 ], [ -117.14258867496423, 32.711559394134973 ], [ -117.142572494600842, 32.711560688011069 ], [ -117.142556318039254, 32.711562041372389 ], [ -117.142540148524631, 32.71156345870417 ], [ -117.142523986047863, 32.71156493910469 ], [ -117.14250783700821, 32.711566482527637 ], [ -117.142491692845766, 32.711568086329798 ], [ -117.142475557881582, 32.711569755890274 ], [ -117.142459434193952, 32.711571485783629 ], [ -117.142458375134936, 32.711571600754617 ], [ -117.142453088207915, 32.711049422325317 ], [ -117.142444188816185, 32.710491538590851 ], [ -117.142448844727511, 32.710489026014606 ], [ -117.14246288481101, 32.710482102748259 ], [ -117.142477386574626, 32.710475901138281 ], [ -117.142492305489171, 32.7104704476573 ], [ -117.142507579851298, 32.71046575808132 ], [ -117.142523161840884, 32.710461849889299 ], [ -117.142538991860349, 32.71045873613685 ], [ -117.142555012445328, 32.710456429864131 ], [ -117.142571168236941, 32.710454941390864 ], [ -117.142587402718689, 32.710454272027732 ], [ -117.142603652974799, 32.710454423131928 ], [ -117.142619863591804, 32.710455399613117 ], [ -117.142635976895164, 32.710457193773181 ], [ -117.142651934180606, 32.710459801528302 ], [ -117.143984842484429, 32.71045839204352 ] ] ] } },
{ "type": "Feature", "properties": { "lon": -117.143221, "lat": 32.7121115, "neighborhood": "Sherman Heights", "block_id": "24TH_ST_G_ST", "st_north": "G_ST", "st_east": "24TH_ST", "st_south": "MARKET_ST", "st_west": "22ND_ST" }, "geometry": { "type": "Polygon", "coordinates": [ [ [ -117.144004058097508, 32.712673551891143 ], [ -117.14244680528283, 32.712676584971113 ], [ -117.142454410479459, 32.712143321921388 ], [ -117.142458375134936, 32.711571600754617 ], [ -117.142459434193952, 32.711571485783629 ], [ -117.142475557881582, 32.711569755890274 ], [ -117.142491692845766, 32.711568086329798 ], [ -117.14250783700821, 32.711566482527637 ], [ -117.142523986047863, 32.71156493910469 ], [ -117.142540148524631, 32.71156345870417 ], [ -117.142556318039254, 32.711562041372389 ], [ -117.142572494600842, 32.711560688011069 ], [ -117.14258867496423, 32.711559394134973 ], [ -117.142604865574327, 32.71155816420611 ], [ -117.142621061080177, 32.711556996459812 ], [ -117.142637262566652, 32.711555892691614 ], [ -117.14265347215769, 32.711554851984438 ], [ -117.142669684493214, 32.711553871671867 ], [ -117.142685908160487, 32.711552957102185 ], [ -117.142702125000767, 32.7115521057016 ], [ -117.1427183530907, 32.711551311928794 ], [ -117.142734588255323, 32.711550584831464 ], [ -117.142750820850253, 32.711549919970636 ], [ -117.142767060492531, 32.711549319080184 ], [ -117.142783303964393, 32.711548780379992 ], [ -117.142799546990531, 32.711548302999198 ], [ -117.142815794949385, 32.711547891407655 ], [ -117.142832043520002, 32.711547540226036 ], [ -117.142848295929468, 32.711547252136334 ], [ -117.142864545805921, 32.711547029889871 ], [ -117.142880803760036, 32.711546867999424 ], [ -117.142897058069039, 32.711546767451487 ], [ -117.142913313063048, 32.711546734527033 ], [ -117.1429295686507, 32.71154676020921 ], [ -117.142945821696429, 32.711546850832988 ], [ -117.142950740372669, 32.711546898179556 ], [ -117.142962075363414, 32.711547002768405 ], [ -117.1429783296972, 32.711547220523933 ], [ -117.142994577177262, 32.711547498743528 ], [ -117.143010832762727, 32.711547840024132 ], [ -117.14302707618927, 32.711548244512421 ], [ -117.143989323069533, 32.711541273026647 ], [ -117.144004058097508, 32.712673551891143 ] ] ] } },
{ "type": "Feature", "properties": { "lon": -117.1453383, "lat": 32.708886, "neighborhood": "Sherman Heights", "block_id": "21ST_ST_J_ST", "st_north": "J_ST", "st_east": "21ST_ST", "st_south": "K_ST", "st_west": "20TH_ST" }, "geometry": { "type": "Polygon", "coordinates": [ [ [ -117.14580453659083, 32.709411748120921 ], [ -117.144887768837464, 32.709412906924648 ], [ -117.144883640041144, 32.708365754868211 ], [ -117.145793811699207, 32.708356398415077 ], [ -117.14580453659083, 32.709411748120921 ] ] ] } },
{ "type": "Feature", "properties": { "lon": -117.1471172, "lat": 32.7109932, "neighborhood": "Sherman Heights", "block_id": "19TH_ST_MARKET_ST", "st_north": "MARKET_ST", "st_east": "19TH_ST", "st_south": "ISLAND_AV", "st_west": "I-5_NB" }, "geometry": { "type": "Polygon", "coordinates": [ [ [ -117.146705951346661, 32.710457876341842 ], [ -117.14753495979798, 32.710457342822679 ], [ -117.147529678630761, 32.711534157789856 ], [ -117.147529675550487, 32.711534798048092 ], [ -117.146716911094174, 32.711535213348476 ], [ -117.146705951346661, 32.710457876341842 ] ] ] } },
{ "type": "Feature", "properties": { "lon": -117.1413559, "lat": 32.7121302, "neighborhood": "Sherman Heights", "block_id": "25TH_ST_G_ST", "st_north": "G_ST", "st_east": "25TH_ST", "st_south": "MARKET_ST", "st_west": "24TH_ST" }, "geometry": { "type": "Polygon", "coordinates": [ [ [ -117.14244680528283, 32.712676584971113 ], [ -117.140252214313477, 32.712667709645189 ], [ -117.140250246754519, 32.712151004245598 ], [ -117.140242337335408, 32.711599580568119 ], [ -117.141814821290751, 32.711587250163774 ], [ -117.142083844438389, 32.711585304490626 ], [ -117.142136654406727, 32.711584922480831 ], [ -117.142174015339108, 32.711583374444743 ], [ -117.142458375134936, 32.711571600754617 ], [ -117.142454410479459, 32.712143321921388 ], [ -117.14244680528283, 32.712676584971113 ] ] ] } },
{ "type": "Feature", "properties": { "lon": -117.1413004, "lat": 32.7078924, "neighborhood": "Sherman Heights", "block_id": "25TH_ST_K_ST", "st_north": "K_ST", "st_east": "25TH_ST", "st_south": "L_ST", "st_west": "24TH_ST" }, "geometry": { "type": "Polygon", "coordinates": [ [ [ -117.140205340870253, 32.707382664884314 ], [ -117.141323602638394, 32.707377336973835 ], [ -117.142203916474131, 32.707375385263347 ], [ -117.14242836073187, 32.70732262177156 ], [ -117.142428346595139, 32.707322700325271 ], [ -117.142419137372826, 32.707374910991192 ], [ -117.142416021098356, 32.707685514474733 ], [ -117.142414282271318, 32.707858683701893 ], [ -117.142414699624055, 32.707899908239561 ], [ -117.14240673287587, 32.708397445993626 ], [ -117.141353614625032, 32.708416056225964 ], [ -117.140212692523662, 32.708432542805539 ], [ -117.140210669781254, 32.707910340862121 ], [ -117.140208560411139, 32.7077014689321 ], [ -117.140205340870253, 32.707382664884314 ] ] ] } },
{ "type": "Feature", "properties": { "lon": -117.1432088, "lat": 32.7094203, "neighborhood": "Sherman Heights", "block_id": "24TH_ST_ISLAND_AV", "st_north": "ISLAND_AV", "st_east": "24TH_ST", "st_south": "K_ST", "st_west": "22ND_ST" }, "geometry": { "type": "Polygon", "coordinates": [ [ [ -117.143976662088491, 32.708369584442941 ], [ -117.143980835856482, 32.709422233134362 ], [ -117.143984842484429, 32.71045839204352 ], [ -117.142651934180606, 32.710459801528302 ], [ -117.142635976895164, 32.710457193773181 ], [ -117.142619863591804, 32.710455399613117 ], [ -117.142603652974799, 32.710454423131928 ], [ -117.142587402718689, 32.710454272027732 ], [ -117.142571168236941, 32.710454941390864 ], [ -117.142555012445328, 32.710456429864131 ], [ -117.142538991860349, 32.71045873613685 ], [ -117.142523161840884, 32.710461849889299 ], [ -117.142507579851298, 32.71046575808132 ], [ -117.142492305489171, 32.7104704476573 ], [ -117.142477386574626, 32.710475901138281 ], [ -117.14246288481101, 32.710482102748259 ], [ -117.142448844727511, 32.710489026014606 ], [ -117.142444188816185, 32.710491538590851 ], [ -117.142435846042787, 32.709988621819782 ], [ -117.142430531519651, 32.709463695110529 ], [ -117.142438247808499, 32.708941422616128 ], [ -117.14240673287587, 32.708397445993626 ], [ -117.143976662088491, 32.708369584442941 ] ] ] } },
{ "type": "Feature", "properties": { "lon": -117.1444379, "lat": 32.7088943, "neighborhood": "Sherman Heights", "block_id": "22ND_ST_J_ST", "st_north": "J_ST", "st_east": "22ND_ST", "st_south": "K_ST", "st_west": "21ST_ST" }, "geometry": { "type": "Polygon", "coordinates": [ [ [ -117.143980835856482, 32.709422233134362 ], [ -117.143976662088491, 32.708369584442941 ], [ -117.144883640041144, 32.708365754868211 ], [ -117.144887768837464, 32.709412906924648 ], [ -117.143980835856482, 32.709422233134362 ] ] ] } },
{ "type": "Feature", "properties": { "lon": -117.143186, "lat": 32.7078535, "neighborhood": "Sherman Heights", "block_id": "24TH_ST_K_ST", "st_north": "K_ST", "st_east": "24TH_ST", "st_south": "L_ST", "st_west": "22ND_ST" }, "geometry": { "type": "Polygon", "coordinates": [ [ [ -117.143971366359708, 32.707847406127073 ], [ -117.143976662088491, 32.708369584442941 ], [ -117.14240673287587, 32.708397445993626 ], [ -117.142414699624055, 32.707899908239561 ], [ -117.142414282271318, 32.707858683701893 ], [ -117.142416021098356, 32.707685514474733 ], [ -117.142419137372826, 32.707374910991192 ], [ -117.142428346595139, 32.707322700325271 ], [ -117.14242836073187, 32.70732262177156 ], [ -117.142428634848002, 32.707322622493066 ], [ -117.143966042812806, 32.707322478615197 ], [ -117.143969610415269, 32.707674262189762 ], [ -117.143971366359708, 32.707847406127073 ] ] ] } },
{ "type": "Feature", "properties": { "lon": -117.1444354, "lat": 32.7078447, "neighborhood": "Sherman Heights", "block_id": "22ND_ST_K_ST", "st_north": "K_ST", "st_east": "22ND_ST", "st_south": "L_ST", "st_west": "21ST_ST" }, "geometry": { "type": "Polygon", "coordinates": [ [ [ -117.143976662088491, 32.708369584442941 ], [ -117.143971366359708, 32.707847406127073 ], [ -117.143969610415269, 32.707674262189762 ], [ -117.143966042812806, 32.707322478615197 ], [ -117.144882734104058, 32.707315830051762 ], [ -117.144883038683517, 32.707667637304361 ], [ -117.144883640041144, 32.708365754868211 ], [ -117.143976662088491, 32.708369584442941 ] ] ] } },
{ "type": "Feature", "properties": { "lon": -117.1444422, "lat": 32.7121, "neighborhood": "Sherman Heights", "block_id": "22ND_ST_G_ST", "st_north": "G_ST", "st_east": "22ND_ST", "st_south": "MARKET_ST", "st_west": "21ST_ST" }, "geometry": { "type": "Polygon", "coordinates": [ [ [ -117.144004058097508, 32.712673551891143 ], [ -117.143989323069533, 32.711541273026647 ], [ -117.144899668188714, 32.711545664676279 ], [ -117.144910633888614, 32.712625749277151 ], [ -117.144517668450376, 32.712667079188471 ], [ -117.144004058097508, 32.712673551891143 ] ] ] } },
{ "type": "Feature", "properties": { "lon": -117.1444268, "lat": 32.7099351, "neighborhood": "Sherman Heights", "block_id": "22ND_ST_ISLAND_AV", "st_north": "ISLAND_AV", "st_east": "22ND_ST", "st_south": "J_ST", "st_west": "21ST_ST" }, "geometry": { "type": "Polygon", "coordinates": [ [ [ -117.143984842484429, 32.71045839204352 ], [ -117.143980835856482, 32.709422233134362 ], [ -117.144887768837464, 32.709412906924648 ], [ -117.144875643799509, 32.710460176955365 ], [ -117.143984842484429, 32.71045839204352 ] ] ] } },
{ "type": "Feature", "properties": { "lon": -117.1453286, "lat": 32.7078362, "neighborhood": "Sherman Heights", "block_id": "21ST_ST_K_ST", "st_north": "K_ST", "st_east": "21ST_ST", "st_south": "L_ST", "st_west": "20TH_ST" }, "geometry": { "type": "Polygon", "coordinates": [ [ [ -117.144882734104058, 32.707315830051762 ], [ -117.145789728037471, 32.707314742123174 ], [ -117.14579108313724, 32.707661044759767 ], [ -117.145793811699207, 32.708356398415077 ], [ -117.144883640041144, 32.708365754868211 ], [ -117.144883038683517, 32.707667637304361 ], [ -117.144882734104058, 32.707315830051762 ] ] ] } },
{ "type": "Feature", "properties": { "lon": -117.145372, "lat": 32.7120866, "neighborhood": "Sherman Heights", "block_id": "21ST_ST_G_ST", "st_north": "G_ST", "st_east": "21ST_ST", "st_south": "MARKET_ST", "st_west": "20TH_ST" }, "geometry": { "type": "Polygon", "coordinates": [ [ [ -117.144910633888614, 32.712625749277151 ], [ -117.144899668188714, 32.711545664676279 ], [ -117.145803398957725, 32.711539103631566 ], [ -117.14584037945761, 32.712618999267946 ], [ -117.145375480906679, 32.712619626830957 ], [ -117.144910633888614, 32.712625749277151 ] ] ] } },
{ "type": "Feature", "properties": { "lon": -117.1413415, "lat": 32.7110545, "neighborhood": "Sherman Heights", "block_id": "25TH_ST_MARKET_ST", "st_north": "MARKET_ST", "st_east": "25TH_ST", "st_south": "ISLAND_AV", "st_west": "24TH_ST" }, "geometry": { "type": "Polygon", "coordinates": [ [ [ -117.140238378954606, 32.711069826047513 ], [ -117.140234337382495, 32.710528872524598 ], [ -117.142220106966192, 32.710515147980004 ], [ -117.142234718553482, 32.710514314565152 ], [ -117.142250926918592, 32.710513276623665 ], [ -117.142267121252772, 32.710512117046612 ], [ -117.142283305867721, 32.710510840311564 ], [ -117.142299478593785, 32.710509442827203 ], [ -117.142315633077274, 32.710507929148264 ], [ -117.14233177141486, 32.7105062956525 ], [ -117.142347891455003, 32.710504540552193 ], [ -117.142363994337316, 32.710502671052865 ], [ -117.142380079988541, 32.710500679941227 ], [ -117.142396142046081, 32.710498570870179 ], [ -117.1424121826429, 32.710496343824396 ], [ -117.142428196473674, 32.710494001547509 ], [ -117.142444188816185, 32.710491538590851 ], [ -117.142453088207915, 32.711049422325317 ], [ -117.142458375134936, 32.711571600754617 ], [ -117.142174015339108, 32.711583374444743 ], [ -117.142136654406727, 32.711584922480831 ], [ -117.142083844438389, 32.711585304490626 ], [ -117.141814821290751, 32.711587250163774 ], [ -117.140242337335408, 32.711599580568119 ], [ -117.140238378954606, 32.711069826047513 ] ] ] } },
{ "type": "Feature", "properties": { "lon": -117.1413337, "lat": 32.7099983, "neighborhood": "Sherman Heights", "block_id": "25TH_ST_ISLAND_AV", "st_north": "ISLAND_AV", "st_east": "25TH_ST", "st_south": "J_ST", "st_west": "24TH_ST" }, "geometry": { "type": "Polygon", "coordinates": [ [ [ -117.142435846042787, 32.709988621819782 ], [ -117.142444188816185, 32.710491538590851 ], [ -117.142428196473674, 32.710494001547509 ], [ -117.1424121826429, 32.710496343824396 ], [ -117.142396142046081, 32.710498570870179 ], [ -117.142380079988541, 32.710500679941227 ], [ -117.142363994337316, 32.710502671052865 ], [ -117.142347891455003, 32.710504540552193 ], [ -117.14233177141486, 32.7105062956525 ], [ -117.142315633077274, 32.710507929148264 ], [ -117.142299478593785, 32.710509442827203 ], [ -117.142283305867721, 32.710510840311564 ], [ -117.142267121252772, 32.710512117046612 ], [ -117.142250926918592, 32.710513276623665 ], [ -117.142234718553482, 32.710514314565152 ], [ -117.142220106966192, 32.710515147980004 ], [ -117.140234337382495, 32.710528872524598 ], [ -117.140228651987101, 32.710012819802152 ], [ -117.14022009985429, 32.709487916463182 ], [ -117.142430531519651, 32.709463695110529 ], [ -117.142435846042787, 32.709988621819782 ] ] ] } },
{ "type": "Feature", "properties": { "lon": -117.1413245, "lat": 32.7089464, "neighborhood": "Sherman Heights", "block_id": "25TH_ST_J_ST", "st_north": "J_ST", "st_east": "25TH_ST", "st_south": "K_ST", "st_west": "24TH_ST" }, "geometry": { "type": "Polygon", "coordinates": [ [ [ -117.14022009985429, 32.709487916463182 ], [ -117.14021810479916, 32.708968462806887 ], [ -117.140212692523662, 32.708432542805539 ], [ -117.141353614625032, 32.708416056225964 ], [ -117.14240673287587, 32.708397445993626 ], [ -117.142438247808499, 32.708941422616128 ], [ -117.142430531519651, 32.709463695110529 ], [ -117.14022009985429, 32.709487916463182 ] ] ] } },
{ "type": "Feature", "properties": { "lon": -117.1462566, "lat": 32.7109976, "neighborhood": "Sherman Heights", "block_id": "20TH_ST_MARKET_ST", "st_north": "MARKET_ST", "st_east": "20TH_ST", "st_south": "ISLAND_AV", "st_west": "19TH_ST" }, "geometry": { "type": "Polygon", "coordinates": [ [ [ -117.146705951346661, 32.710457876341842 ], [ -117.146716911094174, 32.711535213348476 ], [ -117.145803398957725, 32.711539103631566 ], [ -117.145808624781651, 32.710453403543326 ], [ -117.146705951346661, 32.710457876341842 ] ] ] } },
{ "type": "Feature", "properties": { "lon": -117.1462333, "lat": 32.7078318, "neighborhood": "Sherman Heights", "block_id": "20TH_ST_K_ST", "st_north": "K_ST", "st_east": "20TH_ST", "st_south": "L_ST", "st_west": "19TH_ST" }, "geometry": { "type": "Polygon", "coordinates": [ [ [ -117.145793811699207, 32.708356398415077 ], [ -117.14579108313724, 32.707661044759767 ], [ -117.145789728037471, 32.707314742123174 ], [ -117.146686887135459, 32.707305473520307 ], [ -117.14668398853172, 32.707654555606517 ], [ -117.146678175666565, 32.708354437718299 ], [ -117.146678118348859, 32.708360965834082 ], [ -117.145793811699207, 32.708356398415077 ] ] ] } },
{ "type": "Feature", "properties": { "lon": -117.1463384, "lat": 32.7120933, "neighborhood": "Sherman Heights", "block_id": "20TH_ST_G_ST", "st_north": "G_ST", "st_east": "20TH_ST", "st_south": "MARKET_ST", "st_west": "19TH_ST" }, "geometry": { "type": "Polygon", "coordinates": [ [ [ -117.146722957819776, 32.711810019895694 ], [ -117.146726584965492, 32.712486127597721 ], [ -117.146727118211473, 32.712499855425555 ], [ -117.146726179923817, 32.712510479341127 ], [ -117.146726038908582, 32.712512030458434 ], [ -117.146725905056513, 32.712513551766286 ], [ -117.146722956702376, 32.71252705963542 ], [ -117.146718312072068, 32.712540220945364 ], [ -117.146713250074114, 32.712550415858111 ], [ -117.14671264379993, 32.712551632205603 ], [ -117.14671201976121, 32.712552884751823 ], [ -117.146704153999508, 32.712564903531202 ], [ -117.146697040121808, 32.712573453257754 ], [ -117.146695713434625, 32.712575046360207 ], [ -117.146694807240038, 32.712576138644543 ], [ -117.146684086959553, 32.712586460361365 ], [ -117.146674958250657, 32.712593546783069 ], [ -117.146673303098453, 32.712594831172929 ], [ -117.146672118876594, 32.712595749639142 ], [ -117.146659038382225, 32.712603894579054 ], [ -117.146648305272379, 32.712609181066711 ], [ -117.146646392756836, 32.712610121058958 ], [ -117.146644999246817, 32.712610807495672 ], [ -117.146630156344315, 32.712616404302672 ], [ -117.146618400519515, 32.712619612497235 ], [ -117.146616205070956, 32.712620210982834 ], [ -117.146614697841216, 32.712620623215095 ], [ -117.14659878852261, 32.712623410733819 ], [ -117.146586461049267, 32.712624423735996 ], [ -117.146583924542043, 32.712624628836394 ], [ -117.146582622218176, 32.712624737495531 ], [ -117.146568690540974, 32.712624703514848 ], [ -117.14584037945761, 32.712618999267946 ], [ -117.145803398957725, 32.711539103631566 ], [ -117.146716911094174, 32.711535213348476 ], [ -117.146722957819776, 32.711810019895694 ] ] ] } },
{ "type": "Feature", "properties": { "lon": -117.1701433, "lat": 32.7140949, "neighborhood": "Marina", "block_id": "KETTNER_BL_W_E_ST", "st_north": "W_E_ST", "st_east": "KETTNER_BL", "st_south": "W_F_ST", "st_west": "PACIFIC_HY" }, "geometry": { "type": "Polygon", "coordinates": [ [ [ -117.169684105682663, 32.713582671930489 ], [ -117.169708843998052, 32.713582420723149 ], [ -117.169709119172211, 32.713582418671102 ], [ -117.169809002459473, 32.713581405052118 ], [ -117.169818802857151, 32.713581304907031 ], [ -117.169868218701353, 32.713580803788481 ], [ -117.169873025575541, 32.713580754409804 ], [ -117.169942331253509, 32.713580050804566 ], [ -117.169942593619425, 32.713580047945733 ], [ -117.170024405506808, 32.713579217643087 ], [ -117.170051347280733, 32.713578943617357 ], [ -117.170051711036422, 32.713578946314186 ], [ -117.170942383590187, 32.713586285540295 ], [ -117.170954188155832, 32.713586383150492 ], [ -117.170983473410786, 32.71358662435118 ], [ -117.171082412621089, 32.713587439172265 ], [ -117.171085904129185, 32.714069361956959 ], [ -117.171087407567356, 32.714276926425313 ], [ -117.171089758566325, 32.714601526224655 ], [ -117.171089759197628, 32.714601586636682 ], [ -117.170976517427448, 32.714601216771356 ], [ -117.170127392451008, 32.714598439865995 ], [ -117.17006559861224, 32.714598237187374 ], [ -117.16996990394523, 32.714598834717393 ], [ -117.169948860090543, 32.714598967341487 ], [ -117.169935744201055, 32.71459904894288 ], [ -117.169818962220845, 32.714599498856309 ], [ -117.169180725744013, 32.714596696127757 ], [ -117.169171504031809, 32.714596655745368 ], [ -117.169172814569635, 32.714024636579857 ], [ -117.169172814300993, 32.714024508534465 ], [ -117.169173722280021, 32.713628380814193 ], [ -117.169173846232013, 32.713574190590528 ], [ -117.169560285787753, 32.713582261527947 ], [ -117.16960548851452, 32.713583205859919 ], [ -117.169684105682663, 32.713582671930489 ] ] ] } },
{ "type": "Feature", "properties": { "lon": -117.1701177, "lat": 32.7130513, "neighborhood": "Marina", "block_id": "KETTNER_BL_W_F_ST", "st_north": "W_F_ST", "st_east": "KETTNER_BL", "st_south": "W_G_ST", "st_west": "PACIFIC_HY" }, "geometry": { "type": "Polygon", "coordinates": [ [ [ -117.170051347280733, 32.713578943617357 ], [ -117.170024405506808, 32.713579217643087 ], [ -117.169942593619425, 32.713580047945733 ], [ -117.169942331253509, 32.713580050804566 ], [ -117.169873025575541, 32.713580754409804 ], [ -117.169868218701353, 32.713580803788481 ], [ -117.169818802857151, 32.713581304907031 ], [ -117.169809002459473, 32.713581405052118 ], [ -117.169709119172211, 32.713582418671102 ], [ -117.169708843998052, 32.713582420723149 ], [ -117.169684105682663, 32.713582671930489 ], [ -117.16960548851452, 32.713583205859919 ], [ -117.169560285787753, 32.713582261527947 ], [ -117.169173846232013, 32.713574190590528 ], [ -117.169173940573558, 32.713527389463749 ], [ -117.169174062808608, 32.713466999774937 ], [ -117.169174065731923, 32.713465643532764 ], [ -117.169174211517173, 32.713393601355016 ], [ -117.169174212008883, 32.713393341649557 ], [ -117.16917463010391, 32.713186824226199 ], [ -117.16917593878523, 32.712539860396959 ], [ -117.169175943702129, 32.712537263342654 ], [ -117.169175959121688, 32.712529740893942 ], [ -117.169177560066075, 32.712529733470745 ], [ -117.169353129772361, 32.712528937001174 ], [ -117.170072749104818, 32.71252566795274 ], [ -117.170118734971879, 32.712525459233838 ], [ -117.170833240873478, 32.712524235684569 ], [ -117.171074549269747, 32.712523821500618 ], [ -117.171077520571387, 32.712925756391144 ], [ -117.171080829379591, 32.71337335841163 ], [ -117.171081417698772, 32.713452930981923 ], [ -117.171082412621089, 32.713587439172265 ], [ -117.170983473410786, 32.71358662435118 ], [ -117.170954188155832, 32.713586383150492 ], [ -117.170942383590187, 32.713586285540295 ], [ -117.170051711036422, 32.713578946314186 ], [ -117.170051347280733, 32.713578943617357 ] ] ] } },
{ "type": "Feature", "properties": { "lon": -117.1701176, "lat": 32.7120006, "neighborhood": "Marina", "block_id": "KETTNER_BL_W_G_ST", "st_north": "W_G_ST", "st_east": "KETTNER_BL", "st_south": "W_HARBOR_DR", "st_west": "PACIFIC_HY" }, "geometry": { "type": "Polygon", "coordinates": [ [ [ -117.171074549269747, 32.712523821500618 ], [ -117.170833240873478, 32.712524235684569 ], [ -117.170118734971879, 32.712525459233838 ], [ -117.170072749104818, 32.71252566795274 ], [ -117.169353129772361, 32.712528937001174 ], [ -117.169177560066075, 32.712529733470745 ], [ -117.169175959121688, 32.712529740893942 ], [ -117.169177344418486, 32.711473927484583 ], [ -117.169177412783782, 32.711422078601203 ], [ -117.169193163842962, 32.711425476196084 ], [ -117.169208940570229, 32.711428778012966 ], [ -117.169224745145513, 32.71143198854427 ], [ -117.169240580627445, 32.711435094241146 ], [ -117.169256438605771, 32.71143810688887 ], [ -117.169272324403863, 32.71144102554598 ], [ -117.169288231575294, 32.711443845751816 ], [ -117.169304164367517, 32.711446565671224 ], [ -117.169320124988616, 32.711449192501725 ], [ -117.169336098441278, 32.711451720042881 ], [ -117.16935209649499, 32.711454151813882 ], [ -117.169368115940614, 32.71145648693696 ], [ -117.169384153550382, 32.711458722730868 ], [ -117.16940021039062, 32.711460859187724 ], [ -117.169416285432533, 32.711462899922097 ], [ -117.169432376505213, 32.711464841343215 ], [ -117.169448484703423, 32.711466686148164 ], [ -117.169464605742164, 32.711468432565397 ], [ -117.169480744944622, 32.711470079653431 ], [ -117.169496895939758, 32.711471630164986 ], [ -117.169499789275903, 32.711471897150503 ], [ -117.170093572247055, 32.711475656427346 ], [ -117.170098029924432, 32.711475680881861 ], [ -117.171057163410183, 32.711482263967348 ], [ -117.171074549269747, 32.712523821500618 ] ] ] } },
{ "type": "Feature", "properties": { "lon": -117.1682576, "lat": 32.7119064, "neighborhood": "Marina", "block_id": "COLUMBIA_ST_W_G_ST", "st_north": "W_G_ST", "st_east": "COLUMBIA_ST", "st_south": "W_HARBOR_DR", "st_west": "KETTNER_BL" }, "geometry": { "type": "Polygon", "coordinates": [ [ [ -117.169177412783782, 32.711422078601203 ], [ -117.169177344418486, 32.711473927484583 ], [ -117.169175959121688, 32.712529740893942 ], [ -117.169166951716889, 32.712529773760181 ], [ -117.168288445609434, 32.712533603883081 ], [ -117.167994928477512, 32.712534009885388 ], [ -117.167761621055305, 32.712534332353236 ], [ -117.167707134838096, 32.712534407767833 ], [ -117.167381397207521, 32.712534857287061 ], [ -117.167382632318507, 32.712380099235553 ], [ -117.167382797641778, 32.712359396712394 ], [ -117.167383837285058, 32.712229004285348 ], [ -117.167387499214612, 32.711769992124445 ], [ -117.167388823068435, 32.711603983281741 ], [ -117.167388895987585, 32.711594899491352 ], [ -117.167389069760645, 32.711573164411035 ], [ -117.167389260732861, 32.711549187472016 ], [ -117.167389861308649, 32.711473867702523 ], [ -117.167406105949681, 32.711474376278943 ], [ -117.167422360527112, 32.711474609747981 ], [ -117.167438612279781, 32.71147457181155 ], [ -117.167454861216981, 32.711474263371265 ], [ -117.167471100845447, 32.711473675458002 ], [ -117.167487323830571, 32.711472820750814 ], [ -117.167503522631378, 32.711471692091777 ], [ -117.167519695124042, 32.71147029039853 ], [ -117.167535828528685, 32.711468617569572 ], [ -117.167551917531114, 32.71146667544798 ], [ -117.167567961046061, 32.711464462238311 ], [ -117.167583947360086, 32.71146197983127 ], [ -117.167599874368108, 32.711459230947746 ], [ -117.167615734576117, 32.71145621293828 ], [ -117.167631516317726, 32.711452932201972 ], [ -117.167647218488611, 32.711449385139993 ], [ -117.167662835784199, 32.711445574497134 ], [ -117.167678362909172, 32.711441503919787 ], [ -117.167693785998395, 32.711437173511101 ], [ -117.167709109299068, 32.711432581436142 ], [ -117.167724320097179, 32.711427735905154 ], [ -117.167739413097365, 32.711422640564578 ], [ -117.167754383892557, 32.711417281921051 ], [ -117.167769225223438, 32.711411679867091 ], [ -117.167783930634371, 32.71140582904026 ], [ -117.1677984969443, 32.711399731267726 ], [ -117.167812917791537, 32.711393390203924 ], [ -117.167827186804814, 32.711386808601517 ], [ -117.167841299746215, 32.711379989197326 ], [ -117.16785525128283, 32.711372932031097 ], [ -117.167869025519806, 32.711365647140305 ], [ -117.167882634085771, 32.711358124519393 ], [ -117.167896058999688, 32.711350378730017 ], [ -117.167901056824206, 32.711347372997132 ], [ -117.16790930133736, 32.71134241066602 ], [ -117.167922353623723, 32.711334219481337 ], [ -117.1679352084398, 32.711325809739968 ], [ -117.1679377336703, 32.711324120016286 ], [ -117.167950131256504, 32.711315232146326 ], [ -117.167962388790997, 32.711306210957922 ], [ -117.167974507312096, 32.711297053738221 ], [ -117.167986492199475, 32.711287764955955 ], [ -117.167998325303117, 32.711278342942705 ], [ -117.168010014173376, 32.711268795758095 ], [ -117.168021555544939, 32.711259117114189 ], [ -117.168032945217263, 32.711249313354571 ], [ -117.16804418536104, 32.711239388070034 ], [ -117.168055270587246, 32.711229335890216 ], [ -117.168066202047001, 32.711219164922412 ], [ -117.168076979758993, 32.711208876969941 ], [ -117.168087589830137, 32.711198469431018 ], [ -117.168098042944564, 32.711187944029724 ], [ -117.168108332778218, 32.711177308026983 ], [ -117.168118458217606, 32.7111665569225 ], [ -117.168128417204841, 32.711155697945564 ], [ -117.168138208654668, 32.711144729300813 ], [ -117.16814783365227, 32.71113365278368 ], [ -117.168157284779056, 32.711122472958188 ], [ -117.168166563101494, 32.711111189816314 ], [ -117.168175667590745, 32.711099806972818 ], [ -117.168184595028336, 32.711088322648266 ], [ -117.168193346555981, 32.711076744048071 ], [ -117.168201922136276, 32.711065067565563 ], [ -117.168204831332304, 32.711061022332366 ], [ -117.168218312314707, 32.711068700389099 ], [ -117.168231841702635, 32.711076314962099 ], [ -117.168245421676076, 32.711083870543746 ], [ -117.168259050008061, 32.711091358133146 ], [ -117.168272726736106, 32.711098781337064 ], [ -117.168286455106852, 32.711106144639977 ], [ -117.168300227579223, 32.711113440884027 ], [ -117.168314051628499, 32.711120670915371 ], [ -117.168327920911736, 32.711127840191594 ], [ -117.168341834277825, 32.711134940605646 ], [ -117.168355796049241, 32.711141977535767 ], [ -117.168369806188508, 32.711148947375158 ], [ -117.168383857276694, 32.711155854687924 ], [ -117.168397957770921, 32.711162692196957 ], [ -117.168412101337807, 32.711169466261723 ], [ -117.168426287949046, 32.711176174177147 ], [ -117.168440518642981, 32.711182813230273 ], [ -117.168454794542541, 32.711189388823108 ], [ -117.168469108116156, 32.711195894699657 ], [ -117.168483470076154, 32.711202335288739 ], [ -117.16849787077669, 32.711208706153485 ], [ -117.16851231241661, 32.711215013589708 ], [ -117.16852679597784, 32.711221249474406 ], [ -117.168541324706922, 32.71122741829209 ], [ -117.168555887929145, 32.711233519220507 ], [ -117.168570492052979, 32.711239553113678 ], [ -117.168585135993155, 32.711245518176099 ], [ -117.168599817588387, 32.711251411718742 ], [ -117.168614540094595, 32.711257239127733 ], [ -117.168629298141511, 32.711262996836069 ], [ -117.168644094938074, 32.711268685721649 ], [ -117.168658929417774, 32.711274305792401 ], [ -117.168673802618912, 32.711279854335238 ], [ -117.16868870393246, 32.711285336839737 ], [ -117.168703647157585, 32.711290746890832 ], [ -117.168718624875495, 32.711296089052581 ], [ -117.16873363487791, 32.711301356127358 ], [ -117.168748685781651, 32.711306556166704 ], [ -117.168763762617559, 32.711311685675184 ], [ -117.168778874965724, 32.711316742777889 ], [ -117.168794020730573, 32.711321731097328 ], [ -117.16880919988391, 32.711326647928615 ], [ -117.168824410292558, 32.711331493287503 ], [ -117.168839651947152, 32.711336266272411 ], [ -117.168854925951763, 32.711340970481977 ], [ -117.168870231183448, 32.711345600514136 ], [ -117.16888556876512, 32.711350161770973 ], [ -117.168900927965524, 32.711354648020269 ], [ -117.168916319487607, 32.711359062789171 ], [ -117.168931742264832, 32.711363406085646 ], [ -117.168947189897921, 32.711367677957362 ], [ -117.168962673042856, 32.711371877423154 ], [ -117.168978174616129, 32.71137600280683 ], [ -117.16899370531128, 32.711380056733951 ], [ -117.169009260862211, 32.711384039236293 ], [ -117.169024845497376, 32.711387946675309 ], [ -117.169040454931761, 32.711391777279488 ], [ -117.169056089278158, 32.71139554186886 ], [ -117.169071745242945, 32.711399231450578 ], [ -117.169087431367757, 32.71140284686264 ], [ -117.169103134854126, 32.711406388200544 ], [ -117.169118864234278, 32.711409855400547 ], [ -117.169134615260816, 32.71141325029788 ], [ -117.169150387914911, 32.711416571089131 ], [ -117.169166183234907, 32.711419815061419 ], [ -117.169177412783782, 32.711422078601203 ] ] ] } },
{ "type": "Feature", "properties": { "lon": -117.1669646, "lat": 32.7120126, "neighborhood": "Marina", "block_id": "STATE_ST_W_G_ST", "st_north": "W_G_ST", "st_east": "STATE_ST", "st_south": "W_MARKET_ST", "st_west": "COLUMBIA_ST" }, "geometry": { "type": "Polygon", "coordinates": [ [ [ -117.167389861308649, 32.711473867702523 ], [ -117.167389260732861, 32.711549187472016 ], [ -117.167389069760645, 32.711573164411035 ], [ -117.167388895987585, 32.711594899491352 ], [ -117.167388823068435, 32.711603983281741 ], [ -117.167387499214612, 32.711769992124445 ], [ -117.167383837285058, 32.712229004285348 ], [ -117.167382797641778, 32.712359396712394 ], [ -117.167382632318507, 32.712380099235553 ], [ -117.167381397207521, 32.712534857287061 ], [ -117.167330148707123, 32.712535080683985 ], [ -117.167266832828517, 32.712535356840924 ], [ -117.166905273281515, 32.712536934492888 ], [ -117.166496464917174, 32.712538716133388 ], [ -117.166493097702329, 32.712538731237096 ], [ -117.166487380784218, 32.712538755686289 ], [ -117.166487405928592, 32.71253727574075 ], [ -117.166487523222912, 32.712530399086042 ], [ -117.166494909455579, 32.712096752361589 ], [ -117.166495439242667, 32.712065740221455 ], [ -117.166496401870688, 32.712009266883967 ], [ -117.166497402778504, 32.71195052538085 ], [ -117.166499897164584, 32.711804093697275 ], [ -117.166505382109108, 32.711482117510414 ], [ -117.166505550949438, 32.711472197093528 ], [ -117.167389861308649, 32.711473867702523 ] ] ] } },
{ "type": "Feature", "properties": { "lon": -117.1705741, "lat": 32.715156, "neighborhood": "Columbia", "block_id": "CALIFORNIA_ST_W_BROADWAY", "st_north": "W_BROADWAY", "st_east": "CALIFORNIA_ST", "st_south": "W_E_ST", "st_west": "PACIFIC_HY" }, "geometry": { "type": "Polygon", "coordinates": [ [ [ -117.17006559861224, 32.714598237187374 ], [ -117.170127392451008, 32.714598439865995 ], [ -117.170976517427448, 32.714601216771356 ], [ -117.171089759197628, 32.714601586636682 ], [ -117.171095116791335, 32.715313823065003 ], [ -117.171096712304958, 32.715525907287912 ], [ -117.171098063508069, 32.715705527902614 ], [ -117.171098111153924, 32.715711924507865 ], [ -117.170064245493407, 32.715714144471214 ], [ -117.170064260029179, 32.715699509967642 ], [ -117.170064466408078, 32.71552941817221 ], [ -117.170065472897278, 32.714701970959659 ], [ -117.17006559772517, 32.714598867511924 ], [ -117.17006559861224, 32.714598237187374 ] ] ] } },
{ "type": "Feature", "properties": { "lon": -117.1560318, "lat": 32.7109825, "neighborhood": "South East Village", "block_id": "10TH_AV_MARKET_ST", "st_north": "MARKET_ST", "st_east": "10TH_AV", "st_south": "ISLAND_AV", "st_west": "09TH_AV" }, "geometry": { "type": "Polygon", "coordinates": [ [ [ -117.156479660529484, 32.711513314799447 ], [ -117.156153727199779, 32.711515710042022 ], [ -117.155571981415548, 32.711519983076677 ], [ -117.155570011510889, 32.711519997541323 ], [ -117.155566178355741, 32.711520025687427 ], [ -117.155566177078228, 32.711519070752921 ], [ -117.155565827565326, 32.711243870026117 ], [ -117.155565653422954, 32.711106173623534 ], [ -117.155565507043377, 32.710990282922708 ], [ -117.15556530330997, 32.710831017991417 ], [ -117.155564816730774, 32.710445712073948 ], [ -117.155564813076751, 32.710442657001707 ], [ -117.155564806308888, 32.710437118557159 ], [ -117.155571247888091, 32.710437149708874 ], [ -117.155589344892505, 32.710437236847575 ], [ -117.156016813341282, 32.710439298421555 ], [ -117.156468638000888, 32.710441476166459 ], [ -117.156473976993411, 32.710960646901441 ], [ -117.156474313977753, 32.710993415504696 ], [ -117.156475424158586, 32.711101370118364 ], [ -117.156475822176432, 32.711140073534011 ], [ -117.15647888307916, 32.711437715821987 ], [ -117.156479660529484, 32.711513314799447 ] ] ] } },
{ "type": "Feature", "properties": { "lon": -117.1560204, "lat": 32.7120547, "neighborhood": "East Village", "block_id": "10TH_AV_G_ST", "st_north": "G_ST", "st_east": "10TH_AV", "st_south": "MARKET_ST", "st_west": "09TH_AV" }, "geometry": { "type": "Polygon", "coordinates": [ [ [ -117.155566178355741, 32.711520025687427 ], [ -117.155570011510889, 32.711519997541323 ], [ -117.155571981415548, 32.711519983076677 ], [ -117.156153727199779, 32.711515710042022 ], [ -117.156479660529484, 32.711513314799447 ], [ -117.156479669672919, 32.711513892748428 ], [ -117.156479697483235, 32.711515767264075 ], [ -117.156488624614781, 32.712063654644766 ], [ -117.156489293060275, 32.712104694288897 ], [ -117.156497052840081, 32.712581065944072 ], [ -117.156497136793192, 32.712586221483598 ], [ -117.15649724592393, 32.712592891763492 ], [ -117.156497298105961, 32.712596098873682 ], [ -117.156494105802409, 32.712596112418723 ], [ -117.156489576000737, 32.712596132187549 ], [ -117.156477919250577, 32.712596182698356 ], [ -117.156382513959244, 32.712596598046986 ], [ -117.155589377230754, 32.712600046617489 ], [ -117.15558052561434, 32.71260008546313 ], [ -117.155580451420718, 32.71259452496983 ], [ -117.155580426087809, 32.712592578296523 ], [ -117.155580404376934, 32.712590984177488 ], [ -117.155580383788234, 32.712589395460633 ], [ -117.155566230383357, 32.711523947879584 ], [ -117.155566178355741, 32.711520025687427 ] ] ] } },
{ "type": "Feature", "properties": { "lon": -117.155121, "lat": 32.7109849, "neighborhood": "South East Village", "block_id": "11TH_AV_MARKET_ST", "st_north": "MARKET_ST", "st_east": "11TH_AV", "st_south": "ISLAND_AV", "st_west": "10TH_AV" }, "geometry": { "type": "Polygon", "coordinates": [ [ [ -117.155566178355741, 32.711520025687427 ], [ -117.155445050519589, 32.711519822133468 ], [ -117.155115034750196, 32.711519265250246 ], [ -117.154672011502626, 32.711518517538693 ], [ -117.154664045819615, 32.711518503831712 ], [ -117.154652610357786, 32.711518484917221 ], [ -117.154648168022561, 32.710452095029162 ], [ -117.154748939400747, 32.71045044863493 ], [ -117.15556056938442, 32.710437188443144 ], [ -117.155561161252848, 32.710437178686739 ], [ -117.155562244745212, 32.710437160811658 ], [ -117.155564806308888, 32.710437118557159 ], [ -117.155564813076751, 32.710442657001707 ], [ -117.155564816730774, 32.710445712073948 ], [ -117.15556530330997, 32.710831017991417 ], [ -117.155565507043377, 32.710990282922708 ], [ -117.155565653422954, 32.711106173623534 ], [ -117.155565827565326, 32.711243870026117 ], [ -117.155566177078228, 32.711519070752921 ], [ -117.155566178355741, 32.711520025687427 ] ] ] } },
{ "type": "Feature", "properties": { "lon": -117.1551275, "lat": 32.7120633, "neighborhood": "East Village", "block_id": "11TH_AV_G_ST", "st_north": "G_ST", "st_east": "11TH_AV", "st_south": "MARKET_ST", "st_west": "10TH_AV" }, "geometry": { "type": "Polygon", "coordinates": [ [ [ -117.154652610357786, 32.711518484917221 ], [ -117.154664045819615, 32.711518503831712 ], [ -117.154672011502626, 32.711518517538693 ], [ -117.155115034750196, 32.711519265250246 ], [ -117.155445050519589, 32.711519822133468 ], [ -117.155566178355741, 32.711520025687427 ], [ -117.155566230383357, 32.711523947879584 ], [ -117.155580383788234, 32.712589395460633 ], [ -117.155580404376934, 32.712590984177488 ], [ -117.155580426087809, 32.712592578296523 ], [ -117.155580451420718, 32.71259452496983 ], [ -117.15558052561434, 32.71260008546313 ], [ -117.155578599358748, 32.712600094196766 ], [ -117.155570049577605, 32.712600130825287 ], [ -117.155569315768602, 32.712600134409939 ], [ -117.154670253699109, 32.71260401755282 ], [ -117.154654617228204, 32.711642004220678 ], [ -117.154652804922321, 32.711530479352092 ], [ -117.154652610357786, 32.711518484917221 ] ] ] } },
{ "type": "Feature", "properties": { "lon": -117.169627, "lat": 32.7151597, "neighborhood": "Columbia", "block_id": "KETTNER_BL_W_BROADWAY", "st_north": "W_BROADWAY", "st_east": "KETTNER_BL", "st_south": "W_E_ST", "st_west": "CALIFORNIA_ST" }, "geometry": { "type": "Polygon", "coordinates": [ [ [ -117.169171504031809, 32.714596655745368 ], [ -117.169180725744013, 32.714596696127757 ], [ -117.169818962220845, 32.714599498856309 ], [ -117.169935744201055, 32.71459904894288 ], [ -117.169948860090543, 32.714598967341487 ], [ -117.16996990394523, 32.714598834717393 ], [ -117.17006559861224, 32.714598237187374 ], [ -117.17006559772517, 32.714598867511924 ], [ -117.170065472897278, 32.714701970959659 ], [ -117.170064466408078, 32.71552941817221 ], [ -117.170064260029179, 32.715699509967642 ], [ -117.170064242123502, 32.715714144478447 ], [ -117.169166913938497, 32.715715338257141 ], [ -117.169167016696406, 32.715690312338445 ], [ -117.16917101069923, 32.714716790432284 ], [ -117.169171490956671, 32.714599800218167 ], [ -117.169171504031809, 32.714596655745368 ] ] ] } },
{ "type": "Feature", "properties": { "lon": -117.1551703, "lat": 32.7183485, "neighborhood": "City Center", "block_id": "11TH_AV_A_ST", "st_north": "A_ST", "st_east": "11TH_AV", "st_south": "B_ST", "st_west": "10TH_AV" }, "geometry": { "type": "Polygon", "coordinates": [ [ [ -117.155619565086809, 32.717817438874626 ], [ -117.155626220638226, 32.718536818194018 ], [ -117.155626649828307, 32.7185832601333 ], [ -117.155628764759243, 32.718877334926738 ], [ -117.155339416316934, 32.718879459181018 ], [ -117.155338619542874, 32.718879465029623 ], [ -117.155300403186587, 32.718879745544335 ], [ -117.154724901968095, 32.718878468671704 ], [ -117.154722830502479, 32.718589893286186 ], [ -117.154715879181168, 32.718208235384239 ], [ -117.15470886297031, 32.717823055760732 ], [ -117.154986081699576, 32.717821346590341 ], [ -117.155225623776559, 32.717819869145089 ], [ -117.155512285375707, 32.717818100306467 ], [ -117.155619565086809, 32.717817438874626 ] ] ] } },
{ "type": "Feature", "properties": { "lon": -117.1560903, "lat": 32.7183488, "neighborhood": "City Center", "block_id": "10TH_AV_A_ST", "st_north": "A_ST", "st_east": "10TH_AV", "st_south": "B_ST", "st_west": "09TH_AV" }, "geometry": { "type": "Polygon", "coordinates": [ [ [ -117.155628764759243, 32.718877334926738 ], [ -117.155626649828307, 32.7185832601333 ], [ -117.155626220638226, 32.718536818194018 ], [ -117.155619565086809, 32.717817438874626 ], [ -117.156541278267184, 32.717820699443699 ], [ -117.156549051814167, 32.718576483772082 ], [ -117.156552104727268, 32.718873300185841 ], [ -117.155628764759243, 32.718877334926738 ] ] ] } },
{ "type": "Feature", "properties": { "lon": -117.1542247, "lat": 32.7172888, "neighborhood": "City Center", "block_id": "PARK_BL_B_ST", "st_north": "B_ST", "st_east": "PARK_BL", "st_south": "C_ST", "st_west": "11TH_AV" }, "geometry": { "type": "Polygon", "coordinates": [ [ [ -117.154706459361904, 32.716765000851375 ], [ -117.154706476898312, 32.716772736760952 ], [ -117.15470649660783, 32.716781619669419 ], [ -117.154706745790833, 32.716891215473581 ], [ -117.154707031098113, 32.717016593288449 ], [ -117.15470886297031, 32.717823055760732 ], [ -117.153807022489303, 32.717829772345773 ], [ -117.153792949741046, 32.71677444691484 ], [ -117.153798792436433, 32.716774386966499 ], [ -117.154620101037921, 32.716765893993689 ], [ -117.154636628662274, 32.716765723172003 ], [ -117.154686012079509, 32.716765212156659 ], [ -117.154700912108524, 32.716765057773792 ], [ -117.154706459361904, 32.716765000851375 ] ] ] } },
{ "type": "Feature", "properties": { "lon": -117.1551753, "lat": 32.7172964, "neighborhood": "City Center", "block_id": "11TH_AV_B_ST", "st_north": "B_ST", "st_east": "11TH_AV", "st_south": "C_ST", "st_west": "10TH_AV" }, "geometry": { "type": "Polygon", "coordinates": [ [ [ -117.15470886297031, 32.717823055760732 ], [ -117.154707031098113, 32.717016593288449 ], [ -117.154706745790833, 32.716891215473581 ], [ -117.15470649660783, 32.716781619669419 ], [ -117.154706476898312, 32.716772736760952 ], [ -117.154706459361904, 32.716765000851375 ], [ -117.154714894613036, 32.716764990374571 ], [ -117.155613551468946, 32.716763840665436 ], [ -117.155619565086809, 32.717817438874626 ], [ -117.155512285375707, 32.717818100306467 ], [ -117.155225623776559, 32.717819869145089 ], [ -117.154986081699576, 32.717821346590341 ], [ -117.15470886297031, 32.717823055760732 ] ] ] } },
{ "type": "Feature", "properties": { "lon": -117.1642723, "lat": 32.7182995, "neighborhood": "City Center", "block_id": "01ST_AV_W_A_ST", "st_north": "W_A_ST", "st_east": "01ST_AV", "st_south": "W_B_ST", "st_west": "FRONT_ST" }, "geometry": { "type": "Polygon", "coordinates": [ [ [ -117.164735232954087, 32.718823875346715 ], [ -117.164449135997558, 32.718825996859913 ], [ -117.163847683299338, 32.718830454686533 ], [ -117.163845441137312, 32.718522638227 ], [ -117.163840020770905, 32.717777830500374 ], [ -117.164438292104009, 32.717780805859483 ], [ -117.164727673888166, 32.717782241703631 ], [ -117.164731501954961, 32.718309587224851 ], [ -117.164733003692064, 32.718516058784722 ], [ -117.164735232954087, 32.718823875346715 ] ] ] } },
{ "type": "Feature", "properties": { "lon": -117.1629391, "lat": 32.7177955, "neighborhood": "City Center", "block_id": "03RD_AV_A_ST", "st_north": "A_ST", "st_east": "03RD_AV", "st_south": "C_ST", "st_west": "01ST_AV" }, "geometry": { "type": "Polygon", "coordinates": [ [ [ -117.163832557884376, 32.716744444431164 ], [ -117.163840020770905, 32.717777830500374 ], [ -117.163845441137312, 32.718522638227 ], [ -117.163847683299338, 32.718830454686533 ], [ -117.162930845230449, 32.718834495922458 ], [ -117.162027040946086, 32.718841182473206 ], [ -117.162026748176231, 32.718536100121746 ], [ -117.162026044426611, 32.717802248882208 ], [ -117.162021711659207, 32.71675509987395 ], [ -117.162912518964845, 32.716751257916812 ], [ -117.163832557884376, 32.716744444431164 ] ] ] } },
{ "type": "Feature", "properties": { "lon": -117.1642733, "lat": 32.7172579, "neighborhood": "City Center", "block_id": "01ST_AV_W_B_ST", "st_north": "W_B_ST", "st_east": "01ST_AV", "st_south": "W_C_ST", "st_west": "FRONT_ST" }, "geometry": { "type": "Polygon", "coordinates": [ [ [ -117.163840020770905, 32.717777830500374 ], [ -117.163832557884376, 32.716744444431164 ], [ -117.164427494323604, 32.716740034886136 ], [ -117.164723337547898, 32.716737841089227 ], [ -117.164727673888166, 32.717782241703631 ], [ -117.164438292104009, 32.717780805859483 ], [ -117.163840020770905, 32.717777830500374 ] ] ] } },
{ "type": "Feature", "properties": { "lon": -117.1570047, "lat": 32.7172966, "neighborhood": "City Center", "block_id": "09TH_AV_B_ST", "st_north": "B_ST", "st_east": "09TH_AV", "st_south": "C_ST", "st_west": "08TH_AV" }, "geometry": { "type": "Polygon", "coordinates": [ [ [ -117.157441850810073, 32.717816825302847 ], [ -117.156541278267184, 32.717820699443699 ], [ -117.156539906725271, 32.717630308628976 ], [ -117.156539801721038, 32.717615639871511 ], [ -117.15653367481508, 32.716765326534343 ], [ -117.157434264870048, 32.716764200748962 ], [ -117.157434488034056, 32.716795098179745 ], [ -117.157441284876398, 32.717738337379402 ], [ -117.157441850810073, 32.717816825302847 ] ] ] } },
{ "type": "Feature", "properties": { "lon": -117.1569918, "lat": 32.7183434, "neighborhood": "City Center", "block_id": "09TH_AV_A_ST", "st_north": "A_ST", "st_east": "09TH_AV", "st_south": "B_ST", "st_west": "08TH_AV" }, "geometry": { "type": "Polygon", "coordinates": [ [ [ -117.156541278267184, 32.717820699443699 ], [ -117.157441850810073, 32.717816825302847 ], [ -117.157444951151774, 32.718569895505944 ], [ -117.157446185838069, 32.71886947380527 ], [ -117.156552104727268, 32.718873300185841 ], [ -117.156549051814167, 32.718576483772082 ], [ -117.156541278267184, 32.717820699443699 ] ] ] } },
{ "type": "Feature", "properties": { "lon": -117.1660315, "lat": 32.7172451, "neighborhood": "Columbia", "block_id": "UNION_ST_W_B_ST", "st_north": "W_B_ST", "st_east": "UNION_ST", "st_south": "W_C_ST", "st_west": "STATE_ST" }, "geometry": { "type": "Polygon", "coordinates": [ [ [ -117.165607613986964, 32.71673127959145 ], [ -117.165664365907546, 32.716730858265002 ], [ -117.16590980131889, 32.716729035850832 ], [ -117.166488640349229, 32.716724735903938 ], [ -117.166489746555968, 32.717769160613805 ], [ -117.165602150581606, 32.717770258687914 ], [ -117.165602859702503, 32.717635308620544 ], [ -117.165606823555464, 32.716881504868361 ], [ -117.165607613986964, 32.71673127959145 ] ] ] } },
{ "type": "Feature", "properties": { "lon": -117.1678351, "lat": 32.7193473, "neighborhood": "Columbia", "block_id": "COLUMBIA_ST_W_ASH_ST", "st_north": "W_ASH_ST", "st_east": "COLUMBIA_ST", "st_south": "W_A_ST", "st_west": "INDIA_ST" }, "geometry": { "type": "Polygon", "coordinates": [ [ [ -117.168273952040622, 32.719880495479138 ], [ -117.167396089248726, 32.719881531134725 ], [ -117.167388241214127, 32.718815164750836 ], [ -117.168275846650047, 32.71881405653626 ], [ -117.168273952040622, 32.719880495479138 ] ] ] } },
{ "type": "Feature", "properties": { "lon": -117.1542312, "lat": 32.7183468, "neighborhood": "City Center", "block_id": "PARK_BL_A_ST", "st_north": "A_ST", "st_east": "PARK_BL", "st_south": "B_ST", "st_west": "11TH_AV" }, "geometry": { "type": "Polygon", "coordinates": [ [ [ -117.153807022489303, 32.717829772345773 ], [ -117.15470886297031, 32.717823055760732 ], [ -117.154715879181168, 32.718208235384239 ], [ -117.154722830502479, 32.718589893286186 ], [ -117.154724901968095, 32.718878468671704 ], [ -117.153795002242788, 32.718877040787277 ], [ -117.153798220314783, 32.718596672169369 ], [ -117.153807022489303, 32.717829772345773 ] ] ] } },
{ "type": "Feature", "properties": { "lon": -117.158841, "lat": 32.7183422, "neighborhood": "City Center", "block_id": "07TH_AV_A_ST", "st_north": "A_ST", "st_east": "07TH_AV", "st_south": "B_ST", "st_west": "06TH_AV" }, "geometry": { "type": "Polygon", "coordinates": [ [ [ -117.159282036654318, 32.717811517983307 ], [ -117.159284951985128, 32.718094108627696 ], [ -117.159289720289479, 32.718556308940542 ], [ -117.159292839137663, 32.718858621885246 ], [ -117.158359745104264, 32.718862748983 ], [ -117.158357584679877, 32.718563177487923 ], [ -117.158352907673645, 32.717914256485585 ], [ -117.158352176463779, 32.717812875461128 ], [ -117.159282036654318, 32.717811517983307 ] ] ] } },
{ "type": "Feature", "properties": { "lon": -117.1597219, "lat": 32.7183308, "neighborhood": "City Center", "block_id": "06TH_AV_A_ST", "st_north": "A_ST", "st_east": "06TH_AV", "st_south": "B_ST", "st_west": "05TH_AV" }, "geometry": { "type": "Polygon", "coordinates": [ [ [ -117.159292839137663, 32.718858621885246 ], [ -117.159289720289479, 32.718556308940542 ], [ -117.159284951985128, 32.718094108627696 ], [ -117.159282036654318, 32.717811517983307 ], [ -117.160172883136283, 32.717810444112615 ], [ -117.160180517537327, 32.718549738415753 ], [ -117.16018366782167, 32.718854799637178 ], [ -117.159292839137663, 32.718858621885246 ] ] ] } },
{ "type": "Feature", "properties": { "lon": -117.1660611, "lat": 32.7182992, "neighborhood": "Columbia", "block_id": "UNION_ST_W_A_ST", "st_north": "W_A_ST", "st_east": "UNION_ST", "st_south": "W_B_ST", "st_west": "STATE_ST" }, "geometry": { "type": "Polygon", "coordinates": [ [ [ -117.166489746555968, 32.717769160613805 ], [ -117.166488698960492, 32.718296542388522 ], [ -117.166488287019376, 32.718503028177601 ], [ -117.166487658911635, 32.718819111516275 ], [ -117.16560005233589, 32.718820206870276 ], [ -117.165600672462276, 32.71850962063899 ], [ -117.165602150581606, 32.717770258687914 ], [ -117.166489746555968, 32.717769160613805 ] ] ] } },
{ "type": "Feature", "properties": { "lon": -117.1669419, "lat": 32.7182948, "neighborhood": "Columbia", "block_id": "STATE_ST_W_A_ST", "st_north": "W_A_ST", "st_east": "STATE_ST", "st_south": "W_B_ST", "st_west": "COLUMBIA_ST" }, "geometry": { "type": "Polygon", "coordinates": [ [ [ -117.166487658911635, 32.718819111516275 ], [ -117.166488287019376, 32.718503028177601 ], [ -117.166488698960492, 32.718296542388522 ], [ -117.166489746555968, 32.717769160613805 ], [ -117.1673838446643, 32.717768013199276 ], [ -117.167386034647393, 32.718289871214111 ], [ -117.167386902626689, 32.71849634750167 ], [ -117.167388241214127, 32.718815164750836 ], [ -117.166487658911635, 32.718819111516275 ] ] ] } },
{ "type": "Feature", "properties": { "lon": -117.1651867, "lat": 32.7172606, "neighborhood": "City Center", "block_id": "FRONT_ST_W_B_ST", "st_north": "W_B_ST", "st_east": "FRONT_ST", "st_south": "W_C_ST", "st_west": "UNION_ST" }, "geometry": { "type": "Polygon", "coordinates": [ [ [ -117.164723337547898, 32.716737841089227 ], [ -117.165607613986964, 32.71673127959145 ], [ -117.165606823555464, 32.716881504868361 ], [ -117.165602859702503, 32.717635308620544 ], [ -117.165602150581606, 32.717770258687914 ], [ -117.164727673888166, 32.717782241703631 ], [ -117.164723337547898, 32.716737841089227 ] ] ] } },
{ "type": "Feature", "properties": { "lon": -117.165161, "lat": 32.7182965, "neighborhood": "City Center", "block_id": "FRONT_ST_W_A_ST", "st_north": "W_A_ST", "st_east": "FRONT_ST", "st_south": "W_B_ST", "st_west": "UNION_ST" }, "geometry": { "type": "Polygon", "coordinates": [ [ [ -117.16560005233589, 32.718820206870276 ], [ -117.164865090962167, 32.718823325181134 ], [ -117.164735232954087, 32.718823875346715 ], [ -117.164733003692064, 32.718516058784722 ], [ -117.164731501954961, 32.718309587224851 ], [ -117.164727673888166, 32.717782241703631 ], [ -117.165602150581606, 32.717770258687914 ], [ -117.165600672462276, 32.71850962063899 ], [ -117.16560005233589, 32.718820206870276 ] ] ] } },
{ "type": "Feature", "properties": { "lon": -117.1687367, "lat": 32.7193441, "neighborhood": "Columbia", "block_id": "INDIA_ST_W_ASH_ST", "st_north": "W_ASH_ST", "st_east": "INDIA_ST", "st_south": "W_A_ST", "st_west": "KETTNER_BL" }, "geometry": { "type": "Polygon", "coordinates": [ [ [ -117.168275846650047, 32.71881405653626 ], [ -117.169175870834735, 32.718810496737575 ], [ -117.169175741836938, 32.719856270010581 ], [ -117.168273952040622, 32.719880495479138 ], [ -117.168275846650047, 32.71881405653626 ] ] ] } },
{ "type": "Feature", "properties": { "lon": -117.1687155, "lat": 32.7182884, "neighborhood": "Columbia", "block_id": "INDIA_ST_W_A_ST", "st_north": "W_A_ST", "st_east": "INDIA_ST", "st_south": "W_B_ST", "st_west": "KETTNER_BL" }, "geometry": { "type": "Polygon", "coordinates": [ [ [ -117.169175870834735, 32.718810496737575 ], [ -117.168275846650047, 32.71881405653626 ], [ -117.168276496574322, 32.718489727446666 ], [ -117.16827794165448, 32.717766856606204 ], [ -117.169165534389208, 32.717765742005 ], [ -117.169166336778858, 32.718483099139213 ], [ -117.169175870834735, 32.718810496737575 ] ] ] } },
{ "type": "Feature", "properties": { "lon": -117.169622, "lat": 32.7193394, "neighborhood": "Columbia", "block_id": "KETTNER_BL_W_ASH_ST", "st_north": "W_ASH_ST", "st_east": "KETTNER_BL", "st_south": "W_A_ST", "st_west": "CALIFORNIA_ST" }, "geometry": { "type": "Polygon", "coordinates": [ [ [ -117.169175741836938, 32.719856270010581 ], [ -117.169175870834735, 32.718810496737575 ], [ -117.169784045021103, 32.71881045979034 ], [ -117.170061168913918, 32.71881162209251 ], [ -117.170068720118365, 32.718913601414421 ], [ -117.170081669037614, 32.719875269078607 ], [ -117.169964628468293, 32.719876142120633 ], [ -117.169175741836938, 32.719856270010581 ] ] ] } },
{ "type": "Feature", "properties": { "lon": -117.1696087, "lat": 32.7172597, "neighborhood": "Columbia", "block_id": "KETTNER_BL_W_A_ST", "st_north": "W_A_ST", "st_east": "KETTNER_BL", "st_south": "W_BROADWAY", "st_west": "Map_Border" }, "geometry": { "type": "Polygon", "coordinates": [ [ [ -117.170064245493407, 32.715714144471214 ], [ -117.170061168913918, 32.71881162209251 ], [ -117.169784045021103, 32.71881045979034 ], [ -117.169175870834735, 32.718810496737575 ], [ -117.169166336778858, 32.718483099139213 ], [ -117.169165534389208, 32.717765742005 ], [ -117.169166633390688, 32.717166474615489 ], [ -117.169167478696082, 32.716704800579706 ], [ -117.169166913938497, 32.715715338257141 ], [ -117.170064242123502, 32.715714144478447 ], [ -117.170064245493407, 32.715714144471214 ] ] ] } },
{ "type": "Feature", "properties": { "lon": -117.1705567, "lat": 32.7177515, "neighborhood": "Columbia", "block_id": "CALIFORNIA_ST_W_ASH_ST", "st_north": "W_ASH_ST", "st_east": "CALIFORNIA_ST", "st_south": "W_BROADWAY", "st_west": "PACIFIC_HY" }, "geometry": { "type": "Polygon", "coordinates": [ [ [ -117.170061168913918, 32.71881162209251 ], [ -117.170064245493407, 32.715714144471214 ], [ -117.171098111153924, 32.715711924507865 ], [ -117.17110606299255, 32.71672934714983 ], [ -117.171107755774969, 32.716945936661901 ], [ -117.171107642299575, 32.71695967735981 ], [ -117.17110751605307, 32.716973420858366 ], [ -117.171107373779151, 32.716987161771335 ], [ -117.171107214439502, 32.71700090281184 ], [ -117.17110704336713, 32.717014643939912 ], [ -117.171106855228956, 32.717028385195462 ], [ -117.171106657491251, 32.717042126522699 ], [ -117.171106436288042, 32.717055868025192 ], [ -117.171106203323831, 32.717069606910293 ], [ -117.171105956521984, 32.717083348604007 ], [ -117.171105693692539, 32.717097087712162 ], [ -117.171105414892224, 32.717110829644824 ], [ -117.171105122197574, 32.717124568976018 ], [ -117.171104814570327, 32.717138308418825 ], [ -117.171104493077095, 32.717152047965094 ], [ -117.1711041523847, 32.7171657876548 ], [ -117.171103797798068, 32.717179524743017 ], [ -117.171103431506864, 32.717193264623901 ], [ -117.171103048140367, 32.71720700373055 ], [ -117.171102648727455, 32.717220738448283 ], [ -117.171102236571656, 32.717234478671706 ], [ -117.171101807293411, 32.717248213612592 ], [ -117.171101363110765, 32.717261951369949 ], [ -117.171100908261849, 32.717275689206971 ], [ -117.171100431013926, 32.717289427211298 ], [ -117.171099943043245, 32.717303159885262 ], [ -117.17109944015867, 32.717316894474067 ], [ -117.171098920217602, 32.717330630091993 ], [ -117.171098387477002, 32.717344365805502 ], [ -117.171097835508945, 32.717358098957426 ], [ -117.171097272902884, 32.71737183489401 ], [ -117.171096695326369, 32.717385567335413 ], [ -117.171096100693305, 32.717399300805972 ], [ -117.171095493232428, 32.717413031667064 ], [ -117.171094865533973, 32.717426765384559 ], [ -117.171094229274161, 32.717440496460711 ], [ -117.171093572739053, 32.717454226786586 ], [ -117.171092903413808, 32.717467958109708 ], [ -117.171092221260736, 32.71748168682339 ], [ -117.171091522032256, 32.71749541476288 ], [ -117.171090807880276, 32.717509143715567 ], [ -117.171090076662352, 32.717522872795698 ], [ -117.171089332635333, 32.717536601069732 ], [ -117.171088571551692, 32.717550330372902 ], [ -117.171087798678514, 32.717564054353652 ], [ -117.171087008758136, 32.717577780265174 ], [ -117.171086202819424, 32.717591504492894 ], [ -117.171085384081096, 32.717605228816176 ], [ -117.171084548295482, 32.717618955070222 ], [ -117.171083700729724, 32.717632676903541 ], [ -117.171082836088473, 32.717646397962682 ], [ -117.171081955457083, 32.717660120042908 ], [ -117.17108106095003, 32.717673841325031 ], [ -117.171080151519476, 32.717687563620366 ], [ -117.171079224985121, 32.717701282436465 ], [ -117.171078285660428, 32.717715002249783 ], [ -117.171077333498431, 32.717728718552024 ], [ -117.171076361079784, 32.717742435907297 ], [ -117.171075373747072, 32.717756155177412 ], [ -117.171074375700741, 32.717769870018792 ], [ -117.171073361673734, 32.717783586783007 ], [ -117.171072330533391, 32.717797299166307 ], [ -117.171071284478941, 32.717811013464491 ], [ -117.17107022455815, 32.717824727866208 ], [ -117.17106914859059, 32.717838437879017 ], [ -117.171065250981187, 32.71788887439287 ], [ -117.171049054951069, 32.718469053845013 ], [ -117.17104264337928, 32.718804420096347 ], [ -117.171021304207187, 32.719873753044325 ], [ -117.170081669037614, 32.719875269078607 ], [ -117.170068720118365, 32.718913601414421 ], [ -117.170061168913918, 32.71881162209251 ] ] ] } },
{ "type": "Feature", "properties": { "lon": -117.1669349, "lat": 32.7193487, "neighborhood": "Columbia", "block_id": "STATE_ST_W_ASH_ST", "st_north": "W_ASH_ST", "st_east": "STATE_ST", "st_south": "W_A_ST", "st_west": "COLUMBIA_ST" }, "geometry": { "type": "Polygon", "coordinates": [ [ [ -117.167396089248726, 32.719881531134725 ], [ -117.166488965244454, 32.719882780680777 ], [ -117.166487658911635, 32.718819111516275 ], [ -117.167388241214127, 32.718815164750836 ], [ -117.167396089248726, 32.719881531134725 ] ] ] } },
{ "type": "Feature", "properties": { "lon": -117.160627, "lat": 32.7172852, "neighborhood": "City Center", "block_id": "05TH_AV_B_ST", "st_north": "B_ST", "st_east": "05TH_AV", "st_south": "C_ST", "st_west": "04TH_AV" }, "geometry": { "type": "Polygon", "coordinates": [ [ [ -117.160165321341552, 32.716763316325505 ], [ -117.161088668430608, 32.716761995914915 ], [ -117.161099492219776, 32.71780909692437 ], [ -117.160172883136283, 32.717810444112615 ], [ -117.160165321341552, 32.716763316325505 ] ] ] } },
{ "type": "Feature", "properties": { "lon": -117.1542651, "lat": 32.7162557, "neighborhood": "City Center", "block_id": "PARK_BL_C_ST", "st_north": "C_ST", "st_east": "PARK_BL", "st_south": "BROADWAY", "st_west": "11TH_AV" }, "geometry": { "type": "Polygon", "coordinates": [ [ [ -117.154699075423665, 32.715728865059504 ], [ -117.154699137242915, 32.715737589854136 ], [ -117.154706459361904, 32.716765000851375 ], [ -117.154700912108524, 32.716765057773792 ], [ -117.154686012079509, 32.716765212156659 ], [ -117.154636628662274, 32.716765723172003 ], [ -117.154620101037921, 32.716765893993689 ], [ -117.153798792436433, 32.716774386966499 ], [ -117.153792949741046, 32.71677444691484 ], [ -117.153785520151573, 32.715732811761974 ], [ -117.154699075423665, 32.715728865059504 ] ] ] } },
{ "type": "Feature", "properties": { "lon": -117.1551682, "lat": 32.7162482, "neighborhood": "City Center", "block_id": "11TH_AV_C_ST", "st_north": "C_ST", "st_east": "11TH_AV", "st_south": "BROADWAY", "st_west": "10TH_AV" }, "geometry": { "type": "Polygon", "coordinates": [ [ [ -117.154706459361904, 32.716765000851375 ], [ -117.154699137242915, 32.715737589854136 ], [ -117.154699075423665, 32.715728865059504 ], [ -117.155606100393214, 32.715722208327669 ], [ -117.155613551468946, 32.716763840665436 ], [ -117.154714894613036, 32.716764990374571 ], [ -117.154706459361904, 32.716765000851375 ] ] ] } },
{ "type": "Feature", "properties": { "lon": -117.1606385, "lat": 32.7183298, "neighborhood": "City Center", "block_id": "05TH_AV_A_ST", "st_north": "A_ST", "st_east": "05TH_AV", "st_south": "B_ST", "st_west": "04TH_AV" }, "geometry": { "type": "Polygon", "coordinates": [ [ [ -117.161110231092252, 32.718847958474683 ], [ -117.16018366782167, 32.718854799637178 ], [ -117.160180517537327, 32.718549738415753 ], [ -117.160172883136283, 32.717810444112615 ], [ -117.161099492219776, 32.71780909692437 ], [ -117.161107077601272, 32.718542897276983 ], [ -117.161110231092252, 32.718847958474683 ] ] ] } },
{ "type": "Feature", "properties": { "lon": -117.157879, "lat": 32.7172848, "neighborhood": "City Center", "block_id": "08TH_AV_B_ST", "st_north": "B_ST", "st_east": "08TH_AV", "st_south": "C_ST", "st_west": "07TH_AV" }, "geometry": { "type": "Polygon", "coordinates": [ [ [ -117.158347858963111, 32.716762972614539 ], [ -117.158352176463779, 32.717812875461128 ], [ -117.15783908377125, 32.717815102250746 ], [ -117.157441850810073, 32.717816825302847 ], [ -117.157441284876398, 32.717738337379402 ], [ -117.157434488034056, 32.716795098179745 ], [ -117.157434264870048, 32.716764200748962 ], [ -117.157490752632484, 32.716764125083934 ], [ -117.158347858963111, 32.716762972614539 ] ] ] } },
{ "type": "Feature", "properties": { "lon": -117.1588132, "lat": 32.7172886, "neighborhood": "City Center", "block_id": "07TH_AV_B_ST", "st_north": "B_ST", "st_east": "07TH_AV", "st_south": "C_ST", "st_west": "06TH_AV" }, "geometry": { "type": "Polygon", "coordinates": [ [ [ -117.158352176463779, 32.717812875461128 ], [ -117.158347858963111, 32.716762972614539 ], [ -117.159271234427592, 32.716764414109385 ], [ -117.159280254277121, 32.717638746608586 ], [ -117.159280365026675, 32.717649481927801 ], [ -117.159282036654318, 32.717811517983307 ], [ -117.158352176463779, 32.717812875461128 ] ] ] } },
{ "type": "Feature", "properties": { "lon": -117.1669394, "lat": 32.7172463, "neighborhood": "Columbia", "block_id": "STATE_ST_W_B_ST", "st_north": "W_B_ST", "st_east": "STATE_ST", "st_south": "W_C_ST", "st_west": "COLUMBIA_ST" }, "geometry": { "type": "Polygon", "coordinates": [ [ [ -117.166489746555968, 32.717769160613805 ], [ -117.166488640349229, 32.716724735903938 ], [ -117.167379419614221, 32.716718113379017 ], [ -117.1673838446643, 32.717768013199276 ], [ -117.166489746555968, 32.717769160613805 ] ] ] } },
{ "type": "Feature", "properties": { "lon": -117.167824, "lat": 32.7172386, "neighborhood": "Columbia", "block_id": "COLUMBIA_ST_W_B_ST", "st_north": "W_B_ST", "st_east": "COLUMBIA_ST", "st_south": "W_C_ST", "st_west": "INDIA_ST" }, "geometry": { "type": "Polygon", "coordinates": [ [ [ -117.167379419614221, 32.716718113379017 ], [ -117.16827995071074, 32.716711411813314 ], [ -117.16827794165448, 32.717766856606204 ], [ -117.1673838446643, 32.717768013199276 ], [ -117.167379419614221, 32.716718113379017 ] ] ] } },
{ "type": "Feature", "properties": { "lon": -117.1678207, "lat": 32.7162135, "neighborhood": "Columbia", "block_id": "COLUMBIA_ST_W_C_ST", "st_north": "W_C_ST", "st_east": "COLUMBIA_ST", "st_south": "W_BROADWAY", "st_west": "INDIA_ST" }, "geometry": { "type": "Polygon", "coordinates": [ [ [ -117.16827995071074, 32.716711411813314 ], [ -117.167379419614221, 32.716718113379017 ], [ -117.167379348858745, 32.716708240729886 ], [ -117.167378658751929, 32.716611805435726 ], [ -117.167372289254658, 32.715721987464768 ], [ -117.167372258534272, 32.715717703516169 ], [ -117.167374963582049, 32.715717699626886 ], [ -117.167375364649033, 32.715717699348879 ], [ -117.167388101638537, 32.715717682157887 ], [ -117.167450698576928, 32.715717596160893 ], [ -117.167557800831219, 32.715717448656136 ], [ -117.168269660846704, 32.715716466334861 ], [ -117.168279339717799, 32.71571645288418 ], [ -117.16827995071074, 32.716711411813314 ] ] ] } },
{ "type": "Feature", "properties": { "lon": -117.1678202, "lat": 32.7182872, "neighborhood": "Columbia", "block_id": "COLUMBIA_ST_W_A_ST", "st_north": "W_A_ST", "st_east": "COLUMBIA_ST", "st_south": "W_B_ST", "st_west": "INDIA_ST" }, "geometry": { "type": "Polygon", "coordinates": [ [ [ -117.168275846650047, 32.71881405653626 ], [ -117.167388241214127, 32.718815164750836 ], [ -117.167386902626689, 32.71849634750167 ], [ -117.167386034647393, 32.718289871214111 ], [ -117.1673838446643, 32.717768013199276 ], [ -117.16827794165448, 32.717766856606204 ], [ -117.168276496574322, 32.718489727446666 ], [ -117.168275846650047, 32.71881405653626 ] ] ] } },
{ "type": "Feature", "properties": { "lon": -117.1597396, "lat": 32.7172918, "neighborhood": "City Center", "block_id": "06TH_AV_B_ST", "st_north": "B_ST", "st_east": "06TH_AV", "st_south": "C_ST", "st_west": "05TH_AV" }, "geometry": { "type": "Polygon", "coordinates": [ [ [ -117.159271234427592, 32.716764414109385 ], [ -117.160165321341552, 32.716763316325505 ], [ -117.160172883136283, 32.717810444112615 ], [ -117.159282036654318, 32.717811517983307 ], [ -117.159280365026675, 32.717649481927801 ], [ -117.159280254277121, 32.717638746608586 ], [ -117.159271234427592, 32.716764414109385 ] ] ] } },
{ "type": "Feature", "properties": { "lon": -117.1615558, "lat": 32.7172806, "neighborhood": "City Center", "block_id": "04TH_AV_B_ST", "st_north": "B_ST", "st_east": "04TH_AV", "st_south": "C_ST", "st_west": "03RD_AV" }, "geometry": { "type": "Polygon", "coordinates": [ [ [ -117.162021711659207, 32.71675509987395 ], [ -117.162026044426611, 32.717802248882208 ], [ -117.161099492219776, 32.71780909692437 ], [ -117.161088668430608, 32.716761995914915 ], [ -117.162021711659207, 32.71675509987395 ] ] ] } },
{ "type": "Feature", "properties": { "lon": -117.1660488, "lat": 32.7193532, "neighborhood": "Columbia", "block_id": "UNION_ST_W_ASH_ST", "st_north": "W_ASH_ST", "st_east": "UNION_ST", "st_south": "W_A_ST", "st_west": "STATE_ST" }, "geometry": { "type": "Polygon", "coordinates": [ [ [ -117.165598096800522, 32.719883897473764 ], [ -117.165599322174472, 32.719218060015727 ], [ -117.16560005233589, 32.718820206870276 ], [ -117.166487658911635, 32.718819111516275 ], [ -117.166488965244454, 32.719882780680777 ], [ -117.165598096800522, 32.719883897473764 ] ] ] } },
{ "type": "Feature", "properties": { "lon": -117.1579005, "lat": 32.718341, "neighborhood": "City Center", "block_id": "08TH_AV_A_ST", "st_north": "A_ST", "st_east": "08TH_AV", "st_south": "B_ST", "st_west": "07TH_AV" }, "geometry": { "type": "Polygon", "coordinates": [ [ [ -117.158359745104264, 32.718862748983 ], [ -117.157446185838069, 32.71886947380527 ], [ -117.157444951151774, 32.718569895505944 ], [ -117.157441850810073, 32.717816825302847 ], [ -117.15783908377125, 32.717815102250746 ], [ -117.158352176463779, 32.717812875461128 ], [ -117.158352907673645, 32.717914256485585 ], [ -117.158357584679877, 32.718563177487923 ], [ -117.158359745104264, 32.718862748983 ] ] ] } },
{ "type": "Feature", "properties": { "lon": -117.1560671, "lat": 32.7162421, "neighborhood": "City Center", "block_id": "10TH_AV_C_ST", "st_north": "C_ST", "st_east": "10TH_AV", "st_south": "BROADWAY", "st_west": "09TH_AV" }, "geometry": { "type": "Polygon", "coordinates": [ [ [ -117.155613551468946, 32.716763840665436 ], [ -117.155606100393214, 32.715722208327669 ], [ -117.15581196572488, 32.715721314228745 ], [ -117.156522905356525, 32.715718221547718 ], [ -117.156528037545073, 32.716217222828398 ], [ -117.156528396770867, 32.716252150041946 ], [ -117.15653367481508, 32.716765326534343 ], [ -117.155613551468946, 32.716763840665436 ] ] ] } },
{ "type": "Feature", "properties": { "lon": -117.1542276, "lat": 32.7152116, "neighborhood": "City Center", "block_id": "PARK_BL_BROADWAY", "st_north": "BROADWAY", "st_east": "PARK_BL", "st_south": "E_ST", "st_west": "11TH_AV" }, "geometry": { "type": "Polygon", "coordinates": [ [ [ -117.154699075423665, 32.715728865059504 ], [ -117.153785520151573, 32.715732811761974 ], [ -117.153778175342339, 32.71469942785113 ], [ -117.154688468964466, 32.714695505050194 ], [ -117.154699075423665, 32.715728865059504 ] ] ] } },
{ "type": "Feature", "properties": { "lon": -117.161562, "lat": 32.7183232, "neighborhood": "City Center", "block_id": "04TH_AV_A_ST", "st_north": "A_ST", "st_east": "04TH_AV", "st_south": "B_ST", "st_west": "03RD_AV" }, "geometry": { "type": "Polygon", "coordinates": [ [ [ -117.161110231092252, 32.718847958474683 ], [ -117.161107077601272, 32.718542897276983 ], [ -117.161099492219776, 32.71780909692437 ], [ -117.162026044426611, 32.717802248882208 ], [ -117.162026748176231, 32.718536100121746 ], [ -117.162027040946086, 32.718841182473206 ], [ -117.161110231092252, 32.718847958474683 ] ] ] } },
{ "type": "Feature", "properties": { "lon": -117.1687224, "lat": 32.7167409, "neighborhood": "Columbia", "block_id": "INDIA_ST_W_B_ST", "st_north": "W_B_ST", "st_east": "INDIA_ST", "st_south": "W_BROADWAY", "st_west": "KETTNER_BL" }, "geometry": { "type": "Polygon", "coordinates": [ [ [ -117.16827794165448, 32.717766856606204 ], [ -117.16827995071074, 32.716711411813314 ], [ -117.168279339717799, 32.71571645288418 ], [ -117.169166913938497, 32.715715338257141 ], [ -117.169167478696082, 32.716704800579706 ], [ -117.169166633390688, 32.717166474615489 ], [ -117.169165534389208, 32.717765742005 ], [ -117.16827794165448, 32.717766856606204 ] ] ] } },
{ "type": "Feature", "properties": { "lon": -117.1578757, "lat": 32.7151887, "neighborhood": "City Center", "block_id": "08TH_AV_BROADWAY", "st_north": "BROADWAY", "st_east": "08TH_AV", "st_south": "E_ST", "st_west": "07TH_AV" }, "geometry": { "type": "Polygon", "coordinates": [ [ [ -117.158336001701031, 32.714665943760615 ], [ -117.158340262284781, 32.715710347244404 ], [ -117.157429958372802, 32.715714299703016 ], [ -117.157425736868547, 32.714672644487365 ], [ -117.158336001701031, 32.714665943760615 ] ] ] } },
{ "type": "Feature", "properties": { "lon": -117.1551477, "lat": 32.715209, "neighborhood": "City Center", "block_id": "11TH_AV_BROADWAY", "st_north": "BROADWAY", "st_east": "11TH_AV", "st_south": "E_ST", "st_west": "10TH_AV" }, "geometry": { "type": "Polygon", "coordinates": [ [ [ -117.154699075423665, 32.715728865059504 ], [ -117.154688468964466, 32.714695505050194 ], [ -117.15559548330134, 32.714688848396598 ], [ -117.155606100393214, 32.715722208327669 ], [ -117.154699075423665, 32.715728865059504 ] ] ] } },
{ "type": "Feature", "properties": { "lon": -117.1569898, "lat": 32.7162425, "neighborhood": "City Center", "block_id": "09TH_AV_C_ST", "st_north": "C_ST", "st_east": "09TH_AV", "st_south": "BROADWAY", "st_west": "08TH_AV" }, "geometry": { "type": "Polygon", "coordinates": [ [ [ -117.157429958372802, 32.715714299703016 ], [ -117.157431120841039, 32.715997754471751 ], [ -117.157431331109009, 32.716049053896882 ], [ -117.157434264870048, 32.716764200748962 ], [ -117.15653367481508, 32.716765326534343 ], [ -117.156528396770867, 32.716252150041946 ], [ -117.156528037545073, 32.716217222828398 ], [ -117.156522905356525, 32.715718221547718 ], [ -117.157429958372802, 32.715714299703016 ] ] ] } },
{ "type": "Feature", "properties": { "lon": -117.1578665, "lat": 32.7162322, "neighborhood": "City Center", "block_id": "08TH_AV_C_ST", "st_north": "C_ST", "st_east": "08TH_AV", "st_south": "BROADWAY", "st_west": "07TH_AV" }, "geometry": { "type": "Polygon", "coordinates": [ [ [ -117.157434264870048, 32.716764200748962 ], [ -117.157431331109009, 32.716049053896882 ], [ -117.157431120841039, 32.715997754471751 ], [ -117.157429958372802, 32.715714299703016 ], [ -117.158340262284781, 32.715710347244404 ], [ -117.158340931525373, 32.715803026913861 ], [ -117.158341229720548, 32.715844383091664 ], [ -117.158344476053571, 32.716294155060979 ], [ -117.158347858963111, 32.716762972614539 ], [ -117.157490752632484, 32.716764125083934 ], [ -117.157434264870048, 32.716764200748962 ] ] ] } },
{ "type": "Feature", "properties": { "lon": -117.1578739, "lat": 32.7141511, "neighborhood": "East Village", "block_id": "08TH_AV_E_ST", "st_north": "E_ST", "st_east": "08TH_AV", "st_south": "F_ST", "st_west": "07TH_AV" }, "geometry": { "type": "Polygon", "coordinates": [ [ [ -117.158336001701031, 32.714665943760615 ], [ -117.157425736868547, 32.714672644487365 ], [ -117.157418321150331, 32.713636509819324 ], [ -117.158328606804631, 32.713632557423317 ], [ -117.158336001701031, 32.714665943760615 ] ] ] } },
{ "type": "Feature", "properties": { "lon": -117.1569871, "lat": 32.7131219, "neighborhood": "East Village", "block_id": "09TH_AV_F_ST", "st_north": "F_ST", "st_east": "09TH_AV", "st_south": "G_ST", "st_west": "08TH_AV" }, "geometry": { "type": "Polygon", "coordinates": [ [ [ -117.157414014995794, 32.712586608862821 ], [ -117.157414036382022, 32.712591794619961 ], [ -117.157418321150331, 32.713636509819324 ], [ -117.15650803861412, 32.713640455473261 ], [ -117.156497298105961, 32.712596098873682 ], [ -117.156500953081448, 32.712596061187782 ], [ -117.157395612144768, 32.712586799269978 ], [ -117.157407567861995, 32.71258667523513 ], [ -117.157414014995794, 32.712586608862821 ] ] ] } },
{ "type": "Feature", "properties": { "lon": -117.1578741, "lat": 32.7131096, "neighborhood": "East Village", "block_id": "08TH_AV_F_ST", "st_north": "F_ST", "st_east": "08TH_AV", "st_south": "G_ST", "st_west": "07TH_AV" }, "geometry": { "type": "Polygon", "coordinates": [ [ [ -117.157418321150331, 32.713636509819324 ], [ -117.157414036382022, 32.712591794619961 ], [ -117.157414014995794, 32.712586608862821 ], [ -117.158271181154774, 32.712580299128078 ], [ -117.158292233893107, 32.712580144080562 ], [ -117.15830874310511, 32.712580022492375 ], [ -117.158315959419355, 32.712579969344446 ], [ -117.158324258287379, 32.712579908223034 ], [ -117.158324286764213, 32.712586915445854 ], [ -117.158324364276467, 32.712605616090322 ], [ -117.158324547645819, 32.712649908278422 ], [ -117.158326971930222, 32.713236879007162 ], [ -117.158328562565416, 32.713621950564509 ], [ -117.158328606804631, 32.713632557423317 ], [ -117.157418321150331, 32.713636509819324 ] ] ] } },
{ "type": "Feature", "properties": { "lon": -117.15698, "lat": 32.7141617, "neighborhood": "East Village", "block_id": "09TH_AV_E_ST", "st_north": "E_ST", "st_east": "09TH_AV", "st_south": "F_ST", "st_west": "08TH_AV" }, "geometry": { "type": "Polygon", "coordinates": [ [ [ -117.157425736868547, 32.714672644487365 ], [ -117.156515500190849, 32.714682089500769 ], [ -117.156512655176826, 32.714284323455118 ], [ -117.15650803861412, 32.713640455473261 ], [ -117.157418321150331, 32.713636509819324 ], [ -117.157425736868547, 32.714672644487365 ] ] ] } },
{ "type": "Feature", "properties": { "lon": -117.156977, "lat": 32.7151974, "neighborhood": "City Center", "block_id": "09TH_AV_BROADWAY", "st_north": "BROADWAY", "st_east": "09TH_AV", "st_south": "E_ST", "st_west": "08TH_AV" }, "geometry": { "type": "Polygon", "coordinates": [ [ [ -117.156515500190849, 32.714682089500769 ], [ -117.157425736868547, 32.714672644487365 ], [ -117.157429958372802, 32.715714299703016 ], [ -117.156522905356525, 32.715718221547718 ], [ -117.156515526915271, 32.714685828825708 ], [ -117.156515500190849, 32.714682089500769 ] ] ] } },
{ "type": "Feature", "properties": { "lon": -117.1560379, "lat": 32.7141601, "neighborhood": "East Village", "block_id": "10TH_AV_E_ST", "st_north": "E_ST", "st_east": "10TH_AV", "st_south": "F_ST", "st_west": "09TH_AV" }, "geometry": { "type": "Polygon", "coordinates": [ [ [ -117.15650803861412, 32.713640455473261 ], [ -117.156512655176826, 32.714284323455118 ], [ -117.156515500190849, 32.714682089500769 ], [ -117.15559548330134, 32.714688848396598 ], [ -117.155588004359956, 32.713644466013335 ], [ -117.155595782018906, 32.713644432348616 ], [ -117.155880252047865, 32.71364319264007 ], [ -117.15650803861412, 32.713640455473261 ] ] ] } },
{ "type": "Feature", "properties": { "lon": -117.1551366, "lat": 32.7131258, "neighborhood": "East Village", "block_id": "11TH_AV_F_ST", "st_north": "F_ST", "st_east": "11TH_AV", "st_south": "G_ST", "st_west": "10TH_AV" }, "geometry": { "type": "Polygon", "coordinates": [ [ [ -117.154670253699109, 32.71260401755282 ], [ -117.155569315768602, 32.712600134409939 ], [ -117.155570049577605, 32.712600130825287 ], [ -117.155578599358748, 32.712600094196766 ], [ -117.15558052561434, 32.71260008546313 ], [ -117.155583218662656, 32.71297610349967 ], [ -117.155587942138027, 32.713635814262965 ], [ -117.155588004359956, 32.713644466013335 ], [ -117.154680972561309, 32.71364837431156 ], [ -117.154680901542093, 32.713641454870768 ], [ -117.154680855584118, 32.713636977161208 ], [ -117.154675163884718, 32.713082428256904 ], [ -117.154670253699109, 32.71260401755282 ] ] ] } },
{ "type": "Feature", "properties": { "lon": -117.1551235, "lat": 32.7141652, "neighborhood": "East Village", "block_id": "11TH_AV_E_ST", "st_north": "E_ST", "st_east": "11TH_AV", "st_south": "F_ST", "st_west": "10TH_AV" }, "geometry": { "type": "Polygon", "coordinates": [ [ [ -117.154680972561309, 32.71364837431156 ], [ -117.155588004359956, 32.713644466013335 ], [ -117.15559548330134, 32.714688848396598 ], [ -117.154688468964466, 32.714695505050194 ], [ -117.154680972561309, 32.71364837431156 ] ] ] } },
{ "type": "Feature", "properties": { "lon": -117.1569277, "lat": 32.7109735, "neighborhood": "South East Village", "block_id": "09TH_AV_MARKET_ST", "st_north": "MARKET_ST", "st_east": "09TH_AV", "st_south": "ISLAND_AV", "st_west": "08TH_AV" }, "geometry": { "type": "Polygon", "coordinates": [ [ [ -117.156479660529484, 32.711513314799447 ], [ -117.15647888307916, 32.711437715821987 ], [ -117.156475822176432, 32.711140073534011 ], [ -117.156475424158586, 32.711101370118364 ], [ -117.156474313977753, 32.710993415504696 ], [ -117.156473976993411, 32.710960646901441 ], [ -117.156468638000888, 32.710441476166459 ], [ -117.157384693450084, 32.7104352887389 ], [ -117.157388815029321, 32.710957522628931 ], [ -117.157389110938027, 32.710994971571779 ], [ -117.157390889804674, 32.711220307244609 ], [ -117.157392579206245, 32.711434257289454 ], [ -117.157393160948246, 32.711507968558784 ], [ -117.157393163194499, 32.711508186763702 ], [ -117.157393167307319, 32.711508689905088 ], [ -117.157393170381482, 32.711509195759319 ], [ -117.157393171922294, 32.711509345437072 ], [ -117.157393029005604, 32.711509346488597 ], [ -117.156944052913502, 32.711511297348011 ], [ -117.156482433614755, 32.711513301630639 ], [ -117.156482016596556, 32.711513304695821 ], [ -117.156480916953925, 32.71151330917148 ], [ -117.156479660529484, 32.711513314799447 ] ] ] } },
{ "type": "Feature", "properties": { "lon": -117.1560569, "lat": 32.7152016, "neighborhood": "City Center", "block_id": "10TH_AV_BROADWAY", "st_north": "BROADWAY", "st_east": "10TH_AV", "st_south": "E_ST", "st_west": "09TH_AV" }, "geometry": { "type": "Polygon", "coordinates": [ [ [ -117.156522905356525, 32.715718221547718 ], [ -117.15581196572488, 32.715721314228745 ], [ -117.155606100393214, 32.715722208327669 ], [ -117.15559548330134, 32.714688848396598 ], [ -117.156515500190849, 32.714682089500769 ], [ -117.156515526915271, 32.714685828825708 ], [ -117.156522905356525, 32.715718221547718 ] ] ] } },
{ "type": "Feature", "properties": { "lon": -117.154232, "lat": 32.7141746, "neighborhood": "East Village", "block_id": "PARK_BL_E_ST", "st_north": "E_ST", "st_east": "PARK_BL", "st_south": "F_ST", "st_west": "11TH_AV" }, "geometry": { "type": "Polygon", "coordinates": [ [ [ -117.154688468964466, 32.714695505050194 ], [ -117.153778175342339, 32.71469942785113 ], [ -117.153770689780515, 32.71365229976206 ], [ -117.154680972561309, 32.71364837431156 ], [ -117.154688468964466, 32.714695505050194 ] ] ] } },
{ "type": "Feature", "properties": { "lon": -117.1578318, "lat": 32.7109649, "neighborhood": "South East Village", "block_id": "08TH_AV_MARKET_ST", "st_north": "MARKET_ST", "st_east": "08TH_AV", "st_south": "ISLAND_AV", "st_west": "07TH_AV" }, "geometry": { "type": "Polygon", "coordinates": [ [ [ -117.158285744548181, 32.710419861169164 ], [ -117.158301544809788, 32.711127923780388 ], [ -117.158303800356194, 32.711229018527824 ], [ -117.158309905733873, 32.711502597066712 ], [ -117.158303104364961, 32.711502644453638 ], [ -117.157596662911658, 32.711507848063427 ], [ -117.157449825597695, 32.711508928588849 ], [ -117.157394266194956, 32.711509337385827 ], [ -117.157393171922294, 32.711509345437072 ], [ -117.157393170381482, 32.711509195759319 ], [ -117.157393167307319, 32.711508689905088 ], [ -117.157393163194499, 32.711508186763702 ], [ -117.157393160948246, 32.711507968558784 ], [ -117.157392579206245, 32.711434257289454 ], [ -117.157390889804674, 32.711220307244609 ], [ -117.157389110938027, 32.710994971571779 ], [ -117.157388815029321, 32.710957522628931 ], [ -117.157384693450084, 32.7104352887389 ], [ -117.157385314114634, 32.710435278761899 ], [ -117.158285744548181, 32.710419861169164 ] ] ] } },
{ "type": "Feature", "properties": { "lon": -117.1560443, "lat": 32.7131208, "neighborhood": "East Village", "block_id": "10TH_AV_F_ST", "st_north": "F_ST", "st_east": "10TH_AV", "st_south": "G_ST", "st_west": "09TH_AV" }, "geometry": { "type": "Polygon", "coordinates": [ [ [ -117.15650803861412, 32.713640455473261 ], [ -117.155880252047865, 32.71364319264007 ], [ -117.155595782018906, 32.713644432348616 ], [ -117.155588004359956, 32.713644466013335 ], [ -117.155587942138027, 32.713635814262965 ], [ -117.155583218662656, 32.71297610349967 ], [ -117.15558052561434, 32.71260008546313 ], [ -117.155589377230754, 32.712600046617489 ], [ -117.156382513959244, 32.712596598046986 ], [ -117.156477919250577, 32.712596182698356 ], [ -117.156489576000737, 32.712596132187549 ], [ -117.156494105802409, 32.712596112418723 ], [ -117.156497298105961, 32.712596098873682 ], [ -117.15650803861412, 32.713640455473261 ] ] ] } },
{ "type": "Feature", "properties": { "lon": -117.156925, "lat": 32.7120459, "neighborhood": "East Village", "block_id": "09TH_AV_G_ST", "st_north": "G_ST", "st_east": "09TH_AV", "st_south": "MARKET_ST", "st_west": "08TH_AV" }, "geometry": { "type": "Polygon", "coordinates": [ [ [ -117.157414014995794, 32.712586608862821 ], [ -117.157407567861995, 32.71258667523513 ], [ -117.157395612144768, 32.712586799269978 ], [ -117.156500953081448, 32.712596061187782 ], [ -117.156497298105961, 32.712596098873682 ], [ -117.15649724592393, 32.712592891763492 ], [ -117.156497136793192, 32.712586221483598 ], [ -117.156497052840081, 32.712581065944072 ], [ -117.156489293060275, 32.712104694288897 ], [ -117.156488624614781, 32.712063654644766 ], [ -117.156479697483235, 32.711515767264075 ], [ -117.156479669672919, 32.711513892748428 ], [ -117.156479660529484, 32.711513314799447 ], [ -117.156480916953925, 32.71151330917148 ], [ -117.156482016596556, 32.711513304695821 ], [ -117.156482433614755, 32.711513301630639 ], [ -117.156944052913502, 32.711511297348011 ], [ -117.157393029005604, 32.711509346488597 ], [ -117.157393171922294, 32.711509345437072 ], [ -117.157395243626894, 32.711616409271343 ], [ -117.157400206518062, 32.711872943413283 ], [ -117.157403803535587, 32.712058857814611 ], [ -117.157413704402472, 32.712570529492758 ], [ -117.157413914211048, 32.712581377701014 ], [ -117.157414014995794, 32.712586608862821 ] ] ] } },
{ "type": "Feature", "properties": { "lon": -117.1578632, "lat": 32.7120448, "neighborhood": "East Village", "block_id": "08TH_AV_G_ST", "st_north": "G_ST", "st_east": "08TH_AV", "st_south": "MARKET_ST", "st_west": "07TH_AV" }, "geometry": { "type": "Polygon", "coordinates": [ [ [ -117.157393171922294, 32.711509345437072 ], [ -117.157394266194956, 32.711509337385827 ], [ -117.157449825597695, 32.711508928588849 ], [ -117.157596662911658, 32.711507848063427 ], [ -117.158303104364961, 32.711502644453638 ], [ -117.158309905733873, 32.711502597066712 ], [ -117.158309928014177, 32.711504241678917 ], [ -117.158324078606043, 32.712566405066873 ], [ -117.158324258287379, 32.712579908223034 ], [ -117.158315959419355, 32.712579969344446 ], [ -117.15830874310511, 32.712580022492375 ], [ -117.158292233893107, 32.712580144080562 ], [ -117.158271181154774, 32.712580299128078 ], [ -117.157414014995794, 32.712586608862821 ], [ -117.157413914211048, 32.712581377701014 ], [ -117.157413704402472, 32.712570529492758 ], [ -117.157403803535587, 32.712058857814611 ], [ -117.157400206518062, 32.711872943413283 ], [ -117.157395243626894, 32.711616409271343 ], [ -117.157393171922294, 32.711509345437072 ] ] ] } },
{ "type": "Feature", "properties": { "lon": -117.1560639, "lat": 32.7172883, "neighborhood": "City Center", "block_id": "10TH_AV_B_ST", "st_north": "B_ST", "st_east": "10TH_AV", "st_south": "C_ST", "st_west": "09TH_AV" }, "geometry": { "type": "Polygon", "coordinates": [ [ [ -117.15653367481508, 32.716765326534343 ], [ -117.156539801721038, 32.717615639871511 ], [ -117.156539906725271, 32.717630308628976 ], [ -117.156541278267184, 32.717820699443699 ], [ -117.155619565086809, 32.717817438874626 ], [ -117.155613551468946, 32.716763840665436 ], [ -117.15653367481508, 32.716765326534343 ] ] ] } },
{ "type": "Feature", "properties": { "lon": -117.1481553, "lat": 32.7099349, "neighborhood": "South East Village", "block_id": "I-5_SB_ISLAND_AV", "st_north": "ISLAND_AV", "st_east": "I-5_SB", "st_south": "J_ST", "st_west": "17TH_ST" }, "geometry": { "type": "Polygon", "coordinates": [ [ [ -117.148549263005592, 32.710455453817282 ], [ -117.147762514790458, 32.710455686524462 ], [ -117.147732513758839, 32.709425213653233 ], [ -117.148551620173521, 32.709411002783469 ], [ -117.148549263005592, 32.710455453817282 ] ] ] } },
{ "type": "Feature", "properties": { "lon": -117.1481409, "lat": 32.7109953, "neighborhood": "South East Village", "block_id": "I-5_SB_MARKET_ST", "st_north": "MARKET_ST", "st_east": "I-5_SB", "st_south": "ISLAND_AV", "st_west": "17TH_ST" }, "geometry": { "type": "Polygon", "coordinates": [ [ [ -117.147762514790458, 32.710455686524462 ], [ -117.148549263005592, 32.710455453817282 ], [ -117.148550489606777, 32.711532861739187 ], [ -117.147734480747104, 32.71153330738403 ], [ -117.14776249378167, 32.710456451353444 ], [ -117.147762514790458, 32.710455686524462 ] ] ] } },
{ "type": "Feature", "properties": { "lon": -117.1481715, "lat": 32.7089424, "neighborhood": "South East Village", "block_id": "I-5_SB_OFF_RA_J_ST", "st_north": "J_ST", "st_east": "I-5_SB_OFF_RA", "st_south": "Map_Border", "st_west": "I-5_SB_ON_RA" }, "geometry": { "type": "Polygon", "coordinates": [ [ [ -117.148551620173521, 32.709411002783469 ], [ -117.147732513758839, 32.709425213653233 ], [ -117.147732446510489, 32.70935158432205 ], [ -117.147881411045987, 32.708723259949807 ], [ -117.147885254474417, 32.70870990694695 ], [ -117.147889107527845, 32.708696556579099 ], [ -117.147892970215437, 32.708683209747953 ], [ -117.147896845690809, 32.708669861921862 ], [ -117.147900731885159, 32.708656519428018 ], [ -117.147904623420061, 32.708643177796894 ], [ -117.147908528836794, 32.708629837868095 ], [ -117.147912443887648, 32.70861650147593 ], [ -117.147916371726225, 32.708603164088849 ], [ -117.147920306026975, 32.708589832966709 ], [ -117.147924253124614, 32.708576501751288 ], [ -117.14792821090451, 32.708563172261456 ], [ -117.147932177251988, 32.70854984631611 ], [ -117.147936154263363, 32.708536520292917 ], [ -117.147940140927233, 32.708523199609807 ], [ -117.147944140387949, 32.70850987883334 ], [ -117.147948146301658, 32.708496563420233 ], [ -117.147952165002991, 32.708483247012111 ], [ -117.147956194377414, 32.708469931427892 ], [ -117.147960232337752, 32.708456621191452 ], [ -117.147964280998679, 32.708443314483958 ], [ -117.14796834241973, 32.70843000407644 ], [ -117.147972410321202, 32.708416701737235 ], [ -117.147976495285619, 32.708403399273685 ], [ -117.147980582409346, 32.708390099499454 ], [ -117.147984682357432, 32.708376802336993 ], [ -117.147988793006121, 32.708363508703385 ], [ -117.147991267244592, 32.708355528317995 ], [ -117.147992916442419, 32.70835021407477 ], [ -117.147997046331625, 32.708336924809508 ], [ -117.1480011890268, 32.708323636352567 ], [ -117.148005342404204, 32.708310349621165 ], [ -117.148009504349062, 32.70829706643422 ], [ -117.14801367697612, 32.708283784972863 ], [ -117.148017858143177, 32.708270504350843 ], [ -117.148022053228601, 32.708257229037798 ], [ -117.148026257902117, 32.708243952753044 ], [ -117.148030470104217, 32.708230682725521 ], [ -117.148034694064108, 32.708217415317428 ], [ -117.148038927593703, 32.708204145134282 ], [ -117.148043175041707, 32.708190880260105 ], [ -117.148047428878201, 32.708177614437453 ], [ -117.148051692376342, 32.7081643548565 ], [ -117.148055968698742, 32.708151097887281 ], [ -117.148060254618372, 32.708137840847954 ], [ -117.148064551229297, 32.7081245864359 ], [ -117.148068856426079, 32.708111337371591 ], [ -117.148073172295767, 32.708098089131092 ], [ -117.148077500980591, 32.70808484260067 ], [ -117.14808183609064, 32.70807159872848 ], [ -117.148086183997407, 32.708058354762947 ], [ -117.14809054263219, 32.708045117031304 ], [ -117.14809490978854, 32.708031878335717 ], [ -117.148098571600841, 32.70802080534699 ], [ -117.148234590629258, 32.708360266855571 ], [ -117.14827536751703, 32.70846203064653 ], [ -117.148548006200116, 32.709056471022691 ], [ -117.148551620173521, 32.709411002783469 ] ] ] } },
{ "type": "Feature", "properties": { "lon": -117.1541784, "lat": 32.7099239, "neighborhood": "South East Village", "block_id": "PARK_BL_ISLAND_AV", "st_north": "ISLAND_AV", "st_east": "PARK_BL", "st_south": "J_ST", "st_west": "11TH_AV" }, "geometry": { "type": "Polygon", "coordinates": [ [ [ -117.154634142782726, 32.709402265607963 ], [ -117.154648168022561, 32.710452095029162 ], [ -117.153741112639182, 32.710450496208331 ], [ -117.153730348984226, 32.709400646469156 ], [ -117.154634142782726, 32.709402265607963 ] ] ] } },
{ "type": "Feature", "properties": { "lon": -117.1551035, "lat": 32.7099236, "neighborhood": "South East Village", "block_id": "11TH_AV_ISLAND_AV", "st_north": "ISLAND_AV", "st_east": "11TH_AV", "st_south": "J_ST", "st_west": "10TH_AV" }, "geometry": { "type": "Polygon", "coordinates": [ [ [ -117.154648168022561, 32.710452095029162 ], [ -117.154634142782726, 32.709402265607963 ], [ -117.155547604147955, 32.709395561616034 ], [ -117.155547612673701, 32.709396080054617 ], [ -117.155547682557511, 32.709400287065577 ], [ -117.155557373422255, 32.709987074450218 ], [ -117.155560860620142, 32.710198192435975 ], [ -117.155564483517921, 32.710417534207757 ], [ -117.15556477461476, 32.710435175537718 ], [ -117.155564806308888, 32.710437118557159 ], [ -117.155562244745212, 32.710437160811658 ], [ -117.155561161252848, 32.710437178686739 ], [ -117.15556056938442, 32.710437188443144 ], [ -117.154748939400747, 32.71045044863493 ], [ -117.154648168022561, 32.710452095029162 ] ] ] } },
{ "type": "Feature", "properties": { "lon": -117.1541961, "lat": 32.7109863, "neighborhood": "South East Village", "block_id": "PARK_BL_MARKET_ST", "st_north": "MARKET_ST", "st_east": "PARK_BL", "st_south": "ISLAND_AV", "st_west": "11TH_AV" }, "geometry": { "type": "Polygon", "coordinates": [ [ [ -117.153741112639182, 32.710450496208331 ], [ -117.154648168022561, 32.710452095029162 ], [ -117.154652610357786, 32.711518484917221 ], [ -117.153745672689666, 32.711523715874421 ], [ -117.153744183767827, 32.711523724080024 ], [ -117.153741112639182, 32.710450496208331 ] ] ] } },
{ "type": "Feature", "properties": { "lon": -117.1559891, "lat": 32.7099117, "neighborhood": "South East Village", "block_id": "10TH_AV_ISLAND_AV", "st_north": "ISLAND_AV", "st_east": "10TH_AV", "st_south": "J_ST", "st_west": "09TH_AV" }, "geometry": { "type": "Polygon", "coordinates": [ [ [ -117.155564806308888, 32.710437118557159 ], [ -117.15556477461476, 32.710435175537718 ], [ -117.155564483517921, 32.710417534207757 ], [ -117.155560860620142, 32.710198192435975 ], [ -117.155557373422255, 32.709987074450218 ], [ -117.155547682557511, 32.709400287065577 ], [ -117.155547612673701, 32.709396080054617 ], [ -117.155547604147955, 32.709395561616034 ], [ -117.156451368599363, 32.709394419145688 ], [ -117.156453182398025, 32.709504420043807 ], [ -117.156453185105718, 32.709504579632096 ], [ -117.156462257589013, 32.710054605744062 ], [ -117.156465057187646, 32.710224371315206 ], [ -117.156468638000888, 32.710441476166459 ], [ -117.156016813341282, 32.710439298421555 ], [ -117.155589344892505, 32.710437236847575 ], [ -117.155571247888091, 32.710437149708874 ], [ -117.155564806308888, 32.710437118557159 ] ] ] } },
{ "type": "Feature", "properties": { "lon": -117.1541965, "lat": 32.712061, "neighborhood": "East Village", "block_id": "PARK_BL_G_ST", "st_north": "G_ST", "st_east": "PARK_BL", "st_south": "MARKET_ST", "st_west": "11TH_AV" }, "geometry": { "type": "Polygon", "coordinates": [ [ [ -117.154652610357786, 32.711518484917221 ], [ -117.154652804922321, 32.711530479352092 ], [ -117.154654617228204, 32.711642004220678 ], [ -117.154670253699109, 32.71260401755282 ], [ -117.153763260744981, 32.712610667401897 ], [ -117.153750073565391, 32.711859423460851 ], [ -117.153744351129987, 32.711533389517612 ], [ -117.15374421207558, 32.711525340694266 ], [ -117.153744183767827, 32.711523724080024 ], [ -117.153745672689666, 32.711523715874421 ], [ -117.154652610357786, 32.711518484917221 ] ] ] } },
{ "type": "Feature", "properties": { "lon": -117.1489996, "lat": 32.708891, "neighborhood": "South East Village", "block_id": "17TH_ST_J_ST", "st_north": "J_ST", "st_east": "17TH_ST", "st_south": "K_ST", "st_west": "16TH_ST" }, "geometry": { "type": "Polygon", "coordinates": [ [ [ -117.148551620173521, 32.709411002783469 ], [ -117.148548006200116, 32.709056471022691 ], [ -117.148544225160677, 32.708366622836621 ], [ -117.149431725611848, 32.708365650231357 ], [ -117.14945213412561, 32.709409935289877 ], [ -117.148551620173521, 32.709411002783469 ] ] ] } },
{ "type": "Feature", "properties": { "lon": -117.148167, "lat": 32.706935, "neighborhood": "South East Village", "block_id": "I-5_SB_ON_RA_Map_Border", "st_north": "Map_Border", "st_east": "I-5_SB_ON_RA", "st_south": "IMPERIAL_AV", "st_west": "I-5_SB_OFF_RA" }, "geometry": { "type": "Polygon", "coordinates": [ [ [ -117.147729843127536, 32.706468836263959 ], [ -117.14772966621706, 32.706272692769403 ], [ -117.14852282233521, 32.706266916301196 ], [ -117.148533441630818, 32.706670870082846 ], [ -117.148533375320966, 32.706703289039901 ], [ -117.148533118602799, 32.706717028025693 ], [ -117.148533033789491, 32.706719903392454 ], [ -117.148532725374409, 32.706730768006139 ], [ -117.148532195553031, 32.706744500866094 ], [ -117.14853152919369, 32.706758232015723 ], [ -117.148530726259636, 32.706771957848233 ], [ -117.148529789941037, 32.706785677438702 ], [ -117.148528714886936, 32.706799389022571 ], [ -117.148527502145512, 32.706813090788756 ], [ -117.148526156010092, 32.706826785411202 ], [ -117.148524673253689, 32.706840470208178 ], [ -117.148523050676715, 32.706854145203025 ], [ -117.148521297840745, 32.706867806719053 ], [ -117.148519405156549, 32.706881455727874 ], [ -117.148517378995379, 32.706895089477861 ], [ -117.148515216185302, 32.706908710697306 ], [ -117.148512919861332, 32.706922313051251 ], [ -117.148510486860758, 32.706935900169583 ], [ -117.148507920382997, 32.706949472029066 ], [ -117.148505220391201, 32.706963025022979 ], [ -117.148502383612339, 32.706976551961276 ], [ -117.14849941335612, 32.70699006364061 ], [ -117.148496306358581, 32.707003553772651 ], [ -117.148493068972726, 32.707017017802393 ], [ -117.14848969593956, 32.707030462982033 ], [ -117.148486191423927, 32.707043879362104 ], [ -117.148482550175984, 32.707057275096439 ], [ -117.148478778502735, 32.707070641121803 ], [ -117.148474874298671, 32.707083980158622 ], [ -117.148470838611857, 32.707097290395843 ], [ -117.148466666137466, 32.707110574577236 ], [ -117.148462367466649, 32.707123825411763 ], [ -117.148457934122675, 32.707137048371656 ], [ -117.148453371364411, 32.707150236204555 ], [ -117.14844867815286, 32.707163391623276 ], [ -117.148443851288533, 32.707176514651202 ], [ -117.148438896085352, 32.70718960344599 ], [ -117.148433808249891, 32.707202655333745 ], [ -117.148428596295517, 32.707215668448939 ], [ -117.148423251736233, 32.707228647362086 ], [ -117.148417778810426, 32.707241589337073 ], [ -117.148412178510966, 32.707254487152696 ], [ -117.148406448778346, 32.707267348037888 ], [ -117.148400590642311, 32.707280168378169 ], [ -117.148394609389243, 32.707292943626314 ], [ -117.148388497590474, 32.707305677443372 ], [ -117.14838226163566, 32.707318368880998 ], [ -117.14837589828862, 32.70733101435588 ], [ -117.148369410748671, 32.707343613844571 ], [ -117.148362796864461, 32.707356165559382 ], [ -117.148356057739235, 32.707368673099076 ], [ -117.148349198640986, 32.707381130113163 ], [ -117.148342212122714, 32.707393538459321 ], [ -117.148335104555741, 32.707405895385889 ], [ -117.148327873834532, 32.70741820361345 ], [ -117.148320520998055, 32.707430460429144 ], [ -117.148313048151692, 32.707442663112374 ], [ -117.148305451038539, 32.707454812595955 ], [ -117.148297739238743, 32.707466907006484 ], [ -117.148293755810172, 32.707472790121976 ], [ -117.148285795404334, 32.707484770919891 ], [ -117.148277986134659, 32.707496825460836 ], [ -117.14827033326948, 32.707508947394345 ], [ -117.148262831503899, 32.70752113946422 ], [ -117.148255485048765, 32.707533396229451 ], [ -117.148248292865233, 32.707545720402841 ], [ -117.148241257040326, 32.707558107460493 ], [ -117.148234381849406, 32.707570558273083 ], [ -117.14822765981782, 32.707583071993312 ], [ -117.148221100507257, 32.707595644944554 ], [ -117.148214698576211, 32.707608276264075 ], [ -117.148208459347941, 32.707620965011337 ], [ -117.148202376386763, 32.707633707626321 ], [ -117.148197830560207, 32.707643539047879 ], [ -117.148196460385392, 32.707646506736282 ], [ -117.14819070385073, 32.707659359690766 ], [ -117.148185109918018, 32.707672260154645 ], [ -117.148179682926909, 32.707685215310335 ], [ -117.148174412111331, 32.707698215317066 ], [ -117.148169311345029, 32.7077112609756 ], [ -117.148164376398825, 32.707724355923744 ], [ -117.148159608256663, 32.707737492038603 ], [ -117.148155002680028, 32.707750672056306 ], [ -117.148150562822693, 32.707763891445325 ], [ -117.148146299358856, 32.707777151029504 ], [ -117.148142199463038, 32.707790448197166 ], [ -117.148138265259107, 32.707803782031036 ], [ -117.148134503127736, 32.707817150681272 ], [ -117.148130907708989, 32.707830551481614 ], [ -117.148127484326196, 32.707843983491649 ], [ -117.148124230883226, 32.707857450333535 ], [ -117.148121147288293, 32.707870942990589 ], [ -117.14811823568364, 32.707884462349 ], [ -117.148115492860597, 32.707898007530389 ], [ -117.148112919867458, 32.707911576723639 ], [ -117.14811052629355, 32.707925168957175 ], [ -117.148108298256147, 32.707938782528686 ], [ -117.148106245307815, 32.707952412859754 ], [ -117.148104366409697, 32.707966062663388 ], [ -117.148102655135403, 32.707979729280986 ], [ -117.148101121046707, 32.707993409036156 ], [ -117.148099760962523, 32.708007103755371 ], [ -117.148098571600841, 32.70802080534699 ], [ -117.148087929062882, 32.708010421759077 ], [ -117.148077541680181, 32.707999852357069 ], [ -117.148067420172751, 32.707989102473384 ], [ -117.148057552864259, 32.707978177603621 ], [ -117.14804796647222, 32.707967082963677 ], [ -117.148038651425679, 32.707955821328525 ], [ -117.148029610988402, 32.707944398986697 ], [ -117.148020858022576, 32.707932822156714 ], [ -117.148012390413513, 32.70792109265755 ], [ -117.148004210376882, 32.707909218588803 ], [ -117.147996325396392, 32.707897201699438 ], [ -117.147988733430893, 32.707885051021911 ], [ -117.147981439831113, 32.707872768320726 ], [ -117.147974454296502, 32.707860363444418 ], [ -117.147967769343111, 32.707847834644085 ], [ -117.147961395764398, 32.707835194465588 ], [ -117.147955329303457, 32.707822443841692 ], [ -117.14794958499219, 32.70780959258208 ], [ -117.147944153222795, 32.707796639855076 ], [ -117.147939040513634, 32.70778359733584 ], [ -117.147934244722222, 32.707770464138314 ], [ -117.147929776651338, 32.70775725370995 ], [ -117.147925633064546, 32.70774396246739 ], [ -117.147921813069814, 32.707730607550289 ], [ -117.14791832518047, 32.70771718709311 ], [ -117.147915160919595, 32.707703706568125 ], [ -117.147912334234135, 32.70769017398942 ], [ -117.147909839855785, 32.707676595707618 ], [ -117.147907675697297, 32.707662976246574 ], [ -117.147905849279141, 32.707649320962041 ], [ -117.147905450502392, 32.707645668209466 ], [ -117.147904354293914, 32.707635638917324 ], [ -117.147903197158939, 32.707621931869184 ], [ -117.14790260830064, 32.707612706842532 ], [ -117.147900954518917, 32.707599036774866 ], [ -117.147899300737649, 32.707585366707207 ], [ -117.147897642663352, 32.707571693965562 ], [ -117.147895985683633, 32.707558023921152 ], [ -117.147894324438496, 32.707544353907799 ], [ -117.14789265786132, 32.70753068393325 ], [ -117.147890993417718, 32.707517013943146 ], [ -117.147889323669645, 32.707503346696882 ], [ -117.147887652828089, 32.707489676753319 ], [ -117.147885978787528, 32.707476006833062 ], [ -117.147884305841572, 32.707462339610061 ], [ -117.147882625403113, 32.707448669736323 ], [ -117.147880944974375, 32.707435000764249 ], [ -117.147879265630991, 32.707421333587781 ], [ -117.147877582022161, 32.707407666442307 ], [ -117.147875895186814, 32.707393996615139 ], [ -117.147874205180074, 32.707380329516248 ], [ -117.14787251197437, 32.707366662440648 ], [ -117.147870818769192, 32.707352995364985 ], [ -117.14786912236508, 32.707339328312642 ], [ -117.147867425961465, 32.707325661260249 ], [ -117.147865726358887, 32.707311994231169 ], [ -117.147864023557418, 32.707298327225338 ], [ -117.147862317584469, 32.707284662947814 ], [ -117.147860611584562, 32.707270995965253 ], [ -117.147858901319196, 32.707257329013729 ], [ -117.147857188958113, 32.707243665684388 ], [ -117.147855473361346, 32.707229998771687 ], [ -117.147853757820229, 32.707216337268925 ], [ -117.147852037931031, 32.707202667682232 ], [ -117.147850319163936, 32.707189003497767 ], [ -117.147848597197921, 32.707175339336551 ], [ -117.147846870966475, 32.707161675206393 ], [ -117.147845142602549, 32.707148011091711 ], [ -117.14784341317268, 32.707134346984795 ], [ -117.147841681619553, 32.707120683795111 ], [ -117.147839945819399, 32.707107022439786 ], [ -117.147838207831654, 32.707093355689913 ], [ -117.147836468833134, 32.707079694357851 ], [ -117.147834726608068, 32.707066030344016 ], [ -117.147832985450052, 32.707052366322365 ], [ -117.147831240054131, 32.70703870503683 ], [ -117.147829491440987, 32.707025041971242 ], [ -117.147827739619714, 32.707011378027211 ], [ -117.14782598465456, 32.706997719516473 ], [ -117.147824233900849, 32.706984055564675 ], [ -117.147822475709816, 32.706970394372199 ], [ -117.147820714319849, 32.706956733203 ], [ -117.147818952939616, 32.706943072935445 ], [ -117.147817188351283, 32.706929411789524 ], [ -117.14781542376349, 32.706915750643539 ], [ -117.147813656004388, 32.706902092225896 ], [ -117.147811885046295, 32.70688843383153 ], [ -117.1478101108342, 32.706874770050348 ], [ -117.147808335620525, 32.706861112588662 ], [ -117.14780655823759, 32.706847451535729 ], [ -117.147804777683362, 32.706833793211104 ], [ -117.14780299390263, 32.706820132204783 ], [ -117.147801209083553, 32.706806473911215 ], [ -117.147799422141247, 32.706792816534822 ], [ -117.147729843127536, 32.706468836263959 ] ] ] } },
{ "type": "Feature", "properties": { "lon": -117.1489889, "lat": 32.7099281, "neighborhood": "South East Village", "block_id": "17TH_ST_ISLAND_AV", "st_north": "ISLAND_AV", "st_east": "17TH_ST", "st_south": "J_ST", "st_west": "16TH_ST" }, "geometry": { "type": "Polygon", "coordinates": [ [ [ -117.148549263005592, 32.710455453817282 ], [ -117.148551620173521, 32.709411002783469 ], [ -117.14945213412561, 32.709409935289877 ], [ -117.149446477555841, 32.710448913470742 ], [ -117.148549263005592, 32.710455453817282 ] ] ] } },
{ "type": "Feature", "properties": { "lon": -117.1483469, "lat": 32.7162533, "neighborhood": "East Village", "block_id": "I-5_SB_ON_RA_C_ST", "st_north": "C_ST", "st_east": "I-5_SB_ON_RA", "st_south": "BROADWAY", "st_west": "17TH_ST" }, "geometry": { "type": "Polygon", "coordinates": [ [ [ -117.148577356671069, 32.715762627085539 ], [ -117.148588087754604, 32.716815226662774 ], [ -117.148217414396981, 32.716812429732947 ], [ -117.148128687194983, 32.716400799104463 ], [ -117.148067424859292, 32.716131890737401 ], [ -117.148023959668521, 32.715852757772566 ], [ -117.14802016181207, 32.715840878841156 ], [ -117.14801603388571, 32.715827592892175 ], [ -117.148012018698211, 32.715814274561261 ], [ -117.148008112093336, 32.715800934699601 ], [ -117.14800432471867, 32.715787571426162 ], [ -117.14800064378413, 32.715774185735803 ], [ -117.147998679883372, 32.715766841830821 ], [ -117.148314026133761, 32.715764545368764 ], [ -117.148577356671069, 32.715762627085539 ] ] ] } },
{ "type": "Feature", "properties": { "lon": -117.1490392, "lat": 32.7162877, "neighborhood": "East Village", "block_id": "17TH_ST_C_ST", "st_north": "C_ST", "st_east": "17TH_ST", "st_south": "BROADWAY", "st_west": "16TH_ST" }, "geometry": { "type": "Polygon", "coordinates": [ [ [ -117.148588087754604, 32.716815226662774 ], [ -117.148577356671069, 32.715762627085539 ], [ -117.149487632363048, 32.715755991671294 ], [ -117.149491956418558, 32.716816883494019 ], [ -117.148588087754604, 32.716815226662774 ] ] ] } },
{ "type": "Feature", "properties": { "lon": -117.1511898, "lat": 32.7162738, "neighborhood": "East Village", "block_id": "15TH_ST_C_ST", "st_north": "C_ST", "st_east": "15TH_ST", "st_south": "BROADWAY", "st_west": "14TH_ST" }, "geometry": { "type": "Polygon", "coordinates": [ [ [ -117.151968551862808, 32.71641400474293 ], [ -117.151972433015217, 32.716793271185409 ], [ -117.150418467816095, 32.716807374372557 ], [ -117.150413133408534, 32.716285195308842 ], [ -117.150407686772482, 32.715752023948653 ], [ -117.151964940594411, 32.715743393724694 ], [ -117.151968551862808, 32.71641400474293 ] ] ] } },
{ "type": "Feature", "properties": { "lon": -117.1523968, "lat": 32.7162585, "neighborhood": "East Village", "block_id": "14TH_ST_C_ST", "st_north": "C_ST", "st_east": "14TH_ST", "st_south": "BROADWAY", "st_west": "13TH_ST" }, "geometry": { "type": "Polygon", "coordinates": [ [ [ -117.151972433015217, 32.716793271185409 ], [ -117.151968551862808, 32.71641400474293 ], [ -117.151964940594411, 32.715743393724694 ], [ -117.152868743065085, 32.71573952649468 ], [ -117.152872304932828, 32.716404643589804 ], [ -117.152872938955994, 32.71678393380288 ], [ -117.151972433015217, 32.716793271185409 ] ] ] } },
{ "type": "Feature", "properties": { "lon": -117.1533446, "lat": 32.716262, "neighborhood": "East Village", "block_id": "13TH_ST_C_ST", "st_north": "C_ST", "st_east": "13TH_ST", "st_south": "BROADWAY", "st_west": "PARK_BL" }, "geometry": { "type": "Polygon", "coordinates": [ [ [ -117.152872938955994, 32.71678393380288 ], [ -117.152872304932828, 32.716404643589804 ], [ -117.152868743065085, 32.71573952649468 ], [ -117.153785520151573, 32.715732811761974 ], [ -117.153792949741046, 32.71677444691484 ], [ -117.152872938955994, 32.71678393380288 ] ] ] } },
{ "type": "Feature", "properties": { "lon": -117.1499595, "lat": 32.7162861, "neighborhood": "East Village", "block_id": "16TH_ST_C_ST", "st_north": "C_ST", "st_east": "16TH_ST", "st_south": "BROADWAY", "st_west": "15TH_ST" }, "geometry": { "type": "Polygon", "coordinates": [ [ [ -117.149491956418558, 32.716816883494019 ], [ -117.149487632363048, 32.715755991671294 ], [ -117.150407686772482, 32.715752023948653 ], [ -117.150413133408534, 32.716285195308842 ], [ -117.150418467816095, 32.716807374372557 ], [ -117.149491956418558, 32.716816883494019 ] ] ] } },
{ "type": "Feature", "properties": { "lon": -117.1490277, "lat": 32.7152345, "neighborhood": "East Village", "block_id": "17TH_ST_BROADWAY", "st_north": "BROADWAY", "st_east": "17TH_ST", "st_south": "E_ST", "st_west": "16TH_ST" }, "geometry": { "type": "Polygon", "coordinates": [ [ [ -117.149487632363048, 32.715755991671294 ], [ -117.148577356671069, 32.715762627085539 ], [ -117.148569792687326, 32.714701754438423 ], [ -117.149480284991682, 32.714717105468445 ], [ -117.149487632363048, 32.715755991671294 ] ] ] } },
{ "type": "Feature", "properties": { "lon": -117.149933, "lat": 32.7152315, "neighborhood": "East Village", "block_id": "16TH_ST_BROADWAY", "st_north": "BROADWAY", "st_east": "16TH_ST", "st_south": "E_ST", "st_west": "15TH_ST" }, "geometry": { "type": "Polygon", "coordinates": [ [ [ -117.150407686772482, 32.715752023948653 ], [ -117.149487632363048, 32.715755991671294 ], [ -117.149480284991682, 32.714717105468445 ], [ -117.150400328585178, 32.7147131405058 ], [ -117.150407686772482, 32.715752023948653 ] ] ] } },
{ "type": "Feature", "properties": { "lon": -117.1533262, "lat": 32.7152197, "neighborhood": "East Village", "block_id": "13TH_ST_BROADWAY", "st_north": "BROADWAY", "st_east": "13TH_ST", "st_south": "E_ST", "st_west": "PARK_BL" }, "geometry": { "type": "Polygon", "coordinates": [ [ [ -117.153785520151573, 32.715732811761974 ], [ -117.152868743065085, 32.71573952649468 ], [ -117.152864631792781, 32.714703370429525 ], [ -117.153778175342339, 32.71469942785113 ], [ -117.153785520151573, 32.715732811761974 ] ] ] } },
{ "type": "Feature", "properties": { "lon": -117.1524186, "lat": 32.7152244, "neighborhood": "East Village", "block_id": "14TH_ST_BROADWAY", "st_north": "BROADWAY", "st_east": "14TH_ST", "st_south": "E_ST", "st_west": "13TH_ST" }, "geometry": { "type": "Polygon", "coordinates": [ [ [ -117.152868743065085, 32.71573952649468 ], [ -117.151964940594411, 32.715743393724694 ], [ -117.151957588977368, 32.714707258699349 ], [ -117.152864631792781, 32.714703370429525 ], [ -117.152868743065085, 32.71573952649468 ] ] ] } },
{ "type": "Feature", "properties": { "lon": -117.151185, "lat": 32.7152297, "neighborhood": "East Village", "block_id": "15TH_ST_BROADWAY", "st_north": "BROADWAY", "st_east": "15TH_ST", "st_south": "E_ST", "st_west": "14TH_ST" }, "geometry": { "type": "Polygon", "coordinates": [ [ [ -117.151957588977368, 32.714707258699349 ], [ -117.151964940594411, 32.715743393724694 ], [ -117.150407686772482, 32.715752023948653 ], [ -117.150400328585178, 32.7147131405058 ], [ -117.151957588977368, 32.714707258699349 ] ] ] } },
{ "type": "Feature", "properties": { "lon": -117.1479977, "lat": 32.7057081, "neighborhood": "South East Village", "block_id": "I-5_SB_IMPERIAL_AV", "st_north": "IMPERIAL_AV", "st_east": "I-5_SB", "st_south": "COMMERCIAL_ST", "st_west": "17TH_ST" }, "geometry": { "type": "Polygon", "coordinates": [ [ [ -117.147569562508465, 32.705234921531591 ], [ -117.147729612725655, 32.705235128055783 ], [ -117.148212411668595, 32.70523575143983 ], [ -117.148531820956109, 32.705236159532127 ], [ -117.14852282233521, 32.706266916301196 ], [ -117.14772966621706, 32.706272692769403 ], [ -117.147729520607101, 32.706268867744619 ], [ -117.147728963725029, 32.706255134684334 ], [ -117.147728366316883, 32.706241401919094 ], [ -117.147727725192482, 32.706227670373814 ], [ -117.14772704572097, 32.706213943616426 ], [ -117.147726324601791, 32.706200211751764 ], [ -117.147725559812386, 32.706186485615397 ], [ -117.147724754496934, 32.706172759774127 ], [ -117.147723911882579, 32.70615903690959 ], [ -117.14772302127696, 32.706145314394348 ], [ -117.147722092315078, 32.706131595765356 ], [ -117.147721119618737, 32.706117876552959 ], [ -117.147720108584579, 32.706104163030105 ], [ -117.147719052740271, 32.706090448029968 ], [ -117.147717957455043, 32.706076735120448 ], [ -117.147716822765517, 32.706063027908179 ], [ -117.147715643321064, 32.70604932462868 ], [ -117.147714424444828, 32.706035624341432 ], [ -117.147713162873202, 32.706021920758005 ], [ -117.147711859773622, 32.706008223789098 ], [ -117.147710517205638, 32.705994526205764 ], [ -117.147709129910325, 32.705980835260206 ], [ -117.147707703183343, 32.705967147306893 ], [ -117.147706236988043, 32.705953458739103 ], [ -117.147704726065484, 32.705939776809139 ], [ -117.147703175711285, 32.705926097871377 ], [ -117.147701583792596, 32.705912421941456 ], [ -117.147699949242877, 32.705898749027035 ], [ -117.147698275289244, 32.705885081809882 ], [ -117.147696559743565, 32.705871414895483 ], [ -117.147694801566956, 32.705857750996614 ], [ -117.147693004023154, 32.705844096401712 ], [ -117.147691161706319, 32.70583044393625 ], [ -117.147689279930475, 32.705816791757933 ], [ -117.147687359853961, 32.70580314887583 ], [ -117.147685393938076, 32.705789508130863 ], [ -117.147683388572375, 32.705775868574776 ], [ -117.147681344887729, 32.705762236511561 ], [ -117.147679256448527, 32.705748608381001 ], [ -117.147677127539055, 32.705734985955523 ], [ -117.14767496026478, 32.705721366514481 ], [ -117.147672748254365, 32.705707752809516 ], [ -117.147670495746198, 32.705694142104505 ], [ -117.147668202740292, 32.705680534399484 ], [ -117.147665866119908, 32.70566693783281 ], [ -117.147663491134807, 32.705653344250592 ], [ -117.14766107351906, 32.705639753683862 ], [ -117.147658617575345, 32.705626169708296 ], [ -117.147656119019359, 32.705612590551546 ], [ -117.147653578936058, 32.705599018009273 ], [ -117.147650999476724, 32.705585453869162 ], [ -117.147648377322582, 32.705571886432864 ], [ -117.147645713696207, 32.705558331020995 ], [ -117.147643010666314, 32.705544781306386 ], [ -117.147640269299387, 32.705531237281249 ], [ -117.147637474646444, 32.705517697250826 ], [ -117.147634652339605, 32.705504164635606 ], [ -117.147631786363448, 32.705490637748653 ], [ -117.147628872488767, 32.705477120227705 ], [ -117.147625929838711, 32.705463604719583 ], [ -117.14762293819615, 32.705450095880217 ], [ -117.147619907177742, 32.705436595443082 ], [ -117.147616834623051, 32.705423100718662 ], [ -117.14761372269254, 32.705409614396437 ], [ -117.147610568159308, 32.705396133794686 ], [ -117.147607375289212, 32.705382658882385 ], [ -117.147604139843963, 32.705369192395544 ], [ -117.147600866071087, 32.705355732499783 ], [ -117.147597549695575, 32.705342278324494 ], [ -117.147594195001602, 32.705328831641957 ], [ -117.147590796675289, 32.705315394294352 ], [ -117.147587357879289, 32.705301962651617 ], [ -117.147583881840617, 32.705288539395589 ], [ -117.147580357866943, 32.705275121898744 ], [ -117.147576798820296, 32.705261716379809 ], [ -117.147573197134406, 32.705248312974554 ], [ -117.147569890522021, 32.705236131083296 ], [ -117.147569562508465, 32.705234921531591 ] ] ] } },
{ "type": "Feature", "properties": { "lon": -117.1484631, "lat": 32.7080044, "neighborhood": "South East Village", "block_id": "I-5_SB_OFF_RA_Map_Border", "st_north": "Map_Border", "st_east": "I-5_SB_OFF_RA", "st_south": "Map_Border", "st_west": "17TH_ST" }, "geometry": { "type": "Polygon", "coordinates": [ [ [ -117.148544225160677, 32.708366622836621 ], [ -117.148548006200116, 32.709056471022691 ], [ -117.14827536751703, 32.70846203064653 ], [ -117.148234590629258, 32.708360266855571 ], [ -117.148098571600841, 32.70802080534699 ], [ -117.148099760962523, 32.708007103755371 ], [ -117.148101121046707, 32.707993409036156 ], [ -117.148102655135403, 32.707979729280986 ], [ -117.148104366409697, 32.707966062663388 ], [ -117.148106245307815, 32.707952412859754 ], [ -117.148108298256147, 32.707938782528686 ], [ -117.14811052629355, 32.707925168957175 ], [ -117.148112919867458, 32.707911576723639 ], [ -117.148115492860597, 32.707898007530389 ], [ -117.14811823568364, 32.707884462349 ], [ -117.148121147288293, 32.707870942990589 ], [ -117.148124230883226, 32.707857450333535 ], [ -117.148127484326196, 32.707843983491649 ], [ -117.148130907708989, 32.707830551481614 ], [ -117.148134503127736, 32.707817150681272 ], [ -117.148138265259107, 32.707803782031036 ], [ -117.148142199463038, 32.707790448197166 ], [ -117.148146299358856, 32.707777151029504 ], [ -117.148150562822693, 32.707763891445325 ], [ -117.148155002680028, 32.707750672056306 ], [ -117.148159608256663, 32.707737492038603 ], [ -117.148164376398825, 32.707724355923744 ], [ -117.148169311345029, 32.7077112609756 ], [ -117.148174412111331, 32.707698215317066 ], [ -117.148179682926909, 32.707685215310335 ], [ -117.148185109918018, 32.707672260154645 ], [ -117.14819070385073, 32.707659359690766 ], [ -117.148196460385392, 32.707646506736282 ], [ -117.148197830560207, 32.707643539047879 ], [ -117.148202376386763, 32.707633707626321 ], [ -117.148208459347941, 32.707620965011337 ], [ -117.148214698576211, 32.707608276264075 ], [ -117.148221100507257, 32.707595644944554 ], [ -117.14822765981782, 32.707583071993312 ], [ -117.148234381849406, 32.707570558273083 ], [ -117.148241257040326, 32.707558107460493 ], [ -117.148248292865233, 32.707545720402841 ], [ -117.148255485048765, 32.707533396229451 ], [ -117.148262831503899, 32.70752113946422 ], [ -117.14827033326948, 32.707508947394345 ], [ -117.148277986134659, 32.707496825460836 ], [ -117.148285795404334, 32.707484770919891 ], [ -117.148293755810172, 32.707472790121976 ], [ -117.148297739238743, 32.707466907006484 ], [ -117.148305451038539, 32.707454812595955 ], [ -117.148313048151692, 32.707442663112374 ], [ -117.148320520998055, 32.707430460429144 ], [ -117.148327873834532, 32.70741820361345 ], [ -117.148335104555741, 32.707405895385889 ], [ -117.148342212122714, 32.707393538459321 ], [ -117.148349198640986, 32.707381130113163 ], [ -117.148356057739235, 32.707368673099076 ], [ -117.148362796864461, 32.707356165559382 ], [ -117.148369410748671, 32.707343613844571 ], [ -117.14837589828862, 32.70733101435588 ], [ -117.14838226163566, 32.707318368880998 ], [ -117.148388497590474, 32.707305677443372 ], [ -117.148394609389243, 32.707292943626314 ], [ -117.148400590642311, 32.707280168378169 ], [ -117.148406448778346, 32.707267348037888 ], [ -117.148412178510966, 32.707254487152696 ], [ -117.148417778810426, 32.707241589337073 ], [ -117.148423251736233, 32.707228647362086 ], [ -117.148428596295517, 32.707215668448939 ], [ -117.148433808249891, 32.707202655333745 ], [ -117.148438896085352, 32.70718960344599 ], [ -117.148443851288533, 32.707176514651202 ], [ -117.14844867815286, 32.707163391623276 ], [ -117.148453371364411, 32.707150236204555 ], [ -117.148457934122675, 32.707137048371656 ], [ -117.148462367466649, 32.707123825411763 ], [ -117.148466666137466, 32.707110574577236 ], [ -117.148470838611857, 32.707097290395843 ], [ -117.148474874298671, 32.707083980158622 ], [ -117.148478778502735, 32.707070641121803 ], [ -117.148482550175984, 32.707057275096439 ], [ -117.148486191423927, 32.707043879362104 ], [ -117.14848969593956, 32.707030462982033 ], [ -117.148493068972726, 32.707017017802393 ], [ -117.148496306358581, 32.707003553772651 ], [ -117.14849941335612, 32.70699006364061 ], [ -117.148502383612339, 32.706976551961276 ], [ -117.148505220391201, 32.706963025022979 ], [ -117.148507920382997, 32.706949472029066 ], [ -117.148510486860758, 32.706935900169583 ], [ -117.148512919861332, 32.706922313051251 ], [ -117.148515216185302, 32.706908710697306 ], [ -117.148517378995379, 32.706895089477861 ], [ -117.148519405156549, 32.706881455727874 ], [ -117.148521297840745, 32.706867806719053 ], [ -117.148523050676715, 32.706854145203025 ], [ -117.148524673253689, 32.706840470208178 ], [ -117.148526156010092, 32.706826785411202 ], [ -117.148527502145512, 32.706813090788756 ], [ -117.148528714886936, 32.706799389022571 ], [ -117.148529789941037, 32.706785677438702 ], [ -117.148530726259636, 32.706771957848233 ], [ -117.14853152919369, 32.706758232015723 ], [ -117.148532195553031, 32.706744500866094 ], [ -117.148532725374409, 32.706730768006139 ], [ -117.148533033789491, 32.706719903392454 ], [ -117.148533118602799, 32.706717028025693 ], [ -117.148533375320966, 32.706703289039901 ], [ -117.148533441630818, 32.706670870082846 ], [ -117.148546554308794, 32.707319422663709 ], [ -117.148545840131646, 32.707641003878962 ], [ -117.148544225160677, 32.708366622836621 ] ] ] } },
{ "type": "Feature", "properties": { "lon": -117.1481739, "lat": 32.7120816, "neighborhood": "East Village", "block_id": "I-5_SB_ON_RA_G_ST", "st_north": "G_ST", "st_east": "I-5_SB_ON_RA", "st_south": "MARKET_ST", "st_west": "17TH_ST" }, "geometry": { "type": "Polygon", "coordinates": [ [ [ -117.147734480747104, 32.71153330738403 ], [ -117.148550489606777, 32.711532861739187 ], [ -117.14854544502785, 32.712632302527844 ], [ -117.148415521384138, 32.71264424307477 ], [ -117.147909197081233, 32.712727637119805 ], [ -117.147735428988241, 32.711659610894635 ], [ -117.147734486707037, 32.711533892570316 ], [ -117.147734480747104, 32.71153330738403 ] ] ] } },
{ "type": "Feature", "properties": { "lon": -117.1484371, "lat": 32.7141444, "neighborhood": "East Village", "block_id": "I-5_SB_ON_RA_E_ST", "st_north": "E_ST", "st_east": "I-5_SB_ON_RA", "st_south": "F_ST", "st_west": "17TH_ST" }, "geometry": { "type": "Polygon", "coordinates": [ [ [ -117.148491128206587, 32.7136826301182 ], [ -117.148492756807116, 32.714111218321321 ], [ -117.148494521417604, 32.714575854428091 ], [ -117.148494535452784, 32.714577231283961 ], [ -117.148494559059614, 32.714578605364871 ], [ -117.148494602903867, 32.7145799765931 ], [ -117.14849465533598, 32.714581353169187 ], [ -117.14849472480573, 32.714582726915978 ], [ -117.148494810274286, 32.714584100546197 ], [ -117.148494871424717, 32.714584972084012 ], [ -117.148494905314394, 32.714585471401485 ], [ -117.148495017419862, 32.714586842132427 ], [ -117.148495144457456, 32.71458821275457 ], [ -117.148495282133226, 32.714589580594001 ], [ -117.148495435807817, 32.714590948316904 ], [ -117.148495606547641, 32.714592315915446 ], [ -117.148495788992278, 32.714593680723546 ], [ -117.148495985302446, 32.714595045430578 ], [ -117.148496194374857, 32.714596406437714 ], [ -117.148496419455242, 32.714597768229943 ], [ -117.148496657306964, 32.714599127223885 ], [ -117.148496912223948, 32.714600486093588 ], [ -117.148497175646085, 32.714601842195997 ], [ -117.148497459296422, 32.714603194544161 ], [ -117.148497752555244, 32.714604547723994 ], [ -117.148498062815023, 32.714605894467866 ], [ -117.148498384816378, 32.71460724202791 ], [ -117.148498720655709, 32.714608586781857 ], [ -117.148499069257326, 32.714609927835923 ], [ -117.148499433857566, 32.714611268773446 ], [ -117.148499812277493, 32.714612605101529 ], [ -117.148500202393038, 32.714613937737461 ], [ -117.148500609546261, 32.714615267544069 ], [ -117.148501029507671, 32.714616598159118 ], [ -117.148501465403527, 32.714617922345873 ], [ -117.14850190873787, 32.714619243773207 ], [ -117.148502366949188, 32.714620559681713 ], [ -117.148502842225838, 32.714621875465902 ], [ -117.148503330246299, 32.714623185746817 ], [ -117.148503831065781, 32.714624495934459 ], [ -117.148504345668101, 32.714625797906031 ], [ -117.14850486877549, 32.714627097110395 ], [ -117.148505415310908, 32.714628392537115 ], [ -117.148505968199913, 32.714629683408923 ], [ -117.148506537050864, 32.714630970557373 ], [ -117.148507119748984, 32.714632255801526 ], [ -117.148507710915482, 32.71463353467179 ], [ -117.148508319101282, 32.714634808909338 ], [ -117.148508936849595, 32.714636079470232 ], [ -117.148509573741222, 32.714637344481261 ], [ -117.148510220176945, 32.714638604012286 ], [ -117.148510880450686, 32.714639860737236 ], [ -117.148511553468296, 32.714641111958954 ], [ -117.148512242429447, 32.714642357654043 ], [ -117.14851294096232, 32.714643600574206 ], [ -117.148513649011662, 32.714644835309343 ], [ -117.148514374062046, 32.714646063608413 ], [ -117.148515114026168, 32.714647289995391 ], [ -117.148515861364501, 32.714648507311189 ], [ -117.148516192048859, 32.714649032420375 ], [ -117.148516621474229, 32.714649721828721 ], [ -117.148517398603303, 32.714650931713578 ], [ -117.148518184173156, 32.714652132519497 ], [ -117.148518983580999, 32.714653330519383 ], [ -117.148519794629365, 32.714654519417039 ], [ -117.148520619497305, 32.71465570370534 ], [ -117.14852145497602, 32.714656882505885 ], [ -117.148522305331667, 32.714658055787574 ], [ -117.148523165194703, 32.714659219982593 ], [ -117.148524035695985, 32.714660381394928 ], [ -117.148524922094921, 32.714661532772219 ], [ -117.148525818056285, 32.714662680472863 ], [ -117.148526726734005, 32.71466381996521 ], [ -117.148527646022373, 32.714664953969866 ], [ -117.14852857696043, 32.714666079773892 ], [ -117.148529521699743, 32.714667199165255 ], [ -117.148530038842694, 32.714667808581282 ], [ -117.148530472765074, 32.714668311296542 ], [ -117.148531439764739, 32.714669416999584 ], [ -117.148532419480702, 32.714670514494266 ], [ -117.14853340658928, 32.714671604721161 ], [ -117.148534405365865, 32.714672688550827 ], [ -117.148535417925359, 32.714673764164495 ], [ -117.148536440019768, 32.714674833396415 ], [ -117.148537126666199, 32.714675538063808 ], [ -117.148537474812059, 32.714675892616697 ], [ -117.148538520215041, 32.714676946349243 ], [ -117.148539574058788, 32.714677991002858 ], [ -117.148540638513211, 32.714679030168732 ], [ -117.148541714589797, 32.714680058428996 ], [ -117.148542801277017, 32.714681081201547 ], [ -117.148543900680551, 32.71468209576576 ], [ -117.148545006373283, 32.714683099463223 ], [ -117.148546125839701, 32.714684094042958 ], [ -117.148547253820396, 32.714685086757171 ], [ -117.14854839234745, 32.71468606767187 ], [ -117.148549543590789, 32.714687040378301 ], [ -117.148550704323128, 32.714688002194663 ], [ -117.148551868200016, 32.714688958577653 ], [ -117.148553047965379, 32.714689904023992 ], [ -117.148554230866182, 32.714690843135301 ], [ -117.148555433930909, 32.714691772180529 ], [ -117.148556643303266, 32.714692692162409 ], [ -117.148557862192149, 32.714693603959262 ], [ -117.148559084170515, 32.714694504912693 ], [ -117.148560322064895, 32.714695397634479 ], [ -117.14856156626692, 32.714696281292952 ], [ -117.148562816794865, 32.714697157691297 ], [ -117.148564081068884, 32.71469802226693 ], [ -117.148565353792932, 32.714698878665303 ], [ -117.148566633872704, 32.714699724189174 ], [ -117.148567923469031, 32.714700561528005 ], [ -117.148569219345404, 32.714701387098479 ], [ -117.148569792687326, 32.714701754438423 ], [ -117.148562712111769, 32.71470090969553 ], [ -117.148546702061765, 32.714698555569811 ], [ -117.148530825649942, 32.714695603516041 ], [ -117.148515122441168, 32.71469206316516 ], [ -117.148499617004006, 32.714687937945229 ], [ -117.148484344627775, 32.714683236616665 ], [ -117.148469332060031, 32.714677967100322 ], [ -117.14845461250286, 32.714672142680556 ], [ -117.148440210579849, 32.714665772195495 ], [ -117.148426156320824, 32.714658871657853 ], [ -117.148412471158736, 32.714651450830729 ], [ -117.14839919684664, 32.714643524739756 ], [ -117.148386347406458, 32.714635108612462 ], [ -117.14837395078068, 32.714626222985515 ], [ -117.148265913568025, 32.714552800249805 ], [ -117.148190105807643, 32.714451656748153 ], [ -117.148026220865191, 32.71368326769651 ], [ -117.148491128206587, 32.7136826301182 ] ] ] } },
{ "type": "Feature", "properties": { "lon": -117.1489562, "lat": 32.7141842, "neighborhood": "East Village", "block_id": "17TH_ST_E_ST", "st_north": "E_ST", "st_east": "17TH_ST", "st_south": "F_ST", "st_west": "16TH_ST" }, "geometry": { "type": "Polygon", "coordinates": [ [ [ -117.148492756807116, 32.714111218321321 ], [ -117.148491128206587, 32.7136826301182 ], [ -117.148556147359983, 32.713682156421108 ], [ -117.149472903376292, 32.713675473745013 ], [ -117.14947484409511, 32.714183934089817 ], [ -117.149480284991682, 32.714717105468445 ], [ -117.148569792687326, 32.714701754438423 ], [ -117.148569219345404, 32.714701387098479 ], [ -117.148567923469031, 32.714700561528005 ], [ -117.148566633872704, 32.714699724189174 ], [ -117.148565353792932, 32.714698878665303 ], [ -117.148564081068884, 32.71469802226693 ], [ -117.148562816794865, 32.714697157691297 ], [ -117.14856156626692, 32.714696281292952 ], [ -117.148560322064895, 32.714695397634479 ], [ -117.148559084170515, 32.714694504912693 ], [ -117.148557862192149, 32.714693603959262 ], [ -117.148556643303266, 32.714692692162409 ], [ -117.148555433930909, 32.714691772180529 ], [ -117.148554230866182, 32.714690843135301 ], [ -117.148553047965379, 32.714689904023992 ], [ -117.148551868200016, 32.714688958577653 ], [ -117.148550704323128, 32.714688002194663 ], [ -117.148549543590789, 32.714687040378301 ], [ -117.14854839234745, 32.71468606767187 ], [ -117.148547253820396, 32.714685086757171 ], [ -117.148546125839701, 32.714684094042958 ], [ -117.148545006373283, 32.714683099463223 ], [ -117.148543900680551, 32.71468209576576 ], [ -117.148542801277017, 32.714681081201547 ], [ -117.148541714589797, 32.714680058428996 ], [ -117.148540638513211, 32.714679030168732 ], [ -117.148539574058788, 32.714677991002858 ], [ -117.148538520215041, 32.714676946349243 ], [ -117.148537474812059, 32.714675892616697 ], [ -117.148537126666199, 32.714675538063808 ], [ -117.148536440019768, 32.714674833396415 ], [ -117.148535417925359, 32.714673764164495 ], [ -117.148534405365865, 32.714672688550827 ], [ -117.14853340658928, 32.714671604721161 ], [ -117.148532419480702, 32.714670514494266 ], [ -117.148531439764739, 32.714669416999584 ], [ -117.148530472765074, 32.714668311296542 ], [ -117.148530038842694, 32.714667808581282 ], [ -117.148529521699743, 32.714667199165255 ], [ -117.14852857696043, 32.714666079773892 ], [ -117.148527646022373, 32.714664953969866 ], [ -117.148526726734005, 32.71466381996521 ], [ -117.148525818056285, 32.714662680472863 ], [ -117.148524922094921, 32.714661532772219 ], [ -117.148524035695985, 32.714660381394928 ], [ -117.148523165194703, 32.714659219982593 ], [ -117.148522305331667, 32.714658055787574 ], [ -117.14852145497602, 32.714656882505885 ], [ -117.148520619497305, 32.71465570370534 ], [ -117.148519794629365, 32.714654519417039 ], [ -117.148518983580999, 32.714653330519383 ], [ -117.148518184173156, 32.714652132519497 ], [ -117.148517398603303, 32.714650931713578 ], [ -117.148516621474229, 32.714649721828721 ], [ -117.148516192048859, 32.714649032420375 ], [ -117.148515861364501, 32.714648507311189 ], [ -117.148515114026168, 32.714647289995391 ], [ -117.148514374062046, 32.714646063608413 ], [ -117.148513649011662, 32.714644835309343 ], [ -117.14851294096232, 32.714643600574206 ], [ -117.148512242429447, 32.714642357654043 ], [ -117.148511553468296, 32.714641111958954 ], [ -117.148510880450686, 32.714639860737236 ], [ -117.148510220176945, 32.714638604012286 ], [ -117.148509573741222, 32.714637344481261 ], [ -117.148508936849595, 32.714636079470232 ], [ -117.148508319101282, 32.714634808909338 ], [ -117.148507710915482, 32.71463353467179 ], [ -117.148507119748984, 32.714632255801526 ], [ -117.148506537050864, 32.714630970557373 ], [ -117.148505968199913, 32.714629683408923 ], [ -117.148505415310908, 32.714628392537115 ], [ -117.14850486877549, 32.714627097110395 ], [ -117.148504345668101, 32.714625797906031 ], [ -117.148503831065781, 32.714624495934459 ], [ -117.148503330246299, 32.714623185746817 ], [ -117.148502842225838, 32.714621875465902 ], [ -117.148502366949188, 32.714620559681713 ], [ -117.14850190873787, 32.714619243773207 ], [ -117.148501465403527, 32.714617922345873 ], [ -117.148501029507671, 32.714616598159118 ], [ -117.148500609546261, 32.714615267544069 ], [ -117.148500202393038, 32.714613937737461 ], [ -117.148499812277493, 32.714612605101529 ], [ -117.148499433857566, 32.714611268773446 ], [ -117.148499069257326, 32.714609927835923 ], [ -117.148498720655709, 32.714608586781857 ], [ -117.148498384816378, 32.71460724202791 ], [ -117.148498062815023, 32.714605894467866 ], [ -117.148497752555244, 32.714604547723994 ], [ -117.148497459296422, 32.714603194544161 ], [ -117.148497175646085, 32.714601842195997 ], [ -117.148496912223948, 32.714600486093588 ], [ -117.148496657306964, 32.714599127223885 ], [ -117.148496419455242, 32.714597768229943 ], [ -117.148496194374857, 32.714596406437714 ], [ -117.148495985302446, 32.714595045430578 ], [ -117.148495788992278, 32.714593680723546 ], [ -117.148495606547641, 32.714592315915446 ], [ -117.148495435807817, 32.714590948316904 ], [ -117.148495282133226, 32.714589580594001 ], [ -117.148495144457456, 32.71458821275457 ], [ -117.148495017419862, 32.714586842132427 ], [ -117.148494905314394, 32.714585471401485 ], [ -117.148494871424717, 32.714584972084012 ], [ -117.148494810274286, 32.714584100546197 ], [ -117.14849472480573, 32.714582726915978 ], [ -117.14849465533598, 32.714581353169187 ], [ -117.148494602903867, 32.7145799765931 ], [ -117.148494559059614, 32.714578605364871 ], [ -117.148494535452784, 32.714577231283961 ], [ -117.148494521417604, 32.714575854428091 ], [ -117.148492756807116, 32.714111218321321 ] ] ] } },
{ "type": "Feature", "properties": { "lon": -117.1488823, "lat": 32.7049507, "neighborhood": "Barrio Logan", "block_id": "S_17TH_ST_COMMERCIAL_ST", "st_north": "COMMERCIAL_ST", "st_east": "S_17TH_ST", "st_south": "LOGAN_AV", "st_west": "Map_Border" }, "geometry": { "type": "Polygon", "coordinates": [ [ [ -117.14943215205416, 32.705221350679842 ], [ -117.148531820956109, 32.705236159532127 ], [ -117.148527366839161, 32.704799178788271 ], [ -117.148523669113715, 32.704436402172846 ], [ -117.149210942155349, 32.704887645358625 ], [ -117.149212744693415, 32.704888489770134 ], [ -117.149226797483919, 32.704895392921181 ], [ -117.149240538981687, 32.704902727569156 ], [ -117.149253953134718, 32.704910488420701 ], [ -117.149267016352141, 32.704918663023605 ], [ -117.149279720984794, 32.704927233398934 ], [ -117.149292038210717, 32.704936197051808 ], [ -117.149303960399024, 32.704945537806616 ], [ -117.149315466073389, 32.704955241392234 ], [ -117.149326540220443, 32.704965299802645 ], [ -117.149337169849446, 32.704975694196129 ], [ -117.149347339919487, 32.704986413861668 ], [ -117.149357033183094, 32.704997440890175 ], [ -117.14936624101648, 32.70500876632746 ], [ -117.149374951430829, 32.705020365012203 ], [ -117.149383147298252, 32.705032230757311 ], [ -117.149390823102223, 32.705044345568261 ], [ -117.149397963700537, 32.705056688815567 ], [ -117.149399456561625, 32.705059899846653 ], [ -117.149405081856514, 32.705072790680759 ], [ -117.14941019145364, 32.705085835866527 ], [ -117.149414786207615, 32.705099014657669 ], [ -117.149418858588518, 32.705112320797063 ], [ -117.149422399806937, 32.705125729100054 ], [ -117.149425410864637, 32.70513923324723 ], [ -117.149427884102892, 32.705152814357987 ], [ -117.149429820440787, 32.705166457997699 ], [ -117.149431218655195, 32.705180148845777 ], [ -117.149432073257117, 32.705193871612721 ], [ -117.149432386232007, 32.705207611856167 ], [ -117.14943215205416, 32.705221350679842 ] ] ] } },
{ "type": "Feature", "properties": { "lon": -117.148974, "lat": 32.7057471, "neighborhood": "South East Village", "block_id": "17TH_ST_IMPERIAL_AV", "st_north": "IMPERIAL_AV", "st_east": "17TH_ST", "st_south": "COMMERCIAL_ST", "st_west": "16TH_ST" }, "geometry": { "type": "Polygon", "coordinates": [ [ [ -117.148531820956109, 32.705236159532127 ], [ -117.14943215205416, 32.705221350679842 ], [ -117.149429833472638, 32.706268549902312 ], [ -117.14852282233521, 32.706266916301196 ], [ -117.148531820956109, 32.705236159532127 ] ] ] } },
{ "type": "Feature", "properties": { "lon": -117.1499278, "lat": 32.7131519, "neighborhood": "East Village", "block_id": "16TH_ST_F_ST", "st_north": "F_ST", "st_east": "16TH_ST", "st_south": "G_ST", "st_west": "15TH_ST" }, "geometry": { "type": "Polygon", "coordinates": [ [ [ -117.150379020371943, 32.712627175416408 ], [ -117.150384157831169, 32.713130115419787 ], [ -117.150389688394085, 32.713671532547963 ], [ -117.149472903376292, 32.713675473745013 ], [ -117.149465497080982, 32.712631092824914 ], [ -117.150379020371943, 32.712627175416408 ] ] ] } },
{ "type": "Feature", "properties": { "lon": -117.1511605, "lat": 32.7131435, "neighborhood": "East Village", "block_id": "15TH_ST_F_ST", "st_north": "F_ST", "st_east": "15TH_ST", "st_south": "G_ST", "st_west": "14TH_ST" }, "geometry": { "type": "Polygon", "coordinates": [ [ [ -117.150384157831169, 32.713130115419787 ], [ -117.150379020371943, 32.712627175416408 ], [ -117.151942717519987, 32.71261849802984 ], [ -117.151950153165203, 32.713662878800548 ], [ -117.150389688394085, 32.713671532547963 ], [ -117.150384157831169, 32.713130115419787 ] ] ] } },
{ "type": "Feature", "properties": { "lon": -117.1490065, "lat": 32.7131541, "neighborhood": "East Village", "block_id": "17TH_ST_F_ST", "st_north": "F_ST", "st_east": "17TH_ST", "st_south": "G_ST", "st_west": "16TH_ST" }, "geometry": { "type": "Polygon", "coordinates": [ [ [ -117.149472903376292, 32.713675473745013 ], [ -117.148556147359983, 32.713682156421108 ], [ -117.14854544502785, 32.712632302527844 ], [ -117.149465497080982, 32.712631092824914 ], [ -117.149472903376292, 32.713675473745013 ] ] ] } },
{ "type": "Feature", "properties": { "lon": -117.1524186, "lat": 32.7141857, "neighborhood": "East Village", "block_id": "14TH_ST_E_ST", "st_north": "E_ST", "st_east": "14TH_ST", "st_south": "F_ST", "st_west": "13TH_ST" }, "geometry": { "type": "Polygon", "coordinates": [ [ [ -117.152860436136251, 32.713658966786838 ], [ -117.152864631792781, 32.714703370429525 ], [ -117.151957588977368, 32.714707258699349 ], [ -117.151950153165203, 32.713662878800548 ], [ -117.152860436136251, 32.713658966786838 ] ] ] } },
{ "type": "Feature", "properties": { "lon": -117.1533283, "lat": 32.7141815, "neighborhood": "East Village", "block_id": "13TH_ST_E_ST", "st_north": "E_ST", "st_east": "13TH_ST", "st_south": "F_ST", "st_west": "PARK_BL" }, "geometry": { "type": "Polygon", "coordinates": [ [ [ -117.152864631792781, 32.714703370429525 ], [ -117.152860436136251, 32.713658966786838 ], [ -117.153770689780515, 32.71365229976206 ], [ -117.153778175342339, 32.71469942785113 ], [ -117.152864631792781, 32.714703370429525 ] ] ] } },
{ "type": "Feature", "properties": { "lon": -117.1542287, "lat": 32.7131312, "neighborhood": "East Village", "block_id": "PARK_BL_F_ST", "st_north": "F_ST", "st_east": "PARK_BL", "st_south": "G_ST", "st_west": "11TH_AV" }, "geometry": { "type": "Polygon", "coordinates": [ [ [ -117.153763260744981, 32.712610667401897 ], [ -117.154670253699109, 32.71260401755282 ], [ -117.154675163884718, 32.713082428256904 ], [ -117.154680855584118, 32.713636977161208 ], [ -117.154680901542093, 32.713641454870768 ], [ -117.154680972561309, 32.71364837431156 ], [ -117.153770689780515, 32.71365229976206 ], [ -117.153763260744981, 32.712610667401897 ] ] ] } },
{ "type": "Feature", "properties": { "lon": -117.1489822, "lat": 32.7073124, "neighborhood": "South East Village", "block_id": "17TH_ST_K_ST", "st_north": "K_ST", "st_east": "17TH_ST", "st_south": "IMPERIAL_AV", "st_west": "16TH_ST" }, "geometry": { "type": "Polygon", "coordinates": [ [ [ -117.14852282233521, 32.706266916301196 ], [ -117.149429833472638, 32.706268549902312 ], [ -117.149430849640837, 32.707323971253615 ], [ -117.149431109005647, 32.707634550473699 ], [ -117.149431725611848, 32.708365650231357 ], [ -117.148544225160677, 32.708366622836621 ], [ -117.148545840131646, 32.707641003878962 ], [ -117.148546554308794, 32.707319422663709 ], [ -117.148533441630818, 32.706670870082846 ], [ -117.14852282233521, 32.706266916301196 ] ] ] } },
{ "type": "Feature", "properties": { "lon": -117.1499028, "lat": 32.7109864, "neighborhood": "South East Village", "block_id": "16TH_ST_MARKET_ST", "st_north": "MARKET_ST", "st_east": "16TH_ST", "st_south": "ISLAND_AV", "st_west": "15TH_ST" }, "geometry": { "type": "Polygon", "coordinates": [ [ [ -117.15036126143751, 32.711525152361098 ], [ -117.149457526885243, 32.711531746835632 ], [ -117.149446477555841, 32.710448913470742 ], [ -117.150356730647957, 32.710445019912953 ], [ -117.150358782292486, 32.710964474349886 ], [ -117.15036126143751, 32.711525152361098 ] ] ] } },
{ "type": "Feature", "properties": { "lon": -117.1499191, "lat": 32.7120806, "neighborhood": "East Village", "block_id": "16TH_ST_G_ST", "st_north": "G_ST", "st_east": "16TH_ST", "st_south": "MARKET_ST", "st_west": "15TH_ST" }, "geometry": { "type": "Polygon", "coordinates": [ [ [ -117.149457526885243, 32.711531746835632 ], [ -117.15036126143751, 32.711525152361098 ], [ -117.150379020371943, 32.712627175416408 ], [ -117.149465497080982, 32.712631092824914 ], [ -117.149457526885243, 32.711531746835632 ] ] ] } },
{ "type": "Feature", "properties": { "lon": -117.1511433, "lat": 32.7120768, "neighborhood": "East Village", "block_id": "15TH_ST_G_ST", "st_north": "G_ST", "st_east": "15TH_ST", "st_south": "MARKET_ST", "st_west": "14TH_ST" }, "geometry": { "type": "Polygon", "coordinates": [ [ [ -117.151921941304195, 32.711541233680016 ], [ -117.151942717519987, 32.71261849802984 ], [ -117.150379020371943, 32.712627175416408 ], [ -117.15036126143751, 32.711525152361098 ], [ -117.151921941304195, 32.711541233680016 ] ] ] } },
{ "type": "Feature", "properties": { "lon": -117.1524006, "lat": 32.7120823, "neighborhood": "East Village", "block_id": "14TH_ST_G_ST", "st_north": "G_ST", "st_east": "14TH_ST", "st_south": "MARKET_ST", "st_west": "13TH_ST" }, "geometry": { "type": "Polygon", "coordinates": [ [ [ -117.151942717519987, 32.71261849802984 ], [ -117.151921941304195, 32.711541233680016 ], [ -117.152832230516282, 32.711540070175246 ], [ -117.152852989706176, 32.712614586071183 ], [ -117.151942717519987, 32.71261849802984 ] ] ] } },
{ "type": "Feature", "properties": { "lon": -117.1511361, "lat": 32.7109935, "neighborhood": "South East Village", "block_id": "15TH_ST_MARKET_ST", "st_north": "MARKET_ST", "st_east": "15TH_ST", "st_south": "ISLAND_AV", "st_west": "14TH_ST" }, "geometry": { "type": "Polygon", "coordinates": [ [ [ -117.15036126143751, 32.711525152361098 ], [ -117.150358782292486, 32.710964474349886 ], [ -117.150356730647957, 32.710445019912953 ], [ -117.150688339802073, 32.71044534701651 ], [ -117.151299685046908, 32.710460123799798 ], [ -117.151321732302407, 32.710460060960123 ], [ -117.151910861709624, 32.710458401437556 ], [ -117.151921941304195, 32.711541233680016 ], [ -117.15036126143751, 32.711525152361098 ] ] ] } },
{ "type": "Feature", "properties": { "lon": -117.156932, "lat": 32.7099196, "neighborhood": "South East Village", "block_id": "09TH_AV_ISLAND_AV", "st_north": "ISLAND_AV", "st_east": "09TH_AV", "st_south": "J_ST", "st_west": "08TH_AV" }, "geometry": { "type": "Polygon", "coordinates": [ [ [ -117.157384693450084, 32.7104352887389 ], [ -117.156468638000888, 32.710441476166459 ], [ -117.156465057187646, 32.710224371315206 ], [ -117.156462257589013, 32.710054605744062 ], [ -117.156453185105718, 32.709504579632096 ], [ -117.156453182398025, 32.709504420043807 ], [ -117.156451368599363, 32.709394419145688 ], [ -117.157374666846835, 32.709395874838755 ], [ -117.157384527761266, 32.710418260573675 ], [ -117.157384693450084, 32.7104352887389 ] ] ] } },
{ "type": "Feature", "properties": { "lon": -117.1539584, "lat": 32.7039294, "neighborhood": "Barrio Logan", "block_id": "NEWTON_AV_PARK_BL", "st_north": "PARK_BL", "st_east": "NEWTON_AV", "st_south": "Map_Border", "st_west": "HARBOR_DR" }, "geometry": { "type": "Polygon", "coordinates": [ [ [ -117.156975838395937, 32.705623039729517 ], [ -117.154645899775005, 32.705408536334616 ], [ -117.152793692982698, 32.705238014827557 ], [ -117.152798982249493, 32.705225022598839 ], [ -117.152803967733178, 32.705211944223315 ], [ -117.152808647337906, 32.705198783323247 ], [ -117.152813017938186, 32.705185547135514 ], [ -117.152817078504754, 32.70517223927461 ], [ -117.152820825921339, 32.705158867879135 ], [ -117.152821335685047, 32.705156884826032 ], [ -117.1528213950929, 32.705156645429781 ], [ -117.152824258082887, 32.705145435669664 ], [ -117.152827377205639, 32.705131950745674 ], [ -117.152830181184399, 32.705118415827876 ], [ -117.152832667914126, 32.705104833636874 ], [ -117.152834833212268, 32.70509121231904 ], [ -117.152836683597712, 32.705077563549239 ], [ -117.152838213673746, 32.705063881054798 ], [ -117.152838394549761, 32.705061859831169 ], [ -117.152838418311632, 32.70506157651058 ], [ -117.152839422521723, 32.70505017927038 ], [ -117.152840310132603, 32.705036457294241 ], [ -117.152840874447421, 32.705022722355466 ], [ -117.152841124090486, 32.705008983408263 ], [ -117.152841048406472, 32.704995241432442 ], [ -117.152840650678073, 32.704981504519594 ], [ -117.152840545621402, 32.704979473666739 ], [ -117.152840533437541, 32.704979221268495 ], [ -117.152839930933112, 32.704967775374769 ], [ -117.152838890321306, 32.70495406210518 ], [ -117.15283753101275, 32.704940368301884 ], [ -117.152835849854242, 32.704926698496706 ], [ -117.152833851195027, 32.70491306077345 ], [ -117.152831534042591, 32.70489946235331 ], [ -117.152828898369393, 32.704885900531217 ], [ -117.152828461984882, 32.704883905468407 ], [ -117.152828397147218, 32.704883614680796 ], [ -117.152825944314074, 32.704872388832186 ], [ -117.152822676124202, 32.704858925421753 ], [ -117.152819096089843, 32.704845525612619 ], [ -117.152815202004206, 32.70483218220707 ], [ -117.152810996129759, 32.7048189078128 ], [ -117.152806478512815, 32.704805706938167 ], [ -117.152805763279474, 32.704803768922929 ], [ -117.152805665630979, 32.704803502722569 ], [ -117.152801656646318, 32.704792582233551 ], [ -117.152796526384677, 32.704779545451828 ], [ -117.152791091956942, 32.704766592955117 ], [ -117.152785355606909, 32.704753735547797 ], [ -117.152779321646676, 32.704740977706933 ], [ -117.152772989046966, 32.704728323047014 ], [ -117.152766362082801, 32.704715772438497 ], [ -117.152765341792616, 32.704713935847721 ], [ -117.15276517341627, 32.704713636800662 ], [ -117.152759440892893, 32.704703339406279 ], [ -117.152752227610236, 32.704691023934828 ], [ -117.152744736126579, 32.704678828627557 ], [ -117.152736956954783, 32.704666764374856 ], [ -117.152728896502737, 32.704654832031373 ], [ -117.152720561215574, 32.704643036058627 ], [ -117.152719288282341, 32.70464131583801 ], [ -117.152719100077547, 32.704641059317836 ], [ -117.152711946882903, 32.704631381897812 ], [ -117.152703065272803, 32.704619873069745 ], [ -117.152693914298538, 32.704608514098332 ], [ -117.152684499384833, 32.704597313961173 ], [ -117.152683087550102, 32.704595673208388 ], [ -117.152666637705508, 32.704576553176715 ], [ -117.152650187877285, 32.704557434044538 ], [ -117.150846427551656, 32.7033282976032 ], [ -117.151516138237, 32.702528454420388 ], [ -117.152323723021127, 32.701563946613867 ], [ -117.152760137832217, 32.701843766483229 ], [ -117.152768741299738, 32.701849282568148 ], [ -117.15321062462418, 32.702145634827041 ], [ -117.153544426838664, 32.702363070828426 ], [ -117.154221901528999, 32.702808860909535 ], [ -117.155766946901949, 32.703819671570081 ], [ -117.155806204201355, 32.703845353357636 ], [ -117.156773149738257, 32.70446581550172 ], [ -117.15708980633471, 32.704669001584399 ], [ -117.157638465354552, 32.705021050449723 ], [ -117.157303731895595, 32.705325346278578 ], [ -117.157299935314711, 32.705328798122586 ], [ -117.157164765877766, 32.705451675478862 ], [ -117.157151466686187, 32.705463764664159 ], [ -117.1571510207838, 32.705464171022541 ], [ -117.157056451287588, 32.705550141607226 ], [ -117.15698217066479, 32.705617663867308 ], [ -117.1569818037906, 32.705617976764529 ], [ -117.156975838395937, 32.705623039729517 ] ] ] } },
{ "type": "Feature", "properties": { "lon": -117.1556292, "lat": 32.7058874, "neighborhood": "South East Village", "block_id": "Map_Border_IMPERIAL_AV", "st_north": "IMPERIAL_AV", "st_east": "Map_Border", "st_south": "Map_Border", "st_west": "PARK_BL" }, "geometry": { "type": "Polygon", "coordinates": [ [ [ -117.154645899775005, 32.705408536334616 ], [ -117.156975838395937, 32.705623039729517 ], [ -117.156926801824753, 32.705664638795 ], [ -117.156442475272698, 32.70607551257919 ], [ -117.156442245831371, 32.706075707238263 ], [ -117.156235800889604, 32.706250836719718 ], [ -117.155946012244868, 32.706496676792128 ], [ -117.155813502765639, 32.706385019106442 ], [ -117.155812348397447, 32.706384050999944 ], [ -117.155811190866956, 32.706383086523601 ], [ -117.155810030174038, 32.706382125677493 ], [ -117.155808866300276, 32.706381166658176 ], [ -117.155807699254893, 32.706380210367428 ], [ -117.155806525866183, 32.706379259533641 ], [ -117.155805349278097, 32.706378308723373 ], [ -117.155804171688445, 32.706377364232665 ], [ -117.155802991984345, 32.706376421560925 ], [ -117.155801799510328, 32.706375481688148 ], [ -117.15580060923412, 32.706374548111476 ], [ -117.15579941685283, 32.70637361725543 ], [ -117.155798220224113, 32.706372688234111 ], [ -117.155797015128456, 32.706371765587114 ], [ -117.155795808938507, 32.706370840242911 ], [ -117.155794602822766, 32.706369922112117 ], [ -117.155793387117981, 32.706369004953451 ], [ -117.155792172535257, 32.706368093197014 ], [ -117.155790953742255, 32.706367186881913 ], [ -117.155789728550374, 32.7063662806138 ], [ -117.155788503414172, 32.706365379755731 ], [ -117.155787271906831, 32.706364481649665 ], [ -117.155786037237192, 32.70636358717374 ], [ -117.155784802613852, 32.706362697206202 ], [ -117.15578356055299, 32.706361809998484 ], [ -117.155782316396241, 32.706360926413119 ], [ -117.155781065859159, 32.706360044678107 ], [ -117.15577981432051, 32.706359169262619 ], [ -117.155778560667429, 32.706358295666135 ], [ -117.155777303852034, 32.706357425699807 ], [ -117.155776042798507, 32.706356558469835 ], [ -117.155774776458912, 32.706355695787359 ], [ -117.155773505890465, 32.706354836742904 ], [ -117.155772235349886, 32.706353980403506 ], [ -117.155770959532518, 32.706353129513268 ], [ -117.15576968267645, 32.706352281335811 ], [ -117.155768399449343, 32.706351435910406 ], [ -117.155767113078412, 32.706350595918543 ], [ -117.155765823517314, 32.706349756851822 ], [ -117.155764534030382, 32.706348924998473 ], [ -117.155763238144573, 32.706348093192076 ], [ -117.155761939124176, 32.70634726772095 ], [ -117.155760636922935, 32.706346444076608 ], [ -117.155759331559352, 32.706345624062436 ], [ -117.155758029441515, 32.706344808533103 ], [ -117.155756714563012, 32.706343996704469 ], [ -117.155755398664354, 32.70634318939203 ], [ -117.155754080614258, 32.706342380291915 ], [ -117.155752759503713, 32.706341584740336 ], [ -117.155751437298946, 32.706340786491545 ], [ -117.155750109817347, 32.706339993691969 ], [ -117.15574877809766, 32.706339203628715 ], [ -117.155747444300602, 32.706338418991216 ], [ -117.155746109464914, 32.70633763706649 ], [ -117.155744768267468, 32.706336858795446 ], [ -117.155743428154977, 32.706336082319943 ], [ -117.155742080632777, 32.706335311309225 ], [ -117.155740733175421, 32.706334546610279 ], [ -117.155739379337774, 32.706333783761615 ], [ -117.155738022337701, 32.70633302454312 ], [ -117.15573666855569, 32.7063322671045 ], [ -117.155735305212431, 32.706331513343002 ], [ -117.155733941952548, 32.706330767696564 ], [ -117.155732575521071, 32.706330024778616 ], [ -117.155731205917945, 32.706329284589195 ], [ -117.155729833161757, 32.706328548931587 ], [ -117.155728460451897, 32.706327817782359 ], [ -117.155727081361675, 32.706327088483491 ], [ -117.155725701232825, 32.706326361897403 ], [ -117.155724319054414, 32.706325643442042 ], [ -117.155722930477168, 32.706324925033663 ], [ -117.155721540870459, 32.706324210239821 ], [ -117.155720149177185, 32.706323499969962 ], [ -117.155718753310666, 32.706322798748133 ], [ -117.155717355301931, 32.706322096640271 ], [ -117.155715953092127, 32.706321400875503 ], [ -117.155714551976629, 32.706320707807883 ], [ -117.155713143414317, 32.70632001659839 ], [ -117.155711734916906, 32.706319331700591 ], [ -117.155710323247831, 32.706318649531319 ], [ -117.155708909529238, 32.706317975492745 ], [ -117.155707491544717, 32.706317301485484 ], [ -117.155706073587993, 32.706316630183203 ], [ -117.155704649325102, 32.70631596794469 ], [ -117.15570322505296, 32.706315304804455 ], [ -117.155701797636951, 32.706314647097741 ], [ -117.155700367086396, 32.706313995726205 ], [ -117.155698936554373, 32.706313346157977 ], [ -117.155697499660576, 32.706312700243465 ], [ -117.155696062813092, 32.706312058837263 ], [ -117.155694622803281, 32.706311421061294 ], [ -117.155693178583135, 32.706310788726647 ], [ -117.155691735448002, 32.706310158187478 ], [ -117.155690285978849, 32.70630953400704 ], [ -117.155688836565361, 32.706308915236548 ], [ -117.155687386085376, 32.706308296473935 ], [ -117.15568593035637, 32.706307685865468 ], [ -117.155684473542422, 32.706307073461531 ], [ -117.155683011497956, 32.706306471015104 ], [ -117.155681551614293, 32.706305871258003 ], [ -117.155680083235865, 32.706305275170315 ], [ -117.155678620236145, 32.706304683551735 ], [ -117.15567715194112, 32.706304095579007 ], [ -117.155675679426537, 32.706303512145979 ], [ -117.15567420374957, 32.706302932343071 ], [ -117.155672729194677, 32.706302357942427 ], [ -117.155671250401682, 32.706301786278075 ], [ -117.155669768483392, 32.706301221850623 ], [ -117.155668286546558, 32.706300655619728 ], [ -117.155666802560233, 32.706300097519602 ], [ -117.155665314344972, 32.706299543057462 ], [ -117.155663826176095, 32.706298993103651 ], [ -117.155662334835597, 32.706298445878382 ], [ -117.155660840351217, 32.706297904086568 ], [ -117.155659345903942, 32.706297365901456 ], [ -117.155657848303562, 32.706296832248171 ], [ -117.155656347568637, 32.706296304930092 ], [ -117.155654846824419, 32.706295776710334 ], [ -117.155653343001219, 32.706295260235834 ], [ -117.155651834884381, 32.706294741087589 ], [ -117.155650327917357, 32.706294230046524 ], [ -117.155648817778697, 32.706293721733964 ], [ -117.155647304468445, 32.706293216149888 ], [ -117.155645790147275, 32.706292715983714 ], [ -117.155644273748777, 32.706292221243189 ], [ -117.155642757405843, 32.706291731912735 ], [ -117.155641236806289, 32.706291243515224 ], [ -117.155639714147881, 32.706290762346725 ], [ -117.155638191517326, 32.706290283883241 ], [ -117.155636664657905, 32.706289809057765 ], [ -117.155635138911265, 32.706289338732816 ], [ -117.155633608963598, 32.706288874750875 ], [ -117.155632076910763, 32.706288413489588 ], [ -117.155630543847082, 32.706287957646126 ], [ -117.155629007611708, 32.706287504531218 ], [ -117.155627472498466, 32.706287056818439 ], [ -117.155625933202671, 32.706286617252076 ], [ -117.155624393879094, 32.706286174980683 ], [ -117.155622852478146, 32.706285738134945 ], [ -117.155621306894702, 32.706285309435536 ], [ -117.155619761320509, 32.706284881637835 ], [ -117.155618215820439, 32.706284461053492 ], [ -117.155616668224496, 32.706284044091454 ], [ -117.155615116381156, 32.706283628964073 ], [ -117.155613564602675, 32.706283220148457 ], [ -117.155612012879786, 32.706282816742785 ], [ -117.15561045797601, 32.706282415163969 ], [ -117.155608899937647, 32.706282019920273 ], [ -117.155607341954862, 32.706281630086679 ], [ -117.155605783999874, 32.706281242958042 ], [ -117.155604222873308, 32.706280858557953 ], [ -117.155602658639907, 32.706280483197979 ], [ -117.155601094425066, 32.706280109641412 ], [ -117.155599530237993, 32.706279738789782 ], [ -117.155597962916346, 32.706279374273379 ], [ -117.155596392441623, 32.706279014288825 ], [ -117.155594825203352, 32.706278657887403 ], [ -117.155593251612572, 32.706278306041327 ], [ -117.155591681258315, 32.706277957778475 ], [ -117.155590106721462, 32.706277617661939 ], [ -117.155588530051702, 32.706277277561064 ], [ -117.155586953465317, 32.706276945575247 ], [ -117.155585376906728, 32.706276616294375 ], [ -117.155583796109994, 32.706276289749866 ], [ -117.155582216435377, 32.706275968607549 ], [ -117.155580633616864, 32.706275652898739 ], [ -117.155579049768974, 32.70627534080441 ], [ -117.15557746706169, 32.706275035915631 ], [ -117.155575881164197, 32.706274731952014 ], [ -117.155574294246563, 32.7062744325045 ], [ -117.155572708460269, 32.706274139360914 ], [ -117.155571119502326, 32.70627384894587 ], [ -117.155569526361845, 32.706273566677105 ], [ -117.155567937505808, 32.706273286180355 ], [ -117.155566344420933, 32.706273009321599 ], [ -117.155564752467356, 32.706272738766728 ], [ -117.155563156294264, 32.706272472751508 ], [ -117.15556156121535, 32.706272209433429 ], [ -117.15555996512559, 32.706271951533211 ], [ -117.155558366967753, 32.706271699960404 ], [ -117.155556767761908, 32.706271450198706 ], [ -117.155555168648732, 32.706271209453696 ], [ -117.155553567365544, 32.706270965117689 ], [ -117.155551968307975, 32.706270729782716 ], [ -117.155550363973575, 32.706270499896888 ], [ -117.155548761818437, 32.706270274503801 ], [ -117.155547156500916, 32.706270052740784 ], [ -117.155545552277701, 32.706269833674995 ], [ -117.155543947071351, 32.706269622732052 ], [ -117.155542338702659, 32.706269415419307 ], [ -117.155540734618398, 32.706269209878542 ], [ -117.155539123152124, 32.706269012507605 ], [ -117.155537511658125, 32.706268812431652 ], [ -117.155535906683355, 32.70626862403045 ], [ -117.155534296431824, 32.706268441078436 ], [ -117.155532685132343, 32.706268259937573 ], [ -117.155531067498771, 32.706268085155344 ], [ -117.155529456319726, 32.70626791573617 ], [ -117.15552840889012, 32.706267805299291 ], [ -117.155527849406582, 32.706267746285647 ], [ -117.155526231884224, 32.706267582323484 ], [ -117.155524617616848, 32.706267423747818 ], [ -117.155523003405094, 32.706267270582153 ], [ -117.155521386021718, 32.706267120144986 ], [ -117.155519768693893, 32.70626697511787 ], [ -117.155518151393863, 32.706266832795734 ], [ -117.155516535280711, 32.706266702187463 ], [ -117.155514918091797, 32.706266570685386 ], [ -117.155513304139433, 32.706266442766427 ], [ -117.155511680699874, 32.706266325738014 ], [ -117.155510060422728, 32.706266205079416 ], [ -117.155508440210411, 32.706266090732491 ], [ -117.15550682008147, 32.706265984500632 ], [ -117.155505203179757, 32.706265880950291 ], [ -117.155503579906934, 32.706265780151853 ], [ -117.155501956717501, 32.706265687468509 ], [ -117.155500334631554, 32.706265598384014 ], [ -117.155498711525496, 32.706265513815666 ], [ -117.155497091646637, 32.706265431928813 ], [ -117.155495468633191, 32.706265356377173 ], [ -117.155493845638247, 32.706265282628841 ], [ -117.155492222735944, 32.706265217897212 ], [ -117.155490596662005, 32.706265155894116 ], [ -117.155488973806001, 32.706265095670801 ], [ -117.15548734464376, 32.706265044511213 ], [ -117.15548572510761, 32.706264995986146 ], [ -117.155484099200379, 32.70626495021304 ], [ -117.155482476575955, 32.706264912531481 ], [ -117.155480850779853, 32.706264877578427 ], [ -117.155479225020883, 32.706264846232017 ], [ -117.155477599335924, 32.706264822098987 ], [ -117.15547597685044, 32.706264797942424 ], [ -117.155474351258121, 32.706264782826068 ], [ -117.155472725693571, 32.706264770414727 ], [ -117.155471100175347, 32.706264762511708 ], [ -117.155469474721968, 32.706264760920426 ], [ -117.155466354036804, 32.706264767602505 ], [ -117.155432677050982, 32.706264940023765 ], [ -117.155397176471652, 32.70626492653961 ], [ -117.154637038698496, 32.706264549016836 ], [ -117.154645899774991, 32.705411724890531 ], [ -117.154645899775005, 32.705408536334616 ] ] ] } },
{ "type": "Feature", "properties": { "lon": -117.1537259, "lat": 32.7057792, "neighborhood": "South East Village", "block_id": "NATIONAL_AV_IMPERIAL_AV", "st_north": "IMPERIAL_AV", "st_east": "NATIONAL_AV", "st_south": "Map_Border", "st_west": "Map_Border" }, "geometry": { "type": "Polygon", "coordinates": [ [ [ -117.152793692982698, 32.705238014827557 ], [ -117.154645899775005, 32.705408536334616 ], [ -117.154645899774991, 32.705411724890531 ], [ -117.154637038698496, 32.706264549016836 ], [ -117.153743765503009, 32.70626999302057 ], [ -117.15370150731826, 32.706270302700084 ], [ -117.153223752427039, 32.706282048329271 ], [ -117.15299759660823, 32.706102305839401 ], [ -117.152986805489434, 32.706092028362242 ], [ -117.152976275853476, 32.706081559603923 ], [ -117.152966014117581, 32.706070901321077 ], [ -117.152956027820991, 32.70606006067235 ], [ -117.152946318039398, 32.706049038551832 ], [ -117.152936892330388, 32.706037843921557 ], [ -117.152927751825118, 32.706026483085552 ], [ -117.152920005542413, 32.706016394316201 ], [ -117.152918901865064, 32.706014956906508 ], [ -117.152915015321383, 32.70600964525358 ], [ -117.152910346790023, 32.706003272566619 ], [ -117.152902087712562, 32.705991434566492 ], [ -117.152896046354741, 32.705982337852106 ], [ -117.152894134323205, 32.70597945185267 ], [ -117.15288648773452, 32.705967328925759 ], [ -117.152879147928004, 32.705955063982451 ], [ -117.152872122535115, 32.705942673198329 ], [ -117.152865414745932, 32.705930155648268 ], [ -117.152859024661865, 32.705917521250747 ], [ -117.152856778125994, 32.705912799050196 ], [ -117.152852957652215, 32.705904773573501 ], [ -117.152849862984112, 32.705897842906722 ], [ -117.15284721802891, 32.705891917093687 ], [ -117.152841802666259, 32.705878959048185 ], [ -117.152836718046103, 32.705865907505235 ], [ -117.152831967404722, 32.705852766048139 ], [ -117.152828382549131, 32.705842023704108 ], [ -117.152827553996744, 32.705839540063508 ], [ -117.152827116024753, 32.705838119421188 ], [ -117.152823473657804, 32.705826239501135 ], [ -117.152819731729295, 32.705812865223578 ], [ -117.152816333654215, 32.705799428011971 ], [ -117.152813276288498, 32.705785933299737 ], [ -117.152810562822154, 32.705772380161882 ], [ -117.152808193448948, 32.705758787533568 ], [ -117.15280748092853, 32.705753990979936 ], [ -117.152806168140984, 32.705745152709724 ], [ -117.152804490226885, 32.705731488290425 ], [ -117.152804250175365, 32.705728981404796 ], [ -117.152803163916857, 32.705717788834356 ], [ -117.152802181930269, 32.705704072429704 ], [ -117.152801587757921, 32.705691461425424 ], [ -117.152793692982698, 32.705238014827557 ] ] ] } },
{ "type": "Feature", "properties": { "lon": -117.1514994, "lat": 32.7044166, "neighborhood": "Barrio Logan", "block_id": "S_16TH_ST_NATIONAL_AV", "st_north": "NATIONAL_AV", "st_east": "S_16TH_ST", "st_south": "NEWTON_AV", "st_west": "Map_Border" }, "geometry": { "type": "Polygon", "coordinates": [ [ [ -117.152793692982698, 32.705238014827557 ], [ -117.151655786842582, 32.705227100448397 ], [ -117.150064603008403, 32.704122828410092 ], [ -117.150469989524538, 32.703710341616542 ], [ -117.150846427551656, 32.7033282976032 ], [ -117.152650187877285, 32.704557434044538 ], [ -117.152666637705508, 32.704576553176715 ], [ -117.152683087550102, 32.704595673208388 ], [ -117.152684499384833, 32.704597313961173 ], [ -117.152693914298538, 32.704608514098332 ], [ -117.152703065272803, 32.704619873069745 ], [ -117.152711946882903, 32.704631381897812 ], [ -117.152719100077547, 32.704641059317836 ], [ -117.152719288282341, 32.70464131583801 ], [ -117.152720561215574, 32.704643036058627 ], [ -117.152728896502737, 32.704654832031373 ], [ -117.152736956954783, 32.704666764374856 ], [ -117.152744736126579, 32.704678828627557 ], [ -117.152752227610236, 32.704691023934828 ], [ -117.152759440892893, 32.704703339406279 ], [ -117.15276517341627, 32.704713636800662 ], [ -117.152765341792616, 32.704713935847721 ], [ -117.152766362082801, 32.704715772438497 ], [ -117.152772989046966, 32.704728323047014 ], [ -117.152779321646676, 32.704740977706933 ], [ -117.152785355606909, 32.704753735547797 ], [ -117.152791091956942, 32.704766592955117 ], [ -117.152796526384677, 32.704779545451828 ], [ -117.152801656646318, 32.704792582233551 ], [ -117.152805665630979, 32.704803502722569 ], [ -117.152805763279474, 32.704803768922929 ], [ -117.152806478512815, 32.704805706938167 ], [ -117.152810996129759, 32.7048189078128 ], [ -117.152815202004206, 32.70483218220707 ], [ -117.152819096089843, 32.704845525612619 ], [ -117.152822676124202, 32.704858925421753 ], [ -117.152825944314074, 32.704872388832186 ], [ -117.152828397147218, 32.704883614680796 ], [ -117.152828461984882, 32.704883905468407 ], [ -117.152828898369393, 32.704885900531217 ], [ -117.152831534042591, 32.70489946235331 ], [ -117.152833851195027, 32.70491306077345 ], [ -117.152835849854242, 32.704926698496706 ], [ -117.15283753101275, 32.704940368301884 ], [ -117.152838890321306, 32.70495406210518 ], [ -117.152839930933112, 32.704967775374769 ], [ -117.152840533437541, 32.704979221268495 ], [ -117.152840545621402, 32.704979473666739 ], [ -117.152840650678073, 32.704981504519594 ], [ -117.152841048406472, 32.704995241432442 ], [ -117.152841124090486, 32.705008983408263 ], [ -117.152840874447421, 32.705022722355466 ], [ -117.152840310132603, 32.705036457294241 ], [ -117.152839422521723, 32.70505017927038 ], [ -117.152838418311632, 32.70506157651058 ], [ -117.152838394549761, 32.705061859831169 ], [ -117.152838213673746, 32.705063881054798 ], [ -117.152836683597712, 32.705077563549239 ], [ -117.152834833212268, 32.70509121231904 ], [ -117.152832667914126, 32.705104833636874 ], [ -117.152830181184399, 32.705118415827876 ], [ -117.152827377205639, 32.705131950745674 ], [ -117.152824258082887, 32.705145435669664 ], [ -117.1528213950929, 32.705156645429781 ], [ -117.152821335685047, 32.705156884826032 ], [ -117.152820825921339, 32.705158867879135 ], [ -117.152817078504754, 32.70517223927461 ], [ -117.152813017938186, 32.705185547135514 ], [ -117.152808647337906, 32.705198783323247 ], [ -117.152803967733178, 32.705211944223315 ], [ -117.152798982249493, 32.705225022598839 ], [ -117.152793692982698, 32.705238014827557 ] ] ] } },
{ "type": "Feature", "properties": { "lon": -117.1524081, "lat": 32.7055029, "neighborhood": "South East Village", "block_id": "Map_Border_NATIONAL_AV", "st_north": "NATIONAL_AV", "st_east": "Map_Border", "st_south": "COMMERCIAL_ST", "st_west": "13TH_ST" }, "geometry": { "type": "Polygon", "coordinates": [ [ [ -117.151655786842582, 32.705227100448397 ], [ -117.152793692982698, 32.705238014827557 ], [ -117.152801587757921, 32.705691461425424 ], [ -117.152793422583287, 32.706162319187264 ], [ -117.152776727674166, 32.706096493491053 ], [ -117.15277030489014, 32.706083894496167 ], [ -117.152763497225124, 32.706071413741348 ], [ -117.152756319951663, 32.706059084479115 ], [ -117.152748779551828, 32.706046914777566 ], [ -117.152740864146736, 32.706034890295804 ], [ -117.152740788394524, 32.70603478354321 ], [ -117.152732615920016, 32.706023068436373 ], [ -117.152724008916209, 32.706011414221308 ], [ -117.152715055042137, 32.705999944696408 ], [ -117.152705762958931, 32.705988672422627 ], [ -117.152696136932533, 32.705977597368665 ], [ -117.152686182443148, 32.705966733922153 ], [ -117.152675908078066, 32.705956087430565 ], [ -117.152665320282253, 32.705945662355404 ], [ -117.15265442339556, 32.705935465878781 ], [ -117.152643229223116, 32.705925505128043 ], [ -117.152631738877545, 32.705915784603704 ], [ -117.15261996099224, 32.705906314161666 ], [ -117.152607906259604, 32.705897096428806 ], [ -117.152595582218879, 32.705888138563736 ], [ -117.151901437031441, 32.705406705491001 ], [ -117.151655786842582, 32.705227100448397 ] ] ] } },
{ "type": "Feature", "properties": { "lon": -117.1506552, "lat": 32.7073213, "neighborhood": "South East Village", "block_id": "16TH_ST_K_ST", "st_north": "K_ST", "st_east": "16TH_ST", "st_south": "IMPERIAL_AV", "st_west": "14TH_ST" }, "geometry": { "type": "Polygon", "coordinates": [ [ [ -117.151878833639856, 32.707328080919368 ], [ -117.151879987970275, 32.707616665604405 ], [ -117.151883017365122, 32.708372484407015 ], [ -117.151177584608305, 32.708374892840297 ], [ -117.151161373633897, 32.708373854366855 ], [ -117.151145223833282, 32.708372331209517 ], [ -117.151129143747923, 32.708370324207522 ], [ -117.151113158992601, 32.708367834977402 ], [ -117.151097289877356, 32.708364867879311 ], [ -117.151081556693612, 32.708361425470358 ], [ -117.151065973389137, 32.708357515764341 ], [ -117.151050567711707, 32.708353140362036 ], [ -117.151044051682248, 32.708351132001816 ], [ -117.15033219867081, 32.708361828026284 ], [ -117.149431725611848, 32.708365650231357 ], [ -117.149431109005647, 32.707634550473699 ], [ -117.149430849640837, 32.707323971253615 ], [ -117.149429833472638, 32.706268549902312 ], [ -117.150349932443334, 32.706278326796898 ], [ -117.151881897919594, 32.706283843580678 ], [ -117.151878833639856, 32.707328080919368 ] ] ] } },
{ "type": "Feature", "properties": { "lon": -117.1523339, "lat": 32.7078495, "neighborhood": "South East Village", "block_id": "14TH_ST_K_ST", "st_north": "K_ST", "st_east": "14TH_ST", "st_south": "L_ST", "st_west": "13TH_ST" }, "geometry": { "type": "Polygon", "coordinates": [ [ [ -117.151883017365122, 32.708372484407015 ], [ -117.151879987970275, 32.707616665604405 ], [ -117.151878833639856, 32.707328080919368 ], [ -117.152798887646611, 32.707332342942294 ], [ -117.152796532411514, 32.707609959308371 ], [ -117.152790051295526, 32.708374093286942 ], [ -117.151883017365122, 32.708372484407015 ] ] ] } },
{ "type": "Feature", "properties": { "lon": -117.1529333, "lat": 32.7061363, "neighborhood": "South East Village", "block_id": "13TH_ST_IMPERIAL_AV", "st_north": "IMPERIAL_AV", "st_east": "13TH_ST", "st_south": "Map_Border", "st_west": "NATIONAL_AV" }, "geometry": { "type": "Polygon", "coordinates": [ [ [ -117.153223752427039, 32.706282048329271 ], [ -117.152794372844156, 32.706278953309891 ], [ -117.152793422583287, 32.706162319187264 ], [ -117.152801587757921, 32.705691461425424 ], [ -117.152802181930269, 32.705704072429704 ], [ -117.152803163916857, 32.705717788834356 ], [ -117.152804250175365, 32.705728981404796 ], [ -117.152804490226885, 32.705731488290425 ], [ -117.152806168140984, 32.705745152709724 ], [ -117.15280748092853, 32.705753990979936 ], [ -117.152808193448948, 32.705758787533568 ], [ -117.152810562822154, 32.705772380161882 ], [ -117.152813276288498, 32.705785933299737 ], [ -117.152816333654215, 32.705799428011971 ], [ -117.152819731729295, 32.705812865223578 ], [ -117.152823473657804, 32.705826239501135 ], [ -117.152827116024753, 32.705838119421188 ], [ -117.152827553996744, 32.705839540063508 ], [ -117.152828382549131, 32.705842023704108 ], [ -117.152831967404722, 32.705852766048139 ], [ -117.152836718046103, 32.705865907505235 ], [ -117.152841802666259, 32.705878959048185 ], [ -117.15284721802891, 32.705891917093687 ], [ -117.152849862984112, 32.705897842906722 ], [ -117.152852957652215, 32.705904773573501 ], [ -117.152856778125994, 32.705912799050196 ], [ -117.152859024661865, 32.705917521250747 ], [ -117.152865414745932, 32.705930155648268 ], [ -117.152872122535115, 32.705942673198329 ], [ -117.152879147928004, 32.705955063982451 ], [ -117.15288648773452, 32.705967328925759 ], [ -117.152894134323205, 32.70597945185267 ], [ -117.152896046354741, 32.705982337852106 ], [ -117.152902087712562, 32.705991434566492 ], [ -117.152910346790023, 32.706003272566619 ], [ -117.152915015321383, 32.70600964525358 ], [ -117.152918901865064, 32.706014956906508 ], [ -117.152920005542413, 32.706016394316201 ], [ -117.152927751825118, 32.706026483085552 ], [ -117.152936892330388, 32.706037843921557 ], [ -117.152946318039398, 32.706049038551832 ], [ -117.152956027820991, 32.70606006067235 ], [ -117.152966014117581, 32.706070901321077 ], [ -117.152976275853476, 32.706081559603923 ], [ -117.152986805489434, 32.706092028362242 ], [ -117.15299759660823, 32.706102305839401 ], [ -117.153223752427039, 32.706282048329271 ] ] ] } },
{ "type": "Feature", "properties": { "lon": -117.1532624, "lat": 32.7068048, "neighborhood": "South East Village", "block_id": "13TH_ST_L_ST", "st_north": "L_ST", "st_east": "13TH_ST", "st_south": "IMPERIAL_AV", "st_west": "12TH_AV" }, "geometry": { "type": "Polygon", "coordinates": [ [ [ -117.152794372844156, 32.706278953309891 ], [ -117.153223752427039, 32.706282048329271 ], [ -117.15370150731826, 32.706270302700084 ], [ -117.153709519556756, 32.706734742453307 ], [ -117.153708991440737, 32.707317431473506 ], [ -117.152798887646611, 32.707332342942294 ], [ -117.152794372844156, 32.706278953309891 ] ] ] } },
{ "type": "Feature", "properties": { "lon": -117.1522731, "lat": 32.705974, "neighborhood": "South East Village", "block_id": "14TH_ST_IMPERIAL_AV", "st_north": "IMPERIAL_AV", "st_east": "14TH_ST", "st_south": "NATIONAL_AV", "st_west": "13TH_ST" }, "geometry": { "type": "Polygon", "coordinates": [ [ [ -117.151901437031441, 32.705406705491001 ], [ -117.152595582218879, 32.705888138563736 ], [ -117.152607906259604, 32.705897096428806 ], [ -117.15261996099224, 32.705906314161666 ], [ -117.152631738877545, 32.705915784603704 ], [ -117.152643229223116, 32.705925505128043 ], [ -117.15265442339556, 32.705935465878781 ], [ -117.152665320282253, 32.705945662355404 ], [ -117.152675908078066, 32.705956087430565 ], [ -117.152686182443148, 32.705966733922153 ], [ -117.152696136932533, 32.705977597368665 ], [ -117.152705762958931, 32.705988672422627 ], [ -117.152715055042137, 32.705999944696408 ], [ -117.152724008916209, 32.706011414221308 ], [ -117.152732615920016, 32.706023068436373 ], [ -117.152740788394524, 32.70603478354321 ], [ -117.152740864146736, 32.706034890295804 ], [ -117.152748779551828, 32.706046914777566 ], [ -117.152756319951663, 32.706059084479115 ], [ -117.152763497225124, 32.706071413741348 ], [ -117.15277030489014, 32.706083894496167 ], [ -117.152776727674166, 32.706096493491053 ], [ -117.152793422583287, 32.706162319187264 ], [ -117.152794372844156, 32.706278953309891 ], [ -117.151881897919594, 32.706283843580678 ], [ -117.15187664056819, 32.705623826727468 ], [ -117.151901437031441, 32.705406705491001 ] ] ] } },
{ "type": "Feature", "properties": { "lon": -117.1545023, "lat": 32.7069832, "neighborhood": "South East Village", "block_id": "12TH_AV_PARK_BL", "st_north": "PARK_BL", "st_east": "12TH_AV", "st_south": "Map_Border", "st_west": "IMPERIAL_AV" }, "geometry": { "type": "Polygon", "coordinates": [ [ [ -117.15370150731826, 32.706270302700084 ], [ -117.153743765503009, 32.70626999302057 ], [ -117.154637038698496, 32.706264549016836 ], [ -117.155397176471652, 32.70626492653961 ], [ -117.155432677050982, 32.706264940023765 ], [ -117.155466354036804, 32.706264767602505 ], [ -117.155469474721968, 32.706264760920426 ], [ -117.155471100175347, 32.706264762511708 ], [ -117.155472725693571, 32.706264770414727 ], [ -117.155474351258121, 32.706264782826068 ], [ -117.15547597685044, 32.706264797942424 ], [ -117.155477599335924, 32.706264822098987 ], [ -117.155479225020883, 32.706264846232017 ], [ -117.155480850779853, 32.706264877578427 ], [ -117.155482476575955, 32.706264912531481 ], [ -117.155484099200379, 32.70626495021304 ], [ -117.15548572510761, 32.706264995986146 ], [ -117.15548734464376, 32.706265044511213 ], [ -117.155488973806001, 32.706265095670801 ], [ -117.155490596662005, 32.706265155894116 ], [ -117.155492222735944, 32.706265217897212 ], [ -117.155493845638247, 32.706265282628841 ], [ -117.155495468633191, 32.706265356377173 ], [ -117.155497091646637, 32.706265431928813 ], [ -117.155498711525496, 32.706265513815666 ], [ -117.155500334631554, 32.706265598384014 ], [ -117.155501956717501, 32.706265687468509 ], [ -117.155503579906934, 32.706265780151853 ], [ -117.155505203179757, 32.706265880950291 ], [ -117.15550682008147, 32.706265984500632 ], [ -117.155508440210411, 32.706266090732491 ], [ -117.155510060422728, 32.706266205079416 ], [ -117.155511680699874, 32.706266325738014 ], [ -117.155513304139433, 32.706266442766427 ], [ -117.155514918091797, 32.706266570685386 ], [ -117.155516535280711, 32.706266702187463 ], [ -117.155518151393863, 32.706266832795734 ], [ -117.155519768693893, 32.70626697511787 ], [ -117.155521386021718, 32.706267120144986 ], [ -117.155523003405094, 32.706267270582153 ], [ -117.155524617616848, 32.706267423747818 ], [ -117.155526231884224, 32.706267582323484 ], [ -117.155527849406582, 32.706267746285647 ], [ -117.15552840889012, 32.706267805299291 ], [ -117.155529456319726, 32.70626791573617 ], [ -117.155531067498771, 32.706268085155344 ], [ -117.155532685132343, 32.706268259937573 ], [ -117.155534296431824, 32.706268441078436 ], [ -117.155535906683355, 32.70626862403045 ], [ -117.155537511658125, 32.706268812431652 ], [ -117.155539123152124, 32.706269012507605 ], [ -117.155540734618398, 32.706269209878542 ], [ -117.155542338702659, 32.706269415419307 ], [ -117.155543947071351, 32.706269622732052 ], [ -117.155545552277701, 32.706269833674995 ], [ -117.155547156500916, 32.706270052740784 ], [ -117.155548761818437, 32.706270274503801 ], [ -117.155550363973575, 32.706270499896888 ], [ -117.155551968307975, 32.706270729782716 ], [ -117.155553567365544, 32.706270965117689 ], [ -117.155555168648732, 32.706271209453696 ], [ -117.155556767761908, 32.706271450198706 ], [ -117.155558366967753, 32.706271699960404 ], [ -117.15555996512559, 32.706271951533211 ], [ -117.15556156121535, 32.706272209433429 ], [ -117.155563156294264, 32.706272472751508 ], [ -117.155564752467356, 32.706272738766728 ], [ -117.155566344420933, 32.706273009321599 ], [ -117.155567937505808, 32.706273286180355 ], [ -117.155569526361845, 32.706273566677105 ], [ -117.155571119502326, 32.70627384894587 ], [ -117.155572708460269, 32.706274139360914 ], [ -117.155574294246563, 32.7062744325045 ], [ -117.155575881164197, 32.706274731952014 ], [ -117.15557746706169, 32.706275035915631 ], [ -117.155579049768974, 32.70627534080441 ], [ -117.155580633616864, 32.706275652898739 ], [ -117.155582216435377, 32.706275968607549 ], [ -117.155583796109994, 32.706276289749866 ], [ -117.155585376906728, 32.706276616294375 ], [ -117.155586953465317, 32.706276945575247 ], [ -117.155588530051702, 32.706277277561064 ], [ -117.155590106721462, 32.706277617661939 ], [ -117.155591681258315, 32.706277957778475 ], [ -117.155593251612572, 32.706278306041327 ], [ -117.155594825203352, 32.706278657887403 ], [ -117.155596392441623, 32.706279014288825 ], [ -117.155597962916346, 32.706279374273379 ], [ -117.155599530237993, 32.706279738789782 ], [ -117.155601094425066, 32.706280109641412 ], [ -117.155602658639907, 32.706280483197979 ], [ -117.155604222873308, 32.706280858557953 ], [ -117.155605783999874, 32.706281242958042 ], [ -117.155607341954862, 32.706281630086679 ], [ -117.155608899937647, 32.706282019920273 ], [ -117.15561045797601, 32.706282415163969 ], [ -117.155612012879786, 32.706282816742785 ], [ -117.155613564602675, 32.706283220148457 ], [ -117.155615116381156, 32.706283628964073 ], [ -117.155616668224496, 32.706284044091454 ], [ -117.155618215820439, 32.706284461053492 ], [ -117.155619761320509, 32.706284881637835 ], [ -117.155621306894702, 32.706285309435536 ], [ -117.155622852478146, 32.706285738134945 ], [ -117.155624393879094, 32.706286174980683 ], [ -117.155625933202671, 32.706286617252076 ], [ -117.155627472498466, 32.706287056818439 ], [ -117.155629007611708, 32.706287504531218 ], [ -117.155630543847082, 32.706287957646126 ], [ -117.155632076910763, 32.706288413489588 ], [ -117.155633608963598, 32.706288874750875 ], [ -117.155635138911265, 32.706289338732816 ], [ -117.155636664657905, 32.706289809057765 ], [ -117.155638191517326, 32.706290283883241 ], [ -117.155639714147881, 32.706290762346725 ], [ -117.155641236806289, 32.706291243515224 ], [ -117.155642757405843, 32.706291731912735 ], [ -117.155644273748777, 32.706292221243189 ], [ -117.155645790147275, 32.706292715983714 ], [ -117.155647304468445, 32.706293216149888 ], [ -117.155648817778697, 32.706293721733964 ], [ -117.155650327917357, 32.706294230046524 ], [ -117.155651834884381, 32.706294741087589 ], [ -117.155653343001219, 32.706295260235834 ], [ -117.155654846824419, 32.706295776710334 ], [ -117.155656347568637, 32.706296304930092 ], [ -117.155657848303562, 32.706296832248171 ], [ -117.155659345903942, 32.706297365901456 ], [ -117.155660840351217, 32.706297904086568 ], [ -117.155662334835597, 32.706298445878382 ], [ -117.155663826176095, 32.706298993103651 ], [ -117.155665314344972, 32.706299543057462 ], [ -117.155666802560233, 32.706300097519602 ], [ -117.155668286546558, 32.706300655619728 ], [ -117.155669768483392, 32.706301221850623 ], [ -117.155671250401682, 32.706301786278075 ], [ -117.155672729194677, 32.706302357942427 ], [ -117.15567420374957, 32.706302932343071 ], [ -117.155675679426537, 32.706303512145979 ], [ -117.15567715194112, 32.706304095579007 ], [ -117.155678620236145, 32.706304683551735 ], [ -117.155680083235865, 32.706305275170315 ], [ -117.155681551614293, 32.706305871258003 ], [ -117.155683011497956, 32.706306471015104 ], [ -117.155684473542422, 32.706307073461531 ], [ -117.15568593035637, 32.706307685865468 ], [ -117.155687386085376, 32.706308296473935 ], [ -117.155688836565361, 32.706308915236548 ], [ -117.155690285978849, 32.70630953400704 ], [ -117.155691735448002, 32.706310158187478 ], [ -117.155693178583135, 32.706310788726647 ], [ -117.155694622803281, 32.706311421061294 ], [ -117.155696062813092, 32.706312058837263 ], [ -117.155697499660576, 32.706312700243465 ], [ -117.155698936554373, 32.706313346157977 ], [ -117.155700367086396, 32.706313995726205 ], [ -117.155701797636951, 32.706314647097741 ], [ -117.15570322505296, 32.706315304804455 ], [ -117.155704649325102, 32.70631596794469 ], [ -117.155706073587993, 32.706316630183203 ], [ -117.155707491544717, 32.706317301485484 ], [ -117.155708909529238, 32.706317975492745 ], [ -117.155710323247831, 32.706318649531319 ], [ -117.155711734916906, 32.706319331700591 ], [ -117.155713143414317, 32.70632001659839 ], [ -117.155714551976629, 32.706320707807883 ], [ -117.155715953092127, 32.706321400875503 ], [ -117.155717355301931, 32.706322096640271 ], [ -117.155718753310666, 32.706322798748133 ], [ -117.155720149177185, 32.706323499969962 ], [ -117.155721540870459, 32.706324210239821 ], [ -117.155722930477168, 32.706324925033663 ], [ -117.155724319054414, 32.706325643442042 ], [ -117.155725701232825, 32.706326361897403 ], [ -117.155727081361675, 32.706327088483491 ], [ -117.155728460451897, 32.706327817782359 ], [ -117.155729833161757, 32.706328548931587 ], [ -117.155731205917945, 32.706329284589195 ], [ -117.155732575521071, 32.706330024778616 ], [ -117.155733941952548, 32.706330767696564 ], [ -117.155735305212431, 32.706331513343002 ], [ -117.15573666855569, 32.7063322671045 ], [ -117.155738022337701, 32.70633302454312 ], [ -117.155739379337774, 32.706333783761615 ], [ -117.155740733175421, 32.706334546610279 ], [ -117.155742080632777, 32.706335311309225 ], [ -117.155743428154977, 32.706336082319943 ], [ -117.155744768267468, 32.706336858795446 ], [ -117.155746109464914, 32.70633763706649 ], [ -117.155747444300602, 32.706338418991216 ], [ -117.15574877809766, 32.706339203628715 ], [ -117.155750109817347, 32.706339993691969 ], [ -117.155751437298946, 32.706340786491545 ], [ -117.155752759503713, 32.706341584740336 ], [ -117.155754080614258, 32.706342380291915 ], [ -117.155755398664354, 32.70634318939203 ], [ -117.155756714563012, 32.706343996704469 ], [ -117.155758029441515, 32.706344808533103 ], [ -117.155759331559352, 32.706345624062436 ], [ -117.155760636922935, 32.706346444076608 ], [ -117.155761939124176, 32.70634726772095 ], [ -117.155763238144573, 32.706348093192076 ], [ -117.155764534030382, 32.706348924998473 ], [ -117.155765823517314, 32.706349756851822 ], [ -117.155767113078412, 32.706350595918543 ], [ -117.155768399449343, 32.706351435910406 ], [ -117.15576968267645, 32.706352281335811 ], [ -117.155770959532518, 32.706353129513268 ], [ -117.155772235349886, 32.706353980403506 ], [ -117.155773505890465, 32.706354836742904 ], [ -117.155774776458912, 32.706355695787359 ], [ -117.155776042798507, 32.706356558469835 ], [ -117.155777303852034, 32.706357425699807 ], [ -117.155778560667429, 32.706358295666135 ], [ -117.15577981432051, 32.706359169262619 ], [ -117.155781065859159, 32.706360044678107 ], [ -117.155782316396241, 32.706360926413119 ], [ -117.15578356055299, 32.706361809998484 ], [ -117.155784802613852, 32.706362697206202 ], [ -117.155786037237192, 32.70636358717374 ], [ -117.155787271906831, 32.706364481649665 ], [ -117.155788503414172, 32.706365379755731 ], [ -117.155789728550374, 32.7063662806138 ], [ -117.155790953742255, 32.706367186881913 ], [ -117.155792172535257, 32.706368093197014 ], [ -117.155793387117981, 32.706369004953451 ], [ -117.155794602822766, 32.706369922112117 ], [ -117.155795808938507, 32.706370840242911 ], [ -117.155797015128456, 32.706371765587114 ], [ -117.155798220224113, 32.706372688234111 ], [ -117.15579941685283, 32.70637361725543 ], [ -117.15580060923412, 32.706374548111476 ], [ -117.155801799510328, 32.706375481688148 ], [ -117.155802991984345, 32.706376421560925 ], [ -117.155804171688445, 32.706377364232665 ], [ -117.155805349278097, 32.706378308723373 ], [ -117.155806525866183, 32.706379259533641 ], [ -117.155807699254893, 32.706380210367428 ], [ -117.155808866300276, 32.706381166658176 ], [ -117.155810030174038, 32.706382125677493 ], [ -117.155811190866956, 32.706383086523601 ], [ -117.155812348397447, 32.706384050999944 ], [ -117.155813502765639, 32.706385019106442 ], [ -117.155946012244868, 32.706496676792128 ], [ -117.155527160485107, 32.706851988470824 ], [ -117.154982327073498, 32.707314178748199 ], [ -117.154878022226725, 32.707402657386169 ], [ -117.154629377845723, 32.707613585396892 ], [ -117.15461782184569, 32.707623389130205 ], [ -117.154534707076181, 32.70769389092596 ], [ -117.154239904991044, 32.707939458012085 ], [ -117.153726839632995, 32.708366837875282 ], [ -117.153723033497826, 32.708370008334342 ], [ -117.153722991701855, 32.708366867876862 ], [ -117.153712805823389, 32.70760324818572 ], [ -117.153708991440737, 32.707317431473506 ], [ -117.153709519556756, 32.706734742453307 ], [ -117.15370150731826, 32.706270302700084 ] ] ] } },
{ "type": "Feature", "properties": { "lon": -117.1540298, "lat": 32.7087234, "neighborhood": "South East Village", "block_id": "PARK_BL_J_ST", "st_north": "J_ST", "st_east": "PARK_BL", "st_south": "Map_Border", "st_west": "11TH_AV" }, "geometry": { "type": "Polygon", "coordinates": [ [ [ -117.154634142782726, 32.709402265607963 ], [ -117.153730348984226, 32.709400646469156 ], [ -117.153723033497826, 32.708370008334342 ], [ -117.153726839632995, 32.708366837875282 ], [ -117.154239904991044, 32.707939458012085 ], [ -117.154383177689027, 32.708059850277991 ], [ -117.154384289764195, 32.708060853876042 ], [ -117.154385395431163, 32.708061856619324 ], [ -117.154386504334582, 32.708062862945773 ], [ -117.1543876132381, 32.708063869272237 ], [ -117.154388716836891, 32.708064878342817 ], [ -117.154389819359935, 32.708065886519549 ], [ -117.154390918720495, 32.708066898326443 ], [ -117.154392018108837, 32.70806791283831 ], [ -117.154393111098173, 32.708068927397122 ], [ -117.154394207314823, 32.708069944637479 ], [ -117.154395297132496, 32.708070961924768 ], [ -117.154396386977922, 32.708071981917065 ], [ -117.154397476823362, 32.708073001909312 ], [ -117.154398563497139, 32.708074024630037 ], [ -117.154399645904888, 32.708075047382074 ], [ -117.154400729406944, 32.708076072831254 ], [ -117.154401809737223, 32.708077101008961 ], [ -117.15440288686807, 32.70807812921008 ], [ -117.15440396402667, 32.708079160116242 ], [ -117.154405036919343, 32.708080191053639 ], [ -117.154406107706748, 32.708081224711705 ], [ -117.154407178503419, 32.708082259271485 ], [ -117.154408241853133, 32.708083295689292 ], [ -117.154409312668392, 32.708084332052344 ], [ -117.154410376045831, 32.70808537117518 ], [ -117.154411437271889, 32.708086408510333 ], [ -117.154412497505476, 32.708087453066639 ], [ -117.154413555606013, 32.70808849763857 ], [ -117.154414609449859, 32.708089543143458 ], [ -117.154415664351021, 32.708090587738852 ], [ -117.1544167150509, 32.708091638677239 ], [ -117.15441776254211, 32.708092688737366 ], [ -117.154418811081271, 32.708093736986356 ], [ -117.154419855400775, 32.708094789775018 ], [ -117.154420899729487, 32.708095843465308 ], [ -117.154421937650028, 32.708096896300809 ], [ -117.154422978834859, 32.70809795542462 ], [ -117.1544240146779, 32.708099013685803 ], [ -117.154425049491522, 32.708100075561546 ], [ -117.154426081105584, 32.70810113746068 ], [ -117.154427112710479, 32.708102198458192 ], [ -117.154428144352423, 32.708103263062341 ], [ -117.154429166395829, 32.708104327736933 ], [ -117.154430191666592, 32.708105395093021 ], [ -117.154431213756311, 32.708106464275922 ], [ -117.15443223585531, 32.708107534360465 ], [ -117.154433251555318, 32.708108604491947 ], [ -117.154434263017151, 32.708109677359772 ], [ -117.154435281972241, 32.708110752877793 ], [ -117.15443629452831, 32.70811182844276 ], [ -117.154437303884947, 32.708112904031182 ], [ -117.154438309031093, 32.70811398506094 ], [ -117.154439315216024, 32.708115063377839 ], [ -117.154440318229234, 32.708116144423158 ], [ -117.154441317004228, 32.708117228204841 ], [ -117.154442316845689, 32.708118311978694 ], [ -117.154443309249459, 32.708119398512302 ], [ -117.154444309118745, 32.708120484991127 ], [ -117.154445302589053, 32.708121571516884 ], [ -117.154446291821145, 32.708122660778933 ], [ -117.154447277881488, 32.708123752769495 ], [ -117.154448265017649, 32.708124845653906 ], [ -117.154449251105831, 32.708125940349412 ], [ -117.154450231861475, 32.708127035084047 ], [ -117.154451214777922, 32.708128132508108 ], [ -117.154452188105168, 32.708129230904127 ], [ -117.154453161423135, 32.708130328398525 ], [ -117.154454131597177, 32.7081314313264 ], [ -117.154455106018702, 32.708132532419668 ], [ -117.154456076192787, 32.708133635347565 ], [ -117.154457039977132, 32.708134739223979 ], [ -117.154458003807719, 32.70813584760883 ], [ -117.15445896761986, 32.708136954190302 ], [ -117.154459928278769, 32.708138065303586 ], [ -117.154460885719686, 32.708139174636997 ], [ -117.154461839979646, 32.708140285797207 ], [ -117.154462794276611, 32.708141400564124 ], [ -117.154463745364851, 32.708142514452824 ], [ -117.154464693262867, 32.708143629266637 ], [ -117.154465640122154, 32.708144746793259 ], [ -117.154466584839184, 32.708145863433884 ], [ -117.154467526393802, 32.708146983704658 ], [ -117.154468467976145, 32.708148106680405 ], [ -117.154469405283251, 32.7081492287858 ], [ -117.154470340466673, 32.708150351808477 ], [ -117.154471275677864, 32.708151477536191 ], [ -117.154472206623041, 32.708152603295161 ], [ -117.154473135453756, 32.708153730873171 ], [ -117.154474060027752, 32.708154859384102 ], [ -117.15447498569597, 32.708155990592189 ], [ -117.154475907098259, 32.708157121831626 ], [ -117.154476829567059, 32.708158253063161 ], [ -117.15447774459814, 32.708159387054486 ], [ -117.154478662856491, 32.708160523727372 ], [ -117.154479575782347, 32.70816166043938 ], [ -117.154480487669474, 32.708162799864184 ], [ -117.154481396357113, 32.70816393931247 ], [ -117.15448230184532, 32.708165078784198 ], [ -117.154483204161764, 32.708166220984417 ], [ -117.154484107544747, 32.708167363176813 ], [ -117.154485006689455, 32.708168508105459 ], [ -117.154485905834193, 32.708169653034155 ], [ -117.154486801807266, 32.708170800691313 ], [ -117.154487694580823, 32.708171948371955 ], [ -117.154488584164099, 32.708173096977688 ], [ -117.154489473765963, 32.708174247386765 ], [ -117.154490360196093, 32.708175400524354 ], [ -117.154491243426747, 32.708176553685348 ], [ -117.154492125600171, 32.708177707755894 ], [ -117.154493005659091, 32.708178863645422 ], [ -117.154493882518523, 32.708180019558363 ], [ -117.15449475621547, 32.708181179101501 ], [ -117.154495629903209, 32.708182337742919 ], [ -117.154496499352717, 32.708183499120658 ], [ -117.15449736987803, 32.708184661392266 ], [ -117.154498232928546, 32.708185822816922 ], [ -117.154499097082606, 32.708186987840463 ], [ -117.154499958027941, 32.708188151985766 ], [ -117.154500817943799, 32.708189319745571 ], [ -117.154501675717441, 32.708190486619372 ], [ -117.154502529262118, 32.708191657131138 ], [ -117.15450337639848, 32.708192826788114 ], [ -117.154504231037436, 32.708193999997071 ], [ -117.154505078201638, 32.708195172359119 ], [ -117.154505925375119, 32.708196345622802 ], [ -117.154506764044342, 32.708197521654093 ], [ -117.154507608036866, 32.708198696744617 ], [ -117.1545084424679, 32.7081998755122 ], [ -117.154509280098452, 32.7082010542563 ], [ -117.154510111320747, 32.708202232145659 ], [ -117.154510942580117, 32.708203413641741 ], [ -117.154511771706439, 32.70820459515339 ], [ -117.154512602993563, 32.708205779354479 ], [ -117.154513424700738, 32.70820696542927 ], [ -117.154514246389382, 32.70820814970071 ], [ -117.154515063839824, 32.708209336708471 ], [ -117.154515882356762, 32.708210523708374 ], [ -117.154516697701979, 32.708211713436789 ], [ -117.154517509847707, 32.708212903188659 ], [ -117.154518322021261, 32.708214095645559 ], [ -117.154519127758761, 32.708215284542668 ], [ -117.154519932494551, 32.708216479759308 ], [ -117.154520735125118, 32.708217677696624 ], [ -117.154521534528428, 32.708218872952372 ], [ -117.154522332865255, 32.708220068215923 ], [ -117.154523129096873, 32.708221266200177 ], [ -117.154523924261994, 32.708222464192211 ], [ -117.154524710932151, 32.708223665853495 ], [ -117.154525502953319, 32.708224869279029 ], [ -117.154526289614253, 32.708226070038656 ], [ -117.154527075264212, 32.708227276216135 ], [ -117.154527854487441, 32.708228479735546 ], [ -117.154528634804933, 32.708229685952126 ], [ -117.154529410856398, 32.708230892199985 ], [ -117.154530186917185, 32.708232099349537 ], [ -117.154530960863468, 32.708233308318036 ], [ -117.154531727372003, 32.708234520046361 ], [ -117.154532497080112, 32.708235731751174 ], [ -117.154533260398424, 32.708236944404611 ], [ -117.154534023707527, 32.708238156156355 ], [ -117.154534783844881, 32.708239370636598 ], [ -117.154535540810514, 32.70824058784531 ], [ -117.154536297757687, 32.708241803250672 ], [ -117.154537051551614, 32.708243023187848 ], [ -117.154537802127507, 32.708244241345177 ], [ -117.154538549522485, 32.708245461329248 ], [ -117.154539296917477, 32.708246681313391 ], [ -117.15454003688393, 32.70824790495891 ], [ -117.154540777907698, 32.708249127695005 ], [ -117.154541518940704, 32.708250351332744 ], [ -117.154542253565481, 32.708251574115728 ], [ -117.154542987188506, 32.708252803218237 ], [ -117.154543718641563, 32.708254028729684 ], [ -117.154544449065156, 32.708255257855704 ], [ -117.154545174146961, 32.708256486119097 ], [ -117.154545898199331, 32.708257717997014 ], [ -117.154546620118751, 32.708258949890556 ], [ -117.154547340962367, 32.708260180890242 ], [ -117.154548056510507, 32.70826141553578 ], [ -117.154548770982956, 32.708262649287434 ], [ -117.154549482265097, 32.708263883964243 ], [ -117.154550194641558, 32.708265121338208 ], [ -117.154550899552504, 32.708266358766934 ], [ -117.154551604481995, 32.70826759799904 ], [ -117.154552306193452, 32.708268835451221 ], [ -117.154553004733202, 32.708270075631901 ], [ -117.154553704367217, 32.70827131850978 ], [ -117.15455439972601, 32.708272560517209 ], [ -117.154555091894551, 32.708273803449863 ], [ -117.154555780863618, 32.708275046405973 ], [ -117.154556469860424, 32.708276292067076 ], [ -117.154557152458253, 32.70827753777511 ], [ -117.15455783827413, 32.708278785263026 ], [ -117.154558516633756, 32.708280033707354 ], [ -117.154559192860333, 32.708281282167356 ], [ -117.154559869114763, 32.708282533332309 ], [ -117.154560542169648, 32.708283784520809 ], [ -117.154561210958562, 32.708285035740559 ], [ -117.15456188086948, 32.708286292362516 ], [ -117.154562544325913, 32.708287543621367 ], [ -117.154563206743646, 32.708288797593056 ], [ -117.154563870227861, 32.708290051556943 ], [ -117.154564526274314, 32.708291308280572 ], [ -117.154565180215599, 32.708292567724861 ], [ -117.154565833090288, 32.708293827177009 ], [ -117.154566483804359, 32.708295083939724 ], [ -117.154567133507371, 32.708296346120335 ], [ -117.154567776783651, 32.708297605642869 ], [ -117.154568421163432, 32.708298868764231 ], [ -117.154569061268035, 32.708300131015214 ], [ -117.154569701400362, 32.708301395971269 ], [ -117.15457033513367, 32.708302660974219 ], [ -117.15457096993353, 32.708303925969325 ], [ -117.154571600467392, 32.708305190995723 ], [ -117.154572227838727, 32.708306459652299 ], [ -117.154572852001365, 32.708307727430665 ], [ -117.154573476191786, 32.708308997914038 ], [ -117.154574097182703, 32.708310268420867 ], [ -117.154574714983355, 32.708311539852872 ], [ -117.154575329575266, 32.708312810406625 ], [ -117.154575944194974, 32.708314083665428 ], [ -117.154576554530152, 32.708315355152131 ], [ -117.154577162778594, 32.708316631162909 ], [ -117.154577767827604, 32.70831790719712 ], [ -117.154578369686305, 32.708319184156451 ], [ -117.154578970469288, 32.708320460221913 ], [ -117.154579569119292, 32.708321736303049 ], [ -117.154580164579059, 32.708323013309318 ], [ -117.154580755819055, 32.708324294855274 ], [ -117.154581348134855, 32.708325577295028 ], [ -117.154581936147608, 32.708326856159402 ], [ -117.154582522064402, 32.708328138646131 ], [ -117.154583103733728, 32.708329422967445 ], [ -117.154583682185034, 32.708330705508899 ], [ -117.1545842616936, 32.708331987140895 ], [ -117.154584837000925, 32.708333275115848 ], [ -117.154585409099511, 32.708334562212563 ], [ -117.154585977980133, 32.708335847529462 ], [ -117.154586547973494, 32.708337137346859 ], [ -117.154587113682339, 32.708338425392249 ], [ -117.154587676182501, 32.7083397125594 ], [ -117.154588235520109, 32.708341003356722 ], [ -117.154588794857773, 32.708342294154043 ], [ -117.154589347814891, 32.708343586801597 ], [ -117.154589900753564, 32.708344877645871 ], [ -117.154590450520473, 32.708346171218587 ], [ -117.154590997134164, 32.708347469323151 ], [ -117.154591540474328, 32.708348760237797 ], [ -117.154592082803561, 32.708350056570275 ], [ -117.154592622990492, 32.708351352016749 ], [ -117.154593156787669, 32.708352648411839 ], [ -117.154593697011649, 32.708353947465021 ], [ -117.154594229770126, 32.708355246572943 ], [ -117.154594410369953, 32.70835569611873 ], [ -117.154594757186857, 32.708356544818287 ], [ -117.154595283546314, 32.708357843973118 ], [ -117.154595807800519, 32.708359145848668 ], [ -117.154596189809723, 32.708360097990294 ], [ -117.154596265332472, 32.70836028590017 ], [ -117.154596328855277, 32.708360447747623 ], [ -117.154596848843525, 32.708361749654415 ], [ -117.15459736245127, 32.708363053411531 ], [ -117.154597877107037, 32.708364355357425 ], [ -117.15459839072409, 32.708365660016177 ], [ -117.154598897969819, 32.708366967426919 ], [ -117.15459940625442, 32.708368272124773 ], [ -117.154599907101172, 32.708369579582403 ], [ -117.154600407947981, 32.708370887040033 ], [ -117.154600908785525, 32.708372193595977 ], [ -117.154601403233301, 32.708373501100546 ], [ -117.154601898775354, 32.708374811302363 ], [ -117.15460238685192, 32.708376121558892 ], [ -117.154602874928472, 32.708377431815407 ], [ -117.154603363032777, 32.708378744776937 ], [ -117.15460384471038, 32.708380055080397 ], [ -117.154604325349197, 32.70838136809671 ], [ -117.154604803855037, 32.70838268112869 ], [ -117.154605279189141, 32.70838399688909 ], [ -117.154605751296003, 32.708385309968008 ], [ -117.154606220231074, 32.708386625775319 ], [ -117.154606688099705, 32.70838794159053 ], [ -117.154607153863054, 32.708389260126403 ], [ -117.154607616399161, 32.708390575980722 ], [ -117.15460807470626, 32.708391895472985 ], [ -117.154608530871101, 32.708393214079244 ], [ -117.154608985969475, 32.708394532693347 ], [ -117.154609438962652, 32.708395854028062 ], [ -117.154609887689759, 32.708397175394119 ], [ -117.154610334283873, 32.708398496775764 ], [ -117.154610776612046, 32.708399818188774 ], [ -117.154611215740616, 32.708401139625195 ], [ -117.154611662399574, 32.708402467318592 ], [ -117.154612095101442, 32.708403786096945 ], [ -117.154612527858774, 32.708405110285312 ], [ -117.154612960643959, 32.708406437178759 ], [ -117.154613387002343, 32.708407761414065 ], [ -117.154613813397731, 32.708409089256072 ], [ -117.154614236584379, 32.708410416219905 ], [ -117.154614656571582, 32.708411743207165 ], [ -117.154615076558713, 32.708413070194467 ], [ -117.15461549015609, 32.708414398130337 ], [ -117.15461590377204, 32.7084157278696 ], [ -117.154616314188416, 32.708417057632303 ], [ -117.154616721405347, 32.708418387418476 ], [ -117.154617125432011, 32.708419718129804 ], [ -117.154617531610171, 32.708421050628772 ], [ -117.154617929256332, 32.708422383190403 ], [ -117.154618323712228, 32.708423716677117 ], [ -117.154618720291921, 32.708425049246522 ], [ -117.154619111566845, 32.708426384560092 ], [ -117.154619498529485, 32.708427715396603 ], [ -117.154619886604891, 32.708429050733614 ], [ -117.154620270414313, 32.708430386101917 ], [ -117.15462065209995, 32.708431722387523 ], [ -117.154621029510366, 32.708433057802786 ], [ -117.154621404824752, 32.708434396840381 ], [ -117.154621779035722, 32.708435732279099 ], [ -117.154622150074843, 32.708437070446287 ], [ -117.154622517923727, 32.708438409538651 ], [ -117.154622883630395, 32.708439747744933 ], [ -117.15462324510807, 32.708441089589243 ], [ -117.154623606548725, 32.70844242782686 ], [ -117.154623961627379, 32.708443769718073 ], [ -117.1546243198963, 32.70844511068421 ], [ -117.154624671775437, 32.70844645259892 ], [ -117.154625020445835, 32.708447793635422 ], [ -117.154625365925952, 32.70844913559705 ], [ -117.1546257114246, 32.708450479362035 ], [ -117.154626053760794, 32.708451826757198 ], [ -117.154626391766158, 32.708453167871937 ], [ -117.154626727675534, 32.708454512609009 ], [ -117.154627060376157, 32.708455856467857 ], [ -117.154627393086059, 32.708457201228427 ], [ -117.154627721548437, 32.708458547823568 ], [ -117.154628047859305, 32.708459892631019 ], [ -117.154628369922648, 32.708461239273191 ], [ -117.154628689862307, 32.708462586832624 ], [ -117.154629008753901, 32.708463936203195 ], [ -117.154629322294539, 32.708465283809595 ], [ -117.154629634768582, 32.708466631423782 ], [ -117.154629945128235, 32.708467980856966 ], [ -117.154630251231069, 32.708469331223114 ], [ -117.154630364056089, 32.708469828156538 ], [ -117.154630557361671, 32.708470684294277 ], [ -117.154630858095032, 32.708472031092853 ], [ -117.154631157798846, 32.708473381505968 ], [ -117.154631454321702, 32.708474733745859 ], [ -117.15463174762651, 32.708476084205905 ], [ -117.154632037759583, 32.708477437394407 ], [ -117.154632327883391, 32.708478789681216 ], [ -117.154632611617444, 32.708480142916727 ], [ -117.154632895351526, 32.70848149615221 ], [ -117.154633175876825, 32.708482848509433 ], [ -117.154633453211858, 32.708484201791826 ], [ -117.154633730574673, 32.708485557779227 ], [ -117.154634001501421, 32.708486910206865 ], [ -117.154634271398706, 32.708488266249084 ], [ -117.154634539135259, 32.708489619601856 ], [ -117.15463480372776, 32.708490978388213 ], [ -117.154635068283298, 32.708492333567797 ], [ -117.154635322183012, 32.708493689727298 ], [ -117.154635580376549, 32.708495048560572 ], [ -117.154635834266998, 32.70849640381843 ], [ -117.154636086061487, 32.708497762698592 ], [ -117.154636333589977, 32.708499121610096 ], [ -117.154636578985446, 32.708500480537204 ], [ -117.154636823314391, 32.708501839472184 ], [ -117.154637061235064, 32.708503197552396 ], [ -117.15463730023157, 32.708504556526435 ], [ -117.154637534961992, 32.708505915531838 ], [ -117.154637766520679, 32.70850727726566 ], [ -117.154637994870555, 32.708508638121316 ], [ -117.154638224268524, 32.708509997165791 ], [ -117.154638446228645, 32.708511358970057 ], [ -117.154638668188824, 32.708512720774294 ], [ -117.154638890176699, 32.708514085283575 ], [ -117.154639105700838, 32.708515443528086 ], [ -117.154639318062479, 32.708516805402745 ], [ -117.154639527252286, 32.708518170005931 ], [ -117.154639735347885, 32.708519531911897 ], [ -117.154639941338246, 32.708520896538509 ], [ -117.154640144101336, 32.708522258483555 ], [ -117.154640343683397, 32.708523622255456 ], [ -117.154640542208227, 32.708524986936837 ], [ -117.15464073540052, 32.708526351657376 ], [ -117.154640928592855, 32.708527716377858 ], [ -117.15464111751912, 32.708529081129647 ], [ -117.154641304312364, 32.708530445897111 ], [ -117.154641486839637, 32.708531810695838 ], [ -117.154641670424184, 32.708533174585078 ], [ -117.15464184658012, 32.708534542135745 ], [ -117.154642023774869, 32.708535906973651 ], [ -117.154642196731345, 32.708537274547822 ], [ -117.154642366488289, 32.70853864214547 ], [ -117.154642534084516, 32.708540007053713 ], [ -117.154642700641915, 32.708541374674816 ], [ -117.15464286399984, 32.708542742319395 ], [ -117.154643020958787, 32.708544110010891 ], [ -117.154643177917691, 32.708545477702415 ], [ -117.154643331667785, 32.708546844515752 ], [ -117.154643485454926, 32.708548214935774 ], [ -117.154643632815322, 32.708549582697692 ], [ -117.154643780175633, 32.708550950459603 ], [ -117.154643924364279, 32.708552320950027 ], [ -117.154644065325542, 32.708553688758883 ], [ -117.15464420311514, 32.708555059296259 ], [ -117.154644337677439, 32.708556427152061 ], [ -117.154644472267492, 32.708557797712878 ], [ -117.154644599392029, 32.708559168328492 ], [ -117.154644727555279, 32.708560536231275 ], [ -117.154644852546767, 32.708561906862514 ], [ -117.154644973272227, 32.708563277525045 ], [ -117.154645095064225, 32.70856464817976 ], [ -117.154645209390708, 32.708566018889201 ], [ -117.154645324783615, 32.708567389590868 ], [ -117.154645435901287, 32.708568759422121 ], [ -117.154645544895203, 32.708570130170706 ], [ -117.154645649650845, 32.708571503655619 ], [ -117.154645751179245, 32.708572874458973 ], [ -117.154648153082945, 32.708594694302413 ], [ -117.154634142782726, 32.709402265607963 ] ] ] } },
{ "type": "Feature", "properties": { "lon": -117.1490078, "lat": 32.7120842, "neighborhood": "East Village", "block_id": "17TH_ST_G_ST", "st_north": "G_ST", "st_east": "17TH_ST", "st_south": "MARKET_ST", "st_west": "16TH_ST" }, "geometry": { "type": "Polygon", "coordinates": [ [ [ -117.14854544502785, 32.712632302527844 ], [ -117.148550489606777, 32.711532861739187 ], [ -117.149457526885243, 32.711531746835632 ], [ -117.149465497080982, 32.712631092824914 ], [ -117.14854544502785, 32.712632302527844 ] ] ] } },
{ "type": "Feature", "properties": { "lon": -117.1482564, "lat": 32.7131625, "neighborhood": "East Village", "block_id": "I-5_SB_ON_RA_F_ST", "st_north": "F_ST", "st_east": "I-5_SB_ON_RA", "st_south": "G_ST", "st_west": "17TH_ST" }, "geometry": { "type": "Polygon", "coordinates": [ [ [ -117.148491128206587, 32.7136826301182 ], [ -117.148026220865191, 32.71368326769651 ], [ -117.148026066736406, 32.71368227329706 ], [ -117.147925252225775, 32.713027108228729 ], [ -117.147909288990022, 32.712729329919597 ], [ -117.147909197081233, 32.712727637119805 ], [ -117.148415521384138, 32.71264424307477 ], [ -117.14854544502785, 32.712632302527844 ], [ -117.148556147359983, 32.713682156421108 ], [ -117.148491128206587, 32.7136826301182 ] ] ] } },
{ "type": "Feature", "properties": { "lon": -117.149932, "lat": 32.7141937, "neighborhood": "East Village", "block_id": "16TH_ST_E_ST", "st_north": "E_ST", "st_east": "16TH_ST", "st_south": "F_ST", "st_west": "15TH_ST" }, "geometry": { "type": "Polygon", "coordinates": [ [ [ -117.149480284991682, 32.714717105468445 ], [ -117.14947484409511, 32.714183934089817 ], [ -117.149472903376292, 32.713675473745013 ], [ -117.150389688394085, 32.713671532547963 ], [ -117.150394882123734, 32.714179969167859 ], [ -117.150400328585178, 32.7147131405058 ], [ -117.149480284991682, 32.714717105468445 ] ] ] } },
{ "type": "Feature", "properties": { "lon": -117.1532985, "lat": 32.7131305, "neighborhood": "East Village", "block_id": "13TH_ST_F_ST", "st_north": "F_ST", "st_east": "13TH_ST", "st_south": "G_ST", "st_west": "PARK_BL" }, "geometry": { "type": "Polygon", "coordinates": [ [ [ -117.153763260744981, 32.712610667401897 ], [ -117.153770689780515, 32.71365229976206 ], [ -117.152860436136251, 32.713658966786838 ], [ -117.152852989706176, 32.712614586071183 ], [ -117.153763260744981, 32.712610667401897 ] ] ] } },
{ "type": "Feature", "properties": { "lon": -117.1523916, "lat": 32.713136, "neighborhood": "East Village", "block_id": "14TH_ST_F_ST", "st_north": "F_ST", "st_east": "14TH_ST", "st_south": "G_ST", "st_west": "13TH_ST" }, "geometry": { "type": "Polygon", "coordinates": [ [ [ -117.151950153165203, 32.713662878800548 ], [ -117.151942717519987, 32.71261849802984 ], [ -117.152852989706176, 32.712614586071183 ], [ -117.152860436136251, 32.713658966786838 ], [ -117.151950153165203, 32.713662878800548 ] ] ] } },
{ "type": "Feature", "properties": { "lon": -117.1490019, "lat": 32.7109934, "neighborhood": "South East Village", "block_id": "17TH_ST_MARKET_ST", "st_north": "MARKET_ST", "st_east": "17TH_ST", "st_south": "ISLAND_AV", "st_west": "16TH_ST" }, "geometry": { "type": "Polygon", "coordinates": [ [ [ -117.148549263005592, 32.710455453817282 ], [ -117.149446477555841, 32.710448913470742 ], [ -117.149457526885243, 32.711531746835632 ], [ -117.148550489606777, 32.711532861739187 ], [ -117.148549263005592, 32.710455453817282 ] ] ] } },
{ "type": "Feature", "properties": { "lon": -117.1523555, "lat": 32.7089017, "neighborhood": "South East Village", "block_id": "14TH_ST_J_ST", "st_north": "J_ST", "st_east": "14TH_ST", "st_south": "K_ST", "st_west": "13TH_ST" }, "geometry": { "type": "Polygon", "coordinates": [ [ [ -117.152804026252255, 32.70942117368444 ], [ -117.151897037786753, 32.709425061508178 ], [ -117.151883017365122, 32.708372484407015 ], [ -117.152790051295526, 32.708374093286942 ], [ -117.152804026252255, 32.70942117368444 ] ] ] } },
{ "type": "Feature", "properties": { "lon": -117.1523586, "lat": 32.7099402, "neighborhood": "South East Village", "block_id": "14TH_ST_ISLAND_AV", "st_north": "ISLAND_AV", "st_east": "14TH_ST", "st_south": "J_ST", "st_west": "13TH_ST" }, "geometry": { "type": "Polygon", "coordinates": [ [ [ -117.151897037786753, 32.709425061508178 ], [ -117.152804026252255, 32.70942117368444 ], [ -117.152821111590981, 32.710454489714309 ], [ -117.151910861709624, 32.710458401437556 ], [ -117.151897037786753, 32.709425061508178 ] ] ] } },
{ "type": "Feature", "properties": { "lon": -117.1523631, "lat": 32.7109961, "neighborhood": "South East Village", "block_id": "14TH_ST_MARKET_ST", "st_north": "MARKET_ST", "st_east": "14TH_ST", "st_south": "ISLAND_AV", "st_west": "13TH_ST" }, "geometry": { "type": "Polygon", "coordinates": [ [ [ -117.151910861709624, 32.710458401437556 ], [ -117.152821111590981, 32.710454489714309 ], [ -117.152832230516282, 32.711540070175246 ], [ -117.151921941304195, 32.711541233680016 ], [ -117.151910861709624, 32.710458401437556 ] ] ] } },
{ "type": "Feature", "properties": { "lon": -117.1502989, "lat": 32.7048412, "neighborhood": "Barrio Logan", "block_id": "S_16TH_ST_COMMERCIAL_ST", "st_north": "COMMERCIAL_ST", "st_east": "S_16TH_ST", "st_south": "NATIONAL_AV", "st_west": "Map_Border" }, "geometry": { "type": "Polygon", "coordinates": [ [ [ -117.150342404109011, 32.705222953852925 ], [ -117.14943215205416, 32.705221350679842 ], [ -117.149432386232007, 32.705207611856167 ], [ -117.149432073257117, 32.705193871612721 ], [ -117.149431218655195, 32.705180148845777 ], [ -117.149429820440787, 32.705166457997699 ], [ -117.149427884102892, 32.705152814357987 ], [ -117.149425410864637, 32.70513923324723 ], [ -117.149422399806937, 32.705125729100054 ], [ -117.149418858588518, 32.705112320797063 ], [ -117.149414786207615, 32.705099014657669 ], [ -117.14941019145364, 32.705085835866527 ], [ -117.149405081856514, 32.705072790680759 ], [ -117.149399456561625, 32.705059899846653 ], [ -117.149397963700537, 32.705056688815567 ], [ -117.149395306219489, 32.705043133395023 ], [ -117.149393122727403, 32.705029516806178 ], [ -117.149391413334371, 32.705015849869056 ], [ -117.149390178215043, 32.705002149715469 ], [ -117.14938941634874, 32.704988420861596 ], [ -117.149389136469239, 32.704974683082064 ], [ -117.14938933116639, 32.70496094184135 ], [ -117.149390003804911, 32.704947213346173 ], [ -117.149391148050157, 32.704933503954983 ], [ -117.149392776883488, 32.704919831607917 ], [ -117.149394874408941, 32.704906206339963 ], [ -117.149397447117053, 32.704892637121198 ], [ -117.14940049196457, 32.704879139303401 ], [ -117.149403999426838, 32.70486572016987 ], [ -117.149407972877725, 32.704852396829054 ], [ -117.1494124049254, 32.70483917654871 ], [ -117.149417297831434, 32.704826071936758 ], [ -117.149422642126325, 32.704813095686468 ], [ -117.149428437892595, 32.704800255912893 ], [ -117.149434673555447, 32.704787568030035 ], [ -117.149441349151488, 32.70477503564441 ], [ -117.149448456351351, 32.704762678655065 ], [ -117.149455987744759, 32.704750502526359 ], [ -117.14946394451772, 32.704738518972206 ], [ -117.149472308641393, 32.70472673804327 ], [ -117.149472612644175, 32.704726323730448 ], [ -117.149659155544654, 32.704529818184461 ], [ -117.150064603008403, 32.704122828410092 ], [ -117.151655786842582, 32.705227100448397 ], [ -117.150342404109011, 32.705222953852925 ] ] ] } },
{ "type": "Feature", "properties": { "lon": -117.1498956, "lat": 32.7057509, "neighborhood": "South East Village", "block_id": "16TH_ST_IMPERIAL_AV", "st_north": "IMPERIAL_AV", "st_east": "16TH_ST", "st_south": "COMMERCIAL_ST", "st_west": "15TH_ST" }, "geometry": { "type": "Polygon", "coordinates": [ [ [ -117.14943215205416, 32.705221350679842 ], [ -117.150342404109011, 32.705222953852925 ], [ -117.150341095846841, 32.705731437815629 ], [ -117.150349932443334, 32.706278326796898 ], [ -117.149429833472638, 32.706268549902312 ], [ -117.14943215205416, 32.705221350679842 ] ] ] } },
{ "type": "Feature", "properties": { "lon": -117.1511004, "lat": 32.7057566, "neighborhood": "South East Village", "block_id": "15TH_ST_IMPERIAL_AV", "st_north": "IMPERIAL_AV", "st_east": "15TH_ST", "st_south": "COMMERCIAL_ST", "st_west": "14TH_ST" }, "geometry": { "type": "Polygon", "coordinates": [ [ [ -117.150349932443334, 32.706278326796898 ], [ -117.150341095846841, 32.705731437815629 ], [ -117.150342404109011, 32.705222953852925 ], [ -117.151655786842582, 32.705227100448397 ], [ -117.151901437031441, 32.705406705491001 ], [ -117.15187664056819, 32.705623826727468 ], [ -117.151881897919594, 32.706283843580678 ], [ -117.150349932443334, 32.706278326796898 ] ] ] } },
{ "type": "Feature", "properties": { "lon": -117.1523303, "lat": 32.7068041, "neighborhood": "South East Village", "block_id": "14TH_ST_L_ST", "st_north": "L_ST", "st_east": "14TH_ST", "st_south": "IMPERIAL_AV", "st_west": "13TH_ST" }, "geometry": { "type": "Polygon", "coordinates": [ [ [ -117.152794372844156, 32.706278953309891 ], [ -117.152798887646611, 32.707332342942294 ], [ -117.151878833639856, 32.707328080919368 ], [ -117.151881897919594, 32.706283843580678 ], [ -117.152794372844156, 32.706278953309891 ] ] ] } },
{ "type": "Feature", "properties": { "lon": -117.1568893, "lat": 32.707721, "neighborhood": "South East Village", "block_id": "10TH_AV_J_ST", "st_north": "J_ST", "st_east": "10TH_AV", "st_south": "PARK_BL", "st_west": "TONY_GWYNN_DR" }, "geometry": { "type": "Polygon", "coordinates": [ [ [ -117.156451368599363, 32.709394419145688 ], [ -117.155547604147955, 32.709395561616034 ], [ -117.155566889610171, 32.708354563678292 ], [ -117.155566870480428, 32.708348237203197 ], [ -117.155566780421793, 32.708319848349326 ], [ -117.15556676950446, 32.70831847417606 ], [ -117.155566755387596, 32.708317100026264 ], [ -117.155566738071244, 32.708315725899958 ], [ -117.155566714355871, 32.708314351820725 ], [ -117.155566693840001, 32.70831297771791 ], [ -117.155566666925083, 32.708311603662118 ], [ -117.155566638943682, 32.708310229614156 ], [ -117.15556660882929, 32.708308855581834 ], [ -117.155566575515351, 32.708307481573001 ], [ -117.155566535802407, 32.708306107611179 ], [ -117.155566498222498, 32.708304733633696 ], [ -117.155566455310051, 32.708303359695336 ], [ -117.15556641133108, 32.708301985764869 ], [ -117.155566365246898, 32.708300614555064 ], [ -117.155566314868921, 32.70829924067155 ], [ -117.155566262357937, 32.708297866803697 ], [ -117.155566205580939, 32.708296492967172 ], [ -117.155566145604425, 32.708295119154151 ], [ -117.155566086694449, 32.708293745333286 ], [ -117.155566023546214, 32.708292374248757 ], [ -117.155565953971177, 32.7082910005062 ], [ -117.155565888662181, 32.708289626732316 ], [ -117.155565815887599, 32.708288253013265 ], [ -117.15556573994138, 32.708286882022712 ], [ -117.15556566076782, 32.708285508350691 ], [ -117.155565584821517, 32.708284137360167 ], [ -117.155565499248951, 32.70828276373507 ], [ -117.155565416903713, 32.70828139279152 ], [ -117.155565328131601, 32.708280019189928 ], [ -117.155565236187797, 32.708278648316892 ], [ -117.15556514314973, 32.708277274746607 ], [ -117.155565048006409, 32.708275903897061 ], [ -117.155564946464096, 32.70827453309446 ], [ -117.155564848093491, 32.708273159563369 ], [ -117.155564742285165, 32.708271788792096 ], [ -117.155564634343818, 32.708270418036506 ], [ -117.155564526374675, 32.708269044575864 ], [ -117.15556441419514, 32.708267676556602 ], [ -117.155564299864068, 32.708266306749664 ], [ -117.155564181257674, 32.708264936072403 ], [ -117.15556405945182, 32.708263565418598 ], [ -117.155563935512959, 32.708262194780481 ], [ -117.155563810507587, 32.708260824150194 ], [ -117.155563683369223, 32.708259453535561 ], [ -117.155563551992614, 32.70825808565727 ], [ -117.15556341738872, 32.708256715097448 ], [ -117.155563279585394, 32.708255344561138 ], [ -117.155563138610248, 32.708253976753333 ], [ -117.155562997607333, 32.708252606240521 ], [ -117.155562854499237, 32.708251238448362 ], [ -117.155562707125114, 32.708249870687531 ], [ -117.155562556523705, 32.70824850024519 ], [ -117.155562401684108, 32.708247132539206 ], [ -117.15556224791095, 32.708245764825385 ], [ -117.155562087748095, 32.708244398060209 ], [ -117.155561927575974, 32.708243030393362 ], [ -117.155561764204307, 32.708241662749998 ], [ -117.155561597660949, 32.708240297835218 ], [ -117.155561426823809, 32.708238930246651 ], [ -117.155561257053165, 32.708237562650297 ], [ -117.155561084110829, 32.708236197782441 ], [ -117.155560903675166, 32.708234830264388 ], [ -117.155560724333782, 32.708233465443527 ], [ -117.155560543907427, 32.708232098827146 ], [ -117.155560358167037, 32.708230734053288 ], [ -117.155560168160676, 32.708229369310722 ], [ -117.155559979220811, 32.708228004560354 ], [ -117.155559786014919, 32.708226639841278 ], [ -117.155559589609538, 32.708225275145701 ], [ -117.155559391071165, 32.708223910465854 ], [ -117.155559191503343, 32.708222549400475 ], [ -117.155558985499454, 32.708221184775383 ], [ -117.155558779551157, 32.708219825560349 ], [ -117.155558570319968, 32.708218458253718 ], [ -117.155558357944926, 32.708217096380686 ], [ -117.15555814237031, 32.708215734531088 ], [ -117.155557923605443, 32.708214373606708 ], [ -117.155557704831381, 32.708213011780614 ], [ -117.155557482857745, 32.70821164997799 ], [ -117.155557257684677, 32.708210288198906 ], [ -117.155557029339874, 32.708208929148327 ], [ -117.155556797777052, 32.708207568317889 ], [ -117.155556561966705, 32.708206209322086 ], [ -117.155556327195114, 32.708204847613494 ], [ -117.155556089251803, 32.70820348863338 ], [ -117.155555848118254, 32.708202130578421 ], [ -117.155555602709455, 32.708200771653154 ], [ -117.155555355167678, 32.708199412743539 ], [ -117.155555106587144, 32.708198056546777 ], [ -117.155554852655584, 32.708196698585787 ], [ -117.155554597676058, 32.708195342436021 ], [ -117.155554340535772, 32.708193983596843 ], [ -117.155554082356758, 32.708192627470595 ], [ -117.155553817788018, 32.708191272292936 ], [ -117.155553550010538, 32.70818991623711 ], [ -117.155553283299525, 32.708188560173475 ], [ -117.155553012322471, 32.708187204141176 ], [ -117.155552738183033, 32.708185851739017 ], [ -117.155552457607527, 32.708184495777182 ], [ -117.155552183458823, 32.708183142473388 ], [ -117.155551902920394, 32.708181790118211 ], [ -117.155551615973678, 32.708180436908386 ], [ -117.155551329027006, 32.70817908369856 ], [ -117.155551038890039, 32.708177731413883 ], [ -117.155550748743849, 32.70817637822752 ], [ -117.15555045222645, 32.708175027793168 ], [ -117.155550155718274, 32.708173678260501 ], [ -117.1555498560014, 32.708172327849667 ], [ -117.155549552027807, 32.708170978371825 ], [ -117.155549245884075, 32.708169625302936 ], [ -117.155548939795992, 32.708168277644127 ], [ -117.155548626251644, 32.708166930941758 ], [ -117.155548313736773, 32.708165580624872 ], [ -117.155547997020733, 32.708164236651065 ], [ -117.155547678106842, 32.708162886381167 ], [ -117.155547354954749, 32.708161538847612 ], [ -117.155547032878474, 32.708160192207934 ], [ -117.155546703327389, 32.70815884472136 ], [ -117.15554637381338, 32.708157500841473 ], [ -117.155546042157113, 32.70815615607561 ], [ -117.155545709415804, 32.70815480951422 ], [ -117.15554537029405, 32.708153464803154 ], [ -117.155545031209314, 32.708152123698774 ], [ -117.155544686755064, 32.708150779026894 ], [ -117.155544341271352, 32.708149437969503 ], [ -117.155543989379396, 32.708148096057435 ], [ -117.155543643867944, 32.708146752294994 ], [ -117.155543288776499, 32.708145410406424 ], [ -117.155542933694306, 32.708144069419532 ], [ -117.155542575431156, 32.708142730259439 ], [ -117.155542212883503, 32.70814138932738 ], [ -117.155541848221361, 32.708140050214297 ], [ -117.155541483568527, 32.708138712002878 ], [ -117.155541112516616, 32.708137373838447 ], [ -117.155540740389043, 32.708136034780161 ], [ -117.155540366165468, 32.708134699344249 ], [ -117.155539988705371, 32.708133360325135 ], [ -117.155539610215854, 32.708132024920552 ], [ -117.155539226393827, 32.708130689555091 ], [ -117.155538841523779, 32.70812935600086 ], [ -117.155538454502263, 32.70812802065889 ], [ -117.155538063214749, 32.708126685348283 ], [ -117.155537669812759, 32.708125351856673 ], [ -117.155537275353538, 32.708124019274543 ], [ -117.155537076547319, 32.708123355249434 ], [ -117.155536877722653, 32.708122689420975 ], [ -117.1555364779217, 32.708121355976296 ], [ -117.155536073891767, 32.708120026169674 ], [ -117.155535666634606, 32.708118693681534 ], [ -117.155535256196444, 32.708117363020243 ], [ -117.155534845795373, 32.708116035965624 ], [ -117.15553443323347, 32.708114706221686 ], [ -117.155534016433407, 32.708113379213991 ], [ -117.155533596396808, 32.708112048623207 ], [ -117.155533176397256, 32.708110721639059 ], [ -117.155532750054292, 32.708109400111923 ], [ -117.155532322561427, 32.708108070477572 ], [ -117.155531892981926, 32.708106745367274 ], [ -117.155531460212217, 32.70810542118209 ], [ -117.155531027442493, 32.708104096996969 ], [ -117.155530588273763, 32.708102772858794 ], [ -117.15553014809413, 32.708101454138479 ], [ -117.155529705698186, 32.708100127318758 ], [ -117.155529260148981, 32.708098805030929 ], [ -117.155528813542645, 32.708097483652587 ], [ -117.155528361631497, 32.708096165018439 ], [ -117.155527908653951, 32.708094846392108 ], [ -117.155527453515603, 32.708093525076428 ], [ -117.155526994139009, 32.708092206497049 ], [ -117.155526532657291, 32.70809089063836 ], [ -117.155526070081208, 32.708089572082535 ], [ -117.155525604333477, 32.708088256255131 ], [ -117.155525135386242, 32.708086940451302 ], [ -117.155524664306071, 32.708085624663092 ], [ -117.155524188987613, 32.708084311611209 ], [ -117.155523713669211, 32.708082998559377 ], [ -117.155523235123511, 32.708081682825977 ], [ -117.155522750234425, 32.708080372549603 ], [ -117.155522268489264, 32.70807905683975 ], [ -117.155521780428487, 32.708077749291867 ], [ -117.155521289140367, 32.708076439062474 ], [ -117.155520801051836, 32.70807512880959 ], [ -117.155520306564313, 32.708073818603673 ], [ -117.155519808905083, 32.708072511126282 ], [ -117.155519308046337, 32.708071203672446 ], [ -117.155518807187633, 32.708069896218525 ], [ -117.155518302062873, 32.708068588795953 ], [ -117.155517794860813, 32.708067286799057 ], [ -117.15551728441288, 32.708065980317301 ], [ -117.155516766517977, 32.708064675693699 ], [ -117.155516256144182, 32.708063376425351 ], [ -117.155515738221567, 32.708062069096727 ], [ -117.155515218221481, 32.7080607671938 ], [ -117.155514693955467, 32.708059465322236 ], [ -117.155514170792941, 32.708058167049472 ], [ -117.155513640155746, 32.708056867929876 ], [ -117.155513110585048, 32.70805556880245 ], [ -117.155512576748308, 32.708054269706324 ], [ -117.155512042920876, 32.708052971511933 ], [ -117.155511503779479, 32.708051675159957 ], [ -117.155510963571601, 32.708050378815884 ], [ -117.155510420201296, 32.708049086101958 ], [ -117.155509870394937, 32.708047789828299 ], [ -117.155509323843731, 32.708046498941215 ], [ -117.155508774046666, 32.708045203569263 ], [ -117.155508221096426, 32.708043912729146 ], [ -117.155507664918929, 32.708042619207518 ], [ -117.155507105578977, 32.708041329316075 ], [ -117.155506543058081, 32.708040041251422 ], [ -117.155505980518654, 32.708038751383455 ], [ -117.155505414798299, 32.708037463342329 ], [ -117.155504845878468, 32.708036175324708 ], [ -117.155504272674065, 32.708034885535014 ], [ -117.155503700610311, 32.708033602950913 ], [ -117.155503122129048, 32.708032318610414 ], [ -117.155502542572037, 32.708031033376074 ], [ -117.155501964118599, 32.708029751740632 ], [ -117.155501379256933, 32.708028469250479 ], [ -117.155500793338021, 32.708027187669813 ], [ -117.155500202077334, 32.708025905226641 ], [ -117.155499612986731, 32.708024626374488 ], [ -117.155499021763191, 32.708023347537996 ], [ -117.155498419893107, 32.708022070583162 ], [ -117.155497821204094, 32.708020791801452 ], [ -117.155497219334066, 32.708019514846626 ], [ -117.155496615340326, 32.708018238809075 ], [ -117.155496010307942, 32.708016965484404 ], [ -117.155495398867217, 32.708015691305071 ], [ -117.155494787435828, 32.708014418027346 ], [ -117.155494172804964, 32.708013144773211 ], [ -117.155493556096701, 32.70801187694471 ], [ -117.155492938257112, 32.708010602812323 ], [ -117.15549231728285, 32.708009335015142 ], [ -117.155491693081302, 32.708008064536415 ], [ -117.155491065698826, 32.708006795884508 ], [ -117.155490434087383, 32.708005530870665 ], [ -117.15548980351474, 32.708004263143934 ], [ -117.155489169770334, 32.708002998145737 ], [ -117.15548853282651, 32.708001733170988 ], [ -117.155487892683155, 32.708000468219772 ], [ -117.155487251519617, 32.707999207784709 ], [ -117.155486608204626, 32.707997945561978 ], [ -117.155485961717901, 32.707996686067787 ], [ -117.155485310965176, 32.707995426604867 ], [ -117.15548465807953, 32.707994167157629 ], [ -117.155484004127317, 32.707992907718214 ], [ -117.155483348069993, 32.707991650999453 ], [ -117.15548269097394, 32.707990396993566 ], [ -117.155482028517596, 32.707989140321807 ], [ -117.155481365022567, 32.707987886362893 ], [ -117.155480699394616, 32.707986632419647 ], [ -117.155480029528405, 32.707985381212737 ], [ -117.155479356462706, 32.707984130029281 ], [ -117.155478683397078, 32.707982878845847 ], [ -117.155478008198443, 32.70798162767808 ], [ -117.155477328761563, 32.707980379246628 ], [ -117.155476646153048, 32.707979133543688 ], [ -117.155475963526044, 32.707977886037426 ], [ -117.155475277718054, 32.70797664035797 ], [ -117.155474588738329, 32.707975397407047 ], [ -117.15547389653139, 32.707974151774543 ], [ -117.15547320435229, 32.707972908847104 ], [ -117.155472505783408, 32.707971666868318 ], [ -117.155471810432573, 32.70797042666937 ], [ -117.155471108682775, 32.707969186517381 ], [ -117.155470402666992, 32.707967946396742 ], [ -117.15546969775481, 32.707966709874931 ], [ -117.155468989606035, 32.707965469769917 ], [ -117.155468277274707, 32.707964237811289 ], [ -117.155467565926472, 32.707962997729787 ], [ -117.155466851499213, 32.707961769393478 ], [ -117.155466132741154, 32.707960534776809 ], [ -117.155465411887093, 32.707959303782488 ], [ -117.155464689957356, 32.707958071894332 ], [ -117.155463962732156, 32.707956843652006 ], [ -117.155463234431238, 32.707955614515818 ], [ -117.155462507196802, 32.707954385371806 ], [ -117.155461772533968, 32.7079531598893 ], [ -117.155461037861883, 32.707951933505107 ], [ -117.155460301066114, 32.70795070803824 ], [ -117.155459560022848, 32.707949484406015 ], [ -117.155458819016644, 32.707948264380548 ], [ -117.155458074783226, 32.707947041673535 ], [ -117.15545732843529, 32.707945820785469 ], [ -117.155456577830691, 32.707944600830402 ], [ -117.155455827244595, 32.707943382678728 ], [ -117.155455073468332, 32.707942165452152 ], [ -117.155454316520334, 32.707940950954118 ], [ -117.155453556363611, 32.707939735577931 ], [ -117.155452796216139, 32.707938521103344 ], [ -117.155452032869221, 32.707937306652283 ], [ -117.155451266341345, 32.707936094028028 ], [ -117.155450495584546, 32.707934885041816 ], [ -117.155449725922054, 32.707933678752774 ], [ -117.155448953004537, 32.707932467077171 ], [ -117.155448176915286, 32.707931258130081 ], [ -117.155447396606363, 32.707930053722691 ], [ -117.155446617345476, 32.707928847504093 ], [ -117.155445834885086, 32.707927641308984 ], [ -117.155445048214276, 32.707926440555241 ], [ -117.155444262582236, 32.707925237088652 ], [ -117.15544347273979, 32.707924039063357 ], [ -117.155442680708759, 32.707922835643714 ], [ -117.155441884467351, 32.707921637665457 ], [ -117.155441089292466, 32.707920439679356 ], [ -117.155440286679877, 32.707919244453088 ], [ -117.155439487266847, 32.707918049203272 ], [ -117.155438682521293, 32.707916853992643 ], [ -117.155437876737054, 32.707915661494823 ], [ -117.155437067753354, 32.707914469020537 ], [ -117.155436258797437, 32.707913279251279 ], [ -117.155435437015768, 32.707912086870877 ], [ -117.15543462595474, 32.707910899822259 ], [ -117.155433807428182, 32.707909712828496 ], [ -117.155432985711442, 32.707908526759795 ], [ -117.155432164013234, 32.707907342494494 ], [ -117.15543133908777, 32.707906155547626 ], [ -117.155430511018352, 32.707904974034285 ], [ -117.1554296829583, 32.707903793422666 ], [ -117.155428848489976, 32.707902611956293 ], [ -117.155428012982924, 32.707901433202764 ], [ -117.155427178542439, 32.707900254441412 ], [ -117.15542633774001, 32.70789907933375 ], [ -117.155425496928345, 32.707897903324351 ], [ -117.155424652917205, 32.707896727338508 ], [ -117.155423807876645, 32.707895554967145 ], [ -117.15542295749438, 32.707894381733233 ], [ -117.155422106082639, 32.707893212113881 ], [ -117.155421255728143, 32.707892041585012 ], [ -117.155420399011774, 32.707890874709804 ], [ -117.155419538020126, 32.707889706964252 ], [ -117.1554186813038, 32.707888540089002 ], [ -117.155417820339963, 32.707887375048429 ], [ -117.155416952986499, 32.707886210956531 ], [ -117.155416083518489, 32.707885048683629 ], [ -117.155415222591827, 32.707883887249714 ], [ -117.155414345695476, 32.707882728638296 ], [ -117.155413473055873, 32.707881569093871 ], [ -117.15541259615955, 32.707880410482446 ], [ -117.155411719291052, 32.707879254576035 ], [ -117.15541083924154, 32.70787810049643 ], [ -117.1554099570684, 32.707876947334142 ], [ -117.155409070629233, 32.707875794203204 ], [ -117.155408184217904, 32.707874643777245 ], [ -117.155407294597808, 32.707873492473119 ], [ -117.155406401815341, 32.707872344799156 ], [ -117.155405509032846, 32.70787119712525 ], [ -117.155404609851416, 32.70787004949824 ], [ -117.155403713897257, 32.707868904552782 ], [ -117.15540281050545, 32.707867762367137 ], [ -117.15540190818011, 32.707866620173654 ], [ -117.155401002683135, 32.707865480708662 ], [ -117.155400093958889, 32.70786433856216 ], [ -117.155399185262468, 32.707863199120681 ], [ -117.155398272327801, 32.707862062415508 ], [ -117.155397357260242, 32.707860925726003 ], [ -117.155396442220436, 32.707859791741519 ], [ -117.155395522914631, 32.707858657788279 ], [ -117.155394601475905, 32.707857523850784 ], [ -117.155393678998493, 32.707856392626084 ], [ -117.15539275121634, 32.707855264145536 ], [ -117.15539182556725, 32.70785413564937 ], [ -117.155390894594973, 32.707853008093991 ], [ -117.155389962574702, 32.707851882349757 ], [ -117.155389027354957, 32.707850756629028 ], [ -117.155388090057841, 32.707849636334025 ], [ -117.155387151675711, 32.707848514243437 ], [ -117.155386210112624, 32.707847393979719 ], [ -117.155385266416545, 32.707846273731619 ], [ -117.155384321691074, 32.70784515709807 ], [ -117.155383373756877, 32.707844039586327 ], [ -117.15538241945147, 32.707842924826565 ], [ -117.155381471526539, 32.707841808216429 ], [ -117.155380517276754, 32.707840698866697 ], [ -117.155379559809035, 32.707839587737084 ], [ -117.155378602359789, 32.707838478410842 ], [ -117.155377641720349, 32.707837370009706 ], [ -117.155376677899937, 32.707836263435439 ], [ -117.155375717288308, 32.707835157739318 ], [ -117.155374743925066, 32.707834056645559 ], [ -117.155373776914516, 32.707832950996412 ], [ -117.155372803532799, 32.707831848099254 ], [ -117.155371830197367, 32.707830749710432 ], [ -117.155370852577505, 32.707829649549602 ], [ -117.155369876051878, 32.707828552085971 ], [ -117.155368896345337, 32.707827456449124 ], [ -117.155367912382118, 32.707826361745312 ], [ -117.15536692631369, 32.707825269762111 ], [ -117.155365940245275, 32.707824177778974 ], [ -117.155364949910904, 32.70782308582708 ], [ -117.155363960661546, 32.70782199567072 ], [ -117.155362967183308, 32.707820909152396 ], [ -117.155361974743798, 32.70781981992117 ], [ -117.155360974922161, 32.707818738859778 ], [ -117.155359971873253, 32.707817655116948 ], [ -117.15535897311814, 32.707816574047726 ], [ -117.155357966897625, 32.707815493033337 ], [ -117.155356960677096, 32.707814412018948 ], [ -117.155355952379182, 32.707813336430213 ], [ -117.155354942986975, 32.707812258144273 ], [ -117.155353933622578, 32.707811182563411 ], [ -117.155352914687526, 32.707810109757972 ], [ -117.155351898961285, 32.707809037830735 ], [ -117.155350881120569, 32.707807967722459 ], [ -117.155349859013867, 32.707806897645483 ], [ -117.155348836962744, 32.707805832978586 ], [ -117.155347811656597, 32.707804762925143 ], [ -117.155346783215819, 32.70780369920687 ], [ -117.155345754793586, 32.707802637291906 ], [ -117.155344723144111, 32.707801572695431 ], [ -117.155343688359963, 32.707800514434105 ], [ -117.155342652500124, 32.707799455279016 ], [ -117.155341614507321, 32.707798396139495 ], [ -117.155340573352035, 32.707797340630144 ], [ -117.155339532215294, 32.707796286924207 ], [ -117.155338487888415, 32.707795234143333 ], [ -117.155337442485731, 32.707794180468667 ], [ -117.155336394987174, 32.707793130416299 ], [ -117.155335344335413, 32.707792084895807 ], [ -117.155334292570913, 32.707791034874795 ], [ -117.15533323871972, 32.707789989377737 ], [ -117.155332180584011, 32.707788942108714 ], [ -117.155331123598216, 32.707787902946841 ], [ -117.155330062309403, 32.707786860209602 ], [ -117.155328998924659, 32.707785821094724 ], [ -117.155327934473462, 32.707784781987669 ], [ -117.15532686791704, 32.707783745601276 ], [ -117.155325800257131, 32.707782705616005 ], [ -117.155324726318611, 32.707781677399424 ], [ -117.155323656562757, 32.7077806410365 ], [ -117.155322579424819, 32.707779612843424 ], [ -117.155321499087464, 32.707778584673811 ], [ -117.155320425149057, 32.707777556457238 ], [ -117.155319342678709, 32.707776528303249 ], [ -117.155318262396932, 32.707775505543673 ], [ -117.155317175716178, 32.707774482831041 ], [ -117.155316089035495, 32.707773460118375 ], [ -117.155314999183062, 32.707772440134228 ], [ -117.155313909330715, 32.70777142015011 ], [ -117.15531281630669, 32.707770402894432 ], [ -117.155311720110959, 32.707769388367289 ], [ -117.155310623915213, 32.707768373840125 ], [ -117.155309524547803, 32.70776736204143 ], [ -117.155308425180451, 32.707766350242785 ], [ -117.155307319451154, 32.707765342097744 ], [ -117.155306216912095, 32.707764333027569 ], [ -117.155305106935415, 32.707763326717156 ], [ -117.155303998052986, 32.707762323103978 ], [ -117.155302889179893, 32.707761320392443 ], [ -117.155301777098032, 32.707760316802727 ], [ -117.155300660842826, 32.707759322261026 ], [ -117.155299542362044, 32.707758318718263 ], [ -117.155298423964624, 32.707757323290515 ], [ -117.155297304509986, 32.707756328772298 ], [ -117.155296182913148, 32.70775533336802 ], [ -117.155295057087358, 32.707754341601763 ], [ -117.155293932346623, 32.707753351630991 ], [ -117.155292800149724, 32.707752362616688 ], [ -117.155291672246534, 32.7077513762761 ], [ -117.155290540095962, 32.707750391770134 ], [ -117.155289405793908, 32.707749405476534 ], [ -117.155288267253653, 32.707748421919199 ], [ -117.155287128731956, 32.707747440165242 ], [ -117.155285988086533, 32.707746459328568 ], [ -117.155284846430192, 32.70774548390974 ], [ -117.155283701574405, 32.707744508514438 ], [ -117.155282556746414, 32.707743535824108 ], [ -117.15528140977618, 32.707742562247745 ], [ -117.155279999263996, 32.707741371482904 ], [ -117.154878022226725, 32.707402657386169 ], [ -117.154982327073498, 32.707314178748199 ], [ -117.155527160485107, 32.706851988470824 ], [ -117.155946012244868, 32.706496676792128 ], [ -117.156235800889604, 32.706250836719718 ], [ -117.156442245831371, 32.706075707238263 ], [ -117.156442475272698, 32.70607551257919 ], [ -117.156926801824753, 32.705664638795 ], [ -117.156975838395937, 32.705623039729517 ], [ -117.1569818037906, 32.705617976764529 ], [ -117.157224518346425, 32.705743822960727 ], [ -117.157340248032966, 32.705803827322327 ], [ -117.157346617355429, 32.705807129525674 ], [ -117.158177879480647, 32.706238127808334 ], [ -117.158256078195095, 32.70627866949409 ], [ -117.158266521098881, 32.707292194850346 ], [ -117.158268522651611, 32.707569779359176 ], [ -117.158274091043282, 32.708342070751144 ], [ -117.158304438264764, 32.70939452473106 ], [ -117.157374666846835, 32.709395874838755 ], [ -117.156451368599363, 32.709394419145688 ] ] ] } },
{ "type": "Feature", "properties": { "lon": -117.1551208, "lat": 32.7080323, "neighborhood": "South East Village", "block_id": "11TH_AV_K_ST", "st_north": "K_ST", "st_east": "11TH_AV", "st_south": "PARK_BL", "st_west": "10TH_AV" }, "geometry": { "type": "Polygon", "coordinates": [ [ [ -117.155566889610171, 32.708354563678292 ], [ -117.155540139069814, 32.708354714117299 ], [ -117.15465223012653, 32.708359663466311 ], [ -117.154648153082945, 32.708594694302413 ], [ -117.154645751179245, 32.708572874458973 ], [ -117.154645649650845, 32.708571503655619 ], [ -117.154645544895203, 32.708570130170706 ], [ -117.154645435901287, 32.708568759422121 ], [ -117.154645324783615, 32.708567389590868 ], [ -117.154645209390708, 32.708566018889201 ], [ -117.154645095064225, 32.70856464817976 ], [ -117.154644973272227, 32.708563277525045 ], [ -117.154644852546767, 32.708561906862514 ], [ -117.154644727555279, 32.708560536231275 ], [ -117.154644599392029, 32.708559168328492 ], [ -117.154644472267492, 32.708557797712878 ], [ -117.154644337677439, 32.708556427152061 ], [ -117.15464420311514, 32.708555059296259 ], [ -117.154644065325542, 32.708553688758883 ], [ -117.154643924364279, 32.708552320950027 ], [ -117.154643780175633, 32.708550950459603 ], [ -117.154643632815322, 32.708549582697692 ], [ -117.154643485454926, 32.708548214935774 ], [ -117.154643331667785, 32.708546844515752 ], [ -117.154643177917691, 32.708545477702415 ], [ -117.154643020958787, 32.708544110010891 ], [ -117.15464286399984, 32.708542742319395 ], [ -117.154642700641915, 32.708541374674816 ], [ -117.154642534084516, 32.708540007053713 ], [ -117.154642366488289, 32.70853864214547 ], [ -117.154642196731345, 32.708537274547822 ], [ -117.154642023774869, 32.708535906973651 ], [ -117.15464184658012, 32.708534542135745 ], [ -117.154641670424184, 32.708533174585078 ], [ -117.154641486839637, 32.708531810695838 ], [ -117.154641304312364, 32.708530445897111 ], [ -117.15464111751912, 32.708529081129647 ], [ -117.154640928592855, 32.708527716377858 ], [ -117.15464073540052, 32.708526351657376 ], [ -117.154640542208227, 32.708524986936837 ], [ -117.154640343683397, 32.708523622255456 ], [ -117.154640144101336, 32.708522258483555 ], [ -117.154639941338246, 32.708520896538509 ], [ -117.154639735347885, 32.708519531911897 ], [ -117.154639527252286, 32.708518170005931 ], [ -117.154639318062479, 32.708516805402745 ], [ -117.154639105700838, 32.708515443528086 ], [ -117.154638890176699, 32.708514085283575 ], [ -117.154638668188824, 32.708512720774294 ], [ -117.154638446228645, 32.708511358970057 ], [ -117.154638224268524, 32.708509997165791 ], [ -117.154637994870555, 32.708508638121316 ], [ -117.154637766520679, 32.70850727726566 ], [ -117.154637534961992, 32.708505915531838 ], [ -117.15463730023157, 32.708504556526435 ], [ -117.154637061235064, 32.708503197552396 ], [ -117.154636823314391, 32.708501839472184 ], [ -117.154636578985446, 32.708500480537204 ], [ -117.154636333589977, 32.708499121610096 ], [ -117.154636086061487, 32.708497762698592 ], [ -117.154635834266998, 32.70849640381843 ], [ -117.154635580376549, 32.708495048560572 ], [ -117.154635322183012, 32.708493689727298 ], [ -117.154635068283298, 32.708492333567797 ], [ -117.15463480372776, 32.708490978388213 ], [ -117.154634539135259, 32.708489619601856 ], [ -117.154634271398706, 32.708488266249084 ], [ -117.154634001501421, 32.708486910206865 ], [ -117.154633730574673, 32.708485557779227 ], [ -117.154633453211858, 32.708484201791826 ], [ -117.154633175876825, 32.708482848509433 ], [ -117.154632895351526, 32.70848149615221 ], [ -117.154632611617444, 32.708480142916727 ], [ -117.154632327883391, 32.708478789681216 ], [ -117.154632037759583, 32.708477437394407 ], [ -117.15463174762651, 32.708476084205905 ], [ -117.154631454321702, 32.708474733745859 ], [ -117.154631157798846, 32.708473381505968 ], [ -117.154630858095032, 32.708472031092853 ], [ -117.154630557361671, 32.708470684294277 ], [ -117.154630364056089, 32.708469828156538 ], [ -117.154630251231069, 32.708469331223114 ], [ -117.154629945128235, 32.708467980856966 ], [ -117.154629634768582, 32.708466631423782 ], [ -117.154629322294539, 32.708465283809595 ], [ -117.154629008753901, 32.708463936203195 ], [ -117.154628689862307, 32.708462586832624 ], [ -117.154628369922648, 32.708461239273191 ], [ -117.154628047859305, 32.708459892631019 ], [ -117.154627721548437, 32.708458547823568 ], [ -117.154627393086059, 32.708457201228427 ], [ -117.154627060376157, 32.708455856467857 ], [ -117.154626727675534, 32.708454512609009 ], [ -117.154626391766158, 32.708453167871937 ], [ -117.154626053760794, 32.708451826757198 ], [ -117.1546257114246, 32.708450479362035 ], [ -117.154625365925952, 32.70844913559705 ], [ -117.154625020445835, 32.708447793635422 ], [ -117.154624671775437, 32.70844645259892 ], [ -117.1546243198963, 32.70844511068421 ], [ -117.154623961627379, 32.708443769718073 ], [ -117.154623606548725, 32.70844242782686 ], [ -117.15462324510807, 32.708441089589243 ], [ -117.154622883630395, 32.708439747744933 ], [ -117.154622517923727, 32.708438409538651 ], [ -117.154622150074843, 32.708437070446287 ], [ -117.154621779035722, 32.708435732279099 ], [ -117.154621404824752, 32.708434396840381 ], [ -117.154621029510366, 32.708433057802786 ], [ -117.15462065209995, 32.708431722387523 ], [ -117.154620270414313, 32.708430386101917 ], [ -117.154619886604891, 32.708429050733614 ], [ -117.154619498529485, 32.708427715396603 ], [ -117.154619111566845, 32.708426384560092 ], [ -117.154618720291921, 32.708425049246522 ], [ -117.154618323712228, 32.708423716677117 ], [ -117.154617929256332, 32.708422383190403 ], [ -117.154617531610171, 32.708421050628772 ], [ -117.154617125432011, 32.708419718129804 ], [ -117.154616721405347, 32.708418387418476 ], [ -117.154616314188416, 32.708417057632303 ], [ -117.15461590377204, 32.7084157278696 ], [ -117.15461549015609, 32.708414398130337 ], [ -117.154615076558713, 32.708413070194467 ], [ -117.154614656571582, 32.708411743207165 ], [ -117.154614236584379, 32.708410416219905 ], [ -117.154613813397731, 32.708409089256072 ], [ -117.154613387002343, 32.708407761414065 ], [ -117.154612960643959, 32.708406437178759 ], [ -117.154612527858774, 32.708405110285312 ], [ -117.154612095101442, 32.708403786096945 ], [ -117.154611662399574, 32.708402467318592 ], [ -117.154611215740616, 32.708401139625195 ], [ -117.154610776612046, 32.708399818188774 ], [ -117.154610334283873, 32.708398496775764 ], [ -117.154609887689759, 32.708397175394119 ], [ -117.154609438962652, 32.708395854028062 ], [ -117.154608985969475, 32.708394532693347 ], [ -117.154608530871101, 32.708393214079244 ], [ -117.15460807470626, 32.708391895472985 ], [ -117.154607616399161, 32.708390575980722 ], [ -117.154607153863054, 32.708389260126403 ], [ -117.154606688099705, 32.70838794159053 ], [ -117.154606220231074, 32.708386625775319 ], [ -117.154605751296003, 32.708385309968008 ], [ -117.154605279189141, 32.70838399688909 ], [ -117.154604803855037, 32.70838268112869 ], [ -117.154604325349197, 32.70838136809671 ], [ -117.15460384471038, 32.708380055080397 ], [ -117.154603363032777, 32.708378744776937 ], [ -117.154602874928472, 32.708377431815407 ], [ -117.15460238685192, 32.708376121558892 ], [ -117.154601898775354, 32.708374811302363 ], [ -117.154601403233301, 32.708373501100546 ], [ -117.154600908785525, 32.708372193595977 ], [ -117.154600407947981, 32.708370887040033 ], [ -117.154599907101172, 32.708369579582403 ], [ -117.15459940625442, 32.708368272124773 ], [ -117.154598897969819, 32.708366967426919 ], [ -117.15459839072409, 32.708365660016177 ], [ -117.154597877107037, 32.708364355357425 ], [ -117.15459736245127, 32.708363053411531 ], [ -117.154596848843525, 32.708361749654415 ], [ -117.154596328855277, 32.708360447747623 ], [ -117.154596265332472, 32.70836028590017 ], [ -117.154596189809723, 32.708360097990294 ], [ -117.154595807800519, 32.708359145848668 ], [ -117.154595283546314, 32.708357843973118 ], [ -117.154594757186857, 32.708356544818287 ], [ -117.154594410369953, 32.70835569611873 ], [ -117.154594229770126, 32.708355246572943 ], [ -117.154593697011649, 32.708353947465021 ], [ -117.154593156787669, 32.708352648411839 ], [ -117.154592622990492, 32.708351352016749 ], [ -117.154592082803561, 32.708350056570275 ], [ -117.154591540474328, 32.708348760237797 ], [ -117.154590997134164, 32.708347469323151 ], [ -117.154590450520473, 32.708346171218587 ], [ -117.154589900753564, 32.708344877645871 ], [ -117.154589347814891, 32.708343586801597 ], [ -117.154588794857773, 32.708342294154043 ], [ -117.154588235520109, 32.708341003356722 ], [ -117.154587676182501, 32.7083397125594 ], [ -117.154587113682339, 32.708338425392249 ], [ -117.154586547973494, 32.708337137346859 ], [ -117.154585977980133, 32.708335847529462 ], [ -117.154585409099511, 32.708334562212563 ], [ -117.154584837000925, 32.708333275115848 ], [ -117.1545842616936, 32.708331987140895 ], [ -117.154583682185034, 32.708330705508899 ], [ -117.154583103733728, 32.708329422967445 ], [ -117.154582522064402, 32.708328138646131 ], [ -117.154581936147608, 32.708326856159402 ], [ -117.154581348134855, 32.708325577295028 ], [ -117.154580755819055, 32.708324294855274 ], [ -117.154580164579059, 32.708323013309318 ], [ -117.154579569119292, 32.708321736303049 ], [ -117.154578970469288, 32.708320460221913 ], [ -117.154578369686305, 32.708319184156451 ], [ -117.154577767827604, 32.70831790719712 ], [ -117.154577162778594, 32.708316631162909 ], [ -117.154576554530152, 32.708315355152131 ], [ -117.154575944194974, 32.708314083665428 ], [ -117.154575329575266, 32.708312810406625 ], [ -117.154574714983355, 32.708311539852872 ], [ -117.154574097182703, 32.708310268420867 ], [ -117.154573476191786, 32.708308997914038 ], [ -117.154572852001365, 32.708307727430665 ], [ -117.154572227838727, 32.708306459652299 ], [ -117.154571600467392, 32.708305190995723 ], [ -117.15457096993353, 32.708303925969325 ], [ -117.15457033513367, 32.708302660974219 ], [ -117.154569701400362, 32.708301395971269 ], [ -117.154569061268035, 32.708300131015214 ], [ -117.154568421163432, 32.708298868764231 ], [ -117.154567776783651, 32.708297605642869 ], [ -117.154567133507371, 32.708296346120335 ], [ -117.154566483804359, 32.708295083939724 ], [ -117.154565833090288, 32.708293827177009 ], [ -117.154565180215599, 32.708292567724861 ], [ -117.154564526274314, 32.708291308280572 ], [ -117.154563870227861, 32.708290051556943 ], [ -117.154563206743646, 32.708288797593056 ], [ -117.154562544325913, 32.708287543621367 ], [ -117.15456188086948, 32.708286292362516 ], [ -117.154561210958562, 32.708285035740559 ], [ -117.154560542169648, 32.708283784520809 ], [ -117.154559869114763, 32.708282533332309 ], [ -117.154559192860333, 32.708281282167356 ], [ -117.154558516633756, 32.708280033707354 ], [ -117.15455783827413, 32.708278785263026 ], [ -117.154557152458253, 32.70827753777511 ], [ -117.154556469860424, 32.708276292067076 ], [ -117.154555780863618, 32.708275046405973 ], [ -117.154555091894551, 32.708273803449863 ], [ -117.15455439972601, 32.708272560517209 ], [ -117.154553704367217, 32.70827131850978 ], [ -117.154553004733202, 32.708270075631901 ], [ -117.154552306193452, 32.708268835451221 ], [ -117.154551604481995, 32.70826759799904 ], [ -117.154550899552504, 32.708266358766934 ], [ -117.154550194641558, 32.708265121338208 ], [ -117.154549482265097, 32.708263883964243 ], [ -117.154548770982956, 32.708262649287434 ], [ -117.154548056510507, 32.70826141553578 ], [ -117.154547340962367, 32.708260180890242 ], [ -117.154546620118751, 32.708258949890556 ], [ -117.154545898199331, 32.708257717997014 ], [ -117.154545174146961, 32.708256486119097 ], [ -117.154544449065156, 32.708255257855704 ], [ -117.154543718641563, 32.708254028729684 ], [ -117.154542987188506, 32.708252803218237 ], [ -117.154542253565481, 32.708251574115728 ], [ -117.154541518940704, 32.708250351332744 ], [ -117.154540777907698, 32.708249127695005 ], [ -117.15454003688393, 32.70824790495891 ], [ -117.154539296917477, 32.708246681313391 ], [ -117.154538549522485, 32.708245461329248 ], [ -117.154537802127507, 32.708244241345177 ], [ -117.154537051551614, 32.708243023187848 ], [ -117.154536297757687, 32.708241803250672 ], [ -117.154535540810514, 32.70824058784531 ], [ -117.154534783844881, 32.708239370636598 ], [ -117.154534023707527, 32.708238156156355 ], [ -117.154533260398424, 32.708236944404611 ], [ -117.154532497080112, 32.708235731751174 ], [ -117.154531727372003, 32.708234520046361 ], [ -117.154530960863468, 32.708233308318036 ], [ -117.154530186917185, 32.708232099349537 ], [ -117.154529410856398, 32.708230892199985 ], [ -117.154528634804933, 32.708229685952126 ], [ -117.154527854487441, 32.708228479735546 ], [ -117.154527075264212, 32.708227276216135 ], [ -117.154526289614253, 32.708226070038656 ], [ -117.154525502953319, 32.708224869279029 ], [ -117.154524710932151, 32.708223665853495 ], [ -117.154523924261994, 32.708222464192211 ], [ -117.154523129096873, 32.708221266200177 ], [ -117.154522332865255, 32.708220068215923 ], [ -117.154521534528428, 32.708218872952372 ], [ -117.154520735125118, 32.708217677696624 ], [ -117.154519932494551, 32.708216479759308 ], [ -117.154519127758761, 32.708215284542668 ], [ -117.154518322021261, 32.708214095645559 ], [ -117.154517509847707, 32.708212903188659 ], [ -117.154516697701979, 32.708211713436789 ], [ -117.154515882356762, 32.708210523708374 ], [ -117.154515063839824, 32.708209336708471 ], [ -117.154514246389382, 32.70820814970071 ], [ -117.154513424700738, 32.70820696542927 ], [ -117.154512602993563, 32.708205779354479 ], [ -117.154511771706439, 32.70820459515339 ], [ -117.154510942580117, 32.708203413641741 ], [ -117.154510111320747, 32.708202232145659 ], [ -117.154509280098452, 32.7082010542563 ], [ -117.1545084424679, 32.7081998755122 ], [ -117.154507608036866, 32.708198696744617 ], [ -117.154506764044342, 32.708197521654093 ], [ -117.154505925375119, 32.708196345622802 ], [ -117.154505078201638, 32.708195172359119 ], [ -117.154504231037436, 32.708193999997071 ], [ -117.15450337639848, 32.708192826788114 ], [ -117.154502529262118, 32.708191657131138 ], [ -117.154501675717441, 32.708190486619372 ], [ -117.154500817943799, 32.708189319745571 ], [ -117.154499958027941, 32.708188151985766 ], [ -117.154499097082606, 32.708186987840463 ], [ -117.154498232928546, 32.708185822816922 ], [ -117.15449736987803, 32.708184661392266 ], [ -117.154496499352717, 32.708183499120658 ], [ -117.154495629903209, 32.708182337742919 ], [ -117.15449475621547, 32.708181179101501 ], [ -117.154493882518523, 32.708180019558363 ], [ -117.154493005659091, 32.708178863645422 ], [ -117.154492125600171, 32.708177707755894 ], [ -117.154491243426747, 32.708176553685348 ], [ -117.154490360196093, 32.708175400524354 ], [ -117.154489473765963, 32.708174247386765 ], [ -117.154488584164099, 32.708173096977688 ], [ -117.154487694580823, 32.708171948371955 ], [ -117.154486801807266, 32.708170800691313 ], [ -117.154485905834193, 32.708169653034155 ], [ -117.154485006689455, 32.708168508105459 ], [ -117.154484107544747, 32.708167363176813 ], [ -117.154483204161764, 32.708166220984417 ], [ -117.15448230184532, 32.708165078784198 ], [ -117.154481396357113, 32.70816393931247 ], [ -117.154480487669474, 32.708162799864184 ], [ -117.154479575782347, 32.70816166043938 ], [ -117.154478662856491, 32.708160523727372 ], [ -117.15447774459814, 32.708159387054486 ], [ -117.154476829567059, 32.708158253063161 ], [ -117.154475907098259, 32.708157121831626 ], [ -117.15447498569597, 32.708155990592189 ], [ -117.154474060027752, 32.708154859384102 ], [ -117.154473135453756, 32.708153730873171 ], [ -117.154472206623041, 32.708152603295161 ], [ -117.154471275677864, 32.708151477536191 ], [ -117.154470340466673, 32.708150351808477 ], [ -117.154469405283251, 32.7081492287858 ], [ -117.154468467976145, 32.708148106680405 ], [ -117.154467526393802, 32.708146983704658 ], [ -117.154466584839184, 32.708145863433884 ], [ -117.154465640122154, 32.708144746793259 ], [ -117.154464693262867, 32.708143629266637 ], [ -117.154463745364851, 32.708142514452824 ], [ -117.154462794276611, 32.708141400564124 ], [ -117.154461839979646, 32.708140285797207 ], [ -117.154460885719686, 32.708139174636997 ], [ -117.154459928278769, 32.708138065303586 ], [ -117.15445896761986, 32.708136954190302 ], [ -117.154458003807719, 32.70813584760883 ], [ -117.154457039977132, 32.708134739223979 ], [ -117.154456076192787, 32.708133635347565 ], [ -117.154455106018702, 32.708132532419668 ], [ -117.154454131597177, 32.7081314313264 ], [ -117.154453161423135, 32.708130328398525 ], [ -117.154452188105168, 32.708129230904127 ], [ -117.154451214777922, 32.708128132508108 ], [ -117.154450231861475, 32.708127035084047 ], [ -117.154449251105831, 32.708125940349412 ], [ -117.154448265017649, 32.708124845653906 ], [ -117.154447277881488, 32.708123752769495 ], [ -117.154446291821145, 32.708122660778933 ], [ -117.154445302589053, 32.708121571516884 ], [ -117.154444309118745, 32.708120484991127 ], [ -117.154443309249459, 32.708119398512302 ], [ -117.154442316845689, 32.708118311978694 ], [ -117.154441317004228, 32.708117228204841 ], [ -117.154440318229234, 32.708116144423158 ], [ -117.154439315216024, 32.708115063377839 ], [ -117.154438309031093, 32.70811398506094 ], [ -117.154437303884947, 32.708112904031182 ], [ -117.15443629452831, 32.70811182844276 ], [ -117.154435281972241, 32.708110752877793 ], [ -117.154434263017151, 32.708109677359772 ], [ -117.154433251555318, 32.708108604491947 ], [ -117.15443223585531, 32.708107534360465 ], [ -117.154431213756311, 32.708106464275922 ], [ -117.154430191666592, 32.708105395093021 ], [ -117.154429166395829, 32.708104327736933 ], [ -117.154428144352423, 32.708103263062341 ], [ -117.154427112710479, 32.708102198458192 ], [ -117.154426081105584, 32.70810113746068 ], [ -117.154425049491522, 32.708100075561546 ], [ -117.1544240146779, 32.708099013685803 ], [ -117.154422978834859, 32.70809795542462 ], [ -117.154421937650028, 32.708096896300809 ], [ -117.154420899729487, 32.708095843465308 ], [ -117.154419855400775, 32.708094789775018 ], [ -117.154418811081271, 32.708093736986356 ], [ -117.15441776254211, 32.708092688737366 ], [ -117.1544167150509, 32.708091638677239 ], [ -117.154415664351021, 32.708090587738852 ], [ -117.154414609449859, 32.708089543143458 ], [ -117.154413555606013, 32.70808849763857 ], [ -117.154412497505476, 32.708087453066639 ], [ -117.154411437271889, 32.708086408510333 ], [ -117.154410376045831, 32.70808537117518 ], [ -117.154409312668392, 32.708084332052344 ], [ -117.154408241853133, 32.708083295689292 ], [ -117.154407178503419, 32.708082259271485 ], [ -117.154406107706748, 32.708081224711705 ], [ -117.154405036919343, 32.708080191053639 ], [ -117.15440396402667, 32.708079160116242 ], [ -117.15440288686807, 32.70807812921008 ], [ -117.154401809737223, 32.708077101008961 ], [ -117.154400729406944, 32.708076072831254 ], [ -117.154399645904888, 32.708075047382074 ], [ -117.154398563497139, 32.708074024630037 ], [ -117.154397476823362, 32.708073001909312 ], [ -117.154396386977922, 32.708071981917065 ], [ -117.154395297132496, 32.708070961924768 ], [ -117.154394207314823, 32.708069944637479 ], [ -117.154393111098173, 32.708068927397122 ], [ -117.154392018108837, 32.70806791283831 ], [ -117.154390918720495, 32.708066898326443 ], [ -117.154389819359935, 32.708065886519549 ], [ -117.154388716836891, 32.708064878342817 ], [ -117.1543876132381, 32.708063869272237 ], [ -117.154386504334582, 32.708062862945773 ], [ -117.154385395431163, 32.708061856619324 ], [ -117.154384289764195, 32.708060853876042 ], [ -117.154383177689027, 32.708059850277991 ], [ -117.154239904991044, 32.707939458012085 ], [ -117.154534707076181, 32.70769389092596 ], [ -117.15461782184569, 32.707623389130205 ], [ -117.154629377845723, 32.707613585396892 ], [ -117.154878022226725, 32.707402657386169 ], [ -117.155279999263996, 32.707741371482904 ], [ -117.15528140977618, 32.707742562247745 ], [ -117.155282556746414, 32.707743535824108 ], [ -117.155283701574405, 32.707744508514438 ], [ -117.155284846430192, 32.70774548390974 ], [ -117.155285988086533, 32.707746459328568 ], [ -117.155287128731956, 32.707747440165242 ], [ -117.155288267253653, 32.707748421919199 ], [ -117.155289405793908, 32.707749405476534 ], [ -117.155290540095962, 32.707750391770134 ], [ -117.155291672246534, 32.7077513762761 ], [ -117.155292800149724, 32.707752362616688 ], [ -117.155293932346623, 32.707753351630991 ], [ -117.155295057087358, 32.707754341601763 ], [ -117.155296182913148, 32.70775533336802 ], [ -117.155297304509986, 32.707756328772298 ], [ -117.155298423964624, 32.707757323290515 ], [ -117.155299542362044, 32.707758318718263 ], [ -117.155300660842826, 32.707759322261026 ], [ -117.155301777098032, 32.707760316802727 ], [ -117.155302889179893, 32.707761320392443 ], [ -117.155303998052986, 32.707762323103978 ], [ -117.155305106935415, 32.707763326717156 ], [ -117.155306216912095, 32.707764333027569 ], [ -117.155307319451154, 32.707765342097744 ], [ -117.155308425180451, 32.707766350242785 ], [ -117.155309524547803, 32.70776736204143 ], [ -117.155310623915213, 32.707768373840125 ], [ -117.155311720110959, 32.707769388367289 ], [ -117.15531281630669, 32.707770402894432 ], [ -117.155313909330715, 32.70777142015011 ], [ -117.155314999183062, 32.707772440134228 ], [ -117.155316089035495, 32.707773460118375 ], [ -117.155317175716178, 32.707774482831041 ], [ -117.155318262396932, 32.707775505543673 ], [ -117.155319342678709, 32.707776528303249 ], [ -117.155320425149057, 32.707777556457238 ], [ -117.155321499087464, 32.707778584673811 ], [ -117.155322579424819, 32.707779612843424 ], [ -117.155323656562757, 32.7077806410365 ], [ -117.155324726318611, 32.707781677399424 ], [ -117.155325800257131, 32.707782705616005 ], [ -117.15532686791704, 32.707783745601276 ], [ -117.155327934473462, 32.707784781987669 ], [ -117.155328998924659, 32.707785821094724 ], [ -117.155330062309403, 32.707786860209602 ], [ -117.155331123598216, 32.707787902946841 ], [ -117.155332180584011, 32.707788942108714 ], [ -117.15533323871972, 32.707789989377737 ], [ -117.155334292570913, 32.707791034874795 ], [ -117.155335344335413, 32.707792084895807 ], [ -117.155336394987174, 32.707793130416299 ], [ -117.155337442485731, 32.707794180468667 ], [ -117.155338487888415, 32.707795234143333 ], [ -117.155339532215294, 32.707796286924207 ], [ -117.155340573352035, 32.707797340630144 ], [ -117.155341614507321, 32.707798396139495 ], [ -117.155342652500124, 32.707799455279016 ], [ -117.155343688359963, 32.707800514434105 ], [ -117.155344723144111, 32.707801572695431 ], [ -117.155345754793586, 32.707802637291906 ], [ -117.155346783215819, 32.70780369920687 ], [ -117.155347811656597, 32.707804762925143 ], [ -117.155348836962744, 32.707805832978586 ], [ -117.155349859013867, 32.707806897645483 ], [ -117.155350881120569, 32.707807967722459 ], [ -117.155351898961285, 32.707809037830735 ], [ -117.155352914687526, 32.707810109757972 ], [ -117.155353933622578, 32.707811182563411 ], [ -117.155354942986975, 32.707812258144273 ], [ -117.155355952379182, 32.707813336430213 ], [ -117.155356960677096, 32.707814412018948 ], [ -117.155357966897625, 32.707815493033337 ], [ -117.15535897311814, 32.707816574047726 ], [ -117.155359971873253, 32.707817655116948 ], [ -117.155360974922161, 32.707818738859778 ], [ -117.155361974743798, 32.70781981992117 ], [ -117.155362967183308, 32.707820909152396 ], [ -117.155363960661546, 32.70782199567072 ], [ -117.155364949910904, 32.70782308582708 ], [ -117.155365940245275, 32.707824177778974 ], [ -117.15536692631369, 32.707825269762111 ], [ -117.155367912382118, 32.707826361745312 ], [ -117.155368896345337, 32.707827456449124 ], [ -117.155369876051878, 32.707828552085971 ], [ -117.155370852577505, 32.707829649549602 ], [ -117.155371830197367, 32.707830749710432 ], [ -117.155372803532799, 32.707831848099254 ], [ -117.155373776914516, 32.707832950996412 ], [ -117.155374743925066, 32.707834056645559 ], [ -117.155375717288308, 32.707835157739318 ], [ -117.155376677899937, 32.707836263435439 ], [ -117.155377641720349, 32.707837370009706 ], [ -117.155378602359789, 32.707838478410842 ], [ -117.155379559809035, 32.707839587737084 ], [ -117.155380517276754, 32.707840698866697 ], [ -117.155381471526539, 32.707841808216429 ], [ -117.15538241945147, 32.707842924826565 ], [ -117.155383373756877, 32.707844039586327 ], [ -117.155384321691074, 32.70784515709807 ], [ -117.155385266416545, 32.707846273731619 ], [ -117.155386210112624, 32.707847393979719 ], [ -117.155387151675711, 32.707848514243437 ], [ -117.155388090057841, 32.707849636334025 ], [ -117.155389027354957, 32.707850756629028 ], [ -117.155389962574702, 32.707851882349757 ], [ -117.155390894594973, 32.707853008093991 ], [ -117.15539182556725, 32.70785413564937 ], [ -117.15539275121634, 32.707855264145536 ], [ -117.155393678998493, 32.707856392626084 ], [ -117.155394601475905, 32.707857523850784 ], [ -117.155395522914631, 32.707858657788279 ], [ -117.155396442220436, 32.707859791741519 ], [ -117.155397357260242, 32.707860925726003 ], [ -117.155398272327801, 32.707862062415508 ], [ -117.155399185262468, 32.707863199120681 ], [ -117.155400093958889, 32.70786433856216 ], [ -117.155401002683135, 32.707865480708662 ], [ -117.15540190818011, 32.707866620173654 ], [ -117.15540281050545, 32.707867762367137 ], [ -117.155403713897257, 32.707868904552782 ], [ -117.155404609851416, 32.70787004949824 ], [ -117.155405509032846, 32.70787119712525 ], [ -117.155406401815341, 32.707872344799156 ], [ -117.155407294597808, 32.707873492473119 ], [ -117.155408184217904, 32.707874643777245 ], [ -117.155409070629233, 32.707875794203204 ], [ -117.1554099570684, 32.707876947334142 ], [ -117.15541083924154, 32.70787810049643 ], [ -117.155411719291052, 32.707879254576035 ], [ -117.15541259615955, 32.707880410482446 ], [ -117.155413473055873, 32.707881569093871 ], [ -117.155414345695476, 32.707882728638296 ], [ -117.155415222591827, 32.707883887249714 ], [ -117.155416083518489, 32.707885048683629 ], [ -117.155416952986499, 32.707886210956531 ], [ -117.155417820339963, 32.707887375048429 ], [ -117.1554186813038, 32.707888540089002 ], [ -117.155419538020126, 32.707889706964252 ], [ -117.155420399011774, 32.707890874709804 ], [ -117.155421255728143, 32.707892041585012 ], [ -117.155422106082639, 32.707893212113881 ], [ -117.15542295749438, 32.707894381733233 ], [ -117.155423807876645, 32.707895554967145 ], [ -117.155424652917205, 32.707896727338508 ], [ -117.155425496928345, 32.707897903324351 ], [ -117.15542633774001, 32.70789907933375 ], [ -117.155427178542439, 32.707900254441412 ], [ -117.155428012982924, 32.707901433202764 ], [ -117.155428848489976, 32.707902611956293 ], [ -117.1554296829583, 32.707903793422666 ], [ -117.155430511018352, 32.707904974034285 ], [ -117.15543133908777, 32.707906155547626 ], [ -117.155432164013234, 32.707907342494494 ], [ -117.155432985711442, 32.707908526759795 ], [ -117.155433807428182, 32.707909712828496 ], [ -117.15543462595474, 32.707910899822259 ], [ -117.155435437015768, 32.707912086870877 ], [ -117.155436258797437, 32.707913279251279 ], [ -117.155437067753354, 32.707914469020537 ], [ -117.155437876737054, 32.707915661494823 ], [ -117.155438682521293, 32.707916853992643 ], [ -117.155439487266847, 32.707918049203272 ], [ -117.155440286679877, 32.707919244453088 ], [ -117.155441089292466, 32.707920439679356 ], [ -117.155441884467351, 32.707921637665457 ], [ -117.155442680708759, 32.707922835643714 ], [ -117.15544347273979, 32.707924039063357 ], [ -117.155444262582236, 32.707925237088652 ], [ -117.155445048214276, 32.707926440555241 ], [ -117.155445834885086, 32.707927641308984 ], [ -117.155446617345476, 32.707928847504093 ], [ -117.155447396606363, 32.707930053722691 ], [ -117.155448176915286, 32.707931258130081 ], [ -117.155448953004537, 32.707932467077171 ], [ -117.155449725922054, 32.707933678752774 ], [ -117.155450495584546, 32.707934885041816 ], [ -117.155451266341345, 32.707936094028028 ], [ -117.155452032869221, 32.707937306652283 ], [ -117.155452796216139, 32.707938521103344 ], [ -117.155453556363611, 32.707939735577931 ], [ -117.155454316520334, 32.707940950954118 ], [ -117.155455073468332, 32.707942165452152 ], [ -117.155455827244595, 32.707943382678728 ], [ -117.155456577830691, 32.707944600830402 ], [ -117.15545732843529, 32.707945820785469 ], [ -117.155458074783226, 32.707947041673535 ], [ -117.155458819016644, 32.707948264380548 ], [ -117.155459560022848, 32.707949484406015 ], [ -117.155460301066114, 32.70795070803824 ], [ -117.155461037861883, 32.707951933505107 ], [ -117.155461772533968, 32.7079531598893 ], [ -117.155462507196802, 32.707954385371806 ], [ -117.155463234431238, 32.707955614515818 ], [ -117.155463962732156, 32.707956843652006 ], [ -117.155464689957356, 32.707958071894332 ], [ -117.155465411887093, 32.707959303782488 ], [ -117.155466132741154, 32.707960534776809 ], [ -117.155466851499213, 32.707961769393478 ], [ -117.155467565926472, 32.707962997729787 ], [ -117.155468277274707, 32.707964237811289 ], [ -117.155468989606035, 32.707965469769917 ], [ -117.15546969775481, 32.707966709874931 ], [ -117.155470402666992, 32.707967946396742 ], [ -117.155471108682775, 32.707969186517381 ], [ -117.155471810432573, 32.70797042666937 ], [ -117.155472505783408, 32.707971666868318 ], [ -117.15547320435229, 32.707972908847104 ], [ -117.15547389653139, 32.707974151774543 ], [ -117.155474588738329, 32.707975397407047 ], [ -117.155475277718054, 32.70797664035797 ], [ -117.155475963526044, 32.707977886037426 ], [ -117.155476646153048, 32.707979133543688 ], [ -117.155477328761563, 32.707980379246628 ], [ -117.155478008198443, 32.70798162767808 ], [ -117.155478683397078, 32.707982878845847 ], [ -117.155479356462706, 32.707984130029281 ], [ -117.155480029528405, 32.707985381212737 ], [ -117.155480699394616, 32.707986632419647 ], [ -117.155481365022567, 32.707987886362893 ], [ -117.155482028517596, 32.707989140321807 ], [ -117.15548269097394, 32.707990396993566 ], [ -117.155483348069993, 32.707991650999453 ], [ -117.155484004127317, 32.707992907718214 ], [ -117.15548465807953, 32.707994167157629 ], [ -117.155485310965176, 32.707995426604867 ], [ -117.155485961717901, 32.707996686067787 ], [ -117.155486608204626, 32.707997945561978 ], [ -117.155487251519617, 32.707999207784709 ], [ -117.155487892683155, 32.708000468219772 ], [ -117.15548853282651, 32.708001733170988 ], [ -117.155489169770334, 32.708002998145737 ], [ -117.15548980351474, 32.708004263143934 ], [ -117.155490434087383, 32.708005530870665 ], [ -117.155491065698826, 32.708006795884508 ], [ -117.155491693081302, 32.708008064536415 ], [ -117.15549231728285, 32.708009335015142 ], [ -117.155492938257112, 32.708010602812323 ], [ -117.155493556096701, 32.70801187694471 ], [ -117.155494172804964, 32.708013144773211 ], [ -117.155494787435828, 32.708014418027346 ], [ -117.155495398867217, 32.708015691305071 ], [ -117.155496010307942, 32.708016965484404 ], [ -117.155496615340326, 32.708018238809075 ], [ -117.155497219334066, 32.708019514846626 ], [ -117.155497821204094, 32.708020791801452 ], [ -117.155498419893107, 32.708022070583162 ], [ -117.155499021763191, 32.708023347537996 ], [ -117.155499612986731, 32.708024626374488 ], [ -117.155500202077334, 32.708025905226641 ], [ -117.155500793338021, 32.708027187669813 ], [ -117.155501379256933, 32.708028469250479 ], [ -117.155501964118599, 32.708029751740632 ], [ -117.155502542572037, 32.708031033376074 ], [ -117.155503122129048, 32.708032318610414 ], [ -117.155503700610311, 32.708033602950913 ], [ -117.155504272674065, 32.708034885535014 ], [ -117.155504845878468, 32.708036175324708 ], [ -117.155505414798299, 32.708037463342329 ], [ -117.155505980518654, 32.708038751383455 ], [ -117.155506543058081, 32.708040041251422 ], [ -117.155507105578977, 32.708041329316075 ], [ -117.155507664918929, 32.708042619207518 ], [ -117.155508221096426, 32.708043912729146 ], [ -117.155508774046666, 32.708045203569263 ], [ -117.155509323843731, 32.708046498941215 ], [ -117.155509870394937, 32.708047789828299 ], [ -117.155510420201296, 32.708049086101958 ], [ -117.155510963571601, 32.708050378815884 ], [ -117.155511503779479, 32.708051675159957 ], [ -117.155512042920876, 32.708052971511933 ], [ -117.155512576748308, 32.708054269706324 ], [ -117.155513110585048, 32.70805556880245 ], [ -117.155513640155746, 32.708056867929876 ], [ -117.155514170792941, 32.708058167049472 ], [ -117.155514693955467, 32.708059465322236 ], [ -117.155515218221481, 32.7080607671938 ], [ -117.155515738221567, 32.708062069096727 ], [ -117.155516256144182, 32.708063376425351 ], [ -117.155516766517977, 32.708064675693699 ], [ -117.15551728441288, 32.708065980317301 ], [ -117.155517794860813, 32.708067286799057 ], [ -117.155518302062873, 32.708068588795953 ], [ -117.155518807187633, 32.708069896218525 ], [ -117.155519308046337, 32.708071203672446 ], [ -117.155519808905083, 32.708072511126282 ], [ -117.155520306564313, 32.708073818603673 ], [ -117.155520801051836, 32.70807512880959 ], [ -117.155521289140367, 32.708076439062474 ], [ -117.155521780428487, 32.708077749291867 ], [ -117.155522268489264, 32.70807905683975 ], [ -117.155522750234425, 32.708080372549603 ], [ -117.155523235123511, 32.708081682825977 ], [ -117.155523713669211, 32.708082998559377 ], [ -117.155524188987613, 32.708084311611209 ], [ -117.155524664306071, 32.708085624663092 ], [ -117.155525135386242, 32.708086940451302 ], [ -117.155525604333477, 32.708088256255131 ], [ -117.155526070081208, 32.708089572082535 ], [ -117.155526532657291, 32.70809089063836 ], [ -117.155526994139009, 32.708092206497049 ], [ -117.155527453515603, 32.708093525076428 ], [ -117.155527908653951, 32.708094846392108 ], [ -117.155528361631497, 32.708096165018439 ], [ -117.155528813542645, 32.708097483652587 ], [ -117.155529260148981, 32.708098805030929 ], [ -117.155529705698186, 32.708100127318758 ], [ -117.15553014809413, 32.708101454138479 ], [ -117.155530588273763, 32.708102772858794 ], [ -117.155531027442493, 32.708104096996969 ], [ -117.155531460212217, 32.70810542118209 ], [ -117.155531892981926, 32.708106745367274 ], [ -117.155532322561427, 32.708108070477572 ], [ -117.155532750054292, 32.708109400111923 ], [ -117.155533176397256, 32.708110721639059 ], [ -117.155533596396808, 32.708112048623207 ], [ -117.155534016433407, 32.708113379213991 ], [ -117.15553443323347, 32.708114706221686 ], [ -117.155534845795373, 32.708116035965624 ], [ -117.155535256196444, 32.708117363020243 ], [ -117.155535666634606, 32.708118693681534 ], [ -117.155536073891767, 32.708120026169674 ], [ -117.1555364779217, 32.708121355976296 ], [ -117.155536877722653, 32.708122689420975 ], [ -117.155537076547319, 32.708123355249434 ], [ -117.155537275353538, 32.708124019274543 ], [ -117.155537669812759, 32.708125351856673 ], [ -117.155538063214749, 32.708126685348283 ], [ -117.155538454502263, 32.70812802065889 ], [ -117.155538841523779, 32.70812935600086 ], [ -117.155539226393827, 32.708130689555091 ], [ -117.155539610215854, 32.708132024920552 ], [ -117.155539988705371, 32.708133360325135 ], [ -117.155540366165468, 32.708134699344249 ], [ -117.155540740389043, 32.708136034780161 ], [ -117.155541112516616, 32.708137373838447 ], [ -117.155541483568527, 32.708138712002878 ], [ -117.155541848221361, 32.708140050214297 ], [ -117.155542212883503, 32.70814138932738 ], [ -117.155542575431156, 32.708142730259439 ], [ -117.155542933694306, 32.708144069419532 ], [ -117.155543288776499, 32.708145410406424 ], [ -117.155543643867944, 32.708146752294994 ], [ -117.155543989379396, 32.708148096057435 ], [ -117.155544341271352, 32.708149437969503 ], [ -117.155544686755064, 32.708150779026894 ], [ -117.155545031209314, 32.708152123698774 ], [ -117.15554537029405, 32.708153464803154 ], [ -117.155545709415804, 32.70815480951422 ], [ -117.155546042157113, 32.70815615607561 ], [ -117.15554637381338, 32.708157500841473 ], [ -117.155546703327389, 32.70815884472136 ], [ -117.155547032878474, 32.708160192207934 ], [ -117.155547354954749, 32.708161538847612 ], [ -117.155547678106842, 32.708162886381167 ], [ -117.155547997020733, 32.708164236651065 ], [ -117.155548313736773, 32.708165580624872 ], [ -117.155548626251644, 32.708166930941758 ], [ -117.155548939795992, 32.708168277644127 ], [ -117.155549245884075, 32.708169625302936 ], [ -117.155549552027807, 32.708170978371825 ], [ -117.1555498560014, 32.708172327849667 ], [ -117.155550155718274, 32.708173678260501 ], [ -117.15555045222645, 32.708175027793168 ], [ -117.155550748743849, 32.70817637822752 ], [ -117.155551038890039, 32.708177731413883 ], [ -117.155551329027006, 32.70817908369856 ], [ -117.155551615973678, 32.708180436908386 ], [ -117.155551902920394, 32.708181790118211 ], [ -117.155552183458823, 32.708183142473388 ], [ -117.155552457607527, 32.708184495777182 ], [ -117.155552738183033, 32.708185851739017 ], [ -117.155553012322471, 32.708187204141176 ], [ -117.155553283299525, 32.708188560173475 ], [ -117.155553550010538, 32.70818991623711 ], [ -117.155553817788018, 32.708191272292936 ], [ -117.155554082356758, 32.708192627470595 ], [ -117.155554340535772, 32.708193983596843 ], [ -117.155554597676058, 32.708195342436021 ], [ -117.155554852655584, 32.708196698585787 ], [ -117.155555106587144, 32.708198056546777 ], [ -117.155555355167678, 32.708199412743539 ], [ -117.155555602709455, 32.708200771653154 ], [ -117.155555848118254, 32.708202130578421 ], [ -117.155556089251803, 32.70820348863338 ], [ -117.155556327195114, 32.708204847613494 ], [ -117.155556561966705, 32.708206209322086 ], [ -117.155556797777052, 32.708207568317889 ], [ -117.155557029339874, 32.708208929148327 ], [ -117.155557257684677, 32.708210288198906 ], [ -117.155557482857745, 32.70821164997799 ], [ -117.155557704831381, 32.708213011780614 ], [ -117.155557923605443, 32.708214373606708 ], [ -117.15555814237031, 32.708215734531088 ], [ -117.155558357944926, 32.708217096380686 ], [ -117.155558570319968, 32.708218458253718 ], [ -117.155558779551157, 32.708219825560349 ], [ -117.155558985499454, 32.708221184775383 ], [ -117.155559191503343, 32.708222549400475 ], [ -117.155559391071165, 32.708223910465854 ], [ -117.155559589609538, 32.708225275145701 ], [ -117.155559786014919, 32.708226639841278 ], [ -117.155559979220811, 32.708228004560354 ], [ -117.155560168160676, 32.708229369310722 ], [ -117.155560358167037, 32.708230734053288 ], [ -117.155560543907427, 32.708232098827146 ], [ -117.155560724333782, 32.708233465443527 ], [ -117.155560903675166, 32.708234830264388 ], [ -117.155561084110829, 32.708236197782441 ], [ -117.155561257053165, 32.708237562650297 ], [ -117.155561426823809, 32.708238930246651 ], [ -117.155561597660949, 32.708240297835218 ], [ -117.155561764204307, 32.708241662749998 ], [ -117.155561927575974, 32.708243030393362 ], [ -117.155562087748095, 32.708244398060209 ], [ -117.15556224791095, 32.708245764825385 ], [ -117.155562401684108, 32.708247132539206 ], [ -117.155562556523705, 32.70824850024519 ], [ -117.155562707125114, 32.708249870687531 ], [ -117.155562854499237, 32.708251238448362 ], [ -117.155562997607333, 32.708252606240521 ], [ -117.155563138610248, 32.708253976753333 ], [ -117.155563279585394, 32.708255344561138 ], [ -117.15556341738872, 32.708256715097448 ], [ -117.155563551992614, 32.70825808565727 ], [ -117.155563683369223, 32.708259453535561 ], [ -117.155563810507587, 32.708260824150194 ], [ -117.155563935512959, 32.708262194780481 ], [ -117.15556405945182, 32.708263565418598 ], [ -117.155564181257674, 32.708264936072403 ], [ -117.155564299864068, 32.708266306749664 ], [ -117.15556441419514, 32.708267676556602 ], [ -117.155564526374675, 32.708269044575864 ], [ -117.155564634343818, 32.708270418036506 ], [ -117.155564742285165, 32.708271788792096 ], [ -117.155564848093491, 32.708273159563369 ], [ -117.155564946464096, 32.70827453309446 ], [ -117.155565048006409, 32.708275903897061 ], [ -117.15556514314973, 32.708277274746607 ], [ -117.155565236187797, 32.708278648316892 ], [ -117.155565328131601, 32.708280019189928 ], [ -117.155565416903713, 32.70828139279152 ], [ -117.155565499248951, 32.70828276373507 ], [ -117.155565584821517, 32.708284137360167 ], [ -117.15556566076782, 32.708285508350691 ], [ -117.15556573994138, 32.708286882022712 ], [ -117.155565815887599, 32.708288253013265 ], [ -117.155565888662181, 32.708289626732316 ], [ -117.155565953971177, 32.7082910005062 ], [ -117.155566023546214, 32.708292374248757 ], [ -117.155566086694449, 32.708293745333286 ], [ -117.155566145604425, 32.708295119154151 ], [ -117.155566205580939, 32.708296492967172 ], [ -117.155566262357937, 32.708297866803697 ], [ -117.155566314868921, 32.70829924067155 ], [ -117.155566365246898, 32.708300614555064 ], [ -117.15556641133108, 32.708301985764869 ], [ -117.155566455310051, 32.708303359695336 ], [ -117.155566498222498, 32.708304733633696 ], [ -117.155566535802407, 32.708306107611179 ], [ -117.155566575515351, 32.708307481573001 ], [ -117.15556660882929, 32.708308855581834 ], [ -117.155566638943682, 32.708310229614156 ], [ -117.155566666925083, 32.708311603662118 ], [ -117.155566693840001, 32.70831297771791 ], [ -117.155566714355871, 32.708314351820725 ], [ -117.155566738071244, 32.708315725899958 ], [ -117.155566755387596, 32.708317100026264 ], [ -117.15556676950446, 32.70831847417606 ], [ -117.155566780421793, 32.708319848349326 ], [ -117.155566870480428, 32.708348237203197 ], [ -117.155566889610171, 32.708354563678292 ] ] ] } },
{ "type": "Feature", "properties": { "lon": -117.1551036, "lat": 32.7088789, "neighborhood": "South East Village", "block_id": "11TH_AV_J_ST", "st_north": "J_ST", "st_east": "11TH_AV", "st_south": "K_ST", "st_west": "10TH_AV" }, "geometry": { "type": "Polygon", "coordinates": [ [ [ -117.15465223012653, 32.708359663466311 ], [ -117.155540139069814, 32.708354714117299 ], [ -117.155566889610171, 32.708354563678292 ], [ -117.155547604147955, 32.709395561616034 ], [ -117.154634142782726, 32.709402265607963 ], [ -117.154648153082945, 32.708594694302413 ], [ -117.15465223012653, 32.708359663466311 ] ] ] } },
{ "type": "Feature", "properties": { "lon": -117.1488413, "lat": 32.7039621, "neighborhood": "Barrio Logan", "block_id": "SIGSBEE_ST_LOGAN_AV", "st_north": "LOGAN_AV", "st_east": "SIGSBEE_ST", "st_south": "NATIONAL_AV", "st_west": "S_16TH_ST" }, "geometry": { "type": "Polygon", "coordinates": [ [ [ -117.149659155544654, 32.704529818184461 ], [ -117.149472612644175, 32.704726323730448 ], [ -117.149472308641393, 32.70472673804327 ], [ -117.14946394451772, 32.704738518972206 ], [ -117.149455987744759, 32.704750502526359 ], [ -117.149448456351351, 32.704762678655065 ], [ -117.149441349151488, 32.70477503564441 ], [ -117.149434673555447, 32.704787568030035 ], [ -117.149428437892595, 32.704800255912893 ], [ -117.149422642126325, 32.704813095686468 ], [ -117.149417297831434, 32.704826071936758 ], [ -117.1494124049254, 32.70483917654871 ], [ -117.149407972877725, 32.704852396829054 ], [ -117.149403999426838, 32.70486572016987 ], [ -117.14940049196457, 32.704879139303401 ], [ -117.149397447117053, 32.704892637121198 ], [ -117.149394874408941, 32.704906206339963 ], [ -117.149392776883488, 32.704919831607917 ], [ -117.149391148050157, 32.704933503954983 ], [ -117.149390003804911, 32.704947213346173 ], [ -117.14938933116639, 32.70496094184135 ], [ -117.149389136469239, 32.704974683082064 ], [ -117.14938941634874, 32.704988420861596 ], [ -117.149390178215043, 32.705002149715469 ], [ -117.149391413334371, 32.705015849869056 ], [ -117.149393122727403, 32.705029516806178 ], [ -117.149395306219489, 32.705043133395023 ], [ -117.149397963700537, 32.705056688815567 ], [ -117.149390823102223, 32.705044345568261 ], [ -117.149383147298252, 32.705032230757311 ], [ -117.149374951430829, 32.705020365012203 ], [ -117.14936624101648, 32.70500876632746 ], [ -117.149357033183094, 32.704997440890175 ], [ -117.149347339919487, 32.704986413861668 ], [ -117.149337169849446, 32.704975694196129 ], [ -117.149326540220443, 32.704965299802645 ], [ -117.149315466073389, 32.704955241392234 ], [ -117.149303960399024, 32.704945537806616 ], [ -117.149292038210717, 32.704936197051808 ], [ -117.149279720984794, 32.704927233398934 ], [ -117.149267016352141, 32.704918663023605 ], [ -117.149253953134718, 32.704910488420701 ], [ -117.149240538981687, 32.704902727569156 ], [ -117.149226797483919, 32.704895392921181 ], [ -117.149212744693415, 32.704888489770134 ], [ -117.149210942155349, 32.704887645358625 ], [ -117.148523669113715, 32.704436402172846 ], [ -117.147623045622751, 32.703783319027934 ], [ -117.148006423471713, 32.703379935053135 ], [ -117.148407999616808, 32.702975037621748 ], [ -117.150064603008403, 32.704122828410092 ], [ -117.149659155544654, 32.704529818184461 ] ] ] } },
{ "type": "Feature", "properties": { "lon": -117.151182, "lat": 32.7141905, "neighborhood": "East Village", "block_id": "15TH_ST_E_ST", "st_north": "E_ST", "st_east": "15TH_ST", "st_south": "F_ST", "st_west": "14TH_ST" }, "geometry": { "type": "Polygon", "coordinates": [ [ [ -117.151957588977368, 32.714707258699349 ], [ -117.150400328585178, 32.7147131405058 ], [ -117.150394882123734, 32.714179969167859 ], [ -117.150389688394085, 32.713671532547963 ], [ -117.151950153165203, 32.713662878800548 ], [ -117.151957588977368, 32.714707258699349 ] ] ] } },
{ "type": "Feature", "properties": { "lon": -117.1499034, "lat": 32.7099323, "neighborhood": "South East Village", "block_id": "16TH_ST_ISLAND_AV", "st_north": "ISLAND_AV", "st_east": "16TH_ST", "st_south": "J_ST", "st_west": "15TH_ST" }, "geometry": { "type": "Polygon", "coordinates": [ [ [ -117.149446477555841, 32.710448913470742 ], [ -117.14945213412561, 32.709409935289877 ], [ -117.150349482590244, 32.709417129848219 ], [ -117.150356730647957, 32.710445019912953 ], [ -117.149446477555841, 32.710448913470742 ] ] ] } },
{ "type": "Feature", "properties": { "lon": -117.1533019, "lat": 32.7120729, "neighborhood": "East Village", "block_id": "13TH_ST_G_ST", "st_north": "G_ST", "st_east": "13TH_ST", "st_south": "MARKET_ST", "st_west": "PARK_BL" }, "geometry": { "type": "Polygon", "coordinates": [ [ [ -117.152852989706176, 32.712614586071183 ], [ -117.152832230516282, 32.711540070175246 ], [ -117.153744183767827, 32.711523724080024 ], [ -117.15374421207558, 32.711525340694266 ], [ -117.153744351129987, 32.711533389517612 ], [ -117.153750073565391, 32.711859423460851 ], [ -117.153763260744981, 32.712610667401897 ], [ -117.152852989706176, 32.712614586071183 ] ] ] } },
{ "type": "Feature", "properties": { "lon": -117.1498877, "lat": 32.7088871, "neighborhood": "South East Village", "block_id": "16TH_ST_J_ST", "st_north": "J_ST", "st_east": "16TH_ST", "st_south": "K_ST", "st_west": "15TH_ST" }, "geometry": { "type": "Polygon", "coordinates": [ [ [ -117.150349482590244, 32.709417129848219 ], [ -117.14945213412561, 32.709409935289877 ], [ -117.149431725611848, 32.708365650231357 ], [ -117.15033219867081, 32.708361828026284 ], [ -117.150349482590244, 32.709417129848219 ] ] ] } },
{ "type": "Feature", "properties": { "lon": -117.1532529, "lat": 32.7078497, "neighborhood": "South East Village", "block_id": "13TH_ST_K_ST", "st_north": "K_ST", "st_east": "13TH_ST", "st_south": "L_ST", "st_west": "12TH_AV" }, "geometry": { "type": "Polygon", "coordinates": [ [ [ -117.152790051295526, 32.708374093286942 ], [ -117.152796532411514, 32.707609959308371 ], [ -117.152798887646611, 32.707332342942294 ], [ -117.153708991440737, 32.707317431473506 ], [ -117.153712805823389, 32.70760324818572 ], [ -117.153722991701855, 32.708366867876862 ], [ -117.153723033497826, 32.708370008334342 ], [ -117.152790051295526, 32.708374093286942 ] ] ] } },
{ "type": "Feature", "properties": { "lon": -117.1578277, "lat": 32.7099063, "neighborhood": "South East Village", "block_id": "08TH_AV_ISLAND_AV", "st_north": "ISLAND_AV", "st_east": "08TH_AV", "st_south": "J_ST", "st_west": "07TH_AV" }, "geometry": { "type": "Polygon", "coordinates": [ [ [ -117.158304438264764, 32.70939452473106 ], [ -117.158285744548181, 32.710419861169164 ], [ -117.157385314114634, 32.710435278761899 ], [ -117.157384693450084, 32.7104352887389 ], [ -117.157384527761266, 32.710418260573675 ], [ -117.157374666846835, 32.709395874838755 ], [ -117.158304438264764, 32.70939452473106 ] ] ] } },
{ "type": "Feature", "properties": { "lon": -117.1532832, "lat": 32.7109913, "neighborhood": "South East Village", "block_id": "13TH_ST_MARKET_ST", "st_north": "MARKET_ST", "st_east": "13TH_ST", "st_south": "ISLAND_AV", "st_west": "PARK_BL" }, "geometry": { "type": "Polygon", "coordinates": [ [ [ -117.153744183767827, 32.711523724080024 ], [ -117.152832230516282, 32.711540070175246 ], [ -117.152821111590981, 32.710454489714309 ], [ -117.153741112639182, 32.710450496208331 ], [ -117.153744183767827, 32.711523724080024 ] ] ] } },
{ "type": "Feature", "properties": { "lon": -117.1532643, "lat": 32.709928, "neighborhood": "South East Village", "block_id": "13TH_ST_ISLAND_AV", "st_north": "ISLAND_AV", "st_east": "13TH_ST", "st_south": "J_ST", "st_west": "PARK_BL" }, "geometry": { "type": "Polygon", "coordinates": [ [ [ -117.152821111590981, 32.710454489714309 ], [ -117.152804026252255, 32.70942117368444 ], [ -117.153730348984226, 32.709400646469156 ], [ -117.153741112639182, 32.710450496208331 ], [ -117.152821111590981, 32.710454489714309 ] ] ] } },
{ "type": "Feature", "properties": { "lon": -117.1532612, "lat": 32.7088911, "neighborhood": "South East Village", "block_id": "13TH_ST_J_ST", "st_north": "J_ST", "st_east": "13TH_ST", "st_south": "K_ST", "st_west": "PARK_BL" }, "geometry": { "type": "Polygon", "coordinates": [ [ [ -117.152790051295526, 32.708374093286942 ], [ -117.153723033497826, 32.708370008334342 ], [ -117.153730348984226, 32.709400646469156 ], [ -117.152804026252255, 32.70942117368444 ], [ -117.152790051295526, 32.708374093286942 ] ] ] } },
{ "type": "Feature", "properties": { "lon": -117.1511399, "lat": 32.7099405, "neighborhood": "South East Village", "block_id": "15TH_ST_ISLAND_AV", "st_north": "ISLAND_AV", "st_east": "15TH_ST", "st_south": "J_ST", "st_west": "14TH_ST" }, "geometry": { "type": "Polygon", "coordinates": [ [ [ -117.151897037786753, 32.709425061508178 ], [ -117.151910861709624, 32.710458401437556 ], [ -117.151321732302407, 32.710460060960123 ], [ -117.151299685046908, 32.710460123799798 ], [ -117.150688339802073, 32.71044534701651 ], [ -117.150356730647957, 32.710445019912953 ], [ -117.150349482590244, 32.709417129848219 ], [ -117.151897037786753, 32.709425061508178 ] ] ] } },
{ "type": "Feature", "properties": { "lon": -117.1511125, "lat": 32.7088926, "neighborhood": "South East Village", "block_id": "15TH_ST_J_ST", "st_north": "J_ST", "st_east": "15TH_ST", "st_south": "K_ST", "st_west": "14TH_ST" }, "geometry": { "type": "Polygon", "coordinates": [ [ [ -117.151883017365122, 32.708372484407015 ], [ -117.151897037786753, 32.709425061508178 ], [ -117.150349482590244, 32.709417129848219 ], [ -117.15033219867081, 32.708361828026284 ], [ -117.151044051682248, 32.708351132001816 ], [ -117.151050567711707, 32.708353140362036 ], [ -117.151065973389137, 32.708357515764341 ], [ -117.151081556693612, 32.708361425470358 ], [ -117.151097289877356, 32.708364867879311 ], [ -117.151113158992601, 32.708367834977402 ], [ -117.151129143747923, 32.708370324207522 ], [ -117.151145223833282, 32.708372331209517 ], [ -117.151161373633897, 32.708373854366855 ], [ -117.151177584608305, 32.708374892840297 ], [ -117.151883017365122, 32.708372484407015 ] ] ] } },
{ "type": "Feature", "properties": { "lon": -117.1502346, "lat": 32.6968752, "neighborhood": "Barrio Logan", "block_id": "CESAR_E_CHAVEZ_PY_CROSBY_RD", "st_north": "CROSBY_RD", "st_east": "CESAR_E_CHAVEZ_PY", "st_south": "WATER_ST", "st_west": "Map_Border" }, "geometry": { "type": "Polygon", "coordinates": [ [ [ -117.149188098500673, 32.69691163475688 ], [ -117.149184945106299, 32.696898155092853 ], [ -117.149182329427873, 32.696884593056282 ], [ -117.149180252696979, 32.69687096486944 ], [ -117.149178725705809, 32.696857283078067 ], [ -117.149177830964831, 32.696844841077812 ], [ -117.149177740116286, 32.69684356667949 ], [ -117.149177716221061, 32.696842792258835 ], [ -117.149177304606269, 32.696829830038311 ], [ -117.149177415075556, 32.696816089415762 ], [ -117.149178073794587, 32.696802358321392 ], [ -117.149179276699911, 32.696788656623042 ], [ -117.149181029233532, 32.696774995101954 ], [ -117.149183297796142, 32.696761530004231 ], [ -117.149183321963449, 32.696761390058256 ], [ -117.149186155082447, 32.696747860426996 ], [ -117.149189528728328, 32.69673441973319 ], [ -117.149193433404704, 32.696721077965243 ], [ -117.149197868274911, 32.69670785767272 ], [ -117.14920010927824, 32.696701937636746 ], [ -117.149202824945775, 32.696694772442868 ], [ -117.149204834782353, 32.696690027256672 ], [ -117.149208303554971, 32.696681835800682 ], [ -117.149214293576676, 32.69666906134902 ], [ -117.149220789835269, 32.696656464455103 ], [ -117.14922778183238, 32.696644061426682 ], [ -117.149229058489681, 32.696641982622552 ], [ -117.149235264355639, 32.696631864024411 ], [ -117.149243232211049, 32.696619885812083 ], [ -117.149251668502245, 32.696608143144196 ], [ -117.149259659260593, 32.696597783387602 ], [ -117.149819401474332, 32.696024757741363 ], [ -117.150368468064087, 32.696389979944485 ], [ -117.150730854210295, 32.696631021440446 ], [ -117.151625968354224, 32.697226403053335 ], [ -117.151609739330453, 32.6972271538393 ], [ -117.151593532202853, 32.697228168672986 ], [ -117.15157735119989, 32.697229443916477 ], [ -117.151561204917002, 32.697230985819225 ], [ -117.15154509115672, 32.697232788085024 ], [ -117.151544769509314, 32.697232829211551 ], [ -117.151529022724532, 32.69723485152209 ], [ -117.151513004952164, 32.697237176091384 ], [ -117.151497045294875, 32.697239760836695 ], [ -117.151481145866867, 32.697242603939188 ], [ -117.151465312018217, 32.697245707163162 ], [ -117.151453064928745, 32.697248317062183 ], [ -117.151449552224463, 32.69724906503626 ], [ -117.151446422107455, 32.697249786768097 ], [ -117.151433872902118, 32.697252679315085 ], [ -117.151418277222618, 32.69725654727133 ], [ -117.151402771574709, 32.697260667956463 ], [ -117.15138736662206, 32.697265041292617 ], [ -117.151372061252061, 32.697269662779284 ], [ -117.151356862919982, 32.697274531460231 ], [ -117.151341781223024, 32.697279647265376 ], [ -117.151326815085568, 32.697285009300835 ], [ -117.151315448967068, 32.697289297197791 ], [ -117.151311975078968, 32.697290608472017 ], [ -117.151307384548971, 32.697292434686297 ], [ -117.151297267684342, 32.697296452847297 ], [ -117.151282691752215, 32.697302534319306 ], [ -117.151268258966525, 32.697308848294142 ], [ -117.151256304421281, 32.697314309142129 ], [ -117.150994321058576, 32.697442653125648 ], [ -117.150981183999136, 32.697450743946696 ], [ -117.150967908764414, 32.697458671659227 ], [ -117.150954501743456, 32.697466435314666 ], [ -117.150940962991626, 32.697474040323051 ], [ -117.150927295625138, 32.697481478545882 ], [ -117.150913506042244, 32.697488749936426 ], [ -117.150899594252266, 32.69749585539634 ], [ -117.150891396194211, 32.697499902788209 ], [ -117.150885561247875, 32.697502787704316 ], [ -117.150881520995398, 32.697504718992896 ], [ -117.150871415596967, 32.697509550404703 ], [ -117.150857155148444, 32.697516141709706 ], [ -117.150842780922702, 32.697522557103127 ], [ -117.150828305753066, 32.697528800098169 ], [ -117.150813719986971, 32.697534865354825 ], [ -117.150799036448689, 32.697540755484603 ], [ -117.150784251883763, 32.697546465100864 ], [ -117.15076937266295, 32.697551991451704 ], [ -117.15075440632468, 32.697557341695969 ], [ -117.1507393474634, 32.697562508659288 ], [ -117.150738754425547, 32.697562708668968 ], [ -117.150722902675838, 32.697565737985059 ], [ -117.150706960863872, 32.697568407260825 ], [ -117.150690939552206, 32.697570706499924 ], [ -117.150674846205618, 32.697572635647752 ], [ -117.150658700037539, 32.697574196367412 ], [ -117.150642511693476, 32.697575386777757 ], [ -117.15062757302087, 32.69757613883003 ], [ -117.150626286468579, 32.697576203233034 ], [ -117.150610044633495, 32.697576646486979 ], [ -117.150593795804156, 32.697576718272764 ], [ -117.150577543161489, 32.697576416763759 ], [ -117.150561312289497, 32.697575740871265 ], [ -117.15054510745388, 32.697574690564295 ], [ -117.150528944724087, 32.697573272939287 ], [ -117.150514062531698, 32.697571619623659 ], [ -117.150512829377007, 32.697571482547389 ], [ -117.150511866107223, 32.697571352517556 ], [ -117.150496778530083, 32.697569324674014 ], [ -117.15048080601872, 32.697566796512852 ], [ -117.150464917230252, 32.697563903435118 ], [ -117.150449131368845, 32.697560646202398 ], [ -117.150433452736948, 32.697557028390165 ], [ -117.150417894149726, 32.697553051708411 ], [ -117.150402471649002, 32.697548720548752 ], [ -117.150401320546578, 32.697548368258019 ], [ -117.150387194841485, 32.697544035742808 ], [ -117.150372073361538, 32.697539000827312 ], [ -117.15035711792838, 32.697533621134447 ], [ -117.150342341366155, 32.697527899275855 ], [ -117.15032982569349, 32.697522700148447 ], [ -117.150327752298153, 32.697521844206079 ], [ -117.150323732708287, 32.69752005654798 ], [ -117.15031336880682, 32.697515451284382 ], [ -117.150299188888411, 32.697508733149931 ], [ -117.150285237088056, 32.697501691427 ], [ -117.150271510243599, 32.697494329745794 ], [ -117.150258026584666, 32.697486657892298 ], [ -117.150244796812032, 32.697478679395601 ], [ -117.150231826312805, 32.697470399626731 ], [ -117.150227444473302, 32.697467496452106 ], [ -117.14968405016451, 32.697094916357557 ], [ -117.149671852249767, 32.697085836460516 ], [ -117.149661662464752, 32.697078533668815 ], [ -117.149659451554655, 32.697076950112432 ], [ -117.14964685883487, 32.697068266252295 ], [ -117.149637132049691, 32.697061814930407 ], [ -117.149634071976052, 32.697059786698837 ], [ -117.149621102662167, 32.697051506858102 ], [ -117.149612581733734, 32.697046280317466 ], [ -117.149607946728935, 32.697043436679557 ], [ -117.149594613782824, 32.697035576994814 ], [ -117.149581111343565, 32.697027933159355 ], [ -117.149567435136504, 32.697020504302628 ], [ -117.14955360226935, 32.697013294808386 ], [ -117.149545251066144, 32.697009128373359 ], [ -117.149539605314359, 32.697006308337819 ], [ -117.149535541535982, 32.69700436677909 ], [ -117.149525458115818, 32.696999542986291 ], [ -117.149511163983135, 32.696993009550582 ], [ -117.149496722861002, 32.696986702620578 ], [ -117.149482146534666, 32.696980627520695 ], [ -117.149467437136749, 32.696974784235344 ], [ -117.149452600054161, 32.696969178135532 ], [ -117.149437641685026, 32.69696380917469 ], [ -117.149422562038453, 32.696958678254333 ], [ -117.149407373956706, 32.696953789789475 ], [ -117.149392078506111, 32.696949143772336 ], [ -117.149381997824335, 32.696946259591385 ], [ -117.149376684217444, 32.696944740140594 ], [ -117.149371013340939, 32.696943219688478 ], [ -117.149361192212169, 32.696940584296534 ], [ -117.149345612096653, 32.696936677071747 ], [ -117.149329945966713, 32.696933014843999 ], [ -117.149314204623906, 32.696929611060469 ], [ -117.149305702672962, 32.6969279146738 ], [ -117.149298387939339, 32.696926453097831 ], [ -117.149294115241815, 32.696925670889478 ], [ -117.14928250132742, 32.696923549032171 ], [ -117.14926655330062, 32.696920896997945 ], [ -117.149250549236626, 32.69691850146458 ], [ -117.149234499799022, 32.696916362354273 ], [ -117.149218399618917, 32.696914476099202 ], [ -117.149202266879669, 32.696912847977181 ], [ -117.149188098500673, 32.69691163475688 ] ] ] } },
{ "type": "Feature", "properties": { "lon": -117.148737, "lat": 32.7011838, "neighborhood": "Barrio Logan", "block_id": "BEARDSLEY_ST_NEWTON_AV", "st_north": "NEWTON_AV", "st_east": "BEARDSLEY_ST", "st_south": "MAIN_ST", "st_west": "SIGSBEE_ST" }, "geometry": { "type": "Polygon", "coordinates": [ [ [ -117.14752005744792, 32.701013760000102 ], [ -117.14790937894071, 32.700617699333641 ], [ -117.148308230594168, 32.700202517825645 ], [ -117.14995841570672, 32.701364098832499 ], [ -117.14957237531614, 32.70175995271935 ], [ -117.149176631820666, 32.702161373140015 ], [ -117.14752005744792, 32.701013760000102 ] ] ] } },
{ "type": "Feature", "properties": { "lon": -117.150364, "lat": 32.7023431, "neighborhood": "Barrio Logan", "block_id": "NEWTON_AV_Map_Border", "st_north": "Map_Border", "st_east": "NEWTON_AV", "st_south": "SIGSBEE_ST", "st_west": "Map_Border" }, "geometry": { "type": "Polygon", "coordinates": [ [ [ -117.149176631820666, 32.702161373140015 ], [ -117.14957237531614, 32.70175995271935 ], [ -117.14995841570672, 32.701364098832499 ], [ -117.151504136279101, 32.702521180506508 ], [ -117.151516138237, 32.702528454420388 ], [ -117.150846427551656, 32.7033282976032 ], [ -117.149176631820666, 32.702161373140015 ] ] ] } },
{ "type": "Feature", "properties": { "lon": -117.1511516, "lat": 32.7015111, "neighborhood": "Barrio Logan", "block_id": "Map_Border_Map_Border", "st_north": "Map_Border", "st_east": "Map_Border", "st_south": "SIGSBEE_ST", "st_west": "HARBOR_DR" }, "geometry": { "type": "Polygon", "coordinates": [ [ [ -117.151516138237, 32.702528454420388 ], [ -117.151504136279101, 32.702521180506508 ], [ -117.14995841570672, 32.701364098832499 ], [ -117.150527854978705, 32.700782754685065 ], [ -117.150769137799827, 32.700536374544811 ], [ -117.15154526767374, 32.701049392016913 ], [ -117.152323723021127, 32.701563946613867 ], [ -117.151516138237, 32.702528454420388 ] ] ] } },
{ "type": "Feature", "properties": { "lon": -117.1495408, "lat": 32.7003924, "neighborhood": "Barrio Logan", "block_id": "BEARDSLEY_ST_MAIN_ST", "st_north": "MAIN_ST", "st_east": "BEARDSLEY_ST", "st_south": "HARBOR_DR", "st_west": "SIGSBEE_ST" }, "geometry": { "type": "Polygon", "coordinates": [ [ [ -117.14995841570672, 32.701364098832499 ], [ -117.148308230594168, 32.700202517825645 ], [ -117.14874899843079, 32.699754047452501 ], [ -117.148871224243081, 32.699626724437294 ], [ -117.149057813758532, 32.699435717334552 ], [ -117.149519146806284, 32.699729192305256 ], [ -117.150101531659772, 32.700099506643966 ], [ -117.150147344558249, 32.700128639303109 ], [ -117.150769137799827, 32.700536374544811 ], [ -117.150527854978705, 32.700782754685065 ], [ -117.14995841570672, 32.701364098832499 ] ] ] } },
{ "type": "Feature", "properties": { "lon": -117.1496165, "lat": 32.7031432, "neighborhood": "Barrio Logan", "block_id": "SIGSBEE_ST_NATIONAL_AV", "st_north": "NATIONAL_AV", "st_east": "SIGSBEE_ST", "st_south": "NEWTON_AV", "st_west": "S_16TH_ST" }, "geometry": { "type": "Polygon", "coordinates": [ [ [ -117.148407999616808, 32.702975037621748 ], [ -117.148784247297073, 32.702573761807002 ], [ -117.149176631820666, 32.702161373140015 ], [ -117.150846427551656, 32.7033282976032 ], [ -117.150469989524538, 32.703710341616542 ], [ -117.150064603008403, 32.704122828410092 ], [ -117.148407999616808, 32.702975037621748 ] ] ] } },
{ "type": "Feature", "properties": { "lon": -117.1633132, "lat": 32.7109377, "neighborhood": "Marina", "block_id": "02ND_AV_MARKET_ST", "st_north": "MARKET_ST", "st_east": "02ND_AV", "st_south": "ISLAND_AV", "st_west": "01ST_AV" }, "geometry": { "type": "Polygon", "coordinates": [ [ [ -117.163768099858913, 32.711467773486639 ], [ -117.162857840004449, 32.711471766006014 ], [ -117.162849060829203, 32.710405794631832 ], [ -117.163760238818554, 32.710400888140875 ], [ -117.163761898539292, 32.710626124627524 ], [ -117.163762270875296, 32.710676652773017 ], [ -117.163768099858913, 32.711467773486639 ] ] ] } },
{ "type": "Feature", "properties": { "lon": -117.1623893, "lat": 32.7109401, "neighborhood": "Marina", "block_id": "03RD_AV_MARKET_ST", "st_north": "MARKET_ST", "st_east": "03RD_AV", "st_south": "ISLAND_AV", "st_west": "02ND_AV" }, "geometry": { "type": "Polygon", "coordinates": [ [ [ -117.162849060829203, 32.710405794631832 ], [ -117.162857840004449, 32.711471766006014 ], [ -117.161947609567733, 32.71147850009752 ], [ -117.161936605855445, 32.710414906850545 ], [ -117.162849060829203, 32.710405794631832 ] ] ] } },
{ "type": "Feature", "properties": { "lon": -117.1633191, "lat": 32.7098806, "neighborhood": "Marina", "block_id": "02ND_AV_ISLAND_AV", "st_north": "ISLAND_AV", "st_east": "02ND_AV", "st_south": "J_ST", "st_west": "01ST_AV" }, "geometry": { "type": "Polygon", "coordinates": [ [ [ -117.163760238818554, 32.710400888140875 ], [ -117.162849060829203, 32.710405794631832 ], [ -117.162842411840586, 32.709527375203628 ], [ -117.162841993082139, 32.709472106948581 ], [ -117.1628414088201, 32.709394986209034 ], [ -117.1628411530384, 32.709361223286884 ], [ -117.162938508793047, 32.709360904801926 ], [ -117.162946964487546, 32.709360876472417 ], [ -117.163003209623113, 32.709360692736425 ], [ -117.163460154507845, 32.709359195445543 ], [ -117.163880330101946, 32.709409915579016 ], [ -117.16384922890235, 32.709465344365064 ], [ -117.163798866642395, 32.709555102696932 ], [ -117.163760480042484, 32.709721305804081 ], [ -117.163760472875964, 32.709721334712924 ], [ -117.163753493795866, 32.709751555997393 ], [ -117.16375410603905, 32.709810514551229 ], [ -117.163760238818554, 32.710400888140875 ] ] ] } },
{ "type": "Feature", "properties": { "lon": -117.164209, "lat": 32.7109322, "neighborhood": "Marina", "block_id": "01ST_AV_W_MARKET_ST", "st_north": "W_MARKET_ST", "st_east": "01ST_AV", "st_south": "W_ISLAND_AV", "st_west": "FRONT_ST" }, "geometry": { "type": "Polygon", "coordinates": [ [ [ -117.163768099858913, 32.711467773486639 ], [ -117.163762270875296, 32.710676652773017 ], [ -117.163761898539292, 32.710626124627524 ], [ -117.163760238818554, 32.710400888140875 ], [ -117.164673910084389, 32.710408377919151 ], [ -117.164673973820214, 32.710414520111875 ], [ -117.164677218164755, 32.710727175035736 ], [ -117.164677867607182, 32.710789761022824 ], [ -117.164684850029886, 32.711462643119589 ], [ -117.16468486126719, 32.711463726028228 ], [ -117.164372771961311, 32.711465106112009 ], [ -117.163768099858913, 32.711467773486639 ] ] ] } },
{ "type": "Feature", "properties": { "lon": -117.1643067, "lat": 32.7097153, "neighborhood": "Marina", "block_id": "01ST_AV_W_ISLAND_AV", "st_north": "W_ISLAND_AV", "st_east": "01ST_AV", "st_south": "W_HARBOR_DR", "st_west": "FRONT_ST" }, "geometry": { "type": "Polygon", "coordinates": [ [ [ -117.164673910084389, 32.710408377919151 ], [ -117.163760238818554, 32.710400888140875 ], [ -117.16375410603905, 32.709810514551229 ], [ -117.163753493795866, 32.709751555997393 ], [ -117.163760472875964, 32.709721334712924 ], [ -117.163760480042484, 32.709721305804081 ], [ -117.163798866642395, 32.709555102696932 ], [ -117.16384922890235, 32.709465344365064 ], [ -117.163880330101946, 32.709409915579016 ], [ -117.164215827326018, 32.7088767638432 ], [ -117.164346605083836, 32.708942543029139 ], [ -117.16505615716315, 32.70933637222717 ], [ -117.164882192294385, 32.709562805303328 ], [ -117.164870404318606, 32.709580079049474 ], [ -117.164857343746107, 32.709600011552503 ], [ -117.164854252596513, 32.709604930941673 ], [ -117.164844702151271, 32.709620131213576 ], [ -117.164840652738022, 32.709626856685979 ], [ -117.164832474192295, 32.709640437170677 ], [ -117.164829855853071, 32.709644975222119 ], [ -117.164820667222699, 32.709660918548622 ], [ -117.164809285490065, 32.70968157351242 ], [ -117.164806330607931, 32.709687188034245 ], [ -117.164798330996746, 32.709702389422937 ], [ -117.164796939110417, 32.709705167193341 ], [ -117.164793255535486, 32.709712509447066 ], [ -117.164787808018303, 32.709723367150389 ], [ -117.164781043503922, 32.709737538604578 ], [ -117.164777721775351, 32.70974449583521 ], [ -117.164768072174638, 32.709765766460805 ], [ -117.164758862453354, 32.709787182610263 ], [ -117.164750100994226, 32.709808729793579 ], [ -117.164747847304966, 32.709814592502354 ], [ -117.164741775981668, 32.709830399982856 ], [ -117.16473614403472, 32.709845995901681 ], [ -117.164733906622601, 32.709852193937436 ], [ -117.164726484235558, 32.709874097293969 ], [ -117.164719518382071, 32.709896106374615 ], [ -117.164713007949146, 32.709918216679014 ], [ -117.164710058018599, 32.709929037819087 ], [ -117.164706954985945, 32.709940420076364 ], [ -117.164704191443093, 32.709951421083943 ], [ -117.164701356208994, 32.709962708475381 ], [ -117.164696224351417, 32.709985075469589 ], [ -117.164691551891764, 32.710007515704291 ], [ -117.164687344116274, 32.710030024631642 ], [ -117.164685019287177, 32.710044039613102 ], [ -117.16468360194196, 32.710052587817039 ], [ -117.16468180668619, 32.71006501000155 ], [ -117.164680329597999, 32.71007520162221 ], [ -117.164677587398899, 32.710097305618149 ], [ -117.164677518515049, 32.710097862503758 ], [ -117.164675182483407, 32.710120563145473 ], [ -117.164674656664744, 32.710126937851498 ], [ -117.164673308564844, 32.710143290117337 ], [ -117.164672818494822, 32.710151259739447 ], [ -117.164671905310598, 32.710166045159298 ], [ -117.164670974741824, 32.710188817435544 ], [ -117.164670512499242, 32.710211597961013 ], [ -117.164670520678769, 32.710234383113146 ], [ -117.164671001329708, 32.710257164761096 ], [ -117.16467301891052, 32.710297723671417 ], [ -117.164673709150236, 32.710383463380502 ], [ -117.164673910084389, 32.710408377919151 ] ] ] } },
{ "type": "Feature", "properties": { "lon": -117.1662764, "lat": 32.7106324, "neighborhood": "Marina", "block_id": "FRONT_ST_W_MARKET_ST", "st_north": "W_MARKET_ST", "st_east": "FRONT_ST", "st_south": "W_HARBOR_DR", "st_west": "Map_Border" }, "geometry": { "type": "Polygon", "coordinates": [ [ [ -117.166505550949438, 32.711472197093528 ], [ -117.165598485935234, 32.71147068637471 ], [ -117.165598462829465, 32.711469283435768 ], [ -117.165589098624551, 32.710902323200301 ], [ -117.165587865929851, 32.710827700583138 ], [ -117.165581031013247, 32.710413868016495 ], [ -117.16558096518979, 32.710409892725103 ], [ -117.164828749449583, 32.710408637038668 ], [ -117.164704541544282, 32.710408429368158 ], [ -117.164682811107724, 32.710408393059083 ], [ -117.164673910084389, 32.710408377919151 ], [ -117.164673709150236, 32.710383463380502 ], [ -117.16467301891052, 32.710297723671417 ], [ -117.164671001329708, 32.710257164761096 ], [ -117.164670520678769, 32.710234383113146 ], [ -117.164670512499242, 32.710211597961013 ], [ -117.164670974741824, 32.710188817435544 ], [ -117.164671905310598, 32.710166045159298 ], [ -117.164672818494822, 32.710151259739447 ], [ -117.164673308564844, 32.710143290117337 ], [ -117.164674656664744, 32.710126937851498 ], [ -117.164675182483407, 32.710120563145473 ], [ -117.164677518515049, 32.710097862503758 ], [ -117.164677587398899, 32.710097305618149 ], [ -117.164680329597999, 32.71007520162221 ], [ -117.16468180668619, 32.71006501000155 ], [ -117.16468360194196, 32.710052587817039 ], [ -117.164685019287177, 32.710044039613102 ], [ -117.164687344116274, 32.710030024631642 ], [ -117.164691551891764, 32.710007515704291 ], [ -117.164696224351417, 32.709985075469589 ], [ -117.164701356208994, 32.709962708475381 ], [ -117.164704191443093, 32.709951421083943 ], [ -117.164706954985945, 32.709940420076364 ], [ -117.164710058018599, 32.709929037819087 ], [ -117.164713007949146, 32.709918216679014 ], [ -117.164719518382071, 32.709896106374615 ], [ -117.164726484235558, 32.709874097293969 ], [ -117.164733906622601, 32.709852193937436 ], [ -117.16473614403472, 32.709845995901681 ], [ -117.164741775981668, 32.709830399982856 ], [ -117.164747847304966, 32.709814592502354 ], [ -117.164750100994226, 32.709808729793579 ], [ -117.164758862453354, 32.709787182610263 ], [ -117.164768072174638, 32.709765766460805 ], [ -117.164777721775351, 32.70974449583521 ], [ -117.164781043503922, 32.709737538604578 ], [ -117.164787808018303, 32.709723367150389 ], [ -117.164793255535486, 32.709712509447066 ], [ -117.164796939110417, 32.709705167193341 ], [ -117.164798330996746, 32.709702389422937 ], [ -117.164806330607931, 32.709687188034245 ], [ -117.164809285490065, 32.70968157351242 ], [ -117.164820667222699, 32.709660918548622 ], [ -117.164829855853071, 32.709644975222119 ], [ -117.164832474192295, 32.709640437170677 ], [ -117.164840652738022, 32.709626856685979 ], [ -117.164844702151271, 32.709620131213576 ], [ -117.164854252596513, 32.709604930941673 ], [ -117.164857343746107, 32.709600011552503 ], [ -117.164870404318606, 32.709580079049474 ], [ -117.164882192294385, 32.709562805303328 ], [ -117.16505615716315, 32.70933637222717 ], [ -117.166530758261743, 32.710144476918465 ], [ -117.167543114226632, 32.710698740740277 ], [ -117.168204831332304, 32.711061022332366 ], [ -117.168201922136276, 32.711065067565563 ], [ -117.168193346555981, 32.711076744048071 ], [ -117.168184595028336, 32.711088322648266 ], [ -117.168175667590745, 32.711099806972818 ], [ -117.168166563101494, 32.711111189816314 ], [ -117.168157284779056, 32.711122472958188 ], [ -117.16814783365227, 32.71113365278368 ], [ -117.168138208654668, 32.711144729300813 ], [ -117.168128417204841, 32.711155697945564 ], [ -117.168118458217606, 32.7111665569225 ], [ -117.168108332778218, 32.711177308026983 ], [ -117.168098042944564, 32.711187944029724 ], [ -117.168087589830137, 32.711198469431018 ], [ -117.168076979758993, 32.711208876969941 ], [ -117.168066202047001, 32.711219164922412 ], [ -117.168055270587246, 32.711229335890216 ], [ -117.16804418536104, 32.711239388070034 ], [ -117.168032945217263, 32.711249313354571 ], [ -117.168021555544939, 32.711259117114189 ], [ -117.168010014173376, 32.711268795758095 ], [ -117.167998325303117, 32.711278342942705 ], [ -117.167986492199475, 32.711287764955955 ], [ -117.167974507312096, 32.711297053738221 ], [ -117.167962388790997, 32.711306210957922 ], [ -117.167950131256504, 32.711315232146326 ], [ -117.1679377336703, 32.711324120016286 ], [ -117.1679352084398, 32.711325809739968 ], [ -117.167922353623723, 32.711334219481337 ], [ -117.16790930133736, 32.71134241066602 ], [ -117.167901056824206, 32.711347372997132 ], [ -117.167896058999688, 32.711350378730017 ], [ -117.167882634085771, 32.711358124519393 ], [ -117.167869025519806, 32.711365647140305 ], [ -117.16785525128283, 32.711372932031097 ], [ -117.167841299746215, 32.711379989197326 ], [ -117.167827186804814, 32.711386808601517 ], [ -117.167812917791537, 32.711393390203924 ], [ -117.1677984969443, 32.711399731267726 ], [ -117.167783930634371, 32.71140582904026 ], [ -117.167769225223438, 32.711411679867091 ], [ -117.167754383892557, 32.711417281921051 ], [ -117.167739413097365, 32.711422640564578 ], [ -117.167724320097179, 32.711427735905154 ], [ -117.167709109299068, 32.711432581436142 ], [ -117.167693785998395, 32.711437173511101 ], [ -117.167678362909172, 32.711441503919787 ], [ -117.167662835784199, 32.711445574497134 ], [ -117.167647218488611, 32.711449385139993 ], [ -117.167631516317726, 32.711452932201972 ], [ -117.167615734576117, 32.71145621293828 ], [ -117.167599874368108, 32.711459230947746 ], [ -117.167583947360086, 32.71146197983127 ], [ -117.167567961046061, 32.711464462238311 ], [ -117.167551917531114, 32.71146667544798 ], [ -117.167535828528685, 32.711468617569572 ], [ -117.167519695124042, 32.71147029039853 ], [ -117.167503522631378, 32.711471692091777 ], [ -117.167487323830571, 32.711472820750814 ], [ -117.167471100845447, 32.711473675458002 ], [ -117.167454861216981, 32.711474263371265 ], [ -117.167438612279781, 32.71147457181155 ], [ -117.167422360527112, 32.711474609747981 ], [ -117.167406105949681, 32.711474376278943 ], [ -117.167389861308649, 32.711473867702523 ], [ -117.166505550949438, 32.711472197093528 ] ] ] } },
{ "type": "Feature", "properties": { "lon": -117.1623956, "lat": 32.7098903, "neighborhood": "Marina", "block_id": "03RD_AV_ISLAND_AV", "st_north": "ISLAND_AV", "st_east": "03RD_AV", "st_south": "J_ST", "st_west": "02ND_AV" }, "geometry": { "type": "Polygon", "coordinates": [ [ [ -117.161936605855445, 32.710414906850545 ], [ -117.16191283009006, 32.709373395245322 ], [ -117.162329047596458, 32.709367938958778 ], [ -117.1628411530384, 32.709361223286884 ], [ -117.1628414088201, 32.709394986209034 ], [ -117.162841993082139, 32.709472106948581 ], [ -117.162842411840586, 32.709527375203628 ], [ -117.162849060829203, 32.710405794631832 ], [ -117.161936605855445, 32.710414906850545 ] ] ] } },
{ "type": "Feature", "properties": { "lon": -117.1651491, "lat": 32.7109428, "neighborhood": "Marina", "block_id": "FRONT_ST_W_MARKET_ST__2", "st_north": "W_MARKET_ST", "st_east": "FRONT_ST", "st_south": "W_ISLAND_AV", "st_west": "UNION_ST" }, "geometry": { "type": "Polygon", "coordinates": [ [ [ -117.164673910084389, 32.710408377919151 ], [ -117.164682811107724, 32.710408393059083 ], [ -117.164704541544282, 32.710408429368158 ], [ -117.164828749449583, 32.710408637038668 ], [ -117.16558096518979, 32.710409892725103 ], [ -117.165581031013247, 32.710413868016495 ], [ -117.165587865929851, 32.710827700583138 ], [ -117.165589098624551, 32.710902323200301 ], [ -117.165598462829465, 32.711469283435768 ], [ -117.165598485935234, 32.71147068637471 ], [ -117.16468486126719, 32.711463726028228 ], [ -117.164684850029886, 32.711462643119589 ], [ -117.164677867607182, 32.710789761022824 ], [ -117.164677218164755, 32.710727175035736 ], [ -117.164673973820214, 32.710414520111875 ], [ -117.164673910084389, 32.710408377919151 ] ] ] } }
]
}
